10001
12613
14176
15671
17149
19456
23587
30962
40054
48230
51665
53985
56117
58322
60432
62527
64683
66702
69364
71909
73880
75846
78036
80391
82514
84534
86678
88776
90942
93069
94905
96854
99085
101437
103372
105452
107661
109300
111377
113921
116041
119662
121448
123963
125856
127722
129655
133070
134566
136262
137728
139086
147412
158253
167415
173835
180852
181802
183114
184415
186042
187662
189852
191352
194845
199395
203298
258153
260366
262267
264166
265886
267623
268964
270583
272219
274163
275674
277844
279684
281515
283291
285173
287114
289181
294012
297381
362219
403125
418038
455653
461933
468187
494648
504254
506967
511341
516308
528441
531760
586212
588659
591115
593042
595030
596940
599300
601431
603727
606030
608701
610990
613239
617709
620166
624149
626981
629801
631317
632790
634129
636140
638966
642151
646089
649238
653593
656624
659510
662247
665068
667225
668823
673503
676670
680386
687268
691220
693136
700958
707975
711037
713354
715924
718688
722726
725801
728104
730225
732373
734242
736463
738227
740099
744992
751261
754507
757112
760488
762920
765469
767803
770493
772638
775133
777194
778983
781338
783991
786470
788957
790225
791370
793694
796351
798854
801405
803870
806520
809138
811865
814345
816579
818913
820873
822479
824137
826818
828616
830971
833148
835243
837443
839604
841951
844137
846541
849031
851377
853663
855963
858009
860216
861912
864333
866842
869242
871623
873934
876056
877989
880214
882385
884223
886126
888021
889869
892104
894616
896777
899133
901420
903663
905423
907583
909373
911244
913425
915595
917651
919589
921242
922987
924603
926144
927935
929550
931283
933181
935018
936406
937980
939559
941084
942373
943451
944589
945884
947497
949120
950648
952266
953869
955534
957067
958597
959996
961301
962511
963856
965239
966714
968441
970228
971654
973305
974827
976514
978301
979871
981569
983504
985491
987727
989860
992241
994454
996377
997923
999318
1000689
1002348
1004412
1006491
1008489
1010555
1012961
1014742
1016773
1018629
1020204
1021881
1023705
1025662
1027746
1029649
1031279
1033352
1034857
1036752
1038802
1040761
1042099
1043710
1045279
1046752
1048225
1049710
1051147
1052588
1054182
1056001
1057768
1059737
1061842
1063734
1065731
1067655
1069464
1071534
1073442
1075354
1077387
1079581
1081487
1083333
1085155
1087094
1088907
1090783
1092297
1094549
1097185
1099368
1101290
1103492
1105999
1108097
1109936
1112096
1114115
1115980
1117659
1119919
1122080
1123878
1125722
1127768
1129764
1131800
1133895
1135884
1137903
1140411
1142027
1144028
1145976
1148060
1150192
1152288
1154300
1156861
1159018
1161238
1163152
1165052
1167100
1169102
1170942
1172895
1174922
1176875
1179011
1180673
1182551
1184324
1186396
1188723
1191116
1193319
1195873
1197824
1199752
1201510
1203443
1205106
1206844
1208813
1210797
1212498
1214068
1215986
1217718
1219384
1221058
1222957
1224785
1226714
1228559
1230513
1232257
1233515
1235296
1237055
1238792
1240632
1242344
1243990
1245288
1246983
1248682
1250978
1252923
1254757
1256667
1258480
1260287
1262274
1264398
1266274
1268050
1270100
1272098
1273801
1275636
1277644
1279742
1281612
1283542
1285015
1286728
1288100
1289429
1290614
1292048
1293539
1294867
1296390
1297999
1299732
1301552
1303315
1305056
1306770
1308234
1309503
1310775
1312104
1313461
1315010
1316549
1318402
1320129
1321942
1323669
1325058
1327011
1328514
1330045
1331604
1332882
1334186
1335727
1337228
1338526
1339919
1341147
1342556
1344354
1346210
1347970
1349418
1351951
1353591
1354935
1356237
1357836
1359566
1361350
1363348
1365484
1367105
1368958
1370907
1372763
1374358
1375975
1378154
1380306
1382382
1384284
1386340
1387998
1389846
1391720
1393832
1395662
1397296
1398885
1400227
1401871
1403575
1405360
1406919
1408330
1410018
1411799
1413786
1416062
1418315
1420118
1421879
1423938
1425798
1427379
1428801
1430782
1432611
1434457
1436182
1437979
1439772
1441514
1443330
1445199
1447170
1449100
1450837
1452665
1454542
1456130
1457740
1459636
1461389
1463323
1465468
1467580
1469228
1471130
1472674
1474291
1476125
1477875
1479488
1480976
1482670
1484200
1485750
1487298
1488786
1490422
1492001
1493780
1495476
1497019
1498642
1500172
1501813
1503554
1505443
1507524
1509374
1511155
1512754
1514783
1516602
1518253
1519766
1521366
1523015
1524712
1526293
1527986
1529797
1531772
1533644
1535179
1536679
1538489
1540269
1541849
1543634
1545534
1547443
1549405
1551431
1553437
1555276
1557344
1559354
1561190
1563045
1564875
1566779
1568595
1570581
1572263
1573848
1575215
1577291
1579432
1581579
1583511
1585240
1587208
1588943
1590795
1592690
1594478
1595821
1597250
1599112
1600609
1602467
1604341
1605990
1607763
1609751
1611854
1613933
1615683
1617188
1619044
1620948
1622868
1624647
1626283
1627705
1629148
1630409
1631622
1633928
1635520
1637215
1638739
1640337
1642066
1644303
1645799
1647362
1649196
1650707
1652670
1654480
1656233
1658063
1659748
1661377
1663369
1665306
1667005
1669070
1670980
1672978
1674931
1677044
1678792
1680595
1682554
1684584
1686571
1688445
1690321
1692360
1693808
1695420
1697356
1699466
1701786
1703795
1705267
1707236
1709040
1712210
1714911
1716764
1718340
1719951
1721834
1723899
1725707
1727233
1729467
1731405
1733409
1735413
1737272
1739242
1741052
1742829
1744783
1746806
1748831
1750691
1752591
1754354
1756236
1758188
1759988
1761922
1764009
1766075
1768249
1770412
1772702
1774830
1776949
1778779
1780868
1782835
1784708
1786881
1789096
1791252
1793397
1795664
1797889
1800052
1802387
1804374
1806434
1808395
1810610
1812446
1814629
1816579
1818692
1820707
1822965
1825201
1827355
1829449
1831510
1833727
1835814
1837762
1839887
1841864
1843738
1845595
1847632
1849702
1851775
1853732
1855571
1857553
1859640
1861606
1863676
1865586
1867569
1869514
1871613
1873767
1875801
1877820
1879903
1881803
1883751
1885633
1887555
1889436
1890877
1892547
1894674
1896689
1898621
1900777
1902800
1904784
1906883
1908942
1910971
1913122
1915257
1917087
1918789
1920398
1922494
1924229
1925918
1927768
1929715
1931659
1933470
1935184
1937315
1939012
1940970
1942883
1944873
1946857
1948894
1951066
1953464
1955391
1957234
1959151
1960922
1962997
1964971
1967068
1969141
1970667
1972069
1974092
1976143
1978342
1980292
1982006
1983880
1986022
1988133
1990169
1992074
1993925
1995994
1998171
2000272
2002498
2004615
2006893
2009111
2011380
2013549
2015910
2018183
2019873
2021989
2024132
2026046
2028024
2029773
2031761
2033826
2035890
2038087
2040244
2042321
2044236
2046076
2048203
2050228
2051751
2053484
2055427
2057303
2059209
2061092
2062959
2065188
2067348
2069432
2071407
2073425
2075287
2077334
2079373
2081359
2083226
2085349
2087388
2089336
2091397
2093368
2095168
2096941
2098930
2100977
2102832
2104717
2106619
2108342
2110233
2112071
2114068
2115967
2118032
2120086
2121911
2123153
2124362
2126262
2128197
2130344
2132421
2134117
2135900
2137838
2139873
2141951
2143905
2145834
2147672
2149440
2151276
2153436
2155374
2157439
2159352
2161376
2163465
2165509
2167487
2169498
2171492
2173308
2175167
2176939
2178974
2180764
2182605
2184564
2186282
2188143
2189789
2191701
2193690
2195148
2197480
2199688
2201715
2203900
2205497
2207403
2209245
2211218
2212740
2214452
2216528
2218593
2220691
2222815
2224902
2226800
2228160
2229518
2231077
2232787
2234584
2236443
2238364
2240291
2242176
2244197
2246180
2248104
2250126
2252064
2254069
2255988
2257882
2259888
2261984
2263865
2265772
2267842
2269811
2271636
2273455
2275203
2277014
2278825
2280613
2282502
2284164
2285740
2287658
2289437
2291288
2293215
2295136
2297122
2299081
2300815
2302579
2304164
2305675
2307047
2308560
2310108
2311675
2313522
2315178
2316959
2318790
2320709
2322392
2323957
2325370
2327208
2329090
2331086
2332880
2334907
2336642
2338488
2340456
2342508
2344619
2346687
2348672
2350866
2352857
2355022
2357028
2359100
2361522
2363984
2366408
2368723
2370817
2372818
2374710
2376811
2378708
2380507
2382472
2384472
2386032
2388009
2389875
2391570
2393089
2395003
2396996
2399102
2401056
2402724
2404511
2406225
2408027
2409855
2411813
2413434
2415199
2417250
2419221
2421275
2423627
2425705
2427798
2429949
2432131
2434054
2435971
2437570
2439577
2441787
2443895
2445915
2448123
2450325
2452266
2454504
2456583
2458719
2460802
2462769
2465044
2467246
2469426
2471752
2473618
2475577
2477503
2479475
2481277
2483354
2485189
2487288
2489401
2491213
2493136
2494978
2496817
2498641
2500351
2502197
2503776
2505141
2506813
2508551
2510350
2512089
2513958
2515516
2517308
2519039
2520663
2522338
2524221
2526151
2527845
2529541
2531054
2533062
2535239
2537194
2539238
2541195
2543289
2545257
2547091
2548855
2550868
2552843
2554771
2556632
2558368
2559954
2561736
2563445
2565624
2567696
2569803
2572047
2574589
2576808
2579016
2581427
2583624
2585730
2587354
2589126
2591099
2592823
2594806
2596705
2598789
2601259
2603429
2605484
2607352
2609303
2611367
2613567
2616159
2618519
2620995
2623556
2626017
2628507
2630387
2632268
2634680
2636792
2638949
2641022
2642804
2644670
2646823
2649074
2650886
2652363
2653590
2654879
2656140
2657320
2658361
2659666
2660825
2662325
2664913
2666508
2670991
2672509
2673614
2674646
2675680
2677139
2678349
2680614
2681672
2682693
2683836
2684900
2685958
2687073
2688128
2689188
2690350
2691410
2692435
2693510
2694652
2695770
2696847
2698034
2699233
2700317
2701481
2746458
2748078
2749339
2750482
2751605
2752728
2753892
2755134
2756270
2757617
2758663
2759861
2761209
2763656
2764941
2767711
2768826
2769956
2771792
2772951
2774046
2775396
2777052
2778723
2780947
2783388
2785382
2787404
2789442
2791290
2793776
2796129
2798184
2799819
2801723
2803732
2805723
2807770
2809669
2811608
2813774
2815261
2817075
2818930
2820548
2822347
2824365
2826340
2828559
2830782
2832816
2834813
2836922
2839307
2841666
2843999
2846406
2848591
2850350
2852476
2854809
2856736
2858824
2860481
2862524
2864259
2866321
2868387
2870386
2872545
2874608
2876619
2878614
2880525
2882535
2884530
2886636
2888427
2890209
2892336
2894440
2896467
2897987
2900163
2902303
2904201
2906258
2908217
2910166
2912082
2914204
2916139
2918180
2920369
2922365
2924365
2926423
2928211
2930328
2932318
2934343
2936369
2938383
2940664
2942928
2944932
2946963
2949159
2951409
2953521
2955915
2958274
2960545
2962576
2964659
2966697
2968796
2970794
2972802
2974762
2976786
2978444
2980448
2982461
2984459
2986466
2988588
2990654
2992951
2995285
2997634
2999933
3002016
3004220
3006464
3008765
3011036
3013040
3015082
3017061
3019018
3021081
3022646
3024718
3026470
3028495
3030392
3032375
3034521
3036711
3038755
3040974
3043149
3045430
3047941
3050288
3052155
3054354
3056734
3059095
3061408
3063349
3065430
3067514
3069280
3070825
3072699
3074565
3076626
3078890
3081002
3082916
3084986
3087171
3089178
3091195
3093285
3095387
3097294
3099369
3101374
3103588
3105846
3108003
3110235
3112192
3114253
3116016
3118008
3120015
3122033
3124138
3126211
3128320
3130368
3132589
3134756
3136760
3138824
3140791
3142819
3145017
3146695
3148500
3150754
3152885
3155155
3157430
3159636
3161884
3164114
3166086
3168290
3170501
3172699
3174816
3176758
3179010
3181052
3182500
3184563
3186477
3188423
3190646
3192889
3194741
3196766
3198786
3200719
3202683
3204920
3207054
3209287
3211646
3213588
3215798
3218046
3220197
3222462
3224692
3226942
3229096
3231283
3233397
3235378
3237604
3239714
3241561
3243648
3245658
3247793
3249720
3251786
3253952
3256367
3258492
3260763
3262975
3265095
3267215
3269259
3270904
3273021
3275083
3277051
3279035
3281180
3283273
3285265
3287363
3289292
3291341
3293408
3295547
3297630
3299885
3302204
3304548
3306846
3309130
3311298
3313498
3315591
3317723
3319976
3321913
3323878
3325909
3327850
3329903
3332130
3334281
3336335
3338091
3340210
3342323
3344892
3347194
3349269
3351119
3353040
3355122
3356956
3359007
3361137
3363235
3365403
3367524
3369760
3371913
3374067
3376220
3378201
3379949
3382094
3384246
3386330
3388593
3390715
3392995
3394949
3397101
3399512
3401791
3403842
3405709
3407850
3409516
3411253
3412635
3414567
3416478
3418567
3420742
3422673
3424643
3426321
3428345
3430587
3432347
3434334
3436411
3438518
3440567
3442812
3445095
3447659
3450016
3452199
3454245
3456050
3458217
3460365
3462376
3464306
3466348
3468320
3470209
3471886
3473750
3476327
3478066
3479856
3481798
3483732
3485839
3487935
3490048
3491898
3493829
3495710
3497422
3499127
3500730
3502200
3504191
3506141
3508316
3510041
3511949
3513957
3515821
3517888
3520026
3522054
3524025
3526045
3528046
3530217
3531941
3534270
3536381
3538502
3540506
3542288
3544213
3546311
3548176
3550359
3552500
3554631
3556949
3559127
3561140
3563248
3565445
3567679
3569790
3571828
3573222
3575480
3577525
3579444
3581410
3583611
3585609
3587496
3589390
3591434
3593487
3595495
3597594
3599545
3601682
3603761
3605776
3608008
3610232
3612087
3614254
3616582
3618905
3621131
3623541
3625407
3627268
3629199
3631303
3633186
3635133
3637299
3639588
3641636
3644287
3646418
3648598
3650605
3652528
3654678
3656902
3659121
3661712
3663814
3666142
3668251
3670515
3672774
3674839
3677119
3679372
3681461
3683614
3685650
3687641
3689636
3691555
3693649
3695503
3697518
3699588
3701697
3703977
3706220
3707950
3710194
3712391
3714613
3716909
3718879
3721116
3723030
3725157
3726429
3728000
3729676
3731428
3733312
3735323
3737449
3739530
3741670
3743831
3745855
3747689
3750157
3752400
3754314
3756459
3758509
3760964
3763015
3764640
3766778
3768985
3771111
3772862
3774889
3776837
3779066
3781142
3783121
3785109
3786960
3788935
3790982
3793042
3795092
3796924
3799246
3801527
3803841
3805996
3808285
3810599
3812918
3815230
3817153
3819379
3821805
3823925
3826045
3828288
3830502
3832682
3835075
3837246
3839300
3841641
3843924
3846243
3848580
3850921
3853253
3855642
3857676
3859826
3862225
3864737
3866919
3868933
3871093
3873197
3875504
3877925
3880476
3882881
3884979
3887266
3889362
3891224
3893759
3895899
3898276
3900194
3901613
3903543
3905640
3907606
3909586
3911694
3913627
3915700
3917660
3919593
3921444
3923809
3926090
3928177
3930234
3932404
3934863
3937238
3939785
3942086
3944143
3946424
3948835
3950974
3953299
3955685
3957974
3960335
3962711
3965036
3967528
3970034
3972331
3974566
3976732
3978807
3981179
3983590
3985845
3987991
3990249
3992353
3994620
3996517
3998908
4001059
4003458
4005763
4007862
4010300
4012745
4015324
4017610
4019843
4022164
4024644
4026782
4028974
4031656
4034012
4036408
4038885
4041291
4043699
4046003
4048413
4050658
4052822
4055148
4057508
4059738
4061951
4064112
4065498
4066853
4068736
4071359
4073643
4075978
4078162
4080143
4082350
4084705
4086953
4089216
4091436
4093708
4095910
4098278
4100234
4102363
4104694
4107004
4109203
4111473
4113902
4116310
4118696
4120859
4123138
4125314
4127563
4129757
4132089
4134200
4136305
4138346
4140610
4142830
4144985
4147297
4149464
4151888
4154033
4156387
4158679
4160994
4163000
4165372
4167634
4169979
4172163
4174363
4176405
4178615
4180840
4182948
4185062
4187060
4189061
4191156
4193292
4195333
4197438
4199607
4201572
4203712
4205988
4208180
4210317
4212572
4214533
4216519
4218746
4220920
4223247
4225431
4227773
4229937
4232200
4234519
4236801
4239084
4241544
4243935
4246157
4248342
4250636
4252964
4255347
4257591
4259948
4262384
4264590
4266905
4269104
4271401
4273771
4275990
4278467
4280849
4283288
4285639
4288037
4290471
4292777
4295074
4296894
4299153
4301284
4303415
4305695
4307897
4309975
4312253
4314460
4316684
4318892
4321055
4323218
4325550
4327780
4329916
4332026
4334002
4336368
4338580
4340974
4343238
4345320
4347654
4349942
4352210
4354370
4356548
4358640
4360858
4363071
4365466
4367633
4369791
4372112
4374196
4376510
4378791
4381036
4383210
4385285
4387506
4389738
4391941
4394211
4396524
4398786
4401088
4403410
4405756
4408027
4410320
4412435
4414943
4417130
4419508
4421863
4424199
4426365
4428458
4430720
4433006
4435310
4437532
4439763
4442071
4444313
4446404
4448677
4450876
4453171
4455202
4457266
4459529
4461648
4463820
4465921
4468091
4470231
4472494
4474832
4477194
4479351
4481550
4483493
4485574
4487778
4489913
4492117
4494254
4496345
4498373
4500466
4502580
4504765
4506996
4508936
4511068
4513111
4515035
4517146
4519327
4521131
4523352
4525617
4527771
4529888
4532042
4534295
4536649
4539034
4541144
4543390
4545324
4547509
4549616
4551754
4553851
4556029
4558378
4560591
4562792
4565004
4567187
4569393
4571601
4573877
4576018
4578201
4580440
4582540
4584728
4587136
4589377
4591235
4593403
4595593
4597768
4599896
4602006
4604297
4606522
4608772
4611034
4613215
4615287
4617464
4619717
4622066
4624355
4626628
4628869
4631144
4633226
4635425
4637750
4639836
4642316
4644550
4646960
4648915
4651007
4653192
4655022
4656733
4658955
4661211
4663457
4665615
4667620
4670000
4672299
4674538
4676736
4679256
4681675
4683944
4686199
4688482
4690544
4692494
4694774
4696983
4699215
4701455
4703628
4705864
4708169
4710345
4712156
4713900
4716187
4718370
4720703
4722959
4725058
4727183
4729240
4731440
4733618
4735793
4737917
4740170
4742259
4744578
4746825
4748807
4751005
4753094
4755441
4757607
4759847
4762003
4764261
4766465
4768617
4770791
4772860
4775033
4777232
4779409
4781636
4783674
4785874
4788008
4790441
4792853
4795115
4797329
4799481
4801614
4803690
4805950
4808212
4810442
4812805
4815080
4817417
4819755
4821930
4824122
4826419
4828494
4830705
4832837
4835068
4837199
4839293
4841456
4843884
4846255
4848421
4850675
4852961
4855178
4857433
4859645
4861723
4863890
4865909
4867893
4869968
4872075
4874197
4876394
4878504
4880735
4882854
4885188
4887290
4889524
4891786
4894018
4896289
4898611
4900609
4902863
4905037
4907236
4909266
4911449
4913537
4915830
4918072
4920305
4922547
4924697
4926926
4929200
4931311
4933660
4935855
4938130
4940379
4942400
4944563
4946701
4948969
4951097
4953314
4955643
4957783
4959913
4961861
4963925
4966259
4968492
4970563
4972802
4974852
4977060
4979121
4981385
4983635
4985838
4988088
4990305
4992550
4994916
4997058
4999293
5001512
5003610
5006017
5008306
5010511
5012858
5015220
5017707
5019985
5022234
5024586
5026903
5029254
5031463
5033843
5036296
5038509
5040764
5042828
5044871
5046655
5048374
5050318
5052375
5054569
5056694
5058839
5060979
5063186
5065529
5067965
5070365
5072742
5075077
5076922
5079149
5081391
5083758
5086244
5088605
5091002
5093554
5096097
5098485
5100890
5103131
5105485
5107926
5110409
5112508
5114571
5116426
5118546
5120674
5122880
5125251
5127632
5130018
5132215
5134460
5136727
5138830
5141125
5143390
5145715
5148041
5150450
5152706
5154958
5157295
5159351
5161493
5163754
5166013
5168150
5170399
5172622
5174912
5177113
5179350
5181476
5183590
5185963
5188345
5190631
5192983
5195172
5197254
5199531
5201718
5203910
5206048
5208177
5210492
5212667
5214762
5216988
5219284
5221523
5223711
5225907
5228005
5230279
5232544
5234761
5237061
5239374
5241607
5243697
5245892
5247611
5249834
5251734
5253770
5255930
5258114
5260397
5262562
5264750
5266828
5268959
5271079
5273290
5275463
5277629
5279828
5282092
5284168
5286245
5288375
5290398
5292586
5294854
5296988
5299150
5301443
5303705
5306056
5308218
5310574
5312863
5315242
5317407
5319673
5321992
5324309
5326582
5328929
5331141
5333381
5335788
5338019
5340348
5342528
5344695
5346949
5349078
5351314
5353573
5355842
5358117
5360201
5362364
5364722
5366918
5369036
5371285
5373476
5375772
5378002
5380239
5382561
5384755
5386934
5388632
5390965
5393098
5395319
5397628
5399767
5401964
5404134
5405902
5407891
5410019
5412134
5414136
5416110
5418246
5420285
5422436
5424424
5426541
5428722
5430754
5432986
5435375
5437524
5439720
5441948
5444029
5446071
5448279
5450493
5452838
5455143
5457224
5459408
5461714
5464104
5466420
5468790
5471109
5473352
5475564
5477864
5480029
5482000
5484123
5486144
5488192
5490530
5492722
5495045
5497363
5499538
5501544
5503813
5506088
5508247
5510520
5512758
5514897
5517058
5519371
5521713
5523992
5526202
5528391
5530757
5533017
5535481
5537789
5540132
5542527
5544794
5547311
5549656
5552158
5554501
5556869
5559291
5561766
5564226
5566562
5568940
5571435
5573708
5575928
5578189
5580379
5582850
5585073
5587508
5590007
5592449
5594603
5596835
5599293
5601551
5603528
5605481
5608007
5610428
5612886
5615277
5617615
5619799
5622192
5624662
5627163
5629592
5632023
5634210
5636543
5638948
5641241
5643672
5646036
5648193
5650361
5652655
5654933
5656762
5659034
5661454
5663794
5666048
5667816
5669408
5671139
5672840
5674651
5676532
5678896
5681125
5683483
5685918
5688276
5690479
5692801
5695212
5697762
5700163
5702476
5704687
5706893
5709259
5711585
5713678
5716142
5718516
5720733
5722958
5725438
5727777
5730229
5732614
5734997
5737306
5739740
5742108
5744250
5746475
5748453
5750506
5752809
5755217
5757654
5759935
5762303
5764504
5766749
5769055
5771382
5773681
5776047
5778284
5780562
5783010
5785315
5787642
5789947
5792287
5794609
5796607
5799043
5801273
5803615
5805979
5808282
5810079
5812409
5814685
5816804
5818672
5821095
5823420
5825756
5828245
5830317
5832659
5834952
5837325
5839547
5841751
5843985
5846149
5848383
5850601
5852813
5854825
5856868
5858871
5860807
5863039
5864806
5866766
5868544
5870181
5872406
5874414
5875989
5878084
5880048
5882179
5884309
5886285
5888248
5890351
5892587
5894861
5897095
5899303
5901459
5903890
5905969
5908228
5910336
5912509
5914742
5916986
5919550
5921881
5924201
5926444
5928627
5931237
5933430
5935749
5938085
5940254
5942508
5944612
5946692
5948602
5950783
5952813
5955068
5957284
5959564
5961786
5963980
5966078
5968240
5970354
5972559
5974763
5976806
5978721
5980862
5983084
5985464
5987607
5989846
5991861
5993556
5995805
5998258
6000392
6002699
6004869
6006263
6007869
6010129
6012312
6014416
6016674
6019033
6021480
6023420
6025883
6028043
6030468
6032651
6034954
6037258
6039326
6041430
6043649
6045850
6048100
6050346
6052514
6054864
6057139
6059439
6061649
6064046
6066258
6068574
6071033
6073092
6075349
6077777
6079716
6082084
6084263
6086288
6088479
6090507
6092761
6095037
6096999
6099027
6100966
6102863
6104955
6106784
6107885
6109587
6111458
6113332
6115389
6117842
6120057
6122052
6124216
6126228
6128054
6130067
6132337
6134570
6136812
6139259
6141608
6143684
6145747
6147725
6149588
6151404
6153627
6155689
6157972
6159952
6161456
6163545
6165686
6167767
6169841
6172006
6174076
6175783
6178101
6179927
6181811
6184134
6186473
6188707
6190872
6192878
6195087
6197262
6199288
6201484
6203714
6205770
6207585
6209404
6211188
6213118
6215297
6217638
6219577
6221704
6223703
6225774
6228003
6230117
6232144
6234266
6236029
6238055
6240290
6242343
6244384
6246024
6248166
6249815
6251602
6253789
6255564
6257831
6260111
6261760
6263989
6266094
6268345
6270216
6272415
6274647
6276811
6278915
6281120
6283370
6285683
6287948
6290233
6292412
6294590
6296778
6299179
6301359
6303760
6305433
6307360
6309351
6311768
6314079
6316391
6318884
6321392
6323727
6326032
6328296
6330427
6332695
6334914
6337106
6339324
6341436
6343732
6345869
6348135
6350331
6352625
6354822
6357069
6359289
6361536
6363783
6365732
6367934
6370015
6372244
6374506
6376645
6378959
6381367
6383521
6385815
6388125
6390318
6392609
6394142
6395962
6398156
6400340
6402565
6404791
6407273
6409545
6411994
6414408
6416493
6418824
6420641
6422931
6424920
6427245
6429456
6431695
6434063
6436395
6438840
6440854
6442944
6444915
6446809
6448720
6450689
6452575
6454656
6456495
6458656
6460559
6462365
6464388
6466226
6468173
6470011
6471578
6473363
6475242
6477322
6479458
6481660
6484022
6485971
6488473
6490635
6492957
6495408
6497479
6499582
6501777
6503972
6506045
6508229
6510492
6512688
6514927
6517264
6519392
6521641
6523569
6525896
6528011
6530224
6532378
6534471
6536691
6539054
6541201
6543359
6545553
6547955
6550105
6552129
6554090
6555869
6558040
6560155
6562253
6564652
6567054
6569135
6571193
6573450
6575296
6577249
6579337
6580937
6582940
6585034
6586955
6588683
6590518
6592568
6594412
6596422
6598441
6600130
6601890
6603209
6605149
6607276
6609232
6611294
6613175
6614407
6615676
6617416
6619400
6621181
6623038
6624995
6626698
6628753
6630792
6632757
6634554
6636279
6638305
6640430
6642610
6644577
6646710
6648913
6651162
6653495
6655897
6658155
6660608
6662953
6665434
6667814
6669994
6672378
6674910
6677245
6679669
6682112
6684433
6686877
6689246
6691624
6693935
6696044
6698509
6700700
6702293
6704561
6706933
6709236
6711563
6713683
6715498
6717521
6719950
6722279
6724680
6727034
6729154
6731548
6733615
6735717
6738098
6740320
6742560
6744370
6746756
6749260
6751549
6753982
6756362
6758661
6760919
6763279
6765722
6768185
6770533
6773110
6775552
6778096
6780396
6782491
6784423
6785874
6787640
6789818
6791977
6794175
6796583
6798795
6801057
6803343
6805618
6808128
6810577
6812843
6815289
6817592
6819958
6822421
6824774
6827107
6829446
6831486
6833836
6836218
6838576
6840952
6843279
6845657
6847920
6850413
6852773
6855170
6857407
6859779
6862019
6864358
6866795
6869095
6871497
6874020
6876402
6878672
6880920
6883215
6885481
6887935
6890340
6892694
6894951
6897347
6899594
6901800
6903931
6905799
6907883
6910084
6912402
6914709
6916881
6919192
6921473
6923861
6926170
6928176
6930403
6932786
6935198
6937427
6939522
6941799
6944079
6946600
6949185
6951586
6953874
6956225
6958673
6961140
6963181
6965374
6967801
6970215
6972577
6975104
6977378
6979778
6982114
6984311
6986742
6989113
6991462
6993973
6996436
6998792
7001241
7003695
7006081
7008632
7011068
7013258
7015576
7017906
7020221
7022532
7025198
7027604
7030129
7032623
7035106
7037616
7040181
7042638
7044869
7047347
7049747
7052185
7054449
7056957
7059279
7061641
7064017
7066546
7069158
7071431
7073881
7076294
7078586
7081118
7083613
7085967
7088312
7090741
7093239
7095730
7098141
7100526
7102783
7104277
7106544
7108846
7111062
7113417
7116388
7118671
7121277
7123533
7125778
7128249
7130566
7132959
7135769
7138307
7140553
7143041
7145504
7147663
7149725
7152096
7154524
7156698
7159074
7161630
7163993
7166486
7169043
7171797
7174241
7176578
7178824
7181261
7183705
7186299
7188276
7190753
7193245
7195630
7198237
7200576
7203254
7205733
7208220
7210833
7213265
7215582
7218014
7220491
7222799
7225210
7227589
7229990
7232093
7234485
7236755
7239243
7241778
7244102
7246364
7248721
7251069
7253625
7255989
7258586
7261102
7263479
7265813
7268301
7270740
7273228
7275788
7278368
7280875
7283352
7285574
7288125
7290526
7292892
7295207
7297703
7300165
7302687
7305027
7307575
7310082
7312637
7315173
7317655
7320086
7322569
7324864
7327577
7330185
7332726
7335174
7337531
7339835
7342186
7344589
7347084
7349383
7351675
7353941
7356162
7358503
7361036
7363454
7365872
7368128
7370302
7372569
7375010
7377563
7379852
7382169
7384512
7386700
7389094
7391416
7393853
7396284
7398738
7401286
7403714
7406192
7408435
7410725
7412714
7414969
7417160
7419341
7421593
7423756
7426189
7428494
7430658
7433118
7435530
7437753
7439920
7442274
7444629
7446959
7449215
7451171
7453624
7455870
7458041
7460409
7462633
7464983
7467399
7469581
7471926
7474326
7476894
7479160
7481373
7483803
7486057
7488508
7490526
7492720
7494484
7496868
7498673
7499928
7501791
7504052
7506303
7508336
7510791
7513220
7515491
7517887
7520250
7522828
7525048
7527354
7529753
7532131
7534456
7536704
7539172
7541585
7543937
7546257
7548328
7550041
7552417
7554740
7557158
7559332
7561582
7563771
7566055
7568321
7570304
7573003
7575261
7577610
7579930
7582256
7584497
7586814
7589015
7591371
7593701
7595880
7598062
7600485
7602225
7604669
7606817
7609170
7611605
7613934
7616351
7618580
7621047
7623537
7625943
7628464
7630830
7633165
7635444
7637745
7640038
7642237
7644701
7646724
7648808
7650999
7653422
7655146
7657010
7659459
7661797
7663770
7665289
7667585
7669884
7672156
7674447
7676918
7679075
7681023
7683333
7685596
7687831
7690059
7692312
7694815
7697215
7699532
7702049
7704037
7705302
7707046
7709109
7711343
7713568
7715812
7718034
7720423
7722966
7725381
7727808
7730146
7732463
7734928
7737146
7739351
7741575
7743921
7746035
7748524
7751087
7753466
7756013
7758509
7760833
7763538
7766079
7768501
7771138
7773052
7775399
7777905
7780111
7782290
7784096
7785591
7787479
7789482
7791640
7793788
7795859
7798138
7800237
7802514
7804609
7806900
7809199
7811521
7814025
7816274
7818636
7820843
7823310
7825582
7827516
7829574
7831670
7833963
7836117
7838432
7840745
7842932
7845188
7847116
7849128
7851302
7853783
7856133
7858428
7860987
7863267
7865717
7868181
7870602
7873018
7875453
7877756
7880216
7882934
7885347
7887617
7889916
7892123
7894627
7897113
7899664
7902350
7904529
7906813
7909313
7911739
7913965
7916289
7918739
7921304
7923567
7925825
7928426
7930765
7933106
7935266
7937631
7939914
7942222
7944535
7947017
7949636
7951999
7953489
7955446
7958003
7960265
7962177
7964194
7966453
7968696
7970532
7972672
7974717
7976964
7979011
7981346
7983437
7985681
7987844
7990172
7992058
7994427
7996581
7999111
8001573
8004170
8006516
8008794
8011201
8013485
8014841
8016962
8019505
8022108
8024563
8026345
8028113
8030565
8033119
8035618
8038036
8040665
8043144
8045454
8047931
8050444
8052895
8055447
8057807
8060237
8062689
8065096
8067475
8069827
8072268
8074850
8077136
8079661
8081961
8084407
8087089
8089236
8091700
8094013
8096484
8099028
8101577
8104077
8106563
8109195
8111757
8114217
8116694
8119020
8121575
8123990
8126353
8128702
8130837
8133059
8135548
8137972
8140309
8142483
8144851
8147171
8149556
8151608
8153189
8155064
8157614
8159864
8162039
8164465
8166851
8169344
8171681
8173986
8176429
8178824
8181269
8183650
8186052
8188346
8190714
8192981
8195378
8197693
8199867
8202152
8204550
8206752
8209132
8211309
8213583
8215989
8217975
8220343
8222651
8225134
8227413
8229452
8231604
8233811
8235962
8238250
8240491
8242448
8244394
8246608
8248889
8251199
8253578
8255550
8258055
8260512
8262844
8265179
8267603
8269869
8272142
8274610
8276759
8278660
8280911
8283343
8285786
8288172
8290440
8292697
8295167
8297690
8300085
8302370
8304753
8307059
8309553
8312104
8314521
8316940
8319014
8321364
8323277
8325368
8327770
8330106
8331935
8334137
8336274
8338494
8340713
8342452
8344519
8346722
8348758
8350846
8352659
8354672
8356507
8358410
8359897
8361290
8363232
8365210
8367176
8369411
8371549
8373693
8376022
8378334
8380590
8382775
8385097
8387258
8389400
8391754
8393931
8396192
8398450
8400712
8402748
8404686
8406950
8409228
8411440
8413671
8415791
8417873
8420225
8422543
8424179
8426433
8428795
8431284
8433705
8436038
8438462
8440691
8442874
8445150
8447363
8449582
8451893
8454284
8456737
8459135
8461577
8464039
8466293
8468617
8470767
8473127
8475613
8478059
8480491
8482697
8485160
8487352
8489629
8491733
8494221
8496406
8498447
8500449
8501719
8503050
8505160
8507524
8509668
8511908
8514054
8516274
8518691
8521086
8523356
8525802
8528237
8530463
8532479
8534777
8537185
8539629
8541998
8544485
8546762
8549060
8551308
8553527
8555831
8558152
8560347
8562644
8565043
8567333
8569666
8571999
8574370
8576500
8578670
8580976
8583407
8585820
8588233
8590705
8593008
8595287
8597609
8599944
8601808
8604067
8606261
8608328
8610414
8612700
8614977
8617311
8619714
8622282
8624748
8627187
8629537
8631914
8634349
8636592
8638963
8641380
8643796
8646224
8648498
8650763
8653133
8655328
8657527
8659875
8662110
8664415
8666799
8669077
8671443
8673745
8676080
8678434
8680859
8683207
8685449
8687785
8690094
8692528
8694671
8696818
8698954
8701336
8703309
8705579
8707884
8710108
8712386
8714818
8717109
8719753
8722013
8724517
8726632
8728833
8731127
8733104
8735646
8737714
8740247
8742601
8744736
8746995
8749251
8751482
8753982
8756474
8758703
8760937
8763455
8765770
8767906
8770338
8772543
8774563
8776704
8778991
8781352
8783802
8786132
8788452
8790687
8793056
8795122
8797412
8799637
8801849
8804232
8806273
8808621
8810767
8813027
8815289
8817403
8819198
8821602
8823924
8826209
8828551
8830873
8833173
8835422
8837946
8840457
8842840
8845005
8847465
8849839
8852224
8854472
8856777
8859053
8861191
8863184
8865261
8867128
8869146
8871254
8873330
8875463
8877478
8879079
8881167
8883132
8885365
8887660
8889859
8892240
8894684
8897121
8899358
8901656
8904044
8906386
8908541
8910713
8912826
8915147
8917464
8919825
8922082
8924497
8926606
8928556
8930774
8932968
8935222
8937455
8939874
8942098
8944306
8946614
8948799
8950972
8952934
8955303
8957416
8959625
8961922
8964368
8966832
8969192
8971458
8973815
8976203
8978382
8980453
8982893
8985095
8987356
8989618
8992079
8994476
8996913
8999281
9001670
9003911
9006169
9008149
9010091
9012261
9014627
9016595
9018753
9021035
9023163
9025123
9027198
9029503
9031984
9034392
9036992
9038924
9040824
9043032
9045598
9048065
9050407
9052944
9054877
9057155
9059430
9061306
9063712
9066011
9068344
9070789
9072914
9075505
9077709
9080015
9082318
9084711
9087156
9089489
9091918
9094319
9096753
9099272
9101564
9104065
9106124
9108584
9110896
9113003
9115215
9117471
9119925
9122424
9124179
9126714
9128809
9130609
9132916
9135553
9137886
9140334
9142756
9145005
9147403
9149968
9152344
9154697
9156862
9159255
9161651
9164010
9166351
9168679
9171027
9173507
9175976
9178281
9180629
9182726
9184876
9187298
9189461
9192049
9194720
9197095
9199220
9201685
9204158
9206419
9208775
9210976
9213483
9215979
9218264
9220557
9222984
9224966
9227409
9229503
9231976
9234172
9235889
9237998
9240326
9242601
9244838
9246915
9249003
9251161
9253593
9256167
9258347
9260141
9262065
9263650
9265142
9267342
9269546
9271895
9274162
9276687
9279080
9281428
9283895
9286428
9289106
9291569
9293404
9295297
9297612
9299975
9302174
9304660
9306888
9309010
9311290
9313591
9315940
9318183
9320482
9322783
9324801
9327096
9329400
9331568
9333787
9336218
9338374
9340614
9342810
9345188
9347600
9349838
9352050
9354118
9356283
9358489
9360707
9362891
9365341
9367602
9369973
9372374
9374760
9377225
9379482
9381765
9384169
9386504
9388796
9391174
9393654
9396055
9398088
9400515
9402771
9404983
9407484
9409963
9412021
9414031
9416416
9418652
9421053
9423498
9426045
9428324
9430736
9433116
9435791
9438391
9440874
9443310
9445593
9447914
9450310
9452738
9454905
9457227
9459561
9462032
9464423
9466625
9468989
9471108
9473253
9475683
9477945
9480011
9482293
9484544
9486860
9489093
9491252
9493417
9495536
9497745
9500088
9502420
9504572
9506801
9509042
9511405
9513731
9516022
9518233
9520294
9522516
9524571
9526899
9529292
9531642
9533862
9536378
9538879
9540660
9542859
9545154
9547379
9549552
9551874
9554044
9556342
9558662
9560896
9563160
9565511
9567753
9569994
9572183
9574509
9576924
9579331
9581625
9583892
9586180
9588373
9590094
9592326
9594455
9596556
9598561
9600638
9602544
9604624
9606812
9609046
9611205
9613462
9615643
9617710
9619880
9622076
9624210
9626493
9628696
9630841
9633241
9635694
9638086
9640260
9642640
9645052
9647471
9650032
9652225
9654275
9656401
9658746
9661171
9663552
9665959
9668165
9670782
9673225
9675420
9677744
9680056
9682528
9684881
9687477
9689449
9691559
9693866
9696148
9698700
9701193
9703435
9706059
9708418
9710776
9713087
9715635
9717587
9719618
9721426
9723442
9725559
9727322
9729177
9731026
9732901
9734853
9736797
9738953
9741173
9743430
9745468
9747659
9749741
9751771
9753979
9756211
9758320
9760602
9762653
9764795
9766883
9768705
9770636
9772678
9774725
9776896
9778878
9781089
9783190
9785351
9787431
9789454
9791710
9793918
9796078
9798047
9800182
9802292
9804554
9806690
9808885
9810896
9813134
9815314
9817545
9819740
9821980
9823957
9826100
9828601
9830725
9832843
9835460
9837683
9839651
9842248
9844521
9846800
9849192
9851299
9853709
9856249
9858458
9860827
9863258
9865476
9867763
9870221
9872398
9874819
9877181
9879496
9881855
9884161
9886330
9888600
9890960
9893274
9895500
9897663
9899863
9902237
9904625
9906973
9909111
9910958
9913372
9915896
9918187
9920652
9923049
9925391
9927909
9930203
9932383
9934722
9937093
9939497
9941660
9943688
9945897
9948506
9950983
9953353
9955439
9957807
9960240
9962440
9964775
9967078
9969389
9971862
9974053
9976381
9978788
9981197
9983330
9985820
9988206
9990694
9993242
9995549
9997594
9999795
10002242
10004637
10007016
10009186
10011597
10013868
10016285
10018543
10020924
10023337
10025648
10027849
10029842
10032133
10034191
10036044
10038303
10040563
10042651
10044815
10047132
10049621
10052040
10054313
10056588
10058955
10061275
10063593
10065918
10068306
10070608
10072941
10075462
10077782
10080297
10082549
10084912
10087223
10089775
10092104
10094480
10096731
10099157
10101464
10103665
10106036
10108193
10110499
10112797
10115202
10117607
10120123
10122526
10125053
10127389
10129922
10132122
10134460
10136740
10139006
10141660
10144001
10146290
10148504
10150734
10152964
10155108
10157461
10159881
10162324
10164519
10166988
10169413
10171960
10174238
10176029
10178383
10180581
10182740
10184798
10186913
10188260
10190491
10192538
10194975
10197447
10199895
10202423
10204847
10207202
10209598
10211413
10213907
10216054
10218194
10220374
10222711
10224828
10227267
10229715
10231978
10234451
10236617
10239005
10241343
10243704
10245766
10248265
10250593
10252849
10255175
10257498
10259828
10262121
10264491
10266892
10269315
10271692
10274086
10276492
10278833
10281305
10283536
10286076
10288589
10290824
10293174
10295631
10297916
10300355
10302955
10304773
10307297
10309856
10312194
10314271
10316500
10318963
10321353
10323811
10326154
10328615
10331090
10333360
10335553
10337822
10340176
10342669
10345256
10347833
10350230
10352636
10355203
10357662
10360109
10362516
10364900
10367031
10369526
10371808
10374013
10376104
10378526
10380887
10383415
10385877
10388083
10390428
10392512
10394879
10397337
10399211
10401173
10403419
10405522
10407733
10409896
10412144
10414398
10416581
10418647
10420585
10422705
10425044
10426818
10428782
10430752
10432702
10434803
10436960
10439172
10441573
10443701
10446011
10448156
10450270
10452377
10454441
10456403
10458556
10460628
10462248
10464278
10466541
10468798
10471004
10473149
10475343
10477645
10480026
10482423
10484735
10487079
10489271
10491667
10494355
10496740
10499228
10501443
10503812
10506188
10508533
10510930
10513366
10515800
10518300
10520769
10523350
10525911
10528161
10530739
10533374
10535808
10538217
10540875
10543270
10545674
10547967
10550633
10552990
10555402
10557804
10560345
10562894
10565073
10567671
10570203
10572685
10575134
10577595
10580036
10582438
10584825
10587131
10589537
10592067
10594508
10597196
10599608
10601983
10604479
10606911
10609425
10611831
10614373
10616606
10618666
10621079
10623380
10625558
10627711
10629849
10631873
10634177
10636294
10638272
10639829
10641843
10643801
10646150
10648188
10650150
10652198
10653981
10656075
10658200
10660141
10661964
10663880
10665828
10668144
10670455
10672615
10674786
10677112
10679464
10681726
10684105
10686388
10688557
10690839
10693107
10694900
10697120
10699280
10701565
10703737
10705916
10708277
10710458
10712889
10715225
10717138
10719448
10721888
10724063
10726423
10728690
10730777
10733356
10735928
10738208
10740443
10742773
10744752
10747077
10749481
10751873
10754236
10756171
10758547
10760900
10763178
10765619
10768048
10770271
10772709
10775063
10777454
10779620
10781925
10784075
10786410
10788683
10790982
10793425
10795407
10797187
10799618
10802108
10804510
10806617
10808962
10811433
10813660
10815866
10817913
10820026
10822110
10824399
10826608
10828720
10831001
10833364
10835393
10837586
10839822
10841969
10844368
10846775
10849200
10851404
10853567
10855856
10858060
10860270
10862442
10864720
10866878
10868860
10871264
10873488
10875690
10878015
10880350
10882742
10885234
10887815
10889897
10892275
10894465
10896741
10899016
10901136
10903611
10905946
10908148
10910538
10912751
10915203
10917674
10919906
10922286
10924936
10927401
10929795
10932024
10934005
10936320
10938478
10940723
10942971
10945408
10947615
10949312
10951663
10954043
10956110
10958260
10960498
10962779
10965165
10967316
10969631
10972030
10974553
10976740
10979199
10981574
10983859
10986151
10988248
10990630
10993055
10995119
10997283
10999764
11002026
11004379
11006566
11008891
11011142
11012989
11014809
11016697
11018792
11020921
11022972
11025416
11027366
11029368
11031299
11033266
11035335
11037359
11039562
11041417
11043183
11045144
11047016
11049056
11051351
11053476
11055396
11057331
11059249
11061072
11063397
11065729
11067951
11070137
11072277
11074512
11076808
11078937
11081057
11083270
11085478
11087760
11090016
11092173
11094564
11096568
11098631
11100478
11102769
11105026
11107380
11109423
11111866
11114137
11115857
11118258
11120435
11122235
11124402
11126139
11127609
11128879
11130606
11132548
11134892
11137178
11139500
11141592
11143912
11145692
11148132
11150559
11152996
11155355
11157281
11159628
11161937
11164269
11166570
11168865
11171183
11173292
11175771
11178288
11180839
11183304
11185570
11188107
11190355
11192689
11194698
11196885
11199314
11201233
11203396
11205741
11208206
11210561
11212702
11214974
11217482
11219792
11222155
11224550
11226935
11228827
11230842
11232641
11234909
11237221
11239072
11241125
11243073
11245036
11247451
11249399
11251334
11253607
11255718
11257531
11259647
11261782
11263658
11266037
11268459
11270958
11273174
11274947
11277161
11279328
11281812
11284123
11286298
11288672
11290910
11293119
11295566
11297962
11300301
11302620
11305125
11306969
11309516
11312149
11314647
11317022
11319559
11321949
11324260
11326694
11328934
11331249
11333619
11336160
11338170
11340253
11342721
11345174
11347572
11350048
11352458
11354907
11357254
11359596
11362072
11364390
11366808
11369356
11371762
11373956
11375822
11378297
11380707
11382934
11385262
11387513
11389833
11392192
11394607
11396817
11398990
11401379
11403619
11405728
11408177
11410631
11412971
11415093
11417498
11419749
11422040
11424368
11426587
11428883
11430986
11433017
11435329
11437713
11439967
11442110
11444364
11446270
11448507
11450665
11452903
11455194
11457403
11459632
11461919
11464136
11466371
11468837
11471145
11473640
11475957
11478446
11480283
11482639
11485216
11487681
11490250
11492515
11495119
11497534
11499930
11501777
11503701
11506412
11509159
11511753
11514420
11516592
11518990
11520883
11522966
11524905
11526848
11529130
11531041
11533115
11535132
11536965
11539181
11541389
11543698
11546030
11548388
11550623
11553049
11555501
11557938
11560159
11562528
11564871
11567199
11569661
11571932
11574391
11576811
11579268
11581696
11584329
11586750
11589297
11591807
11594234
11596445
11598777
11601312
11603702
11606085
11608410
11610258
11612506
11615121
11617445
11619831
11622347
11624812
11627126
11629492
11631827
11633958
11636216
11638645
11641100
11643504
11645840
11648070
11649925
11651721
11653958
11655724
11657888
11659972
11662211
11664348
11666179
11668348
11670178
11672259
11674322
11676399
11678801
11680869
11682932
11685345
11687781
11690304
11692275
11694481
11696920
11699475
11701776
11703985
11706363
11708656
11710834
11713123
11715432
11717772
11720075
11722470
11725038
11727429
11729884
11732040
11734442
11736670
11739272
11741704
11744028
11746320
11748526
11750547
11752812
11755284
11757862
11760118
11762194
11764101
11766253
11768254
11770700
11772943
11775526
11777889
11780028
11782330
11784510
11786629
11788510
11790506
11792449
11794372
11796224
11798354
11800585
11802742
11804820
11806845
11809062
11811404
11813670
11816017
11818263
11820594
11822795
11824901
11827094
11829129
11831217
11833481
11835428
11837365
11839309
11841478
11843589
11845978
11847804
11849916
11852139
11854339
11856513
11858514
11860384
11862550
11864677
11867057
11869457
11871720
11873880
11876176
11878466
11880554
11882845
11885258
11887617
11889943
11892308
11894569
11896738
11898906
11901316
11903461
11905775
11907853
11909191
11910870
11913212
11915649
11917706
11920058
11922463
11924446
11926325
11928292
11930593
11933039
11935003
11937331
11939648
11942145
11944563
11946772
11949149
11951159
11953224
11955336
11957494
11959566
11961810
11963873
11965828
11967874
11970074
11972201
11974556
11976717
11978981
11981042
11983295
11985774
11988058
11990247
11992527
11994885
11997147
11998977
12001235
12003375
12005555
12007476
12009475
12011594
12013925
12016229
12018466
12020267
12022262
12024264
12026589
12028841
12030631
12032788
12035093
12037476
12039824
12042246
12043813
12046082
12048464
12050921
12053299
12055689
12058000
12060596
12062655
12064582
12067080
12069419
12071856
12074290
12076698
12079165
12081555
12083913
12086121
12088554
12090682
12093123
12095524
12097896
12100534
12103082
12105391
12107760
12110071
12112382
12114790
12116944
12119203
12121848
12123974
12126190
12128582
12130910
12133289
12135541
12137809
12139858
12142185
12144285
12146566
12148867
12151529
12153971
12156400
12158881
12161320
12163874
12166395
12168512
12170876
12173399
12175706
12177996
12180381
12182678
12185085
12187573
12189979
12192048
12194133
12196563
12198702
12201060
12203406
12205749
12207755
12210024
12212329
12214710
12217062
12219284
12221670
12224092
12226473
12228913
12230924
12233025
12235361
12237557
12239871
12242213
12244550
12246940
12249280
12251842
12253961
12256080
12258385
12260632
12262834
12265332
12267681
12269950
12272266
12274600
12276733
12278649
12281174
12283463
12285802
12288195
12290509
12292689
12294978
12297401
12299893
12302254
12304661
12306987
12309204
12311328
12313565
12316061
12318419
12320825
12323230
12325416
12327763
12330007
12332368
12334784
12337149
12339838
12342181
12344644
12347131
12349402
12351945
12354039
12356481
12359012
12361547
12363823
12366256
12368537
12370941
12373230
12375662
12378090
12380408
12382785
12385157
12387459
12389818
12392301
12394552
12396914
12399385
12401590
12404050
12406344
12408979
12411481
12413867
12416306
12418760
12421243
12423795
12426225
12428981
12431580
12433807
12436259
12438703
12441143
12443617
12446070
12448520
12451048
12453580
12456218
12458538
12460766
12463402
12465932
12468333
12470859
12473461
12475906
12478339
12480539
12482859
12485181
12487554
12489985
12492188
12494441
12496814
12499039
12501530
12504004
12506384
12508565
12510987
12513301
12515722
12517869
12520058
12522326
12524783
12526952
12529259
12531591
12533884
12536255
12538916
12541076
12543290
12545552
12547862
12550005
12552172
12554411
12556718
12559078
12561069
12563490
12565893
12568371
12570740
12573109
12575659
12578129
12580344
12582749
12584700
12586784
12589071
12591418
12593956
12596148
12598551
12600995
12603372
12605819
12608229
12610718
12613151
12615481
12617646
12619825
12622232
12624668
12627132
12629048
12631481
12633909
12636213
12638579
12640730
12643066
12645168
12647415
12649579
12651737
12654040
12656369
12658524
12660853
12663187
12665487
12667358
12669570
12671901
12674037
12676274
12678472
12680855
12683095
12685435
12687679
12690025
12692224
12694599
12696909
12699395
12701877
12704118
12706518
12708800
12711132
12713516
12715838
12718047
12720232
12722553
12724884
12726794
12729297
12731737
12734081
12736665
12739216
12741616
12743994
12746362
12748715
12751219
12753723
12756100
12758385
12760610
12762807
12765195
12767694
12770102
12772353
12774644
12776294
12778138
12780232
12782467
12784582
12786557
12788434
12790139
12791989
12793658
12795263
12797072
12799062
12801146
12803041
12805304
12808131
12810752
12813095
12815139
12817168
12819131
12820914
12822776
12824548
12826102
12827649
12829050
12830610
12832091
12833714
12835362
12837398
12839254
12841228
12843060
12844983
12847083
12848525
12850564
12852764
12854853
12856761
12858819
12860393
12862084
12864027
12865764
12867591
12869356
12871310
12873243
12874704
12876255
12877767
12879257
12880803
12882284
12883616
12885049
12886445
12888016
12889678
12891390
12893163
12894880
12896615
12898528
12900485
12902455
12904361
12906622
12908396
12910167
12912256
12915673
12918820
12920808
12922822
12925157
12927007
12929458
12931408
12933422
12935725
12937314
12938863
12941050
12942851
12946043
12948023
12949763
12952571
13005134
13007151
13010889
13013699
13017094
13019667
13023932
13025739
13028187
13030386
13032563
13034936
13037164
13040142
13043016
13045373
13047102
13048789
13050709
13052359
13055213
13056863
13058443
13061737
13068524
13070501
13075567
13077294
13079932
13082525
13087512
13090943
13094245
13097930
13103881
13105884
13107678
13109610
13111603
13113414
13115310
13116813
13118762
13120609
13122426
13147961
13152111
13156524
13158891
13167664
13169596
13171230
13172732
13175430
13177314
13179206
13180828
13182823
13184969
13188187
13191121
13194231
13197758
13200887
13203772
13209948
13214937
13221168
13223820
13225497
13227130
13228674
13230292
13231877
13233558
13235141
13236829
13238628
13240211
13242005
13243633
13245302
13246821
13249386
13252441
13254061
13256517
13259630
13262171
13263933
13266347
13269112
13271433
13275636
13278019
13280060
13282795
13286562
13289302
13292189
13294100
13296626
13298703
13300625
13303852
13306080
13308048
13310205
13312094
13313826
13315572
13317153
13318606
13320157
13321805
13323472
13325142
13327062
13329123
13330703
13332659
13334490
13336736
13338777
13340962
13342965
13344944
13346881
13348804
13350618
13352729
13355042
13357083
13359480
13361762
13364104
13366379
13368732
13370731
13372948
13375217
13377320
13379532
13381809
13383831
13385930
13387820
13390017
13391919
13393724
13395577
13397711
13399729
13401899
13404275
13406663
13408805
13410765
13413010
13415192
13417104
13418977
13421168
13423251
13425578
13427961
13430303
13432337
13434254
13436736
13439137
13441063
13443338
13445571
13447920
13450203
13452563
13454972
13457423
13459803
13462445
13464759
13467261
13469802
13472468
13474902
13477262
13479852
13481971
13484188
13486472
13488782
13491127
13493394
13495876
13498245
13500488
13502848
13505029
13507405
13509861
13512241
13514097
13516585
13518874
13521325
13523622
13526016
13528302
13530506
13532854
13535220
13537819
13540175
13542589
13544740
13547204
13549626
13552061
13554352
13556559
13559048
13561156
13563499
13565922
13568101
13570153
13572497
13574834
13577109
13579493
13581828
13583931
13585804
13588141
13590429
13592680
13594949
13597159
13599276
13601539
13603720
13605844
13608042
13610383
13612675
13614983
13617270
13619420
13621832
13624084
13626433
13628954
13631290
13633741
13636156
13638660
13641321
13643985
13646525
13648936
13651267
13653980
13656362
13658253
13660141
13662603
13665172
13667564
13669855
13672260
13674725
13677212
13679860
13682493
13685046
13687592
13690200
13692464
13694830
13697150
13699547
13701317
13703861
13706286
13708852
13711411
13713828
13716145
13718620
13721146
13723597
13726041
13728505
13731070
13733630
13736223
13738929
13741510
13743957
13746473
13748798
13750419
13752654
13754899
13756983
13759187
13761502
13763709
13766036
13768237
13770333
13772575
13774838
13777080
13779092
13780787
13782560
13784754
13786906
13789225
13791524
13793788
13796051
13798496
13800880
13803133
13805421
13807938
13810258
13812611
13814991
13817262
13819618
13822066
13824355
13826800
13829066
13831569
13833784
13836062
13838521
13840794
13843223
13845605
13847957
13850261
13852663
13855081
13857417
13859982
13862411
13864808
13867246
13869692
13872123
13874448
13876548
13879013
13881325
13883854
13886401
13889020
13891627
13893853
13896259
13898761
13901139
13903705
13906221
13908627
13911044
13913505
13915868
13918365
13920902
13923328
13925628
13928169
13930569
13933011
13935368
13937879
13940534
13943056
13945589
13948219
13950695
13953048
13955488
13957865
13960082
13962336
13964754
13967134
13969589
13972175
13974648
13977199
13979698
13982044
13984025
13986424
13988896
13991243
13993830
13996320
13998841
14001238
14003586
14006072
14008630
14010999
14013453
14015820
14018281
14020702
14022996
14025565
14027935
14030326
14032718
14035142
14037491
14039914
14042423
14044929
14047408
14049705
14051905
14054224
14056582
14059027
14061545
14064080
14066369
14068729
14071015
14073475
14075697
14077883
14080169
14082495
14084843
14087388
14089803
14092177
14094363
14096815
14099227
14101675
14104002
14106344
14108592
14111059
14113709
14116013
14118350
14120725
14123134
14125404
14127618
14129986
14132432
14134876
14137365
14139687
14142029
14144369
14146523
14148847
14151170
14153669
14156019
14158337
14160837
14163402
14165715
14168036
14170557
14173067
14175446
14177691
14180113
14182425
14184707
14187009
14189355
14191837
14194099
14196471
14198754
14201090
14203366
14205773
14208052
14210384
14212697
14215124
14217539
14219743
14222105
14224403
14226715
14229072
14231335
14233581
14235663
14237993
14240345
14242886
14245043
14247401
14249807
14252158
14254498
14256830
14258953
14261304
14263659
14266085
14268379
14270772
14273163
14275491
14277732
14279963
14282271
14284453
14286920
14289285
14291554
14293598
14295819
14298109
14300230
14302441
14304752
14307134
14309548
14312023
14314608
14317137
14319517
14321897
14324411
14326674
14328885
14331261
14333658
14335722
14338138
14340590
14342850
14345217
14347728
14349968
14352343
14354711
14356874
14358964
14361097
14363231
14365298
14367292
14369381
14371343
14373469
14375653
14377740
14379761
14381744
14383627
14385370
14387224
14388974
14390974
14392925
14394908
14397003
14399008
14401090
14403280
14405517
14407713
14409844
14411797
14413688
14415549
14417163
14418683
14419874
14421637
14423930
14426356
14428673
14430947
14433114
14435355
14437681
14439983
14442325
14444668
14446961
14449296
14451661
14453899
14456281
14458620
14461026
14463325
14465703
14467709
14469980
14472111
14474361
14476588
14478731
14480899
14483209
14485501
14487898
14490168
14492559
14494748
14497240
14499536
14501831
14504074
14506397
14508656
14511010
14513313
14515275
14517625
14519946
14522199
14524400
14526904
14528829
14531086
14533332
14535605
14537917
14540231
14542391
14544609
14546908
14549078
14551278
14553253
14555671
14557851
14560281
14562587
14564818
14567181
14569448
14571724
14573953
14576341
14578629
14580826
14583145
14585505
14587725
14589965
14592240
14594771
14597053
14598998
14601081
14603403
14605869
14608262
14610528
14612960
14615425
14617820
14620206
14622561
14625003
14627368
14629674
14631960
14634271
14636651
14638971
14641509
14643849
14646136
14648702
14651272
14653533
14655994
14658489
14660914
14663228
14665552
14667900
14670296
14672665
14675159
14677509
14679810
14682132
14684523
14686808
14689145
14691534
14694009
14696569
14698877
14701380
14703807
14706194
14708565
14711070
14713486
14715762
14718136
14720630
14722965
14725321
14727652
14729860
14732409
14734773
14736975
14739253
14741655
14743852
14746252
14748692
14751209
14753700
14755973
14758494
14760851
14763246
14765600
14768058
14770699
14772996
14774994
14777231
14779680
14782027
14784435
14786856
14789444
14791829
14794194
14796537
14798730
14801066
14803131
14805522
14807830
14810126
14812659
14815206
14817745
14820143
14822637
14824784
14826993
14829085
14831513
14833787
14836050
14838312
14840698
14842933
14845246
14847459
14849768
14851994
14854268
14856475
14858725
14860997
14863334
14865666
14868017
14870303
14872789
14874999
14877334
14879871
14882311
14884442
14886887
14889040
14891417
14893752
14896081
14898576
14900861
14903227
14905489
14907593
14909921
14912283
14914659
14916897
14919111
14921303
14923590
14925541
14927992
14930264
14932531
14934836
14937025
14939313
14941646
14943943
14946345
14948747
14951141
14953518
14956077
14958420
14960670
14962871
14965476
14967943
14970380
14972596
14975105
14977328
14979652
14981994
14984218
14986275
14988665
14991038
14993329
14995687
14997975
15000333
15002620
15004946
15007218
15009503
15011987
15014344
15016630
15019093
15021541
15023909
15026426
15028914
15031325
15033672
15036025
15038207
15040708
15043004
15045231
15047194
15049203
15051578
15053984
15056258
15058713
15060994
15063496
15065782
15068225
15070446
15072721
15074983
15077411
15079723
15082020
15084183
15086526
15088821
15091110
15093339
15095359
15097704
15099685
15101572
15103627
15105991
15108474
15110399
15112625
15114956
15117361
15120024
15122572
15124906
15127543
15129914
15132736
15135344
15137703
15140057
15142552
15144996
15147452
15149857
15152456
15154407
15156737
15159167
15161569
15164005
15166413
15168765
15171273
15173582
15176049
15178512
15180961
15183521
15186140
15188537
15191107
15193596
15196147
15198656
15201043
15203530
15206012
15208411
15210856
15213475
15215635
15218442
15220654
15223308
15225765
15228413
15230906
15233589
15236143
15238545
15241176
15243467
15245757
15248020
15250610
15253048
15255812
15258249
15260700
15263351
15265992
15268642
15271243
15273693
15276069
15278788
15281155
15283948
15286464
15288911
15291056
15293365
15295460
15297789
15300366
15302814
15305366
15307813
15310191
15312671
15314842
15317123
15319793
15322411
15324621
15326936
15329128
15331494
15333919
15336362
15338684
15341006
15343386
15345589
15347737
15349933
15352132
15354366
15356610
15358785
15360681
15362755
15365117
15367326
15369553
15372004
15374226
15376401
15378907
15381209
15383398
15385703
15388027
15390194
15392438
15394662
15397001
15399339
15402116
15404773
15407282
15409774
15411587
15414077
15416394
15418525
15420675
15422951
15425239
15427503
15429630
15431803
15434058
15436446
15438864
15441072
15443431
15445597
15447621
15450044
15452521
15454988
15457042
15459342
15461606
15463558
15465805
15467904
15470251
15472622
15474753
15476830
15479335
15481591
15483660
15486022
15488170
15490497
15492732
15494811
15497154
15499530
15501856
15504346
15506541
15508862
15511176
15513526
15516116
15518379
15520602
15522744
15524515
15526196
15528150
15530437
15532893
15535331
15537483
15539752
15542179
15544501
15546965
15549332
15551658
15553903
15556233
15558829
15561209
15563637
15565841
15568025
15570414
15572823
15575046
15577292
15579440
15581784
15584021
15585787
15587528
15589165
15591546
15594089
15596459
15598881
15601146
15603449
15605653
15607866
15610250
15612628
15614957
15617316
15619204
15621302
15623652
15625927
15628306
15630657
15632784
15634897
15637181
15639666
15641889
15644209
15646406
15648688
15650919
15652791
15655219
15657524
15659908
15661560
15663937
15666156
15668353
15670617
15672952
15675554
15677765
15680405
15682854
15684726
15687076
15689485
15692011
15694303
15696656
15699260
15701581
15703836
15706168
15708588
15711066
15713493
15715842
15718292
15720746
15723327
15725316
15727238
15729006
15731066
15732967
15735048
15737161
15739223
15741430
15743295
15745259
15747304
15749675
15751936
15754190
15756443
15758727
15760648
15762953
15765107
15767341
15769446
15771602
15773918
15775924
15778081
15780469
15782844
15785080
15787241
15789412
15791548
15793781
15796310
15798568
15800659
15803224
15805635
15807773
15810300
15812720
15814949
15817360
15819807
15822149
15824339
15826594
15829240
15831394
15833159
15834715
15835952
15837443
15839480
15841709
15843957
15846103
15847882
15849628
15851704
15853863
15856131
15858435
15860421
15862459
15864681
15866860
15869064
15871374
15873384
15875852
15878023
15880396
15882925
15885321
15887647
15889882
15892126
15894496
15896791
15899092
15901389
15903885
15906136
15908533
15910592
15912944
15915281
15917706
15920100
15922499
15924931
15927427
15929295
15931107
15932621
15934342
15935967
15937823
15939972
15941987
15943887
15945564
15947662
15949967
15952318
15954925
15957428
15959886
15962472
15965087
15967581
15970006
15972355
15974958
15976979
15979170
15981549
15984103
15986637
15989038
15991310
15993527
15995847
15998269
16000658
16003078
16005246
16007337
16009709
16012117
16014296
16016541
16018431
16020520
16022655
16024718
16026710
16028480
16030224
16032154
16033873
16036407
16038399
16040583
16042626
16044642
16046606
16048629
16050515
16052289
16054458
16056674
16058464
16060245
16062421
16064521
16066834
16069252
16071594
16073675
16075757
16078006
16080244
16082454
16084537
16086774
16088975
16091256
16093498
16095739
16098188
16100537
16102933
16105200
16107605
16109892
16112038
16114197
16116275
16118533
16120845
16123205
16125368
16127793
16129845
16131880
16133344
16134991
16136753
16138352
16140616
16142884
16144951
16147191
16148989
16151198
16153525
16155533
16157546
16159923
16162344
16164730
16167103
16169396
16171650
16173760
16175989
16178385
16180745
16183118
16185423
16187564
16189951
16192334
16194650
16196915
16199281
16201742
16204028
16206046
16207612
16209387
16211780
16214192
16216461
16218672
16221102
16223467
16226124
16228353
16230683
16232678
16234902
16237109
16239412
16241763
16244121
16246450
16249046
16251402
16253830
16256381
16259029
16261638
16263837
16266219
16268889
16271086
16273511
16275901
16278147
16280639
16282715
16284987
16287415
16289754
16292254
16294914
16297307
16299540
16301971
16304193
16306589
16308952
16311171
16313476
16315765
16318030
16320380
16322882
16325329
16327646
16329840
16332050
16334347
16336494
16338659
16340835
16342875
16345066
16347081
16349285
16351557
16353387
16355741
16358045
16360161
16362457
16364788
16366961
16368895
16371166
16373313
16375555
16377940
16380031
16382238
16384354
16386677
16389105
16391406
16393793
16396063
16398575
16400807
16403018
16405082
16407424
16409527
16411590
16414073
16416415
16418832
16421305
16423503
16425611
16428060
16430355
16432720
16435154
16437454
16439929
16441985
16444241
16446549
16448762
16451025
16453111
16455438
16457715
16459825
16462011
16464347
16466484
16468768
16471044
16473303
16475315
16477195
16479221
16481233
16483175
16484998
16487117
16489277
16491343
16493613
16496144
16498242
16499954
16502301
16504392
16506237
16507939
16509760
16511383
16513055
16514393
16516126
16517914
16519812
16521427
16523436
16525336
16527084
16528914
16530718
16532200
16533775
16535342
16536735
16538339
16539945
16541409
16543001
16544635
16545977
16547501
16549124
16550639
16552209
16553707
16555450
16557820
16559530
16561264
16563386
16565518
16567249
16568401
16569841
16571269
16573002
16574504
16575747
16577112
16578424
16579697
16580894
16582302
16583585
16584948
16586290
16587682
16588931
16590296
16591617
16592892
16594976
16596687
16598533
16600092
16601846
16603625
16605799
16608420
16610903
16613335
16615870
16618418
16620440
16622674
16624911
16626987
16629037
16630988
16633132
16635369
16637597
16640083
16642472
16644773
16646516
16647988
16649508
16651126
16652816
16654494
16656586
16658371
16661741
16667573
16674817
16676672
16678278
16680092
16681698
16683640
16685616
16687388
16689204
16691380
16693025
16694659
16696531
16698114
16699789
16701877
16703594
16705177
16707003
16708392
16710138
16711932
16713606
16715522
16717212
16718889
16720464
16722204
16724014
16725577
16727851
16729678
16731130
16732753
16735311
16743625
16746504
16748677
16750330
16752271
16754237
16755921
16757415
16758656
16759946
16761151
16763131
16765180
16766832
16768893
16770746
16772395
16773989
16775587
16777249
16779006
16780663
16782397
16784460
16786298
16788208
16790244
16792244
16794178
16795920
16797619
16849515
16851150
16854146
16856064
16857957
16859689
16861335
16862917
16864615
16866000
16867624
16869082
16870640
16872042
16873461
16875001
16876459
16877904
16879683
16881302
16883071
16885022
16886877
16888686
16890253
16891920
16893575
16895278
16896636
16898154
16899756
16901358
16903043
16904635
16905920
16907503
16909179
16910917
16912829
16914345
16916047
16917863
16919859
16921611
16923261
16925076
16926967
16928779
16930386
16931969
16933861
16935713
16937347
16938949
16940285
16941968
16943742
16945456
16946967
16948580
16950477
16952359
16954502
16956429
16958741
16960936
16962869
16964956
16967048
16969116
16970771
16972627
16975140
16977068
16979336
16981403
16983801
16986071
16987851
16990044
16992162
16994013
16996083
16997926
17000173
17002239
17004413
17006287
17008513
17010817
17012889
17015454
17017494
17019751
17022180
17024020
17026367
17028535
17030616
17032999
17035259
17037644
17039949
17042292
17044739
17046923
17049261
17051571
17053755
17055531
17058085
17060303
17062923
17065430
17067761
17070033
17072416
17074855
17077243
17079634
17082218
17084380
17086582
17088962
17091385
17093600
17095936
17098306
17100704
17103223
17105147
17107666
17110119
17112633
17115279
17117704
17119918
17122154
17124616
17126830
17129084
17131399
17133864
17136201
17138727
17141141
17143580
17146068
17148474
17150657
17153012
17155421
17157689
17160048
17162545
17164604
17166494
17168724
17171143
17173334
17175708
17177930
17180589
17183090
17185496
17187871
17190379
17192489
17194787
17197151
17199376
17201733
17203996
17206114
17208380
17210704
17213014
17215099
17217310
17219616
17221661
17223622
17225762
17227755
17229605
17231433
17233576
17235799
17238019
17240169
17242191
17244430
17246826
17248957
17251256
17253854
17256273
17258777
17260894
17263231
17265701
17267942
17270307
17272280
17274649
17276846
17279276
17281596
17283866
17286266
17288620
17291149
17293602
17295998
17298496
17301102
17303299
17305885
17308262
17310600
17312638
17314968
17317206
17319483
17322036
17324530
17327234
17329817
17332186
17334357
17336719
17338964
17341251
17343346
17345805
17348004
17350648
17352551
17354636
17356813
17359071
17361395
17363754
17366192
17368516
17370899
17373002
17374978
17376903
17379035
17381057
17383016
17384978
17386884
17388766
17390612
17392534
17394463
17396426
17398333
17400189
17402002
17403945
17405842
17407697
17409598
17411623
17413737
17415900
17417809
17419828
17421824
17423890
17425868
17427883
17429974
17431872
17433797
17435910
17437782
17439127
17440940
17443288
17445346
17447500
17449770
17451982
17454226
17456195
17458164
17460361
17462466
17464895
17467037
17469314
17471596
17473904
17476173
17478315
17480548
17482791
17485097
17487371
17489666
17492041
17494467
17496698
17499177
17501577
17503786
17506149
17508570
17510974
17513618
17515988
17518354
17520467
17522793
17525184
17527509
17529922
17532286
17534613
17536994
17539344
17541226
17543672
17546114
17548617
17550900
17553400
17555854
17557984
17560439
17562848
17565294
17567666
17570301
17572735
17575124
17577624
17580041
17582342
17584700
17587182
17589234
17591639
17593726
17596056
17598291
17600679
17603007
17605405
17607720
17609973
17612300
17614666
17616886
17618979
17621183
17623390
17625705
17627935
17630485
17632611
17634857
17637066
17639346
17641581
17643973
17646149
17648516
17650706
17652958
17655348
17657351
17659667
17661943
17664256
17666398
17668690
17670967
17673270
17675497
17677164
17679576
17681772
17684095
17686392
17688578
17690719
17693055
17695278
17697328
17699553
17701730
17703875
17706196
17708582
17710825
17713276
17715774
17717789
17720176
17722696
17725095
17727559
17729642
17732054
17734432
17736751
17739131
17741542
17743842
17746359
17748493
17750984
17753479
17755746
17758054
17760570
17762682
17764832
17767101
17769334
17771839
17774194
17776610
17778906
17781199
17783544
17785913
17788320
17790617
17792875
17795352
17797788
17800017
17802434
17804970
17807241
17809619
17812136
17814555
17816983
17819367
17821851
17824099
17826109
17828365
17830652
17832898
17835111
17837707
17840239
17842478
17844991
17847285
17849536
17852008
17854375
17856635
17858835
17861091
17863649
17866153
17868674
17871068
17873656
17876027
17878379
17880797
17882914
17885114
17887417
17889646
17891932
17894197
17896627
17898952
17901308
17903753
17906156
17908590
17911131
17913510
17915963
17918335
17920725
17922939
17925322
17927698
17929962
17932368
17934783
17936886
17939106
17941470
17943827
17946122
17948201
17950320
17952491
17954629
17956992
17959425
17961826
17964219
17966560
17968829
17970971
17973206
17975536
17977870
17980250
17982549
17984796
17987254
17989465
17991879
17994073
17996249
17998271
18000487
18002903
18005132
18007300
18009458
18011722
18013895
18016159
18018240
18020457
18022518
18024717
18027028
18029296
18031340
18033551
18035668
18037867
18040054
18042384
18044650
18046821
18049099
18050998
18053223
18055447
18057702
18059807
18061882
18063939
18066056
18068292
18070554
18072699
18074950
18077350
18079533
18081667
18083954
18086270
18088567
18090784
18093184
18095514
18097737
18100202
18102384
18104642
18106898
18108844
18110989
18113257
18115613
18117922
18120298
18122619
18124970
18127478
18129839
18132238
18134452
18136847
18139289
18141894
18144203
18146613
18149040
18151324
18153617
18155783
18158058
18160264
18162238
18164425
18166694
18168898
18171168
18173537
18175914
18178228
18180478
18182788
18185142
18187407
18189761
18192044
18194358
18196789
18199073
18201257
18203538
18205940
18208304
18210506
18212806
18215216
18217468
18219851
18222213
18224562
18226920
18229175
18231526
18233918
18236230
18238503
18240762
18242889
18244999
18247319
18249582
18251762
18254001
18256140
18258358
18260555
18262712
18265168
18267436
18269552
18271884
18273910
18276190
18278442
18280708
18282815
18285044
18287350
18289740
18291895
18294238
18296450
18298826
18301126
18303361
18305567
18307858
18310099
18312532
18314890
18317160
18319522
18321858
18324174
18326593
18329060
18331495
18333912
18336166
18338268
18340500
18342749
18345081
18347544
18349938
18352076
18354313
18356583
18358774
18361025
18363270
18365334
18367431
18369764
18372168
18374377
18376600
18378532
18380959
18383339
18385536
18387772
18390063
18392295
18394512
18397001
18399350
18401709
18404108
18406456
18408835
18411082
18413439
18415845
18418326
18420676
18423096
18425445
18427876
18430389
18432653
18435140
18437570
18439844
18442141
18444446
18446736
18448978
18451390
18453823
18456255
18458459
18460805
18462937
18465215
18467540
18469932
18472289
18474736
18477158
18479539
18481570
18482941
18485019
18487507
18489899
18492459
18494981
18497448
18500002
18502529
18504757
18507360
18509864
18512129
18514467
18517002
18519463
18521750
18524346
18526617
18529018
18531422
18533845
18536093
18538336
18540456
18542765
18545214
18547420
18549781
18552042
18554361
18556672
18558817
18561287
18563711
18566213
18568666
18570927
18573127
18575449
18577706
18579928
18582097
18584625
18587052
18589557
18591884
18594458
18596614
18598841
18601146
18603147
18605125
18607241
18609681
18611927
18614084
18616430
18618642
18621000
18623205
18625429
18627673
18629827
18631688
18633696
18635506
18637375
18639480
18641456
18643441
18645407
18647444
18649688
18652031
18654335
18656453
18658695
18661119
18663334
18665707
18667959
18670331
18672603
18674767
18676945
18679165
18681539
18683845
18686092
18688433
18690803
18692963
18695301
18697708
18700090
18702154
18704401
18706695
18709131
18711461
18713757
18716100
18718014
18720277
18722512
18724731
18726636
18728979
18731244
18733405
18735664
18737661
18739857
18742071
18744417
18746405
18748789
18751199
18753466
18755813
18758154
18760344
18762769
18765108
18767388
18769824
18772227
18774536
18776847
18779175
18781448
18783859
18786258
18788551
18791105
18793529
18795799
18798101
18800384
18802608
18804949
18807264
18809650
18812002
18814464
18816981
18819230
18821390
18823805
18826173
18828601
18830874
18833103
18835471
18837867
18840024
18841979
18844476
18846981
18849362
18851624
18853712
18855363
18857631
18859662
18861856
18864231
18866472
18868893
18871342
18873621
18875800
18877619
18879798
18882047
18884264
18886604
18889075
18891383
18893719
18896228
18898609
18901066
18903068
18905654
18908192
18910529
18912908
18914844
18917214
18919393
18921709
18924135
18926152
18928477
18930886
18933267
18935672
18938089
18940490
18942975
18945363
18947873
18950370
18952753
18955347
18957157
18959538
18962183
18964652
18966953
18969342
18971709
18974168
18976350
18978752
18981267
18983506
18985929
18988396
18990627
18993080
18995682
18998224
19000228
19002869
19005337
19007917
19010187
19012504
19015043
19017789
19020170
19022770
19025451
19027877
19030299
19032415
19034713
19036991
19039324
19041768
19044119
19046401
19048822
19051155
19053519
19055815
19058111
19060215
19061900
19064227
19066605
19068960
19071324
19073591
19075725
19077918
19080271
19082351
19084728
19087003
19089392
19092097
19094446
19096767
19099328
19101718
19104221
19106394
19108728
19111098
19113358
19115667
19118116
19120520
19122824
19125203
19127534
19129897
19132316
19134679
19137332
19139722
19142008
19144190
19146582
19148829
19150986
19153380
19155707
19158019
19160309
19162595
19164874
19167146
19169512
19171887
19174080
19176431
19178774
19181229
19183581
19185895
19188176
19190666
19193008
19195275
19197570
19199782
19202226
19204659
19207131
19209536
19211534
19214273
19216633
19219207
19221350
19223575
19226080
19228317
19230865
19233010
19235369
19237506
19239731
19241965
19244175
19246391
19248813
19251024
19252811
19255104
19257325
19259311
19261397
19263773
19266234
19268510
19270465
19272732
19274817
19277350
19280091
19282627
19284770
19286645
19288702
19290974
19293632
19296108
19298453
19300875
19303411
19305657
19307860
19310076
19312042
19314029
19316317
19318488
19320646
19322875
19325253
19327202
19329131
19331441
19333809
19336235
19338368
19340246
19342399
19344363
19346597
19348799
19351009
19353231
19355335
19357653
19359864
19362423
19364840
19367118
19369362
19371699
19374039
19376406
19378956
19381271
19383671
19386061
19388509
19390837
19393150
19395394
19397610
19400012
19402491
19404728
19407008
19409470
19411981
19414340
19416745
19419039
19421457
19423850
19426191
19428433
19430792
19433103
19435620
19438005
19440320
19442476
19444767
19447108
19449375
19451741
19454013
19456309
19458665
19460882
19462983
19465231
19467742
19470008
19472101
19474364
19476840
19479052
19481385
19483647
19485405
19487097
19489379
19491561
19493953
19496404
19498842
19501300
19503644
19506025
19508526
19510850
19513442
19515696
19518226
19520759
19523266
19525642
19528070
19530444
19532987
19535424
19537754
19539966
19542084
19544457
19546835
19549204
19551622
19554149
19556547
19558945
19561224
19563748
19566030
19568339
19570753
19573333
19575727
19578282
19580682
19583155
19585826
19588178
19590815
19593369
19595652
19597646
19600235
19602704
19605214
19607918
19610042
19612387
19614782
19617189
19619935
19622454
19625022
19627435
19629958
19632443
19634940
19637347
19639683
19642126
19644340
19646235
19648523
19650837
19653070
19655314
19657420
19659547
19661728
19663962
19665873
19667828
19670344
19672715
19675082
19677473
19679292
19681523
19683558
19685993
19688582
19691077
19693439
19695857
19698180
19700459
19702603
19705104
19707672
19709996
19712504
19715019
19717369
19719954
19722434
19724912
19727367
19729980
19732504
19734574
19736842
19739308
19741563
19743888
19746240
19748497
19750815
19753324
19755762
19758267
19760720
19763209
19765729
19768147
19770588
19772942
19775499
19777889
19780258
19782528
19785014
19787437
19789878
19792250
19794787
19797218
19799364
19801401
19803671
19806123
19808505
19810895
19813345
19815159
19817639
19820091
19822230
19824559
19827074
19829415
19831872
19834140
19836289
19838730
19841184
19843464
19845779
19848180
19850360
19852639
19855035
19857385
19859803
19862418
19864709
19867205
19869698
19871949
19874255
19876766
19878876
19881339
19883264
19885415
19887669
19890127
19892586
19894992
19897376
19899530
19901985
19904363
19906654
19908989
19911411
19913669
19916033
19918343
19920656
19922725
19924893
19927214
19929560
19931989
19934151
19936681
19939277
19941719
19944466
19946981
19949430
19951650
19954261
19956720
19959185
19961566
19963712
19966010
19968448
19970852
19973271
19975563
19977771
19979797
19981979
19983907
19985862
19988129
19990676
19993144
19995587
19997835
20000106
20002415
20004673
20006961
20009193
20011468
20013938
20016532
20019010
20021505
20023889
20026056
20028460
20030414
20032777
20035209
20037735
20040113
20042500
20044706
20047047
20049491
20052138
20054752
20057176
20059559
20061865
20064445
20067044
20069391
20071651
20074075
20076461
20078806
20081061
20083437
20085875
20088281
20090548
20092730
20095155
20097524
20099860
20102188
20104557
20106900
20109200
20111153
20113356
20115448
20117544
20119691
20121934
20124050
20126351
20128566
20131107
20133492
20135743
20138111
20140157
20142120
20144024
20146104
20148331
20150242
20152308
20154380
20156753
20159150
20161589
20163985
20166091
20168470
20170958
20173197
20175622
20177950
20180042
20182652
20184890
20187061
20189698
20191718
20194114
20196497
20198976
20201533
20204106
20206481
20208945
20211391
20213905
20216471
20219138
20221534
20224015
20226587
20228944
20231287
20233912
20236390
20238745
20241335
20243729
20246310
20248824
20251273
20253801
20256203
20258570
20260823
20263206
20265709
20268001
20270518
20272918
20274935
20277123
20279428
20281675
20284111
20286484
20288912
20291270
20293360
20295668
20297976
20300247
20302569
20304767
20307003
20309165
20311224
20313565
20315661
20317785
20319816
20322018
20324260
20326634
20328793
20330999
20333199
20335656
20337877
20340107
20342512
20344371
20346856
20349228
20351392
20353723
20355806
20358084
20360590
20363053
20365606
20367793
20369995
20372587
20375257
20377796
20380449
20382890
20385392
20387884
20390341
20392756
20395425
20397939
20400478
20402760
20405243
20407658
20410195
20412693
20415182
20417690
20420227
20422883
20425397
20427879
20430313
20432673
20434905
20437193
20439687
20442141
20444574
20446915
20449415
20451840
20454100
20456207
20458641
20460907
20463326
20465259
20467545
20469839
20472258
20474571
20476868
20479253
20481754
20484164
20486119
20488228
20490565
20492999
20495655
20498150
20500358
20502359
20504792
20507124
20509366
20511960
20514323
20516644
20519107
20521707
20524126
20526784
20529454
20532003
20534529
20537058
20539595
20542033
20544567
20547100
20549563
20552029
20553796
20556108
20558290
20560427
20562976
20565402
20567802
20570336
20572919
20575257
20577588
20580066
20582370
20584846
20587436
20589612
20592042
20594514
20596863
20599419
20601859
20604460
20606682
20609299
20611742
20614059
20616650
20618869
20621398
20623593
20625989
20628616
20631196
20633490
20635440
20637910
20640265
20642692
20644906
20646975
20649014
20650983
20652812
20654866
20657097
20659427
20661477
20663526
20665740
20668094
20670251
20672491
20674981
20677582
20679991
20682374
20684191
20686148
20688166
20690392
20692712
20695061
20697118
20699515
20701929
20704071
20706168
20708627
20711028
20712946
20714856
20717066
20718781
20721351
20723358
20725313
20727403
20729502
20731660
20733727
20735943
20738033
20740247
20742663
20744815
20746815
20748942
20751056
20753096
20755347
20757426
20759437
20761518
20763648
20765640
20767731
20769750
20771924
20774138
20776185
20778352
20780472
20782598
20784467
20786327
20787609
20789658
20792008
20794500
20796721
20798927
20801346
20803996
20806393
20808606
20811078
20813461
20815351
20816673
20818746
20821086
20823483
20825952
20828237
20830780
20833017
20835544
20838070
20840436
20842868
20845115
20847296
20849613
20852138
20854613
20857008
20859326
20861792
20864051
20866473
20868952
20871235
20873735
20876190
20878541
20881079
20883373
20885716
20888263
20890786
20893152
20895550
20898061
20900440
20902837
20905309
20907679
20909989
20912408
20914775
20917217
20919482
20921838
20924250
20926611
20928879
20931256
20933637
20936105
20938564
20940873
20942973
20945288
20947616
20950124
20952451
20954772
20957168
20959571
20961917
20964243
20966671
20969075
20971322
20973629
20976042
20978484
20980889
20982808
20985137
20987648
20990032
20992443
20994917
20997446
21000024
21002601
21004987
21007432
21009661
21011916
21014314
21016668
21018864
21021198
21023326
21025067
21027387
21029782
21032288
21034828
21037152
21039620
21042048
21044560
21047047
21049489
21051936
21053561
21055617
21058122
21060612
21062826
21065124
21067621
21069996
21072528
21075073
21077519
21079723
21081956
21084186
21086680
21088916
21091354
21093669
21095952
21098438
21100863
21103203
21105531
21107960
21110196
21112592
21114824
21117161
21119350
21121788
21124180
21126535
21128796
21131049
21133194
21135496
21137748
21140140
21142337
21144619
21146934
21149159
21151474
21153847
21156022
21158389
21160546
21162651
21165070
21167295
21169452
21171700
21173908
21176109
21177884
21179925
21181959
21184347
21186643
21189027
21191413
21193699
21196167
21198474
21200935
21203408
21205789
21208035
21210355
21212529
21214757
21217034
21219409
21221681
21223904
21226098
21228435
21230869
21233279
21235757
21237886
21239942
21242198
21244634
21246895
21249176
21251470
21253801
21256041
21258429
21260716
21262992
21265339
21267754
21270328
21272694
21274905
21277338
21279517
21281775
21284054
21286467
21288904
21290875
21293367
21295972
21298279
21300953
21303341
21305777
21308169
21310447
21312812
21315622
21317923
21320237
21322697
21325157
21327555
21330167
21332506
21334564
21336948
21339564
21341957
21344360
21346210
21348560
21351044
21353494
21356088
21358536
21360778
21363346
21365791
21367971
21370421
21372596
21374973
21377427
21379890
21382466
21385084
21387287
21388934
21390890
21393265
21395821
21398386
21401258
21403711
21405854
21408339
21410653
21413071
21415475
21417938
21420354
21422788
21424839
21427318
21429054
21431393
21433853
21436343
21438481
21440660
21442978
21445263
21447595
21450273
21452963
21455505
21457977
21460780
21463448
21465741
21468212
21470589
21472986
21475386
21478179
21480375
21482801
21485873
21488203
21490536
21493106
21495391
21497863
21500427
21502704
21504625
21507031
21509387
21511589
21513966
21516248
21518743
21521018
21523255
21525600
21527950
21530390
21532735
21535366
21537806
21540169
21542596
21545109
21547502
21550030
21552276
21554551
21556624
21559040
21561276
21563573
21565685
21567950
21570398
21572957
21575045
21577009
21579160
21581429
21583552
21585988
21588456
21590724
21593096
21595291
21597591
21599618
21601720
21603714
21605694
21607914
21609935
21612085
21614235
21616770
21618988
21621001
21623114
21625792
21628044
21630303
21632793
21635206
21637591
21639996
21642265
21644668
21647217
21649599
21651639
21653459
21655832
21658264
21660416
21662963
21665376
21667848
21669964
21672309
21674520
21676802
21679268
21681528
21683850
21686139
21688525
21690897
21693268
21695646
21697789
21700004
21702128
21704599
21706968
21709182
21711711
21714034
21716386
21718723
21721002
21723250
21725622
21728151
21730558
21732821
21735162
21737613
21739915
21742237
21744425
21746732
21749075
21751395
21753734
21756024
21758215
21760578
21762778
21765015
21767107
21769248
21771571
21773709
21775932
21778160
21780309
21782320
21783983
21785990
21788384
21790689
21792774
21794974
21797161
21799434
21801689
21803941
21806405
21808640
21811021
21813509
21815482
21817830
21819690
21821936
21823872
21825971
21828295
21830114
21832127
21834232
21836443
21838608
21840613
21842765
21844792
21846914
21848820
21850911
21852862
21854761
21856600
21858722
21860801
21863008
21864994
21867100
21869411
21871766
21873716
21875591
21877457
21879454
21881405
21883830
21885707
21887733
21889936
21892054
21894388
21896661
21899111
21901470
21903883
21906130
21908344
21910616
21913061
21915318
21917582
21920071
21922447
21924730
21926877
21929056
21931370
21933691
21935781
21937616
21939909
21942395
21944670
21946933
21949312
21951747
21954251
21956642
21959098
21961327
21963889
21966142
21968558
21970829
21972979
21975195
21977187
21979246
21981452
21983492
21985489
21987622
21989580
21992130
21994243
21996428
21998563
22000747
22002807
22004825
22006600
22008600
22010561
22012819
22015774
22018173
22020164
22022295
22024394
22026342
22028646
22030820
22032954
22035219
22037639
22039916
22042414
22044839
22047336
22049811
22052020
22053827
22055876
22058189
22060300
22062509
22064742
22066907
22069197
22071200
22073350
22075649
22077920
22080206
22082597
22084929
22087301
22089778
22091887
22094242
22096396
22098786
22101237
22103735
22106195
22108519
22110836
22112990
22115374
22117796
22120046
22121909
22124213
22126638
22129011
22131454
22133892
22136388
22138861
22141440
22143367
22145648
22148119
22150557
22152947
22155404
22157866
22160247
22162694
22164834
22167255
22169808
22172265
22174564
22177015
22179324
22181540
22183853
22186180
22188523
22190948
22193395
22195558
22197871
22200466
22202738
22205199
22207524
22209687
22211998
22214478
22216934
22219267
22221599
22223811
22226208
22228589
22230887
22232921
22235160
22237416
22239546
22241856
22244158
22246467
22248698
22251094
22253427
22255643
22257958
22260325
22262596
22264916
22267127
22269195
22271458
22273583
22275958
22278254
22280557
22282805
22285073
22287374
22289704
22292139
22294560
22297056
22299423
22302008
22304312
22306723
22309215
22311417
22313695
22315986
22318198
22320454
22322829
22325186
22327395
22329885
22332216
22334284
22336512
22338200
22340295
22342415
22344673
22346747
22349080
22351328
22353631
22355889
22358483
22360742
22363176
22365676
22368016
22370425
22372775
22375481
22378004
22380504
22382937
22385382
22387692
22390245
22392530
22394751
22397338
22399686
22402027
22404471
22406879
22409326
22411531
22413843
22416356
22418897
22421322
22423567
22426182
22428752
22431072
22433480
22435954
22438426
22441272
22444051
22446838
22449399
22451775
22453723
22456118
22458778
22461432
22464099
22466547
22468847
22471204
22473667
22476444
22478817
22481260
22483817
22486409
22488843
22491163
22493620
22496100
22498687
22501312
22503620
22506270
22508662
22510899
22512991
22515379
22517741
22520106
22522358
22524679
22527004
22529445
22531977
22534254
22536689
22539047
22541426
22543663
22545896
22547968
22550225
22552650
22554973
22557201
22559573
22562044
22564117
22566344
22568632
22570799
22573195
22575558
22577532
22578804
22580439
22582882
22585206
22587348
22589414
22591756
22593783
22595959
22597956
22599838
22601406
22603266
22605732
22608083
22610221
22612417
22614521
22616772
22618863
22621120
22623371
22625606
22627746
22630115
22632524
22634754
22637099
22639090
22641252
22643488
22645692
22647806
22650102
22652421
22654820
22657447
22659564
22661593
22663959
22666403
22668945
22671283
22673789
22676345
22678455
22680188
22682687
22685182
22687628
22690197
22692721
22695354
22697852
22700397
22703059
22705536
22707966
22710405
22712072
22714318
22716746
22719243
22721714
22724007
22726461
22728951
22731306
22733789
22736249
22738574
22740999
22743460
22745826
22748359
22750863
22753381
22755737
22758064
22760456
22762895
22765100
22767413
22769938
22772478
22774947
22777361
22779946
22782155
22784482
22786371
22788889
22791474
22793909
22796532
22798963
22801293
22803490
22805685
22808137
22810634
22813088
22815440
22817938
22820291
22822880
22825364
22827780
22830217
22832753
22835187
22837468
22839958
22842376
22844931
22847483
22849869
22852409
22854746
22857259
22859304
22861684
22864064
22866277
22868745
22871254
22873752
22876354
22878733
22881002
22883360
22885730
22888243
22890839
22893084
22895569
22897945
22900260
22902908
22905415
22907673
22909826
22912149
22914144
22916534
22918960
22921408
22923901
22926114
22928582
22930927
22933322
22935801
22938354
22940944
22943632
22946085
22948518
22951225
22953410
22955553
22958002
22960309
22962692
22965134
22967632
22970161
22972537
22975127
22977513
22979823
22982037
22984534
22986987
22989435
22991952
22994482
22997066
22999583
23002160
23004501
23007063
23009373
23011740
23014205
23016565
23018811
23020570
23022846
23025353
23027775
23030284
23032922
23035321
23037742
23040260
23042614
23045018
23047619
23050061
23052477
23054961
23057516
23059891
23062415
23065016
23067686
23070274
23072626
23075108
23077400
23079715
23082041
23084204
23086186
23088656
23090878
23092715
23094837
23097460
23099916
23102510
23104940
23107609
23110292
23112750
23115214
23117718
23120056
23122694
23125259
23127803
23130419
23132931
23135354
23137704
23140087
23142505
23144958
23147172
23149700
23152139
23154673
23157139
23159418
23161883
23163997
23166409
23168515
23170802
23173364
23175953
23178259
23180749
23183058
23185629
23187983
23190421
23192853
23194602
23197092
23199458
23202047
23204347
23206740
23209076
23211688
23214252
23216920
23218900
23221341
23223823
23226260
23228758
23231312
23233810
23236317
23239021
23241332
23243815
23246327
23248705
23251217
23253731
23256230
23258048
23260350
23262806
23265329
23267894
23270313
23272670
23275221
23277611
23279918
23282302
23284929
23287372
23289810
23292123
23294218
23296541
23298743
23300835
23303192
23305835
23308306
23310756
23312961
23315327
23317529
23319956
23322194
23324425
23326556
23328748
23331092
23333154
23335112
23336845
23338954
23341488
23343696
23345254
23347246
23349509
23351864
23354057
23356455
23359042
23361499
23363407
23365722
23367925
23369538
23371465
23373849
23376195
23378367
23380882
23383276
23385687
23388046
23390483
23392701
23394939
23397506
23399768
23402291
23404821
23407426
23409653
23412197
23414587
23417075
23419396
23421917
23424327
23426284
23428819
23431296
23433409
23435546
23437431
23439885
23442005
23444342
23447038
23449762
23452296
23454574
23457036
23459650
23462065
23464551
23467042
23469453
23472094
23474643
23477150
23479511
23482108
23484162
23486148
23488534
23491090
23493572
23495747
23498151
23500420
23502856
23504552
23506546
23508976
23511342
23513616
23516057
23518311
23520592
23522860
23525231
23527748
23530232
23532277
23534790
23537212
23539608
23541630
23543716
23546068
23548308
23550460
23552580
23554257
23555739
23557499
23559080
23560521
23562536
23564664
23567032
23568792
23571219
23573672
23576306
23579067
23581415
23583297
23585503
23588001
23590555
23592921
23595457
23597964
23600410
23602877
23605240
23607513
23610196
23612819
23615302
23617761
23620034
23622542
23625066
23627052
23629061
23631432
23633918
23636314
23638688
23641072
23643355
23645832
23648339
23650553
23652973
23655462
23657931
23660308
23662712
23665194
23667479
23669782
23672208
23674405
23676819
23679252
23681500
23683908
23686113
23688291
23689911
23691906
23693602
23695517
23697517
23699717
23701987
23703871
23706050
23708091
23710396
23712705
23715031
23717380
23720104
23722319
23724719
23726848
23729496
23731917
23734405
23736858
23739206
23741680
23743699
23745901
23748271
23750715
23752680
23755042
23757302
23759303
23761720
23763952
23766197
23768381
23770483
23772882
23775559
23777952
23779872
23782210
23784041
23786297
23788391
23790521
23792581
23794409
23796244
23798025
23799940
23801829
23804008
23806368
23808750
23811014
23813427
23815788
23818212
23820642
23823112
23825389
23827403
23829815
23832319
23834852
23837358
23839573
23841736
23844199
23846503
23848791
23851149
23853145
23855131
23857579
23859779
23862190
23864720
23867122
23869240
23871650
23874286
23876243
23878557
23880984
23883257
23885640
23887951
23890463
23892897
23895395
23897753
23899881
23902191
23904321
23906790
23909120
23911452
23913821
23916442
23918792
23920959
23923355
23925901
23928389
23930812
23933254
23935418
23937114
23939181
23941451
23943786
23946479
23949072
23951593
23953965
23956289
23958693
23960451
23962452
23964390
23966584
23968878
23971246
23973490
23975621
23977771
23979963
23981791
23984151
23986777
23988832
23991254
23993219
23994829
23996927
23999358
24001827
24004268
24006694
24009025
24011492
24013927
24016481
24018668
24021021
24023416
24025778
24028047
24030326
24032140
24033884
24036184
24038597
24041190
24043404
24045849
24048306
24050843
24053445
24055997
24058115
24060548
24062842
24065009
24067141
24069112
24071444
24073807
24075976
24078218
24080586
24082663
24084899
24086955
24089453
24091357
24093373
24095411
24097626
24099875
24102140
24104636
24106867
24108758
24111068
24113269
24115530
24117914
24120421
24122331
24124626
24127152
24129551
24132207
24134401
24136971
24139077
24141285
24143559
24145819
24148193
24150589
24153052
24155406
24157559
24159725
24162150
24164560
24166966
24169300
24171632
24174222
24176896
24179533
24181811
24184165
24186632
24188707
24190914
24193265
24195831
24198274
24200398
24202610
24204784
24207210
24209672
24211968
24214036
24216496
24218814
24220904
24223369
24225796
24228245
24230509
24232811
24235238
24237635
24240173
24242634
24245180
24247583
24249819
24252234
24254833
24257187
24259591
24261950
24264476
24266752
24269236
24271723
24274103
24276246
24278506
24280821
24283341
24285655
24288068
24290508
24292946
24295338
24297824
24300321
24302951
24305555
24308290
24311053
24313799
24316322
24318883
24321372
24323518
24326155
24328755
24331357
24333825
24336143
24338185
24340680
24342954
24345166
24347322
24349780
24352277
24354724
24356998
24359197
24361651
24364238
24366688
24369170
24371447
24373738
24376014
24378493
24381076
24383607
24386246
24388540
24390949
24393490
24396192
24398992
24401580
24404280
24407004
24409714
24412118
24414286
24416712
24419455
24421895
24424462
24427040
24429437
24432067
24434833
24437263
24439962
24442277
24445009
24447584
24450102
24452939
24455407
24457855
24460455
24462949
24465551
24468075
24470478
24472940
24475639
24478101
24480857
24483365
24485901
24488389
24490681
24492786
24495279
24497801
24500207
24502343
24504269
24506902
24509320
24511888
24514384
24516798
24519204
24521789
24524392
24527142
24529663
24532131
24534401
24536769
24539304
24541810
24544365
24546988
24549373
24551810
24554068
24556376
24558706
24561205
24563609
24566273
24568883
24571224
24573542
24575921
24578271
24580621
24583084
24585635
24588138
24590777
24593133
24595582
24597824
24600176
24602505
24604932
24607560
24610384
24612967
24615415
24618159
24620586
24623053
24625373
24627646
24629972
24632311
24634738
24637081
24639289
24641539
24643249
24644925
24647130
24649565
24651630
24653536
24655584
24657873
24660207
24662340
24664442
24666594
24668740
24670628
24672720
24674989
24676973
24679487
24681872
24684303
24686555
24688834
24691126
24693538
24695913
24697413
24699612
24701951
24704195
24706295
24708620
24711009
24713450
24715890
24718280
24720672
24722569
24724614
24726904
24729333
24731505
24733948
24736356
24738783
24741441
24743747
24745680
24747617
24749941
24752220
24754617
24756599
24758922
24761299
24763637
24766113
24768506
24770939
24773528
24775822
24778245
24780682
24783050
24785325
24787648
24789996
24792214
24794746
24797109
24799113
24800547
24802725
24805040
24807453
24809741
24812100
24814396
24816731
24819109
24821299
24823698
24826022
24828472
24830932
24833643
24836370
24838877
24841172
24843700
24846180
24848328
24850680
24853169
24855674
24858042
24860396
24862678
24865172
24867655
24870007
24872370
24874861
24877317
24879926
24882758
24885418
24887961
24890496
24893284
24895853
24898156
24900520
24902429
24904644
24906912
24908768
24911054
24913382
24915573
24917961
24920284
24922527
24924922
24927351
24929370
24930954
24932921
24935215
24937569
24939814
24942276
24944688
24947210
24949342
24951687
24954041
24956383
24958657
24961003
24963410
24965502
24967875
24970293
24972634
24975201
24977713
24979927
24981968
24984200
24986623
24988999
24991398
24993729
24996029
24998227
25000425
25002370
25004498
25006908
25009343
25011898
25014235
25016460
25018783
25020814
25023018
25025421
25027825
25030127
25032335
25034601
25036863
25039237
25041642
25044048
25046341
25048753
25050982
25053371
25055449
25057695
25060110
25062477
25064805
25067090
25069626
25072190
25074484
25076833
25079212
25081658
25084021
25086462
25088838
25090982
25093336
25095884
25098292
25100505
25102930
25105290
25107740
25110152
25112453
25114980
25117594
25119932
25122258
25124447
25126929
25129379
25131978
25134534
25136908
25139533
25141925
25144499
25146694
25149008
25151553
25154090
25156683
25159121
25161765
25164367
25166703
25168888
25171118
25173556
25176006
25178413
25180723
25183134
25185300
25187489
25189761
25192181
25194421
25196637
25198998
25201195
25203617
25206215
25208620
25211122
25213600
25215762
25218196
25220515
25222877
25225100
25227274
25229400
25231553
25233369
25235608
25237628
25239730
25241520
25243583
25245725
25247401
25249352
25251846
25254140
25256543
25259094
25261313
25263525
25266596
25268885
25271624
25274391
25276865
25279613
25282301
25284634
25286795
25289276
25291939
25294807
25297629
25300179
25302606
25305167
25307435
25310212
25312918
25315361
25318371
25320850
25322996
25329129
25331536
25334135
25337079
25338959
25341350
25343888
25346284
25348813
25351279
25353739
25356263
25358572
25361036
25367392
25369738
25372100
25374301
25376746
25379122
25381415
25384100
25386385
25388692
25390982
25393058
25395407
25397780
25400296
25402603
25405029
25407607
25410449
25412688
25414917
25417343
25419696
25422278
25424597
25426989
25429469
25431237
25433339
25435824
25438299
25440471
25442665
25445221
25447724
25450036
25452415
25454554
25456865
25459129
25461583
25464016
25466199
25468766
25471081
25473493
25475966
25478743
25481277
25483833
25486290
25488792
25491290
25493792
25496277
25498675
25501164
25503535
25505922
25508287
25510791
25513165
25515778
25518256
25520865
25523348
25525921
25528329
25530648
25533211
25535478
25538221
25540585
25543145
25545022
25547474
25549756
25552329
25554496
25556758
25558798
25561105
25563378
25565625
25567686
25569770
25571997
25574329
25576747
25579180
25581621
25583558
25586076
25588453
25590735
25592987
25595485
25598049
25600563
25602837
25604536
25607136
25609460
25612263
25614990
25617062
25618774
25621359
25623895
25626489
25628858
25631482
25633906
25636403
25638953
25641656
25644134
25646518
25649046
25651557
25654027
25656390
25658796
25661254
25663641
25665938
25668381
25670862
25673299
25675800
25678263
25680737
25683160
25685525
25687864
25690376
25692799
25695331
25697936
25700347
25702765
25705187
25707741
25710142
25712830
25715482
25718071
25720456
25723043
25725635
25728157
25730573
25733082
25735407
25737994
25740470
25742746
25745155
25747474
25749664
25751901
25754271
25756703
25759095
25761692
25764119
25766610
25768124
25769621
25771782
25774281
25776882
25779283
25781563
25783822
25785911
25788380
25790963
25793631
25796081
25798507
25800526
25802852
25805234
25807536
25809571
25811664
25813622
25815748
25817936
25820054
25821964
25824049
25826500
25828661
25831030
25833149
25835353
25837710
25840415
25843132
25845872
25848528
25851367
25853977
25856509
25858746
25860760
25862989
25865048
25867488
25869877
25872501
25874972
25876906
25879347
25881804
25884167
25886710
25889191
25891605
25894077
25896434
25898713
25901032
25903326
25905584
25907239
25909668
25912239
25914920
25917253
25919525
25921953
25924387
25926962
25929415
25931825
25934207
25936607
25938928
25941513
25943941
25946326
25948590
25951080
25953671
25955815
25958369
25960877
25963233
25965571
25967918
25970472
25972854
25975455
25977815
25980325
25982563
25984977
25987494
25989663
25991949
25994607
25997089
25999303
26001831
26004315
26006835
26009186
26011567
26013902
26016391
26018990
26021441
26023445
26026094
26028697
26030852
26033104
26035310
26037386
26039700
26042047
26044238
26046165
26048337
26050708
26053138
26055541
26057959
26060094
26062120
26064372
26066640
26068880
26071318
26073559
26075994
26078428
26080952
26083412
26085996
26088348
26090733
26093132
26095701
26098113
26100558
26103015
26105358
26107706
26109914
26111717
26113847
26116387
26118744
26121127
26123734
26126514
26129036
26131632
26134249
26137110
26139552
26141908
26144280
26146681
26149088
26151504
26154099
26156489
26158966
26161285
26163329
26165568
26167993
26170188
26172266
26174797
26177132
26179417
26181853
26183834
26185661
26187890
26189721
26191895
26194355
26196766
26199027
26201165
26203141
26205775
26208064
26210598
26213161
26215417
26217860
26220203
26222687
26225208
26227555
26230020
26232614
26234625
26237031
26239428
26241667
26244122
26246490
26248809
26251206
26253388
26255693
26257821
26260153
26262488
26264792
26267251
26269571
26271981
26274251
26276486
26278645
26280309
26282243
26284162
26285960
26288415
26290738
26292989
26295331
26297596
26299848
26302114
26304509
26306778
26309099
26311499
26313956
26316439
26318875
26321046
26323357
26325817
26328255
26330528
26332976
26335369
26337200
26339400
26341728
26343883
26345537
26347475
26349835
26352252
26354585
26357022
26359368
26361432
26363451
26365474
26367794
26369913
26372302
26374724
26377090
26379541
26381677
26383920
26386202
26388410
26390453
26392511
26394706
26396839
26398844
26400742
26402910
26405257
26407424
26409619
26411476
26413534
26415954
26418231
26420532
26423141
26425367
26427510
26429911
26432189
26434644
26436893
26439256
26441711
26444313
26446836
26449264
26451650
26454154
26456735
26459120
26461688
26464161
26466705
26469076
26471102
26472740
26474264
26476101
26478115
26480035
26481967
26484131
26486091
26488388
26490671
26493204
26495626
26497994
26500358
26502270
26504509
26506734
26508907
26511300
26513476
26515731
26518198
26520689
26523089
26525474
26527806
26529969
26532276
26534845
26537251
26539908
26542451
26544771
26546941
26549138
26551495
26553641
26555825
26558041
26560438
26562803
26565200
26567526
26569933
26572260
26574404
26576891
26579328
26581831
26584170
26586524
26588797
26591300
26593614
26595759
26597115
26599532
26602082
26604808
26607386
26609702
26612235
26614650
26617084
26619565
26621132
26623052
26625201
26627674
26630212
26632685
26634907
26637379
26639486
26641923
26644062
26646321
26648738
26650968
26653553
26656212
26658624
26661082
26663384
26665607
26667895
26670301
26672867
26675325
26677889
26680365
26682477
26684861
26687459
26689889
26692302
26694423
26696208
26697136
26698293
26700289
26702599
26704774
26706878
26708782
26710673
26712845
26715080
26717364
26719443
26721426
26723769
26726148
26728483
26730203
26731598
26733544
26735860
26737830
26739900
26742338
26744579
26746790
26749089
26751225
26753563
26755828
26757619
26759775
26761263
26762801
26764289
26766260
26767808
26769733
26771483
26772916
26773896
26774946
26776078
26778180
26779519
26780377
26781828
26783916
26786231
26788171
26790429
26792815
26794925
26797163
26799478
26801984
26803808
26805372
26807780
26810114
26812666
26815106
26817332
26818752
26820624
26823073
26825547
26827463
26829814
26832213
26834444
26836772
26839025
26841373
26843798
26846147
26848316
26850566
26852899
26855229
26857528
26859890
26862447
26864503
26866520
26868622
26870910
26873185
26875393
26877830
26880179
26882551
26884603
26886739
26888852
26890444
26892415
26894463
26896841
26899024
26900940
26903100
26905380
26907635
26910028
26912414
26914540
26917110
26919463
26921810
26923985
26926052
26928274
26930580
26932651
26934721
26936675
26938965
26941360
26943409
26945697
26947814
26950032
26952042
26954328
26956893
26959427
26961518
26963955
26966466
26968938
26971505
26974021
26976336
26978830
26981164
26983613
26986372
26988924
26991267
26993447
26995077
26997591
26999786
27002127
27004349
27006248
27008280
27010624
27012638
27014669
27017243
27019762
27022260
27024642
27027124
27029653
27031752
27034126
27036664
27039161
27041648
27044075
27046380
27048785
27051141
27053436
27056092
27058429
27060695
27062960
27064574
27066250
27068310
27070728
27072914
27075400
27077655
27079921
27082323
27084633
27086834
27089163
27091519
27094034
27096406
27098893
27100810
27102787
27105015
27107298
27109443
27111685
27114112
27116530
27119022
27121401
27123760
27126045
27128442
27130884
27133264
27135649
27138148
27140573
27143177
27145761
27148023
27150595
27153155
27155176
27157572
27159942
27162110
27164509
27167041
27169286
27171598
27173906
27175954
27178361
27180841
27183266
27185916
27188154
27190260
27192649
27195275
27197490
27199938
27202375
27204817
27207179
27209690
27212074
27214400
27216909
27219405
27221840
27224136
27226740
27229151
27231521
27233568
27235469
27237919
27240434
27242915
27245346
27247701
27250167
27252604
27254845
27257252
27259647
27262167
27264635
27267374
27269588
27272015
27274676
27277469
27280186
27282822
27285234
27287538
27289403
27291694
27294141
27296457
27298806
27301303
27303808
27306025
27308381
27310878
27313329
27315879
27318369
27320820
27322851
27325284
27327668
27330065
27332390
27334617
27336621
27338649
27340853
27343112
27345397
27347720
27349690
27351339
27353436
27355521
27357434
27359296
27361141
27363064
27365085
27367025
27369385
27371612
27373657
27375793
27378151
27380385
27382601
27384625
27386843
27389199
27391772
27393905
27395919
27398061
27400405
27402821
27405047
27407157
27409389
27411721
27414265
27416999
27419321
27421627
27424056
27426366
27428893
27431376
27433840
27436290
27438865
27441156
27443029
27445331
27447904
27450154
27452569
27454666
27456989
27459210
27461644
27463853
27466373
27468483
27470846
27472995
27475293
27477736
27479847
27482117
27484535
27486863
27488614
27490422
27492563
27495195
27497548
27499937
27502207
27504603
27506938
27509185
27511671
27514077
27516533
27518965
27521260
27523439
27525860
27528139
27530367
27532602
27534931
27537379
27539563
27541959
27544223
27546616
27548358
27549939
27551554
27553721
27556178
27558441
27560842
27563013
27565191
27567368
27569299
27571594
27573799
27575700
27577797
27580390
27582966
27585441
27587803
27590038
27592373
27594646
27596785
27599119
27601361
27603383
27605314
27607653
27610005
27612589
27614708
27616901
27619331
27621796
27623959
27626261
27628603
27631031
27633415
27635436
27637715
27640109
27642489
27644748
27647219
27649617
27652135
27654509
27656717
27658866
27661024
27663327
27665803
27668204
27670168
27672604
27675038
27677279
27679748
27682155
27684558
27686927
27689417
27692289
27694877
27697355
27699815
27702347
27704753
27707077
27709439
27711844
27714573
27717210
27719743
27722208
27724377
27726344
27728605
27731060
27733484
27735948
27738232
27740657
27743145
27745437
27748076
27750523
27753119
27755707
27758057
27760603
27763123
27765471
27767946
27770461
27772972
27775300
27777864
27780201
27782643
27785245
27787979
27790456
27792447
27794964
27797426
27799751
27802208
27804661
27807203
27809666
27812157
27814706
27817044
27819537
27822055
27824664
27826836
27829237
27831008
27833203
27835783
27838008
27840458
27842811
27844975
27847226
27849503
27851679
27853169
27854770
27857066
27859252
27861614
27863979
27866193
27868549
27870898
27873033
27875525
27877731
27880042
27882220
27884391
27886604
27888870
27891229
27893618
27895969
27898372
27900451
27902809
27905129
27907314
27909667
27912220
27914222
27916027
27917828
27920402
27922870
27925562
27927947
27930415
27932900
27935146
27937568
27940366
27942732
27945273
27947603
27950081
27952814
27955138
27957449
27959589
27961685
27964128
27966587
27968736
27971148
27973720
27976219
27978751
27981578
27984148
27986695
27989365
27991907
27994524
27997143
27999872
28002148
28004355
28006914
28009391
28011914
28014549
28017118
28019771
28022224
28024625
28027267
28029794
28032359
28035065
28037540
28040076
28042565
28044894
28047424
28049751
28052167
28054783
28057410
28059973
28062421
28064868
28067277
28069699
28072169
28074608
28076996
28079435
28081848
28084476
28086878
28088962
28091342
28093879
28096375
28098693
28100871
28103336
28105827
28108562
28111073
28113635
28116160
28118551
28121100
28123288
28125450
28127913
28130270
28132602
28134968
28137525
28139960
28142295
28144602
28147057
28149475
28151377
28153759
28156021
28158425
28161062
28163513
28165914
28168068
28170353
28172870
28175080
28177316
28179665
28182105
28184520
28187083
28189575
28192205
28194581
28197056
28199295
28201559
28203642
28206005
28208320
28210765
28213045
28215437
28217492
28219617
28222075
28224430
28226670
28229027
28231543
28233550
28235812
28237817
28240061
28242497
28244822
28247152
28249563
28251968
28254141
28256471
28258574
28260426
28262456
28264583
28266948
28269242
28271389
28273495
28275544
28277738
28279954
28282181
28284415
28286764
28289318
28291555
28294085
28296568
28298998
28301207
28303834
28306201
28308101
28310458
28312840
28315196
28317433
28319940
28322409
28324848
28327095
28329100
28331207
28333737
28335921
28338008
28340365
28342932
28345393
28347867
28350339
28352440
28354788
28357191
28359352
28361661
28363988
28366361
28368436
28370358
28372649
28375090
28377281
28379389
28381394
28383590
28386026
28388292
28390587
28392790
28394934
28397026
28399267
28401593
28403963
28406222
28408608
28410833
28413421
28415904
28418370
28420758
28423255
28425840
28428157
28430660
28433071
28435457
28438092
28440504
28442916
28445106
28447352
28449626
28452033
28454360
28456636
28458997
28461304
28463939
28466197
28468531
28471129
28473522
28475822
28478141
28480515
28483012
28485222
28487359
28489796
28492124
28494639
28496983
28499363
28501992
28504367
28506171
28507676
28509323
28510955
28512731
28514672
28516554
28518667
28520853
28523023
28525317
28527739
28529722
28531562
28533673
28535658
28537893
28539939
28541912
28543790
28545885
28548216
28550653
28552787
28554785
28557036
28558923
28561146
28563240
28565429
28567803
28569978
28572206
28574326
28576417
28578314
28580209
28581948
28584057
28586328
28588692
28591254
28593362
28595734
28597933
28600285
28602681
28605235
28607563
28609910
28612371
28614724
28617030
28619463
28621707
28624116
28626318
28628225
28630368
28632580
28634559
28636665
28638784
28641046
28643262
28645601
28647727
28649155
28651300
28653498
28655783
28658273
28660478
28662845
28664940
28667057
28668979
28670708
28672684
28674677
28676679
28678868
28681200
28683447
28685698
28688049
28690253
28692457
28694758
28696936
28698968
28701171
28703529
28705685
28707678
28709911
28712165
28714466
28716732
28719236
28721492
28723553
28725754
28728231
28730529
28732695
28734884
28736941
28738412
28740471
28742490
28744461
28746618
28748586
28750634
28752782
28754902
28757187
28759456
28761466
28763603
28765603
28767877
28770014
28772018
28774307
28776682
28778959
28781486
28783570
28785709
28788148
28790496
28792990
28795258
28797606
28800162
28802827
28805233
28807642
28809850
28812153
28814275
28816672
28819203
28821795
28824039
28826197
28828824
28831365
28833933
28836471
28839043
28841516
28844040
28846564
28848977
28851193
28853527
28855725
28858133
28860149
28862582
28864642
28867139
28869663
28872061
28874382
28876637
28878905
28881099
28883541
28885882
28888061
28890253
28892804
28895345
28897860
28900440
28902675
28905185
28907537
28909949
28912694
28914864
28917027
28919537
28922024
28924484
28926968
28929477
28931671
28934135
28936634
28939152
28941723
28944126
28946689
28948932
28951371
28953840
28956392
28958886
28961162
28963711
28966328
28968704
28970994
28973453
28975983
28978458
28980912
28983396
28985812
28988078
28990566
28993141
28995436
28997925
29000380
29002953
29005548
29008169
29010883
29013381
29015722
29018281
29020886
29023276
29025772
29028106
29030680
29033156
29035668
29037992
29040479
29042913
29045643
29047992
29050454
29052900
29055421
29057530
29059942
29062355
29065127
29067474
29069915
29072634
29075133
29077685
29080055
29082422
29085167
29087334
29089741
29092214
29094771
29097482
29099875
29102143
29104782
29107146
29109341
29111698
29114156
29116520
29119068
29121055
29122623
29124481
29126398
29128734
29130865
29132965
29135006
29137310
29139369
29141563
29143694
29145797
29147938
29149695
29151911
29154052
29156163
29158440
29160753
29162958
29165348
29167887
29170226
29172471
29174379
29176185
29178257
29180364
29182083
29184279
29186771
29188983
29191145
29193487
29195878
29198210
29200612
29203004
29205414
29207744
29210237
29212744
29214996
29217173
29219629
29222043
29224346
29226790
29229140
29231258
29233848
29236431
29238361
29240709
29243058
29245422
29247894
29250279
29252841
29255374
29257930
29259877
29261936
29264469
29266991
29269615
29272263
29274662
29277157
29279591
29282016
29284058
29286516
29288940
29291329
29293563
29296247
29298758
29301398
29303787
29305802
29308214
29310653
29312826
29315367
29317739
29319979
29322355
29324582
29326713
29329276
29331798
29334580
29337222
29339595
29342179
29344774
29347100
29349369
29351607
29354191
29356608
29358787
29360947
29363199
29365475
29367811
29370124
29372392
29374832
29377259
29379731
29382288
29384477
29386834
29389299
29391559
29393728
29395728
29398024
29400435
29402840
29405289
29407651
29410044
29412292
29414542
29416921
29419180
29421683
29424171
29426719
29429181
29431593
29434117
29436602
29439135
29441686
29444257
29446733
29449047
29451467
29453818
29456141
29458682
29460860
29463378
29465957
29468350
29470635
29473046
29475506
29478044
29480393
29482822
29485326
29487744
29489908
29492288
29494815
29497341
29499712
29502153
29504553
29506937
29509211
29511784
29514214
29516575
29518725
29520854
29523039
29525446
29527879
29530386
29532713
29535050
29537371
29539844
29542211
29544644
29546991
29549406
29551538
29555204
29557466
29559615
29562076
29564574
29566997
29569434
29571775
29574273
29576670
29578966
29581461
29583840
29586156
29588590
29591215
29593617
29596049
29598539
29600947
29603337
29605800
29608619
29611195
29613567
29616179
29618711
29620899
29623384
29625644
29628104
29630574
29632751
29635000
29637561
29639987
29642478
29644993
29647383
29649936
29652284
29654644
29656958
29659297
29661940
29664444
29666928
29669687
29672030
29674423
29676931
29679253
29681701
29683986
29686295
29688570
29690614
29693070
29695459
29697886
29700082
29702249
29704720
29707196
29709172
29711356
29713791
29716239
29718604
29721152
29723465
29725382
29727542
29729696
29732105
29734604
29737022
29739400
29741817
29744190
29746472
29748837
29751335
29753800
29755879
29758161
29760571
29763126
29765629
29767913
29770436
29771687
29773917
29776234
29778694
29781255
29783690
29786069
29788440
29790804
29793206
29795514
29797858
29800291
29802558
29804857
29807093
29809461
29811737
29814218
29816760
29819172
29821674
29824120
29825838
29827983
29830116
29832326
29834747
29837019
29839468
29841991
29844360
29846729
29849318
29851694
29853924
29856133
29858382
29860608
29863070
29865386
29867821
29870284
29872572
29875004
29877491
29879987
29882420
29884846
29887161
29889476
29891869
29894153
29896430
29898730
29900882
29903428
29905696
29908022
29910298
29912637
29915064
29917225
29919247
29921551
29923719
29925931
29928209
29930506
29932697
29934867
29937042
29939291
29941634
29943945
29946173
29948470
29950883
29953337
29955797
29958193
29960529
29962896
29964965
29967483
29970054
29972434
29974980
29977477
29979904
29982406
29984751
29987293
29989854
29992281
29994908
29997351
29999746
30002070
30004431
30006987
30009323
30011598
30013889
30016336
30018858
30021287
30023764
30026176
30028698
30031115
30033553
30035823
30038154
30040480
30042862
30045173
30047450
30049612
30052088
30054582
30057237
30059667
30062196
30064778
30066830
30069318
30071771
30074205
30076627
30079118
30081437
30083950
30086176
30088403
30090560
30092808
30094889
30097029
30099283
30101533
30103759
30106085
30108425
30110760
30112936
30115167
30117554
30119981
30122234
30124537
30126849
30129190
30131430
30133796
30135998
30138327
30140602
30142955
30145200
30147602
30149980
30152403
30154797
30157141
30159617
30161947
30164268
30166527
30169165
30171703
30174182
30176745
30179372
30181811
30184339
30186808
30189241
30191592
30194001
30196282
30198536
30200937
30203460
30205824
30208064
30210319
30212783
30215197
30217122
30219561
30222204
30224599
30226974
30229289
30231637
30234106
30236623
30239076
30241452
30243797
30246051
30248288
30250571
30252966
30255287
30257592
30259881
30262239
30264414
30266713
30268972
30271132
30273147
30275247
30277419
30279803
30282254
30284556
30286834
30288998
30291327
30293768
30295965
30298058
30300270
30302455
30304646
30306922
30309172
30311325
30313463
30315700
30317894
30320049
30322088
30324405
30326719
30329046
30331240
30333420
30335674
30337944
30340023
30342402
30344702
30347132
30349353
30351939
30354431
30356743
30359002
30361293
30363521
30365736
30368177
30370675
30373116
30375362
30377739
30380123
30382657
30385010
30387326
30389675
30392303
30394780
30397284
30399402
30401803
30404037
30406365
30408673
30410972
30413438
30415634
30418024
30420228
30422705
30424932
30427229
30429701
30432178
30434496
30436822
30438868
30440875
30442910
30444939
30447185
30449617
30452087
30454305
30456456
30458509
30460679
30462952
30465008
30467254
30469548
30471732
30474202
30476633
30478883
30480929
30483293
30485539
30487955
30490196
30492376
30494405
30496314
30498223
30500454
30502907
30505184
30507618
30510029
30512394
30514823
30516930
30519378
30521603
30524047
30526054
30528580
30530974
30533510
30536073
30538678
30541044
30543495
30546129
30548677
30551249
30553760
30556325
30558742
30561295
30563690
30566257
30568831
30571320
30573633
30576126
30578378
30580644
30582929
30585316
30587654
30590113
30592785
30595139
30597659
30599961
30602336
30604758
30607054
30609604
30611879
30614446
30616822
30619123
30621473
30623816
30626258
30628655
30630957
30633309
30635440
30637709
30640007
30642256
30644478
30646587
30648943
30651159
30652983
30655121
30656445
30658472
30660562
30662903
30665177
30667578
30669880
30672234
30674767
30677225
30679618
30681929
30684151
30686410
30688687
30690909
30693118
30695507
30697911
30700105
30702384
30704588
30706812
30708979
30711300
30713588
30715842
30717866
30719550
30721689
30724030
30726511
30728835
30731255
30733415
30735668
30737935
30740210
30742416
30744640
30746935
30749045
30750948
30753271
30755565
30757736
30760083
30762507
30764804
30767013
30769359
30771742
30774116
30776311
30778474
30780912
30783214
30785329
30787313
30789555
30791784
30794212
30796590
30798796
30800927
30803098
30805478
30807721
30810105
30812449
30814850
30817085
30819495
30821794
30824063
30826216
30828631
30830911
30833071
30835671
30838106
30840330
30842627
30844808
30847167
30849405
30851739
30854033
30856343
30858571
30860794
30863039
30865442
30867800
30869998
30872242
30874427
30876634
30878480
30880582
30882720
30885086
30887421
30889863
30891945
30894019
30895912
30898305
30900623
30903030
30905366
30907774
30909555
30911872
30914108
30916316
30918442
30920813
30923290
30925595
30928032
30930460
30932809
30934935
30937223
30939524
30942035
30944241
30946634
30949037
30951314
30953696
30955931
30958379
30960755
30963174
30965555
30967875
30970050
30972432
30974496
30976909
30979201
30981488
30983970
30986367
30988809
30991124
30993467
30995847
30998227
31000433
31002815
31005237
31007717
31010053
31012550
31014940
31017350
31019646
31021996
31024300
31026817
31029223
31031494
31033733
31035994
31038120
31040434
31042736
31044946
31047100
31049216
31051422
31053551
31055758
31057714
31059766
31061865
31064039
31065982
31068114
31070601
31072968
31075366
31077509
31079658
31081817
31084179
31086432
31088850
31091016
31093434
31095796
31098204
31100489
31102877
31105233
31107373
31109821
31112275
31114238
31116469
31118589
31121004
31123441
31125651
31127957
31130250
31132498
31134888
31137352
31139742
31141836
31144091
31146233
31148451
31150981
31153388
31155387
31157564
31159905
31162149
31164404
31166784
31169078
31171352
31173492
31175765
31177302
31179595
31181777
31183824
31186260
31188512
31191066
31193465
31195659
31197670
31200051
31202390
31204706
31207158
31209723
31212307
31214678
31217022
31219480
31221941
31224394
31226743
31229287
31231682
31234022
31236636
31239168
31241247
31243632
31246309
31248692
31251283
31253448
31255785
31258263
31260464
31262631
31264992
31267500
31269788
31272190
31274659
31277194
31279542
31281897
31284028
31286388
31288730
31290925
31293174
31295337
31297251
31299722
31302338
31304671
31307101
31309496
31311884
31314273
31316768
31319303
31321831
31324420
31326880
31329449
31331975
31334509
31337079
31339502
31341949
31344374
31346614
31349000
31351574
31354293
31356882
31359470
31361965
31364454
31366841
31369264
31371757
31373934
31376475
31379090
31381816
31384556
31386914
31388879
31391449
31393897
31396254
31398766
31401244
31403678
31406093
31408540
31411009
31413248
31415333
31417896
31420485
31422985
31425162
31427167
31429427
31431436
31432792
31434486
31436571
31438875
31441348
31443661
31446169
31448598
31451258
31453671
31456259
31458761
31461165
31463789
31466341
31468837
31471398
31473909
31476494
31478967
31481485
31483953
31486332
31488929
31491343
31493687
31495639
31498120
31500536
31503100
31505407
31507735
31510133
31512543
31514966
31517261
31519688
31522098
31524631
31527134
31529480
31532004
31534439
31536719
31538964
31541406
31543927
31545874
31547821
31550139
31552550
31555066
31557568
31559937
31562363
31564815
31567478
31569927
31572534
31574963
31577157
31579188
31581282
31583546
31585687
31587753
31589967
31592444
31594751
31596907
31599477
31602029
31604555
31607098
31609721
31612241
31614616
31617055
31619216
31621357
31623606
31625791
31628113
31630498
31632742
31634956
31637463
31639848
31642346
31644720
31646946
31649464
31652018
31654461
31656729
31659187
31661434
31663689
31665961
31668143
31670444
31672568
31674859
31677134
31679667
31681639
31683892
31685708
31688026
31690319
31692291
31694392
31696444
31698587
31700889
31703404
31705770
31708206
31710616
31713243
31715459
31717706
31720234
31722712
31725249
31727564
31729695
31731813
31734025
31736077
31738176
31740167
31742116
31744231
31746570
31749045
31751524
31753978
31756396
31758649
31761028
31763299
31765295
31768029
31770531
31772738
31775217
31777740
31780178
31782730
31785294
31787832
31790004
31792156
31794086
31796406
31798601
31800541
31802808
31805186
31807667
31810089
31812591
31814670
31816708
31819146
31821744
31824098
31826437
31828801
31831272
31833748
31836295
31838890
31841280
31843624
31846060
31848451
31850814
31852881
31855228
31857620
31860089
31862565
31865040
31867479
31870135
31872511
31874973
31877459
31879857
31882418
31884787
31887412
31889710
31892108
31894701
31897230
31899788
31902384
31904543
31906748
31908867
31911199
31913647
31915971
31918093
31920272
31922474
31924482
31926775
31929027
31931290
31933665
31935941
31937911
31939739
31942053
31944447
31946550
31948888
31951083
31953529
31955902
31958046
31960446
31963200
31965538
31967797
31970016
31972444
31974811
31977196
31979654
31982010
31984428
31986744
31988951
31991399
31993832
31996379
31998928
32001159
32003632
32005808
32008062
32010268
32012583
32014261
32016208
32018267
32020253
32022452
32024505
32026519
32028659
32030885
32033147
32035388
32037608
32039859
32042190
32044563
32046900
32049221
32051460
32053928
32056218
32058544
32060999
32063329
32065638
32067809
32070039
32072398
32074345
32076365
32078388
32080452
32082693
32084662
32086911
32088923
32091073
32093204
32095224
32097591
32099808
32102213
32104354
32106625
32108565
32110670
32113083
32115311
32117556
32119837
32121949
32124051
32126251
32128549
32130893
32132986
32135154
32137513
32139592
32141991
32144374
32146704
32148993
32151373
32153623
32155742
32158000
32160321
32162558
32164726
32166803
32169117
32171285
32173693
32176105
32178359
32180277
32182324
32184259
32186458
32188866
32191209
32193629
32195761
32198120
32200320
32202412
32204563
32206354
32208095
32210114
32212051
32213915
32215964
32218085
32220446
32222444
32224639
32226722
32228976
32231209
32233483
32235978
32238472
32240759
32243030
32245116
32247432
32249489
32251880
32254356
32256746
32259135
32261429
32263456
32265901
32267837
32269918
32272193
32274376
32276192
32278451
32280615
32283125
32285468
32287756
32290174
32292244
32294441
32296892
32299102
32301522
32304130
32306821
32309289
32311761
32314327
32316464
32318827
32321059
32323448
32325820
32328053
32330551
32332290
32334118
32335700
32337508
32339914
32342485
32344792
32347236
32349659
32351636
32353785
32356259
32358565
32360833
32362532
32364221
32366454
32368751
32371092
32373508
32375882
32377918
32380232
32382608
32384880
32387257
32389623
32392060
32394212
32396337
32398880
32401365
32403951
32406474
32409070
32411653
32414183
32416702
32419435
32421997
32424577
32427080
32429447
32431932
32434395
32436422
32438763
32440976
32443270
32446021
32448317
32450708
32452992
32455433
32457802
32460344
32462814
32465072
32467482
32469817
32471743
32474077
32476433
32479023
32481595
32483890
32486501
32489269
32492002
32494385
32497094
32499610
32501523
32503903
32506312
32508742
32511108
32513692
32516306
32518649
32521049
32523273
32525627
32527932
32530187
32532461
32535088
32537656
32539872
32542028
32544322
32546656
32548890
32551085
32553455
32555543
32557864
32560361
32562607
32565351
32567690
32570001
32572491
32574805
32577216
32579502
32581603
32584005
32586244
32588802
32591253
32593448
32595665
32598023
32600466
32602787
32605344
32607724
32610123
32612430
32614717
32617015
32619486
32621861
32624324
32626475
32628868
32631210
32633621
32636061
32638266
32640746
32642914
32645004
32647114
32649210
32651086
32652782
32654743
32656804
32658864
32660807
32662638
32664570
32666688
32668774
32670891
32673021
32675052
32677086
32679157
32681348
32683504
32685516
32687479
32689470
32691556
32693972
32695991
32698252
32700533
32702797
32704963
32707666
32710014
32712142
32714223
32716466
32718903
32721260
32723590
32725973
32728161
32730630
32732826
32735072
32737244
32739681
32741821
32743874
32746262
32748691
32751088
32753466
32755315
32757620
32760238
32762548
32764901
32767242
32769373
32771030
32772612
32774792
32776896
32779170
32781295
32783617
32785835
32788041
32790316
32792707
32795087
32797174
32799578
32801840
32803908
32805512
32807699
32810222
32812499
32814934
32817157
32818945
32821162
32823226
32825576
32827683
32829871
32832219
32834839
32837151
32839183
32841497
32843776
32845863
32848279
32850911
32853223
32855854
32858337
32860714
32863236
32865296
32867799
32870175
32872159
32874477
32876933
32879399
32881739
32883845
32886183
32888250
32890787
32893130
32895103
32897380
32899836
32902017
32904351
32906879
32909434
32911863
32914216
32916806
32919342
32921880
32924311
32926421
32928951
32931430
32933731
32935896
32938085
32940441
32942645
32944846
32947201
32949538
32951656
32953877
32956036
32958446
32960684
32963121
32964745
32966867
32969484
32971885
32974013
32975413
32977531
32979938
32982485
32984988
32987498
32989965
32992224
32994597
32996738
32999197
33001512
33004059
33006433
33008507
33010575
33012742
33014811
33017077
33019450
33021620
33024124
33026367
33028601
33031161
33033546
33035995
33038062
33040383
33042657
33045100
33047605
33050101
33052017
33053508
33055823
33058062
33060375
33062889
33065341
33067780
33070353
33072791
33075269
33077810
33080538
33082517
33084869
33087309
33089805
33092199
33094559
33096831
33099267
33101821
33104441
33107263
33109956
33112845
33115302
33117956
33120201
33122607
33125118
33127534
33130254
33133005
33135718
33138152
33140843
33143464
33145960
33148311
33150956
33153425
33155844
33158451
33160714
33163239
33165558
33168141
33170762
33173450
33175898
33178468
33181017
33183007
33185560
33188075
33190573
33193136
33195681
33198183
33200587
33203025
33205679
33208241
33210703
33213135
33215771
33218225
33220670
33223056
33225496
33228133
33230673
33233189
33235617
33238190
33240590
33243163
33245745
33248388
33250880
33253413
33255880
33257639
33259958
33262419
33264759
33267121
33269693
33271974
33274521
33276702
33279262
33281405
33283724
33286313
33288780
33291189
33293684
33295810
33298208
33300420
33302630
33304964
33307074
33308531
33310332
33312552
33314709
33317142
33319573
33321993
33324154
33326341
33328659
33330885
33333100
33335454
33337803
33340383
33342893
33345221
33347672
33349772
33351646
33354182
33356318
33358672
33361265
33363840
33366254
33368501
33370783
33372944
33375424
33378006
33380440
33383284
33385989
33388385
33390807
33393355
33395942
33398479
33400965
33403249
33405795
33408402
33410918
33413420
33415882
33418372
33420756
33423395
33425935
33428360
33430723
33432983
33435451
33438001
33440557
33443006
33445480
33447868
33450067
33452345
33454589
33456746
33459012
33461270
33463559
33465866
33468171
33470579
33472875
33475529
33478222
33480639
33483383
33485951
33488528
33490923
33493123
33495011
33497378
33499918
33502297
33504895
33507240
33509391
33511251
33513757
33516146
33518590
33520773
33523081
33525587
33528100
33530967
33533394
33535823
33537904
33540369
33542520
33544795
33547123
33549699
33552105
33554463
33556847
33559062
33561627
33564059
33566718
33569239
33571494
33573890
33576450
33578771
33581036
33583350
33585810
33588262
33590935
33593158
33595626
33598097
33600423
33602658
33605102
33607304
33609566
33611890
33614193
33616594
33618957
33621408
33623821
33625789
33628216
33630796
33633371
33635480
33637802
33640516
33643138
33645407
33647713
33650079
33652382
33654596
33657149
33659564
33661939
33664207
33666630
33669017
33671272
33673281
33675324
33677403
33679545
33681763
33684188
33686554
33689058
33691340
33693575
33695910
33698418
33700603
33703056
33705606
33707863
33710330
33712759
33714989
33717243
33719521
33721856
33724296
33726409
33728562
33731084
33733401
33735755
33738188
33740441
33742747
33744933
33747427
33749795
33752176
33754489
33756856
33759202
33761623
33764059
33766534
33768861
33771322
33773608
33775869
33778241
33780545
33782664
33784612
33787125
33789324
33791649
33793846
33796128
33798473
33800857
33803174
33805588
33808036
33810516
33812942
33815361
33817870
33820184
33822417
33824672
33826847
33829147
33831055
33833004
33835091
33837038
33839475
33841943
33844446
33847006
33849301
33851767
33854271
33856710
33859232
33861730
33864007
33865899
33868439
33870756
33873273
33875705
33878144
33880603
33883165
33885752
33888370
33890599
33892956
33895453
33897715
33900191
33902680
33905146
33907551
33909611
33912154
33914573
33917101
33919513
33921702
33924070
33926585
33929114
33931499
33933942
33936116
33938581
33940866
33943233
33945659
33948146
33950620
33953097
33955533
33957967
33960321
33962555
33964816
33967263
33969700
33971933
33974336
33976881
33979249
33981675
33984095
33986377
33988928
33991222
33993695
33995971
33998382
34000830
34003410
34005858
34008359
34010785
34013209
34015617
34018025
34020647
34023043
34025381
34027889
34030291
34032796
34035420
34037990
34040566
34043073
34045510
34048053
34050516
34053089
34055548
34058089
34060631
34063054
34065532
34067994
34070542
34072975
34075348
34077621
34080103
34082149
34084146
34086501
34088840
34091142
34093026
34095075
34097106
34098983
34101618
34103816
34106365
34108847
34111209
34113621
34116155
34118710
34121184
34123531
34126023
34128394
34130769
34133074
34135504
34137822
34140386
34142779
34145309
34147664
34150116
34152575
34154937
34157467
34159793
34162179
34164236
34166098
34168349
34170674
34172976
34175426
34177647
34179812
34182364
34184696
34187010
34189341
34191894
34194194
34196475
34198447
34200804
34202742
34205137
34207359
34209589
34211999
34214080
34216411
34218780
34221268
34223611
34226070
34228285
34230629
34232970
34235370
34237748
34240019
34242393
34244921
34247218
34249342
34251480
34253538
34255639
34257596
34259749
34262145
34264520
34266773
34269145
34271413
34273754
34276025
34278238
34280521
34282786
34285049
34287348
34289668
34291992
34294214
34296441
34298716
34300942
34303193
34305206
34307270
34309427
34311596
34313757
34315955
34318100
34320403
34322705
34324519
34326925
34329043
34331367
34333565
34335816
34338063
34340253
34342507
34344697
34347001
34349274
34351409
34353700
34355952
34358132
34360370
34362584
34364912
34367327
34369649
34371882
34374161
34376651
34379015
34381347
34383718
34386178
34388501
34390817
34393199
34395602
34398040
34400452
34402788
34405298
34407709
34410014
34412424
34414754
34417105
34419417
34421555
34423905
34426300
34428542
34430816
34433091
34435469
34437789
34440268
34442657
34445085
34447426
34449786
34452135
34454446
34456869
34459144
34461511
34463848
34466191
34468558
34470945
34473414
34475697
34477948
34480256
34482559
34485006
34487387
34489733
34492054
34494455
34496789
34499139
34501628
34503993
34506319
34508528
34510844
34513299
34515623
34517823
34520192
34522568
34524841
34527274
34529534
34531866
34534103
34536534
34539025
34541470
34543808
34546322
34548859
34551232
34553763
34556009
34558345
34560831
34563169
34565478
34568479
34571962
34574237
34576514
34578867
34581282
34583692
34586068
34588467
34590971
34593346
34595752
34598018
34600233
34602525
34604926
34607326
34609649
34612079
34614358
34616657
34618881
34621201
34623668
34625959
34628350
34630825
34633218
34635295
34637785
34640415
34643294
34646029
34648533
34650863
34653328
34655882
34658471
34660989
34663399
34665918
34668438
34670862
34673126
34675616
34678164
34680593
34683060
34685503
34687949
34690241
34692484
34694734
34696941
34699115
34701419
34703695
34706021
34708161
34710560
34712894
34715284
34717762
34720117
34722636
34724905
34727443
34729693
34732070
34734366
34736715
34739033
34741348
34743661
34746055
34748356
34750809
34753167
34755581
34757749
34759735
34761722
34763684
34766187
34768645
34771155
34773603
34776059
34778426
34780948
34783271
34785400
34787754
34790162
34792741
34794811
34797128
34799892
34802394
34804990
34807573
34810175
34812732
34815281
34818064
34820844
34823654
34826268
34828882
34831380
34834030
34836618
34839178
34841538
34844045
34846515
34849035
34851454
34853844
34855799
34858243
34860462
34863027
34865557
34867563
34869636
34872198
34874922
34877530
34879935
34882562
34885123
34887068
34889643
34892263
34894813
34897462
34899897
34902136
34904447
34906111
34908632
34911114
34913584
34915906
34918222
34920592
34923077
34925388
34927638
34929732
34931769
34934500
34936954
34939499
34941992
34944457
34946831
34948960
34951385
34953806
34956492
34958758
34961336
34964073
34966628
34968420
34970967
34973624
34976300
34978105
34980358
34982805
34984947
34987173
34989448
34991929
34994172
34996572
34999248
35001859
35004562
35006944
35009357
35011493
35013876
35015997
35018311
35020696
35023097
35025406
35027690
35030039
35032010
35034466
35037109
35039798
35042288
35044818
35047361
35049784
35052168
35054768
35057290
35059794
35062344
35064880
35067584
35070135
35072814
35075056
35077643
35079930
35082302
35084730
35087191
35089439
35091756
35093997
35096412
35098673
35101072
35103516
35105818
35107930
35110356
35112703
35114709
35116907
35119103
35121314
35123828
35126185
35128588
35130966
35133370
35135610
35137740
35140271
35142650
35145037
35147441
35149620
35151810
35154183
35156488
35158832
35161138
35163496
35165871
35168216
35170655
35172800
35174640
35176336
35178214
35180309
35182413
35184313
35186330
35188117
35189979
35191783
35193113
35195108
35197374
35199425
35202006
35204386
35206719
35208741
35211111
35213602
35216014
35218137
35220214
35222460
35224832
35227259
35229680
35232007
35234151
35236411
35238552
35240780
35242994
35245387
35247517
35249622
35251907
35254099
35256510
35258906
35260874
35263145
35265597
35267942
35269677
35271899
35274073
35276441
35278815
35281052
35283165
35285254
35287530
35289882
35292163
35294450
35296728
35299061
35301383
35303621
35305934
35308230
35310608
35312881
35315075
35317363
35319746
35322191
35324405
35326880
35329348
35331781
35334114
35336378
35338755
35341172
35343575
35345907
35348307
35350760
35353015
35355264
35357632
35360170
35362743
35365205
35367610
35370128
35372279
35374313
35376648
35378871
35380988
35383200
35385693
35387961
35390377
35392679
35395130
35397705
35400122
35402488
35404950
35407332
35409780
35411961
35414448
35416895
35419515
35422096
35424589
35426849
35429151
35431238
35433411
35435551
35438019
35440577
35442879
35445420
35448080
35450468
35453096
35455569
35457884
35460340
35462786
35465259
35467692
35470253
35472711
35475145
35477640
35479809
35482143
35484744
35487100
35489715
35492299
35494620
35496909
35499395
35501807
35504129
35506647
35509026
35511342
35513759
35516166
35518593
35521020
35523249
35525850
35528215
35530803
35533290
35535715
35538244
35540804
35543313
35545790
35548174
35550671
35553015
35555427
35557600
35559639
35561768
35564137
35566355
35568806
35571456
35573773
35575893
35578031
35580204
35582631
35585367
35587844
35590022
35592210
35594574
35596921
35599442
35601902
35604111
35606581
35609197
35611578
35614331
35617111
35619603
35622145
35624682
35627125
35629570
35632042
35634681
35637147
35639673
35641929
35644190
35646829
35649189
35651781
35654273
35656724
35659215
35661578
35663888
35666199
35668802
35671125
35673268
35675578
35678156
35680548
35682853
35685315
35687773
35690036
35692347
35694782
35697226
35699652
35702016
35704336
35706690
35708660
35711104
35713575
35715989
35718281
35720432
35722813
35725452
35727793
35730400
35732902
35735432
35737854
35740196
35742664
35745204
35747429
35749800
35752216
35754720
35757350
35759912
35762164
35764491
35766747
35769220
35771026
35773726
35776156
35778663
35781234
35783980
35786529
35788949
35791623
35794061
35796352
35798972
35801307
35804080
35806243
35808384
35810783
35813143
35815367
35817582
35820036
35822492
35824961
35827242
35829500
35831833
35834353
35836688
35839239
35841560
35843852
35846362
35849006
35851664
35853921
35856486
35858808
35861290
35863776
35866177
35868498
35870484
35872840
35875363
35877784
35880256
35882772
35884735
35887156
35889457
35891700
35894087
35896429
35898932
35901439
35903592
35905793
35908177
35910514
35912759
35915062
35917598
35920011
35922409
35924799
35927161
35929537
35931351
35933537
35935901
35938316
35940744
35943191
35945337
35947748
35950131
35952422
35954847
35957264
35959584
35961979
35964458
35966716
35969239
35971588
35973996
35976530
35979042
35981442
35983906
35986417
35988606
35990958
35993322
35995377
35997500
36000020
36002440
36004901
36007571
36010019
36012358
36014687
36017150
36019443
36021808
36024325
36026873
36029159
36031551
36034052
36036516
36039002
36041462
36044089
36046419
36048904
36051204
36053753
36056202
36058664
36061506
36064244
36066628
36069200
36071730
36074235
36076620
36079046
36081356
36083770
36085668
36087533
36089242
36091323
36093166
36095262
36097488
36099059
36100924
36103338
36105614
36107964
36110244
36112545
36115071
36117455
36120065
36122009
36124411
36126438
36128339
36130721
36133364
36135757
36138068
36140383
36142846
36145231
36147384
36149447
36151655
36153900
36156080
36157842
36160448
36162872
36165517
36167952
36170313
36172439
36174723
36176670
36178532
36180190
36182232
36184269
36186663
36189040
36191374
36193370
36195702
36197991
36200303
36202504
36204737
36207149
36209453
36211668
36214017
36216222
36218454
36220810
36222925
36224715
36226722
36228749
36230704
36232935
36235130
36237169
36239166
36241216
36243203
36244966
36247087
36249182
36251214
36253359
36255538
36257537
36259674
36261757
36263935
36266159
36268567
36270560
36272620
36274829
36276805
36278912
36281187
36283369
36285818
36287903
36290067
36292215
36294389
36296606
36298618
36300869
36303081
36305219
36306959
36308816
36311100
36313270
36315569
36318035
36319952
36321531
36323195
36325150
36327446
36329816
36332164
36334491
36336848
36338968
36341049
36342999
36345133
36347410
36349667
36351756
36353997
36356126
36358308
36360493
36362752
36364855
36367011
36369444
36371585
36373777
36376036
36378303
36380619
36383013
36385226
36387224
36389866
36392223
36394259
36396577
36398914
36401147
36403390
36405377
36407540
36410106
36412483
36415176
36417583
36420050
36422565
36425006
36427187
36429454
36431903
36434356
36436760
36439397
36441759
36444376
36447017
36449840
36451900
36454224
36456553
36459261
36461740
36463879
36466007
36467913
36469804
36472005
36473956
36476165
36478440
36480960
36483126
36485570
36487921
36489999
36492366
36494693
36497100
36499698
36502037
36504727
36507113
36509462
36511806
36514131
36516390
36518859
36521202
36523380
36525662
36527772
36530294
36532778
36535243
36537631
36540102
36542549
36544725
36546782
36549221
36551805
36554287
36556475
36558836
36561239
36563665
36566207
36568559
36570862
36572285
36574698
36576964
36579223
36581425
36583615
36586049
36588423
36590826
36593190
36595508
36597885
36600264
36602579
36605025
36607392
36609755
36612261
36614551
36616872
36619394
36621821
36624139
36626553
36628924
36631337
36633664
36636166
36638602
36641215
36643616
36646205
36648536
36650931
36653399
36655773
36658095
36660518
36662846
36665196
36667418
36669774
36672127
36674466
36676888
36679535
36682123
36684593
36686872
36688931
36691278
36693692
36696173
36698679
36700923
36703380
36705683
36708012
36710191
36712431
36714979
36717312
36719790
36722079
36724592
36726986
36729318
36731543
36733817
36736131
36738432
36740700
36743219
36745664
36748022
36750628
36752911
36755272
36757695
36760155
36762294
36764412
36766718
36768734
36770885
36772998
36775232
36777561
36779878
36782268
36784601
36786823
36789201
36791337
36793629
36795728
36797949
36800149
36802246
36804710
36806610
36809000
36811379
36813724
36815985
36818419
36820817
36823334
36825474
36827846
36830281
36832539
36834775
36837055
36839321
36841748
36844012
36846319
36848718
36850817
36853150
36855181
36857296
36859569
36861678
36864148
36866500
36868895
36871388
36873648
36876096
36878742
36880914
36883134
36885471
36887821
36890211
36892521
36895026
36897555
36899863
36902416
36904780
36907276
36909559
36911919
36914266
36916581
36918925
36921217
36923423
36925717
36928013
36930365
36932672
36935022
36937360
36939593
36941940
36944227
36946647
36949040
36951364
36953604
36955809
36957821
36959324
36961055
36963162
36965579
36967861
36970054
36972326
36974654
36976868
36979393
36981798
36984054
36986233
36988483
36990716
36992902
36995311
36997529
36999911
37002348
37004603
37007082
37009465
37011801
37014223
37016595
37019034
37021531
37024032
37026471
37028813
37031159
37033276
37035042
37037283
37039504
37041917
37044291
37046744
37048964
37051350
37053665
37056108
37058501
37060856
37063214
37065563
37067860
37070062
37072319
37074618
37076976
37079179
37080912
37082779
37084743
37086934
37089182
37091583
37093838
37096086
37098357
37100629
37102883
37105014
37107218
37109556
37111909
37114358
37116712
37119117
37121437
37123899
37126295
37128538
37131006
37133173
37135386
37137826
37140192
37142453
37144679
37146981
37149408
37151854
37154207
37156631
37158928
37161348
37163654
37166106
37168444
37170804
37173036
37175422
37177757
37180186
37182654
37185132
37187479
37189925
37192395
37194972
37197482
37199888
37202234
37204750
37207143
37209398
37211638
37213861
37216161
37218671
37221207
37223650
37226255
37228704
37231127
37233392
37235824
37238212
37240551
37242627
37244979
37247163
37249303
37251554
37253770
37255948
37258028
37260285
37262498
37264878
37267165
37269474
37271787
37274129
37276447
37278922
37281316
37283515
37286007
37288318
37290618
37292853
37295154
37297509
37299795
37302217
37304675
37307061
37309429
37311713
37314061
37316521
37318757
37321017
37323453
37325962
37328073
37330552
37332992
37335556
37337953
37340266
37342782
37345431
37347721
37350215
37352850
37355388
37357848
37360340
37362944
37365365
37367837
37370294
37372756
37375294
37377703
37380121
37382603
37384909
37387360
37389838
37392496
37395154
37397725
37400261
37402800
37405478
37408041
37410614
37413207
37415824
37418276
37421060
37423479
37426147
37428190
37430286
37432697
37435030
37437540
37440094
37442447
37444586
37446771
37449193
37451655
37454040
37456375
37458852
37461170
37463590
37466412
37468962
37471409
37473951
37475757
37478108
37480532
37482705
37484619
37486620
37488882
37491225
37493463
37495431
37497901
37500301
37502530
37504794
37507044
37509375
37511567
37513893
37515755
37518039
37519658
37521645
37524019
37526235
37528815
37531317
37533442
37535956
37538344
37540484
37542810
37545083
37547410
37549781
37552234
37554328
37556756
37558987
37561351
37563607
37566068
37568299
37570541
37573070
37575350
37577816
37580110
37582364
37584708
37587222
37589654
37591977
37594343
37596436
37598969
37601428
37604078
37606477
37608986
37611483
37613718
37615920
37618103
37620590
37623014
37625420
37627744
37630033
37632419
37634569
37636627
37639086
37641438
37643996
37646357
37648572
37651126
37653269
37655555
37657751
37660006
37662299
37664644
37667104
37669364
37671604
37673958
37676445
37678990
37681373
37683783
37686155
37688477
37690597
37692702
37695081
37697862
37700399
37702945
37705391
37707633
37710023
37712482
37714896
37717197
37719155
37720958
37722990
37725119
37727361
37729845
37732018
37734306
37736563
37739143
37741524
37744029
37746544
37749206
37751483
37753385
37755444
37758053
37760705
37762469
37764728
37766888
37769383
37771974
37774314
37776633
37779239
37781871
37784285
37786461
37789055
37791568
37793825
37795678
37798073
37800219
37802397
37804498
37806707
37808262
37810201
37812667
37815166
37817462
37819694
37822190
37824509
37827017
37829426
37832024
37834507
37836836
37839332
37841835
37844324
37846790
37849196
37851581
37854100
37856475
37858590
37860450
37862579
37864804
37867311
37869604
37871866
37874209
37876603
37878851
37881389
37883835
37886041
37888453
37890977
37893273
37895535
37896967
37898954
37901134
37903621
37906241
37908959
37911384
37913814
37916415
37918801
37921278
37923796
37926211
37928266
37930610
37932492
37934908
37936902
37939144
37941419
37943454
37945843
37948386
37950885
37953461
37955852
37958150
37960670
37962583
37964613
37966853
37969049
37971465
37973884
37976010
37978456
37980714
37983004
37985265
37987478
37989688
37991610
37993928
37996135
37997958
37999994
38002094
38004386
38006239
38008500
38010917
38012921
38015110
38017531
38019504
38021901
38024217
38026357
38028681
38030729
38032938
38035283
38037884
38040190
38042577
38044877
38046647
38048595
38051153
38053567
38056076
38058578
38061171
38063836
38066345
38068912
38071416
38073965
38076544
38079044
38081459
38084041
38086687
38089039
38091552
38093908
38096234
38098652
38101134
38103718
38106307
38108743
38111326
38113926
38116527
38119081
38121544
38123987
38126341
38128821
38131318
38133934
38136037
38138177
38140391
38142715
38145216
38147597
38149904
38152442
38155003
38157386
38159793
38162280
38164839
38167372
38169902
38172423
38175019
38177354
38179689
38182208
38184767
38187305
38189803
38192222
38194690
38197095
38199693
38202228
38204770
38207330
38209610
38212106
38214438
38216895
38219374
38221811
38224408
38226602
38229149
38231516
38233891
38236260
38238761
38240970
38243479
38245849
38248241
38250568
38253060
38255318
38257865
38260309
38262680
38265082
38267150
38269282
38271632
38274139
38276528
38279099
38281684
38284044
38286338
38289007
38291594
38294011
38296463
38299068
38301519
38303927
38306211
38308918
38311588
38314027
38316495
38319013
38321538
38324070
38326515
38328801
38331177
38333649
38336080
38338425
38340834
38343077
38345480
38347715
38350087
38352463
38354821
38357161
38359554
38362016
38364487
38367034
38369534
38371910
38374419
38376858
38379408
38382027
38384454
38386996
38389613
38392277
38394789
38397269
38399614
38402342
38404723
38407167
38409535
38411993
38414474
38416977
38419391
38421874
38424378
38426720
38429034
38431503
38433768
38436342
38439001
38441656
38444288
38446652
38448784
38451324
38453746
38456194
38458620
38460990
38463692
38466039
38468557
38471100
38473515
38476069
38478422
38481111
38483438
38485584
38487814
38490260
38492886
38495259
38497889
38500397
38502722
38505248
38507777
38510241
38512633
38514951
38517326
38519749
38522272
38524717
38527292
38529932
38532039
38534595
38537001
38539638
38542246
38544693
38547207
38549735
38552370
38554878
38557414
38559656
38562359
38564838
38567360
38569978
38572383
38574857
38577308
38579630
38582246
38584663
38587115
38589628
38592185
38594789
38597324
38599782
38602361
38604757
38607244
38609572
38612216
38614691
38617223
38619825
38622170
38624608
38627058
38629456
38631768
38634168
38636670
38639011
38641523
38643903
38646308
38648237
38650793
38653263
38655835
38658452
38661084
38663427
38665974
38668492
38670963
38673515
38676142
38678638
38681287
38683636
38686020
38688399
38690976
38693566
38696090
38698544
38700904
38703208
38705718
38708212
38710559
38713073
38715669
38718265
38720686
38723266
38726035
38728547
38731041
38733750
38736375
38738814
38741405
38743859
38746333
38748895
38751551
38754069
38756562
38759091
38761439
38763888
38766237
38768503
38770961
38773299
38775797
38778157
38780794
38783367
38785801
38788187
38790788
38793414
38796130
38798757
38801322
38803714
38805917
38808337
38810879
38813261
38815800
38818073
38820278
38822681
38824936
38827439
38829796
38832268
38834866
38837299
38839682
38842141
38844542
38847005
38849480
38851748
38854013
38856405
38858606
38860326
38862624
38865178
38867531
38869763
38871901
38873916
38875954
38878220
38880432
38882957
38885191
38887749
38890235
38892888
38895360
38897913
38900584
38902829
38905211
38907583
38909967
38912369
38914623
38916887
38919199
38921414
38923963
38926248
38928439
38930839
38933304
38935522
38937900
38940366
38942730
38945017
38947300
38949622
38951905
38954135
38956357
38958502
38960926
38963142
38965417
38967688
38969935
38972074
38974387
38976687
38978699
38980924
38983316
38985580
38987979
38990361
38992081
38994005
38996082
38998323
39000409
39002580
39004801
39007110
39009274
39011339
39013418
39015613
39018003
39020413
39022909
39025306
39027501
39029534
39031857
39034318
39036477
39038973
39041133
39043616
39045827
39048214
39050606
39053141
39055691
39058185
39060570
39062948
39065283
39067746
39069888
39072388
39074506
39076617
39078792
39081043
39082856
39085084
39087544
39090097
39092738
39094915
39097200
39099727
39101843
39103931
39106024
39108352
39110752
39113126
39115646
39118148
39120354
39122619
39125095
39127633
39130156
39132612
39134791
39137220
39139405
39142021
39144533
39147022
39149523
39152115
39154610
39156981
39159563
39161998
39164238
39166712
39169132
39171481
39173931
39176329
39178765
39181290
39183823
39186325
39188804
39191112
39193683
39196123
39198543
39200876
39203224
39205732
39208142
39210501
39212871
39215385
39217836
39220230
39222681
39225231
39227696
39230325
39232882
39234772
39236902
39239345
39241722
39244110
39246502
39248767
39251324
39253761
39256338
39258837
39261236
39263782
39266088
39268612
39270990
39273529
39275965
39278588
39281174
39283638
39286056
39288305
39290541
39292728
39295108
39297305
39299774
39302088
39304373
39306755
39309077
39311297
39313792
39316144
39318518
39320952
39323413
39325849
39328246
39330791
39332718
39334497
39336385
39338474
39340995
39343286
39345755
39347961
39350443
39352801
39355078
39357467
39359654
39361915
39364419
39366790
39369181
39371718
39373996
39376479
39378953
39381335
39383708
39386101
39388222
39390399
39392966
39395313
39397902
39400684
39403282
39405663
39408158
39409952
39411805
39413428
39415243
39417534
39419815
39422132
39424199
39426682
39429079
39431333
39433681
39435794
39438083
39440241
39442402
39444609
39446911
39449159
39451287
39453613
39455897
39458180
39460393
39462844
39465214
39467667
39470086
39472608
39475047
39477128
39479508
39481917
39484380
39486706
39489192
39491465
39493255
39495622
39498052
39500484
39503093
39505243
39507857
39510156
39512589
39514882
39517052
39519503
39522283
39524278
39526450
39529109
39531639
39534044
39536486
39538998
39541629
39544098
39546676
39549467
39552182
39554812
39557079
39559047
39560717
39562857
39564796
39566776
39568650
39570662
39572759
39574781
39576456
39578286
39580395
39582635
39585061
39587203
39589573
39591963
39594243
39596809
39599064
39601333
39603544
39605973
39607810
39609699
39611500
39613897
39616299
39618685
39621256
39623748
39626229
39628220
39630717
39632980
39635359
39637953
39640074
39642529
39645104
39647636
39650190
39652711
39655287
39657955
39660417
39662729
39664893
39666983
39669412
39671850
39674173
39676492
39679034
39681575
39683813
39685835
39688224
39690726
39692922
39695472
39697938
39700293
39702654
39705190
39707719
39710140
39712542
39715108
39717709
39720272
39722842
39725308
39727748
39730206
39732880
39735240
39737662
39739762
39742213
39744516
39746916
39749314
39751729
39754006
39756521
39758982
39761202
39763210
39765031
39767268
39769769
39771490
39775109
39777397
39779714
39782161
39784718
39787314
39789088
39791257
39793519
39795802
39798415
39800769
39803274
39805695
39807817
39809856
39812407
39814695
39817095
39819427
39821745
39824034
39826530
39829000
39831619
39834120
39836408
39839100
39841688
39844172
39846666
39848958
39851412
39853809
39856288
39858832
39861241
39863718
39866008
39868406
39870119
39872450
39875003
39877414
39879937
39882222
39884516
39886919
39889430
39892076
39894802
39897353
39899118
39901083
39902399
39904833
39907287
39909869
39912255
39913875
39916037
39918318
39920514
39922862
39925426
39927900
39930235
39932617
39935042
39937384
39939887
39942309
39944671
39947136
39949595
39952154
39954665
39956638
39959026
39961306
39963618
39965892
39967928
39970041
39972546
39974768
39977019
39979311
39981657
39983943
39986298
39988645
39991162
39993654
39996141
39998664
40000252
40002591
40004902
40007356
40009579
40011931
40014371
40016926
40019373
40021988
40024320
40026874
40029435
40031978
40034665
40037241
40039725
40041630
40043996
40046283
40048778
40051297
40053716
40056319
40058914
40061461
40063894
40066361
40068777
40070933
40073194
40075184
40077359
40079737
40081948
40084644
40087060
40089416
40091741
40093954
40096604
40098887
40101308
40103899
40106284
40108519
40110973
40113404
40115768
40118227
40120714
40123304
40125798
40128195
40130676
40132891
40135217
40137812
40140206
40142739
40145223
40147774
40150281
40152647
40155313
40157897
40160220
40162342
40164788
40167130
40169509
40171675
40174106
40176428
40178588
40180876
40183339
40185685
40187910
40190316
40192660
40194995
40197226
40199614
40201850
40204200
40206451
40208975
40211635
40214207
40216615
40218859
40221218
40223609
40225769
40228158
40230385
40232847
40235272
40237597
40239608
40241679
40243837
40246280
40248579
40251001
40253251
40255455
40257834
40259843
40262201
40264752
40267280
40269439
40272006
40274451
40277002
40279250
40281623
40284029
40286451
40288816
40291050
40293489
40295938
40298236
40300588
40302726
40304331
40306399
40308728
40311010
40313046
40315325
40317194
40319562
40322071
40324507
40326776
40329227
40331800
40334209
40336682
40339177
40341536
40344025
40346429
40348865
40351500
40353873
40356237
40358834
40361164
40363759
40366404
40369358
40371763
40374115
40376627
40379313
40381973
40384556
40387158
40389279
40391970
40394431
40397125
40399532
40401964
40404392
40407016
40409697
40412458
40414962
40417256
40419751
40422191
40424731
40427216
40429598
40432036
40434611
40437120
40440013
40442546
40445141
40447948
40450254
40452573
40454963
40457504
40460187
40462599
40464624
40467153
40469593
40471988
40474195
40476719
40478934
40481579
40484195
40486491
40489062
40491437
40494093
40495992
40498478
40501050
40503811
40506576
40508858
40511361
40513868
40516008
40518505
40520982
40523624
40526292
40528965
40531620
40534155
40536567
40539072
40541404
40543999
40546371
40548472
40550900
40553420
40555815
40557507
40559246
40561640
40564266
40566799
40569557
40571924
40574119
40576779
40579245
40581582
40584063
40586469
40589170
40591369
40593709
40596103
40598344
40600811
40603174
40605608
40608108
40610586
40613073
40615471
40617822
40620395
40622758
40625163
40627383
40629742
40632325
40634769
40637117
40639472
40641933
40644235
40646700
40649200
40651533
40653962
40656215
40658817
40661362
40663913
40666076
40668547
40671113
40673764
40676256
40678925
40681553
40684190
40686362
40688546
40690937
40692547
40694894
40697032
40699242
40701627
40703988
40706469
40708785
40711046
40713446
40715822
40718231
40720704
40723118
40725567
40727851
40730052
40732406
40734701
40737042
40739046
40741575
40744092
40746697
40749017
40751395
40753800
40756188
40758517
40760794
40763108
40765493
40767756
40770199
40772354
40774728
40777294
40779759
40782369
40784386
40786432
40788864
40791422
40793923
40796548
40799109
40801770
40803982
40806433
40808778
40811213
40813798
40816225
40818521
40820394
40822704
40824909
40827384
40829909
40832106
40834479
40836995
40838876
40841330
40843992
40846564
40849194
40851709
40853951
40856257
40858842
40861072
40862583
40865008
40867379
40869739
40872311
40874830
40877347
40879775
40882204
40884467
40886683
40889072
40891393
40893987
40896463
40898928
40901438
40903938
40906382
40908935
40911351
40913593
40915692
40917988
40920275
40922715
40925065
40927476
40929754
40932027
40934428
40936950
40939390
40941729
40944088
40946332
40948751
40951147
40953433
40955545
40957902
40960163
40962520
40964944
40967410
40969861
40972130
40974705
40977202
40979462
40981002
40983133
40985523
40987752
40990159
40992594
40995013
40997397
40999780
41002078
41004382
41006799
41009162
41011501
41013814
41016114
41017936
41019979
41021851
41024016
41026248
41028511
41030894
41033377
41035693
41038144
41040558
41043032
41045612
41047906
41050315
41052920
41055400
41057791
41060149
41062615
41065094
41067511
41070196
41072677
41075169
41077725
41080438
41082849
41085102
41087511
41089995
41092192
41094487
41097124
41099858
41102487
41104943
41107292
41109897
41112584
41115149
41117590
41119957
41122471
41125072
41127604
41130051
41132314
41134635
41136972
41139557
41141966
41144371
41146773
41149234
41151591
41154035
41156541
41159223
41161818
41164336
41166887
41169362
41171927
41174412
41176608
41178696
41180918
41183192
41185749
41188133
41190667
41193185
41195592
41198209
41200616
41203071
41205452
41207752
41209872
41212150
41214715
41217321
41219953
41222459
41225157
41227701
41230085
41232518
41234841
41237275
41239660
41241876
41243969
41246473
41248937
41251555
41254058
41256603
41259073
41261357
41264007
41266557
41269187
41271679
41274189
41276658
41279164
41281708
41283934
41286452
41288718
41291060
41293595
41295948
41298321
41300754
41303221
41305602
41308121
41310571
41313269
41315725
41318171
41320495
41322825
41325270
41327692
41329999
41332490
41334867
41337461
41340159
41342776
41345255
41347588
41349970
41352531
41355041
41357559
41359911
41361963
41364177
41366362
41368572
41371184
41373554
41376050
41378523
41381080
41382736
41384952
41387297
41389796
41392123
41394468
41396798
41399202
41401700
41404227
41406479
41408784
41411221
41413827
41416149
41418297
41420671
41423047
41425042
41427153
41429457
41431994
41434380
41436755
41439051
41441411
41443664
41446061
41448345
41450598
41452814
41455105
41457345
41459669
41461951
41464182
41466477
41468792
41471108
41473476
41475569
41477817
41480129
41482301
41484468
41486788
41489218
41491366
41493570
41495883
41497912
41500334
41502655
41505047
41507495
41509735
41511358
41513463
41515861
41518275
41520816
41523283
41525613
41527060
41528217
41529364
41531157
41532877
41535286
41537900
41540436
41543104
41544992
41546575
41549005
41551465
41553815
41556282
41558882
41561324
41563785
41566381
41568820
41571212
41573752
41576011
41578774
41580910
41582602
41584332
41586403
41589075
41591503
41593912
41596433
41598999
41601533
41604152
41606594
41609028
41611685
41614311
41616728
41619203
41621628
41624202
41626837
41629401
41631864
41634415
41636916
41639284
41641834
41644302
41646711
41649203
41651531
41653950
41656417
41658829
41661329
41663358
41665873
41668444
41670902
41673438
41675891
41678335
41681005
41683470
41686054
41688565
41690918
41693626
41696066
41698389
41700714
41703250
41705850
41708333
41710731
41713097
41715490
41717995
41720445
41722855
41725315
41727783
41730275
41732732
41735023
41737376
41739723
41742171
41744644
41747112
41749611
41752054
41754460
41757104
41759504
41761949
41764507
41767108
41769683
41772124
41774683
41777140
41779582
41782130
41784611
41787059
41789574
41792065
41794605
41797312
41799907
41802367
41804959
41807060
41809541
41811975
41814515
41816976
41819523
41822113
41824823
41827198
41829670
41832418
41834916
41837424
41839901
41842375
41844858
41847287
41849809
41852165
41854529
41856809
41859398
41861880
41864362
41866735
41869120
41871778
41874336
41876936
41879429
41881988
41884460
41886862
41888974
41891438
41893932
41896593
41899021
41901568
41904124
41906679
41909295
41911827
41914506
41917041
41919408
41922047
41924848
41927462
41930087
41932818
41935669
41938311
41940895
41943529
41946082
41948647
41951125
41953687
41956129
41958731
41961336
41963720
41966282
41968768
41971471
41974092
41976684
41979176
41981860
41984585
41987058
41989633
41991647
41993683
41996108
41998835
42001685
42004126
42006678
42009298
42012059
42014768
42017256
42020063
42022642
42025367
42027813
42030393
42033041
42035536
42037613
42040258
42042529
42045107
42047606
42050108
42052574
42055054
42057479
42059745
42062018
42064270
42066543
42069084
42071478
42074231
42076629
42079083
42081564
42083909
42086497
42088850
42091234
42093654
42095738
42098132
42100535
42103127
42105478
42107778
42110105
42112539
42114839
42117292
42119641
42122064
42124597
42127072
42129445
42131636
42134040
42136430
42138714
42141043
42143388
42145659
42147743
42150128
42152508
42154570
42156512
42158727
42161057
42163200
42165186
42167037
42168897
42171431
42173687
42175924
42178247
42180503
42182766
42184923
42187179
42189504
42191728
42194090
42196440
42198640
42200863
42203390
42205725
42208120
42210409
42212805
42215140
42217327
42219796
42222073
42224452
42226795
42229009
42231130
42233160
42235351
42237431
42239677
42242091
42244588
42246970
42249207
42251353
42253235
42255059
42257383
42259698
42262058
42264309
42266871
42269230
42271809
42274210
42276522
42278880
42281192
42283493
42285790
42288195
42290541
42292857
42295083
42297297
42299618
42301788
42304089
42306359
42308707
42310949
42313295
42315605
42317808
42320202
42322635
42324627
42327027
42329372
42331676
42334024
42335578
42337900
42340316
42342894
42345636
42348035
42350640
42353103
42355323
42357635
42360312
42362838
42365206
42367665
42370034
42372483
42374676
42377008
42379435
42381180
42383579
42385942
42388283
42390793
42393388
42395829
42398318
42400677
42403239
42405799
42408303
42410703
42413156
42415447
42417843
42420501
42423188
42425762
42428481
42430985
42433512
42436240
42438737
42441093
42443588
42446113
42448603
42451128
42453598
42455842
42457354
42459740
42461985
42464217
42466591
42469103
42471612
42474349
42476987
42479454
42482058
42484799
42487433
42490259
42492866
42495222
42497958
42500584
42503019
42505682
42508218
42510806
42513144
42515736
42518333
42520789
42523087
42525722
42528327
42531093
42533717
42536531
42539015
42541686
42543969
42546296
42548906
42551511
42554029
42556533
42559119
42561684
42563987
42566594
42569126
42571752
42574515
42577048
42579363
42581665
42584452
42587285
42589877
42592714
42595437
42598005
42600616
42603327
42606051
42608705
42611133
42613669
42616227
42618940
42621482
42623889
42626692
42629392
42631906
42634383
42636953
42639490
42642063
42644591
42647239
42650015
42652686
42655333
42657914
42659913
42662335
42664830
42667328
42670038
42672485
42675156
42677658
42680004
42682130
42683469
42685491
42687706
42689838
42692010
42694304
42696679
42698820
42700903
42703019
42705008
42707061
42709183
42711540
42713995
42716429
42718679
42721176
42723246
42725541
42727996
42730280
42732608
42734887
42736918
42739045
42741252
42743641
42746036
42747976
42750247
42752165
42754493
42756781
42759178
42761330
42763659
42765983
42767562
42769828
42772383
42774822
42777165
42779681
42782169
42784643
42786805
42789278
42791871
42794447
42797175
42799528
42802145
42804600
42807021
42809217
42811470
42813980
42816393
42818461
42821217
42824108
42826602
42829369
42831605
42834203
42836711
42839304
42841975
42844248
42846565
42848796
42851019
42853117
42855411
42857678
42860160
42862833
42865185
42867607
42870151
42872655
42875290
42877906
42880529
42882978
42885650
42887768
42890146
42892814
42895167
42897753
42900095
42902367
42904719
42907068
42909339
42911738
42913815
42915587
42917016
42919281
42921475
42924087
42926072
42928129
42929960
42931847
42934183
42936696
42939175
42941689
42943996
42946320
42948825
42951382
42953892
42956418
42958444
42960367
42962923
42965421
42967983
42970538
42972789
42975389
42977689
42980140
42982762
42985337
42987620
42989992
42992534
42995065
42997508
42999874
43002438
43004956
43007206
43009422
43011896
43014353
43016812
43019121
43021600
43024051
43026447
43028834
43031308
43033788
43036342
43038666
43041141
43043635
43045971
43048672
43051244
43053770
43056081
43058379
43060691
43063078
43065605
43067904
43070056
43072630
43075311
43077837
43080423
43082855
43085433
43088014
43090434
43093015
43095607
43098170
43100739
43103231
43105572
43107647
43110147
43112614
43115102
43117458
43119870
43122009
43124724
43127475
43129974
43132682
43135457
43138080
43140761
43143331
43145956
43148278
43150816
43153349
43155700
43158054
43160302
43162685
43164969
43167468
43170100
43172210
43174316
43176884
43179401
43181688
43184011
43186325
43188799
43191461
43194126
43196875
43199350
43201867
43204490
43206975
43209509
43211673
43214219
43216810
43219339
43221925
43224323
43226932
43229304
43231947
43234329
43236599
43239218
43241664
43244271
43247022
43249389
43251995
43254489
43257120
43259728
43262178
43264760
43267193
43269696
43272224
43274113
43276729
43279164
43281632
43283944
43286261
43288680
43291223
43293597
43296109
43298921
43301381
43303859
43305856
43308063
43310286
43312430
43314251
43316800
43318857
43321030
43323232
43325869
43328433
43331131
43333577
43336208
43338395
43340131
43342346
43345060
43347033
43349189
43351396
43353342
43355662
43357944
43359738
43361669
43363768
43365734
43367857
43369869
43372333
43374924
43377518
43380125
43382679
43385188
43387562
43389753
43391739
43394011
43396475
43398806
43400898
43403232
43405409
43407901
43410265
43412533
43414938
43417188
43419705
43421814
43423594
43425411
43427372
43429293
43431219
43433026
43435255
43437481
43439354
43441333
43442966
43444858
43446994
43448714
43450812
43452410
43453962
43456261
43458775
43461331
43463899
43466430
43469039
43471632
43474147
43476610
43479165
43481724
43484228
43486823
43489400
43491937
43494655
43497248
43499744
43501923
43503671
43506146
43508610
43511217
43513811
43516344
43518840
43521354
43523736
43526031
43528608
43530911
43532607
43534828
43537192
43539690
43541990
43544532
43546696
43548878
43550995
43553271
43555488
43557683
43559695
43561917
43564203
43566163
43568345
43570392
43572567
43574699
43576811
43578951
43581014
43583087
43585230
43587527
43589619
43591502
43593427
43595556
43597705
43599650
43601820
43603765
43605517
43607344
43609422
43611655
43613708
43615684
43617653
43619548
43621307
43623385
43625531
43627723
43629642
43631811
43634161
43636607
43638939
43641528
43644104
43646548
43648712
43650763
43653141
43655428
43657632
43659965
43662189
43664465
43666803
43669123
43671483
43673627
43675924
43678390
43680893
43683363
43685687
43687951
43690489
43692742
43695155
43697526
43699822
43702117
43704315
43706484
43708129
43710343
43712831
43715278
43717677
43719778
43722055
43724476
43726925
43729327
43731601
43734073
43736378
43738967
43741445
43743854
43746150
43748404
43751102
43753581
43756127
43758646
43761118
43763516
43765976
43768476
43770913
43773173
43775737
43778197
43780379
43782942
43785437
43787966
43790569
43793040
43795567
43798215
43800792
43803389
43805894
43808177
43810590
43813123
43815667
43817810
43820309
43822884
43825451
43827967
43830623
43833270
43835802
43838320
43840901
43843369
43845875
43848488
43851082
43853525
43856039
43858299
43860631
43863122
43865518
43868107
43870760
43872587
43875177
43877672
43880044
43882430
43884975
43887385
43890003
43892592
43894987
43897622
43899817
43902319
43904689
43905947
43907689
43910118
43912470
43914851
43917378
43919463
43921698
43924026
43926512
43928778
43931053
43933380
43935519
43937383
43939802
43942352
43944992
43947280
43949750
43952223
43954980
43957324
43959679
43962143
43964823
43967169
43969505
43971353
43973196
43975322
43977255
43979267
43981366
43983388
43985690
43988028
43990266
43991936
43993889
43995924
43997667
43999883
44001895
44003992
44006460
44008589
44010645
44012792
44015216
44017409
44019886
44022108
44024391
44026828
44029213
44031078
44033278
44035648
44038163
44040731
44043257
44045831
44048183
44050773
44053485
44055940
44058516
44060826
44063521
44066040
44068593
44071025
44073643
44076337
44078856
44081000
44083475
44085812
44088145
44090448
44092638
44095105
44097556
44099837
44102076
44104376
44106820
44109358
44111663
44114228
44116774
44118916
44121167
44123487
44126065
44128345
44130218
44132425
44134778
44137017
44139227
44140909
44143361
44145859
44148218
44150657
44153085
44155459
44157627
44160172
44162622
44165102
44167215
44169725
44172196
44174996
44177483
44179957
44182237
44184417
44187181
44189932
44192550
44195020
44197423
44200021
44202430
44204891
44207363
44209896
44212642
44214813
44217023
44219196
44221154
44223337
44225752
44228296
44230716
44233191
44235533
44238011
44240161
44242634
44244902
44247403
44249696
44252074
44254512
44257043
44259514
44261810
44264252
44266664
44269090
44271521
44273997
44276525
44279081
44281669
44284138
44286560
44289031
44291330
44293798
44296194
44298661
44301096
44303559
44306010
44308395
44310788
44313129
44315457
44317823
44320405
44322862
44325251
44327586
44330111
44332481
44334941
44337429
44339746
44342209
44344610
44347024
44349535
44351988
44354187
44356193
44358566
44361004
44363451
44366033
44368502
44370935
44373361
44375766
44378264
44380685
44383128
44385509
44387888
44390357
44392568
44394979
44397392
44399977
44402453
44404955
44406782
44408668
44411134
44413209
44415660
44418012
44420431
44422771
44425285
44427625
44430228
44432549
44434943
44437430
44439894
44442469
44444933
44447413
44449897
44452327
44454790
44457324
44459883
44462399
44464814
44467446
44469879
44472443
44474685
44477246
44479904
44482324
44484871
44487470
44489923
44492646
44495090
44497658
44500116
44502218
44504545
44506928
44509265
44511452
44513838
44516439
44518823
44521272
44523892
44526193
44528630
44531145
44533720
44536255
44538735
44541222
44543638
44546057
44548501
44551005
44553361
44555759
44558167
44560617
44563092
44565618
44568102
44570584
44573140
44575824
44578292
44580734
44583171
44585840
44588353
44590751
44593328
44595768
44598044
44600568
44603030
44605696
44608117
44610524
44613246
44615647
44617847
44620359
44622991
44625562
44627773
44630368
44632314
44634528
44636933
44639354
44641735
44644246
44646348
44648757
44650841
44653096
44655226
44657816
44660264
44662676
44665053
44667597
44670291
44672762
44674816
44677455
44680113
44682668
44685408
44687960
44690254
44692906
44695601
44698146
44700276
44702579
44704765
44707336
44709735
44712227
44714456
44716994
44719434
44721534
44723144
44725056
44727341
44729595
44731094
44733092
44735475
44737956
44739687
44741552
44743733
44745970
44748150
44750513
44752694
44754881
44757121
44759430
44761791
44763907
44765941
44768025
44770112
44772343
44774634
44776508
44778393
44780405
44782572
44784723
44786707
44788981
44791446
44793918
44795437
44796527
44798839
44800866
44802781
44804620
44806348
44808507
44810752
44812996
44814779
44816984
44819219
44820693
44822688
44824695
44826672
44827931
44829309
44830746
44832403
44834933
44837443
44839767
44842049
44843959
44846608
44849207
44851895
44854354
44856868
44859373
44861936
44864602
44867073
44869626
44872116
44874719
44876681
44879038
44881422
44884012
44886685
44889100
44891800
44894750
44897468
44900208
44902647
44905128
44907820
44910569
44913023
44915278
44917780
44920073
44922733
44925131
44927543
44930219
44932860
44935382
44937767
44940320
44942590
44945074
44947545
44950397
44952719
44955264
44957758
44960516
44963016
44965736
44967869
44970527
44973002
44975669
44978278
44980798
44983178
44985640
44987836
44990219
44992789
44995476
44997631
45000013
45002198
45004222
45006236
45008193
45010019
45011596
45013427
45015396
45017763
45020114
45022551
45025077
45027798
45030467
45032952
45035500
45037769
45040275
45043031
45045586
45048259
45050987
45053482
45055963
45058801
45061560
45064150
45066800
45069271
45071846
45074532
45077252
45079827
45082128
45084738
45087331
45089864
45092507
45095035
45097612
45100142
45102681
45105288
45106724
45109206
45111889
45114663
45116544
45119177
45121752
45124751
45127350
45129935
45132311
45134798
45137500
45139699
45142179
45144782
45147375
45150054
45152581
45155125
45157586
45160101
45162580
45164718
45166820
45169010
45171619
45174287
45176753
45179242
45181452
45183531
45185654
45188080
45190643
45192956
45195583
45197895
45200487
45203084
45205576
45207235
45209797
45212216
45214909
45217648
45220309
45223029
45225143
45227604
45230374
45232809
45235412
45237879
45240550
45243028
45245707
45248041
45250525
45253239
45255797
45258399
45260998
45263580
45266208
45268770
45271396
45273727
45276546
45279070
45281637
45284010
45286240
45288512
45290717
45293117
45295668
45298327
45300894
45303043
45305020
45307482
45310006
45312662
45315260
45317727
45320329
45322810
45324986
45327129
45328876
45330743
45331987
45333031
45334503
45336985
45339364
45341035
45342976
45344949
45346827
45349133
45351925
45354577
45356992
45359392
45361924
45364802
45367476
45369804
45372403
45374972
45377632
45380258
45382981
45385638
45388005
45390470
45392853
45395367
45397802
45400185
45402659
45405272
45407810
45410634
45413458
45416295
45418633
45421213
45423556
45426299
45428765
45431085
45433239
45435622
45437984
45440655
45443183
45445786
45448391
45451109
45453505
45456107
45458581
45461153
45463647
45466101
45468452
45471284
45473492
45475854
45478119
45480470
45482745
45484725
45486863
45489447
45491511
45493895
45496163
45498014
45500110
45502539
45505044
45507270
45509008
45510769
45512867
45514931
45516944
45519065
45521104
45522975
45525498
45527687
45530036
45532195
45534406
45536798
45539045
45541404
45543714
45546099
45548554
45550683
45552950
45555275
45557560
45559934
45562204
45564651
45566830
45568871
45571197
45573914
45576424
45578679
45580977
45583143
45584743
45586562
45588635
45590617
45592707
45594878
45597084
45599330
45601500
45603647
45605909
45607839
45609926
45611931
45614001
45616028
45618015
45619920
45621650
45623171
45624787
45626582
45628508
45630596
45632704
45634898
45637198
45639408
45641407
45643424
45645568
45647583
45649778
45652029
45654219
45656220
45658458
45660540
45662736
45664712
45666851
45669074
45671232
45673517
45675611
45677746
45679976
45682273
45684161
45686180
45687839
45689895
45692180
45694439
45696618
45698934
45701475
45704181
45706888
45708993
45711185
45713533
45715871
45718413
45720813
45723159
45725002
45726610
45728853
45731372
45733686
45735948
45738309
45740451
45742497
45744782
45747180
45749462
45751246
45753682
45756129
45758560
45760899
45763166
45765230
45767433
45769727
45772035
45774315
45776565
45778763
45780945
45783230
45785436
45787736
45790100
45792196
45794499
45796847
45799240
45801700
45803740
45805876
45808395
45810778
45812609
45814901
45817189
45819566
45821843
45824104
45826297
45828532
45830694
45832849
45835321
45837637
45839765
45842060
45844577
45846874
45849152
45851518
45853813
45856151
45858373
45860496
45862753
45865224
45867614
45870081
45872414
45874874
45877223
45879479
45881813
45884111
45886308
45888614
45890662
45893125
45895627
45897968
45900177
45902648
45904901
45907019
45909296
45911607
45913852
45916219
45918519
45920952
45923003
45925169
45927449
45929637
45931838
45934070
45936404
45938650
45940736
45943077
45945612
45947884
45950118
45952587
45955007
45957396
45959769
45961963
45964024
45966165
45968221
45970502
45972828
45975230
45977425
45979614
45981964
45984391
45986730
45989155
45991726
45994220
45996442
45998891
46001285
46003736
46006188
46008542
46011020
46013548
46015799
46017946
46020289
46022822
46025008
46027355
46029527
46031288
46033293
46035119
46036917
46038990
46041317
46043738
46046074
46048581
46050898
46053363
46055825
46058268
46060614
46063069
46065631
46068037
46070679
46073107
46075353
46077785
46080290
46082762
46085302
46087703
46090232
46092618
46095069
46097366
46099736
46101930
46104192
46106523
46108942
46111152
46113761
46116102
46118518
46120851
46123326
46125774
46128024
46130279
46132339
46134201
46136682
46139255
46141526
46143995
46146447
46148830
46151439
46154007
46156483
46159220
46161882
46164370
46166615
46169038
46171648
46173975
46176334
46178639
46180953
46183434
46185417
46187572
46189587
46191758
46193657
46195665
46197711
46199862
46202315
46204467
46207004
46209327
46211808
46214072
46216389
46219017
46221212
46223727
46226271
46228863
46231151
46233496
46235873
46238398
46240589
46242067
46243907
46246031
46248046
46250133
46252561
46255047
46257379
46259930
46261489
46264255
46267000
46269374
46271801
46273679
46275839
46278098
46280018
46282132
46284408
46286480
46288812
46290973
46293343
46295708
46298241
46300846
46302757
46304621
46306675
46309284
46311368
46313422
46315456
46317662
46319597
46321761
46323982
46326073
46328750
46331124
46333327
46335806
46337988
46340307
46342422
46344892
46347241
46349431
46351979
46354445
46357018
46359390
46361602
46364196
46366733
46369255
46371802
46374262
46376666
46379235
46381994
46384387
46387123
46389667
46392124
46394292
46396400
46398771
46401063
46403386
46405702
46407644
46409927
46412041
46414053
46416374
46418451
46420719
46423151
46425442
46427916
46430319
46432625
46434576
46437168
46439673
46442161
46444367
46447048
46449491
46452163
46454616
46456956
46459469
46462057
46464463
46466730
46469063
46471561
46474194
46476401
46478779
46481172
46483716
46485946
46488290
46490440
46492757
46494955
46497599
46499996
46502448
46504889
46507103
46509440
46511667
46513623
46516211
46518458
46520882
46523209
46525532
46527930
46530468
46532850
46535075
46537541
46540125
46542459
46544673
46546870
46548888
46550977
46553106
46555345
46557608
46559864
46562133
46564326
46566961
46569378
46571743
46574110
46576605
46579164
46581731
46584279
46586482
46588802
46591588
46594012
46596570
46599352
46602026
46604465
46607244
46609640
46612078
46614105
46616527
46618926
46621521
46624233
46626759
46628909
46631503
46634032
46636477
46639021
46641695
46644514
46647079
46649622
46652158
46654744
46657269
46659735
46662192
46664572
46667184
46669313
46671911
46674198
46676706
46679231
46681565
46684138
46686614
46689024
46691595
46693944
46696123
46698569
46701045
46703364
46705777
46708228
46710753
46713222
46715642
46717780
46719511
46722067
46724501
46727080
46729423
46731715
46734130
46736467
46738829
46741250
46743729
46746215
46748714
46751053
46753576
46756048
46758307
46760943
46763484
46766004
46768763
46771154
46773534
46775878
46777844
46779931
46782541
46784959
46787406
46789822
46791940
46794305
46796427
46798645
46800776
46803304
46805848
46808245
46810496
46812558
46814582
46817035
46819095
46821518
46823873
46826177
46828342
46830610
46833147
46835657
46838080
46840625
46843227
46845654
46847829
46850043
46852157
46854533
46857028
46859610
46862162
46864680
46867307
46869682
46872180
46874754
46877329
46879798
46881719
46883982
46886274
46889335
46891569
46894842
46898576
46900570
46902703
46904965
46907139
46909399
46911810
46914089
46916404
46918681
46920886
46922960
46925213
46927398
46929677
46931667
46933540
46935369
46937286
46939345
46941468
46943586
46945657
46947740
46950067
46952422
46954558
46956721
46958967
46961339
46963654
46965940
46968397
46970856
46973412
46975764
46977966
46980107
46982176
46984614
46987057
46989448
46991854
46994234
46996861
46999614
47002286
47005054
47007389
47009424
47011568
47013859
47016496
47019157
47021930
47024097
47026741
47029474
47032166
47034728
47037211
47039597
47042292
47045015
47047620
47050023
47052462
47054431
47056402
47058659
47061296
47063820
47066271
47068572
47071225
47074439
47076767
47079192
47082563
47084994
47086955
47089046
47091533
47093982
47096340
47098657
47101036
47103537
47105999
47108350
47111046
47113526
47115588
47117859
47120336
47122684
47124849
47126898
47129157
47131651
47134035
47136277
47138450
47140782
47142959
47144883
47147094
47149391
47151864
47154294
47156839
47159191
47161939
47164527
47166903
47169128
47171358
47173674
47175963
47178397
47180669
47182784
47184782
47186887
47189128
47191320
47193634
47196222
47198641
47201163
47203817
47206236
47208576
47211038
47213613
47216073
47218346
47220477
47222926
47225272
47227406
47229773
47232001
47234201
47236487
47238853
47241074
47243626
47246206
47248598
47250842
47253064
47255538
47257996
47260352
47262718
47264952
47267385
47269749
47271998
47274410
47276747
47279072
47281066
47283691
47286032
47288323
47290492
47292782
47295257
47297725
47300133
47302499
47304986
47307240
47309584
47311922
47314135
47316323
47318896
47321327
47323862
47326299
47328781
47331172
47333654
47335403
47337666
47340111
47342640
47344787
47346849
47349399
47351898
47354515
47357024
47359372
47361893
47364171
47366535
47369143
47371327
47373894
47376515
47379305
47381660
47384385
47386864
47389347
47391788
47394226
47396804
47399269
47401958
47404434
47406930
47409612
47412087
47414469
47416550
47418441
47421003
47423445
47426006
47428574
47431072
47433523
47435670
47437830
47439304
47441394
47443758
47445902
47448284
47450625
47453045
47455289
47457692
47460061
47462600
47465065
47467394
47469844
47472139
47474414
47476865
47479169
47481559
47483939
47486422
47488828
47491303
47493765
47496254
47498787
47501365
47503794
47506193
47508502
47510873
47513477
47516081
47518589
47521004
47523576
47526113
47528838
47531588
47533893
47536434
47538747
47541375
47543840
47546385
47549009
47551526
47554030
47556453
47558964
47561449
47564153
47566578
47569071
47571524
47573883
47576320
47578693
47581139
47583645
47586195
47588461
47590815
47592868
47595113
47597458
47599920
47602348
47604498
47606729
47609166
47611658
47614121
47616357
47618887
47621302
47623741
47626180
47628512
47630996
47633053
47635450
47637699
47639811
47642169
47644321
47646792
47649138
47651505
47653849
47656272
47658533
47661142
47663659
47666066
47668317
47670744
47673347
47675887
47678095
47680322
47682744
47685071
47687630
47689958
47692213
47694561
47697247
47699718
47702134
47704551
47707008
47709136
47711212
47713588
47716124
47718462
47720763
47722966
47725160
47727485
47729849
47732120
47734383
47736672
47738991
47741211
47743334
47745447
47747715
47749873
47752324
47754784
47757076
47759291
47761561
47763870
47766079
47768225
47770473
47772744
47775047
47777297
47779629
47781876
47784120
47786501
47788996
47791351
47793475
47795917
47798316
47800711
47803066
47805476
47807857
47810375
47812668
47815033
47817358
47819724
47822064
47824532
47826937
47829181
47831624
47834064
47836612
47838943
47841113
47843429
47845778
47848138
47850483
47852902
47855377
47857816
47860105
47862544
47864865
47867168
47869530
47871971
47874249
47876537
47878923
47881210
47883662
47886157
47888438
47890899
47893150
47895600
47897883
47900283
47902734
47905084
47907528
47909876
47912357
47914723
47916994
47919403
47921836
47924245
47926784
47929262
47931527
47933977
47936381
47938457
47940804
47943175
47945549
47948048
47950239
47952548
47954992
47957213
47959372
47961524
47963658
47966024
47968442
47970833
47973301
47975558
47978001
47980241
47982740
47984844
47987420
47989708
47992003
47994255
47996457
47998117
48000528
48002889
48005345
48007737
48010114
48012599
48015007
48017328
48019591
48021861
48024157
48026673
48029176
48031591
48033899
48036327
48038761
48041196
48043542
48045808
48048228
48050722
48053178
48055492
48057668
48060179
48062833
48065154
48067513
48070020
48072338
48074695
48077132
48079618
48082093
48084650
48087063
48089599
48091847
48094319
48096501
48098911
48101292
48103766
48106138
48108732
48111407
48114082
48116504
48118983
48121229
48124012
48126602
48129283
48131941
48134482
48137025
48139490
48142162
48144698
48147156
48149573
48151529
48153682
48156140
48158452
48161293
48163940
48166645
48169083
48171445
48174008
48176477
48179129
48181732
48184208
48186705
48189284
48191767
48193436
48196059
48198638
48201319
48203969
48206768
48209200
48211627
48213807
48216207
48218704
48221309
48223775
48226091
48228100
48230267
48232422
48234615
48236985
48239418
48241976
48244398
48246866
48249283
48251900
48254657
48257475
48260189
48262904
48265566
48268091
48270591
48273122
48275239
48277335
48278979
48280767
48282654
48284649
48286738
48288924
48291163
48293277
48295827
48298239
48300521
48302995
48305443
48307684
48309942
48311957
48313584
48315184
48316897
48318904
48321150
48323398
48325653
48327948
48330372
48332819
48335131
48337443
48339774
48342094
48344490
48346822
48349150
48351521
48354000
48356305
48358773
48360984
48363075
48364687
48366276
48367946
48369571
48371603
48373917
48376326
48378667
48380954
48382654
48384366
48386741
48389056
48391543
48394169
48396678
48399302
48401738
48404294
48406676
48409306
48411624
48413886
48416289
48418739
48421104
48423556
48426080
48428535
48430788
48433238
48435522
48437865
48440069
48442216
48444453
48446641
48449133
48451665
48454028
48456534
48459101
48461647
48464147
48466778
48469361
48471662
48473697
48476078
48478420
48480171
48482538
48484532
48487032
48489572
48491920
48494427
48496880
48499411
48501902
48504372
48506834
48509415
48511865
48514108
48516714
48518912
48521289
48523711
48526271
48528881
48531451
48533980
48536325
48538906
48541132
48543399
48545842
48548268
48550796
48553283
48555905
48558459
48561055
48563640
48566041
48568530
48570975
48573264
48575781
48578376
48580802
48583423
48585778
48587860
48590212
48592550
48594973
48597540
48599946
48602566
48604728
48607380
48609839
48612415
48614945
48617445
48619780
48622352
48624827
48627276
48629874
48632411
48634833
48637360
48639884
48642339
48644964
48647358
48649794
48652171
48654493
48656817
48659275
48661750
48664221
48666695
48669294
48671824
48674324
48676900
48679384
48681894
48684457
48686963
48689344
48691737
48694074
48696520
48698926
48701376
48703795
48706434
48709013
48711474
48713951
48716309
48718700
48720972
48723348
48725902
48728388
48730837
48733389
48735630
48738109
48740687
48743165
48745667
48748222
48750419
48752673
48755048
48757639
48760023
48762540
48764980
48767512
48770014
48772477
48775021
48777088
48779701
48782244
48785009
48787707
48790092
48792664
48795158
48797767
48800433
48803018
48805590
48808042
48810723
48813113
48815669
48818196
48820750
48823433
48826071
48828583
48831235
48833749
48836310
48838799
48841421
48843924
48846414
48848835
48851463
48854053
48856596
48859226
48861992
48864408
48867001
48869530
48872120
48874708
48877232
48879839
48882374
48884889
48887240
48889735
48892371
48894860
48897533
48899894
48902372
48904966
48907553
48910162
48912626
48915218
48918027
48920601
48923222
48925816
48928320
48930982
48933645
48936141
48938715
48941221
48943866
48946373
48948984
48951356
48954130
48956735
48959164
48961691
48964181
48966734
48969124
48971673
48974321
48976858
48979549
48982066
48984413
48986930
48989385
48991773
48994133
48996654
48999144
49001768
49004212
49006386
49008289
49010200
49012034
49014405
49016728
49019285
49021928
49024601
49027221
49029791
49032359
49034991
49037541
49040093
49042619
49045080
49047590
49050112
49052624
49055175
49057755
49060159
49062632
49065192
49067631
49069772
49071911
49074088
49076478
49079064
49081517
49083938
49086156
49088644
49091061
49093666
49095763
49097843
49100367
49102848
49105500
49107970
49110386
49112717
49115119
49117305
49119315
49121437
49123631
49126066
49128322
49130331
49132413
49134678
49136999
49139477
49141970
49144370
49146783
49149160
49151511
49153945
49156510
49158768
49161093
49163707
49166329
49168722
49170986
49173481
49175928
49178416
49180869
49183422
49185922
49188379
49190910
49193427
49195756
49198161
49200552
49203076
49205492
49207702
49210255
49212869
49215357
49217761
49220324
49222838
49225246
49227824
49230407
49232811
49235276
49237518
49239893
49242258
49244742
49247233
49249728
49252003
49254335
49256557
49258356
49260133
49261830
49263616
49265969
49268420
49270768
49273256
49275723
49278165
49280580
49282687
49284329
49286106
49287883
49289849
49292241
49294606
49297134
49299581
49302091
49304214
49306664
49308973
49311520
49313878
49316007
49318507
49321067
49323633
49325989
49328569
49330854
49333224
49335660
49338154
49340802
49343293
49345912
49348298
49350694
49353185
49355723
49358238
49360736
49363165
49365671
49368112
49370598
49372765
49375156
49377551
49379681
49381585
49383801
49386102
49388576
49391055
49393383
49395794
49398138
49400538
49402909
49405166
49407368
49409956
49412413
49414850
49417458
49419959
49422425
49424876
49427224
49429627
49432049
49434562
49436956
49439415
49441732
49444080
49446431
49448966
49451587
49453991
49456534
49458997
49461356
49463717
49466102
49468690
49471109
49473471
49475892
49478307
49480568
49482827
49485045
49487312
49489708
49492211
49494488
49496663
49499007
49501381
49503552
49505868
49508273
49510508
49512473
49514624
49516476
49518876
49521365
49523831
49526258
49528742
49531114
49533651
49536020
49538433
49540944
49542968
49545358
49547551
49549686
49551977
49554087
49556016
49558089
49560329
49562209
49563955
49565712
49567440
49569623
49571895
49574107
49576412
49578745
49581108
49583426
49585883
49588363
49590938
49593173
49595389
49597803
49600086
49602148
49604251
49606608
49609300
49611853
49614265
49616836
49619153
49621417
49623805
49626374
49628779
49631291
49633831
49636179
49638582
49641118
49643516
49645865
49648299
49650667
49652850
49654900
49656709
49658513
49660716
49663021
49665713
49668079
49670589
49672903
49675243
49677711
49680114
49682395
49684893
49687253
49689665
49691964
49694256
49696662
49699053
49701357
49703698
49705879
49707880
49710198
49712607
49714967
49717102
49719316
49721594
49724036
49726334
49728886
49731237
49733438
49735643
49737780
49739482
49741179
49742882
49744778
49747098
49749183
49751330
49753556
49755803
49758148
49760444
49762653
49764956
49767427
49769777
49772182
49774593
49777095
49779540
49782127
49784629
49787072
49789428
49791819
49794348
49796734
49799135
49801390
49803705
49806199
49808806
49811205
49813800
49816181
49818682
49821083
49823587
49825975
49828385
49830583
49832438
49834310
49836426
49838704
49841117
49843494
49845753
49847949
49850279
49852737
49855128
49857538
49860016
49862420
49864925
49867218
49869603
49871988
49874157
49875585
49877200
49878703
49880408
49882074
49884037
49886403
49888918
49891480
49894000
49896497
49898835
49901163
49903653
49906095
49908580
49911037
49913317
49915445
49917193
49918930
49920805
49922998
49925430
49927716
49930072
49932259
49934319
49935999
49937628
49939331
49941179
49943493
49946026
49948090
49949731
49951980
49954427
49956789
49958859
49961289
49963789
49966173
49968642
49970937
49973281
49975678
49978028
49980293
49982770
49985053
49987504
49990013
49992411
49994842
49997222
49999726
50002179
50004601
50007145
50009691
50012091
50014493
50017108
50019409
50021919
50024144
50026867
50029471
50032088
50034575
50036904
50039483
50042053
50044568
50047042
50049263
50051720
50054134
50056497
50058832
50061348
50063775
50066171
50068576
50070925
50073272
50075739
50078104
50080529
50082946
50085454
50087753
50090287
50092650
50095088
50097678
50100215
50102626
50104982
50107442
50109819
50112163
50114502
50116992
50119251
50121567
50124182
50126611
50128991
50131555
50133865
50136239
50138713
50141144
50143577
50145892
50148438
50150766
50153375
50155916
50158350
50160562
50163171
50165405
50167493
50169783
50172193
50174663
50177166
50179447
50181826
50184290
50186759
50189158
50191644
50193933
50196149
50198744
50200944
50203327
50205800
50208212
50210629
50213093
50215520
50217877
50220305
50222648
50224975
50227303
50229633
50231989
50234415
50236800
50239027
50241307
50243670
50246058
50248387
50250909
50253341
50255818
50258333
50260737
50263198
50265603
50268055
50270539
50272891
50275408
50277827
50280215
50282502
50284827
50287178
50289504
50291821
50294095
50296591
50298855
50301333
50303965
50306381
50308848
50311347
50313798
50316175
50318643
50321133
50323630
50326218
50328662
50331303
50333563
50335928
50338482
50340993
50343561
50346023
50348506
50350787
50353116
50355558
50358070
50360213
50362623
50365143
50367414
50369434
50371657
50374078
50376461
50378858
50381157
50382884
50385348
50387971
50390378
50392955
50395446
50397998
50400406
50402837
50405262
50407668
50410169
50412607
50415055
50417169
50419032
50420887
50422899
50424905
50426889
50429150
50431450
50434035
50436435
50438794
50441348
50443816
50446433
50448822
50451361
50453831
50456473
50458853
50461368
50463954
50466686
50469048
50471644
50474247
50476841
50479391
50481978
50484615
50486955
50489570
50491820
50494284
50496826
50499328
50501849
50504290
50506807
50509154
50511475
50513896
50516536
50518878
50521210
50523834
50526169
50528611
50531120
50533841
50536290
50538772
50541313
50543898
50546262
50548638
50551090
50553571
50555965
50558324
50560798
50563168
50565775
50568454
50571042
50573657
50575879
50578352
50581066
50583700
50586048
50588431
50590860
50593236
50595521
50597974
50600338
50602630
50605175
50607564
50610045
50612565
50614912
50617322
50619603
50621846
50624153
50626595
50629026
50631300
50633931
50636371
50638548
50640782
50642963
50645409
50647781
50650017
50652292
50654662
50656980
50659421
50661848
50664140
50666574
50669108
50671528
50673817
50676245
50678407
50680727
50683013
50685421
50687569
50689719
50691913
50694139
50696438
50698970
50701498
50704080
50706551
50708835
50711059
50713295
50715585
50717891
50720247
50722593
50724958
50727351
50729535
50731861
50734336
50736693
50739138
50741398
50743769
50746108
50748278
50750619
50752865
50755221
50757537
50759478
50761427
50763419
50765733
50767999
50770253
50772703
50775200
50777634
50780006
50782376
50784935
50787362
50789628
50792266
50794717
50797129
50799501
50801976
50804511
50806955
50809366
50811818
50814081
50816304
50818842
50821113
50823597
50825945
50828214
50830772
50833279
50835737
50837974
50840549
50843053
50845537
50847770
50850125
50852555
50855049
50857681
50860144
50862459
50864541
50866569
50868907
50871281
50873579
50875888
50878654
50881289
50883689
50885816
50887692
50889562
50891674
50894062
50896508
50899147
50901568
50904025
50905980
50907938
50909992
50912185
50914716
50917407
50919551
50921815
50924047
50926517
50928791
50931077
50933463
50936099
50938578
50940949
50943265
50945715
50948365
50950828
50952928
50955206
50957651
50959880
50962129
50964868
50967196
50969220
50971212
50973868
50975997
50978121
50980409
50983005
50985754
50988165
50990528
50992902
50995342
50997870
51000266
51003125
51005572
51008105
51010468
51012949
51015334
51017633
51020404
51022781
51025194
51027722
51030149
51032543
51034835
51037192
51039711
51042090
51044459
51046950
51049475
51051896
51054432
51056803
51059307
51061761
51064332
51066884
51069324
51072086
51074623
51077303
51079757
51082174
51084790
51087254
51089755
51092215
51094701
51097187
51099525
51101824
51104190
51106780
51109259
51111663
51114013
51116512
51118927
51121507
51123915
51126180
51128555
51131012
51133349
51135669
51138017
51140462
51143001
51145613
51147943
51150517
51152985
51155430
51157842
51160375
51162805
51165101
51167812
51170472
51172829
51175319
51177906
51180066
51182632
51185153
51187662
51190226
51192861
51195419
51197917
51200400
51202770
51205342
51207704
51210268
51212703
51215274
51217724
51220093
51222622
51225267
51227707
51230087
51232606
51235072
51237031
51239230
51241577
51243984
51246372
51248601
51250934
51253031
51255291
51257625
51259960
51262488
51264825
51267277
51269899
51272221
51274616
51276867
51279136
51281569
51284155
51286726
51289420
51291830
51294409
51296672
51299093
51301666
51303577
51306109
51308548
51310909
51313225
51315547
51317973
51320448
51322774
51325335
51327816
51330308
51332476
51334971
51337312
51339819
51342253
51344749
51346949
51349365
51351757
51354094
51356621
51358915
51361207
51363720
51366029
51368539
51370869
51373096
51375326
51377690
51379993
51382432
51384707
51386788
51388669
51390774
51393075
51395470
51397860
51400144
51402460
51404724
51407002
51409270
51411507
51414001
51416426
51418972
51421524
51423965
51426496
51428885
51431066
51433519
51435851
51438333
51440793
51443313
51445749
51448120
51450438
51452716
51455169
51457572
51459938
51462340
51464731
51467187
51469537
51472025
51474440
51476533
51478619
51480990
51483269
51485614
51487871
51490190
51492330
51494447
51497036
51499306
51501565
51504016
51506221
51508409
51510784
51513108
51515518
51517768
51519404
51522031
51524847
51527516
51530107
51532611
51535027
51537635
51540321
51542669
51545270
51547723
51550403
51552886
51555446
51557975
51560411
51563027
51565446
51568095
51570587
51573163
51575392
51577812
51580395
51583102
51585549
51587974
51590415
51592542
51594994
51597217
51599688
51602121
51604549
51606855
51609079
51611540
51614173
51616754
51618830
51621361
51623986
51626501
51629059
51631359
51633696
51636149
51638726
51641288
51643811
51646249
51648631
51651023
51653482
51656172
51658670
51661152
51663378
51665837
51668364
51670864
51673463
51675990
51678410
51681026
51683436
51685890
51688478
51691340
51693905
51696629
51699124
51701665
51704076
51706539
51709091
51711441
51713279
51715735
51718358
51720832
51723432
51725869
51728543
51730678
51733104
51735640
51738201
51740790
51743424
51746025
51748476
51750903
51753392
51755945
51758480
51761022
51763396
51766103
51768434
51770983
51773427
51776117
51778759
51781111
51783617
51785898
51788124
51790068
51792004
51794519
51796793
51799374
51801887
51804460
51807058
51809776
51812285
51814741
51817251
51819937
51822736
51825440
51828209
51830698
51833283
51835715
51838139
51840639
51843086
51845193
51846716
51848563
51850765
51853006
51855444
51857813
51860270
51862718
51865152
51867602
51870127
51872513
51874817
51877219
51879124
51881514
51884066
51886529
51888956
51891463
51893909
51896558
51899003
51901500
51903929
51906328
51908397
51910884
51913231
51915613
51918164
51920438
51923000
51925445
51928029
51930451
51933101
51935459
51937830
51940365
51942996
51945646
51948217
51950667
51953374
51955907
51958547
51960928
51963523
51966052
51968373
51970914
51973234
51975834
51978361
51980806
51983196
51985708
51988140
51990409
51992728
51995085
51997623
52000079
52002470
52004789
52007083
52009492
52011774
52014048
52016698
52018992
52021140
52023716
52026255
52028665
52031302
52033316
52035553
52038084
52040479
52042769
52045346
52047944
52050477
52052987
52055275
52057229
52059495
52061865
52064105
52066440
52068723
52071251
52073479
52075595
52077797
52080215
52082535
52084963
52087363
52089832
52092248
52094312
52096352
52098979
52101699
52104116
52106701
52109036
52111606
52114125
52116678
52119301
52121827
52124398
52127044
52129914
52132411
52134913
52137185
52139633
52142061
52144037
52146571
52148925
52151320
52153707
52156010
52158418
52160658
52162946
52165300
52167725
52170184
52172336
52174678
52176764
52178750
52180965
52182589
52184682
52186924
52189214
52191579
52193947
52196296
52198642
52201032
52203386
52205573
52208031
52210451
52212905
52215334
52217719
52220106
52222561
52224916
52227160
52229791
52232041
52234368
52236967
52238854
52241018
52243394
52245871
52248207
52250697
52252965
52255401
52257568
52260011
52262580
52264936
52267314
52269698
52271969
52274331
52276689
52279021
52281425
52283937
52286261
52288576
52290992
52293269
52295637
52297975
52300338
52302621
52304996
52307214
52309547
52311972
52314516
52316765
52319141
52321285
52323466
52325663
52327990
52330519
52332822
52335167
52337575
52340021
52342401
52344514
52346842
52349337
52351678
52353606
52355466
52357361
52359123
52360883
52362888
52365080
52367112
52369518
52372025
52374503
52376964
52379150
52381396
52383568
52385834
52388263
52390589
52392790
52395188
52397430
52399556
52401932
52404270
52406329
52408580
52410790
52413304
52415464
52417569
52419767
52422028
52424379
52426578
52428957
52431258
52433801
52436294
52438785
52441277
52443480
52445629
52448110
52450325
52452662
52455152
52457384
52459659
52462045
52464376
52466726
52469288
52471636
52474096
52476282
52478633
52481064
52483459
52485988
52488499
52490886
52493327
52495777
52498286
52500513
52502866
52505298
52507690
52510088
52512435
52514672
52517084
52519484
52521730
52524007
52526154
52528383
52530769
52532964
52535245
52537639
52539810
52541833
52544181
52546468
52548843
52551289
52553272
52555300
52557900
52560320
52562884
52565472
52568196
52570866
52573266
52575903
52578485
52581156
52583675
52586299
52588765
52591450
52594140
52596806
52599255
52602009
52604123
52606681
52609058
52611361
52613946
52616436
52619046
52621620
52624107
52626466
52629052
52631663
52633750
52636491
52639037
52641460
52643853
52646159
52648712
52650880
52653217
52655730
52658110
52660598
52663078
52665430
52667987
52670539
52673033
52675729
52678352
52680934
52683365
52685967
52688217
52690908
52693325
52695713
52697972
52700081
52702894
52705243
52707741
52710201
52712512
52714928
52717367
52719796
52721863
52724265
52726482
52728757
52731167
52733480
52735746
52738089
52740450
52742666
52744775
52747053
52749514
52751853
52754151
52756352
52758618
52760992
52763417
52765966
52768190
52770572
52772826
52775183
52777386
52779792
52782127
52784307
52786767
52789326
52791615
52794140
52796624
52798222
52800452
52802802
52805086
52807523
52810049
52812376
52814889
52817154
52819457
52821626
52824167
52826659
52829063
52831281
52833693
52835991
52838346
52840498
52842749
52844551
52846988
52849173
52851384
52853641
52856035
52858197
52860445
52862746
52865159
52867596
52869633
52871401
52873782
52876195
52878672
52881011
52883432
52885573
52887864
52890204
52892474
52894759
52897272
52899485
52901896
52904180
52906325
52908578
52910902
52913320
52915819
52918402
52921007
52923162
52925812
52928011
52930493
52933243
52935598
52938323
52941028
52943575
52946072
52948518
52951032
52953517
52956085
52958561
52960847
52963235
52965875
52968536
52971172
52973903
52976302
52978692
52981168
52983641
52986357
52988997
52991645
52994229
52996839
52999346
53001892
53004427
53006906
53009232
53011752
53014180
53016603
53019407
53022035
53024987
53027654
53030403
53033011
53035624
53038146
53040720
53043362
53046180
53048828
53051523
53054245
53056751
53059457
53062093
53064142
53066610
53069028
53071123
53073418
53075682
53077820
53079812
53081942
53084228
53086482
53088804
53090724
53092821
53094846
53096572
53098268
53100101
53101708
53103810
53106106
53108268
53110598
53113150
53115041
53117263
53119633
53121967
53124510
53126799
53129217
53131655
53134220
53136417
53138767
53141171
53143443
53145806
53148053
53150534
53152980
53155426
53157971
53160444
53162856
53165138
53167582
53169393
53171824
53174024
53176538
53178938
53181245
53183736
53186128
53188652
53191062
53193420
53196232
53198362
53200974
53203573
53206044
53208529
53210606
53212515
53214596
53216876
53219218
53221053
53223576
53225749
53228042
53230505
53233068
53235453
53237826
53239868
53242353
53244954
53247470
53250156
53252729
53255356
53257858
53260424
53262860
53265470
53268105
53270976
53273543
53275997
53278077
53280573
53283130
53285525
53287950
53290321
53292822
53295426
53297927
53300331
53302641
53305160
53307515
53309878
53312163
53314553
53316835
53319314
53321634
53324135
53326477
53328288
53330543
53333257
53335852
53338447
53340916
53343333
53345836
53348162
53350585
53353130
53355544
53358067
53360662
53362929
53365252
53367544
53369843
53371914
53374312
53376539
53378686
53381079
53383472
53385859
53388537
53390856
53393195
53395681
53397991
53400359
53402703
53405175
53407551
53409471
53411782
53414109
53416628
53419192
53421721
53424203
53426372
53428498
53430862
53433393
53435765
53438342
53440216
53442798
53445240
53448055
53450694
53453524
53455992
53458304
53459955
53461693
53464143
53466487
53468815
53470952
53473572
53476239
53478791
53481409
53483875
53486334
53488801
53491354
53493831
53496472
53498820
53501020
53502775
53504807
53506882
53508895
53510851
53513269
53515450
53517785
53520164
53522332
53524713
53526747
53528973
53531177
53533444
53535957
53538344
53540598
53543024
53545256
53547678
53550090
53552267
53554682
53556393
53558470
53560899
53563420
53566185
53568827
53571354
53573764
53576252
53578668
53581054
53583792
53586301
53588712
53591197
53593625
53595417
53597665
53600197
53602630
53605300
53607839
53610517
53613061
53615498
53618044
53620543
53622985
53625632
53628010
53630506
53632580
53634164
53636875
53639192
53641630
53644094
53646545
53648916
53651395
53653858
53656317
53658654
53661046
53663548
53665882
53668368
53670864
53673332
53675762
53678055
53680493
53682965
53685440
53687724
53690033
53692463
53694781
53697313
53699720
53702064
53704460
53706963
53709323
53711659
53714130
53716479
53719106
53721449
53723888
53726302
53728795
53731196
53733620
53736114
53738303
53740205
53742724
53745377
53747850
53750352
53752972
53755359
53757845
53760346
53762898
53765484
53768071
53770592
53772942
53775536
53778186
53780732
53783243
53785740
53788155
53790416
53792423
53794803
53797157
53799594
53801993
53804294
53806634
53809099
53811488
53814030
53816610
53819075
53821573
53824106
53826358
53828689
53830910
53833323
53835761
53838057
53840372
53842854
53845143
53847438
53850061
53852549
53855433
53858008
53860560
53863014
53865565
53867851
53870346
53872906
53875358
53878005
53880451
53883094
53885570
53888082
53890390
53893127
53895487
53897967
53900473
53903055
53905278
53907703
53909990
53912578
53915137
53917719
53920119
53922511
53924934
53927403
53929934
53932476
53935005
53937301
53939657
53942025
53944462
53946182
53948055
53950653
53952755
53955120
53957443
53959595
53961986
53964199
53966554
53968976
53971296
53973845
53976465
53979162
53981657
53984149
53986852
53989556
53992082
53994464
53996852
53999388
54001638
54003368
54005158
54007363
54009769
54012064
54014155
54016259
54018596
54021056
54023266
54025591
54028037
54030624
54033187
54035678
54038315
54040826
54043356
54045663
54048013
54050516
54052858
54054674
54057227
54059723
54062300
54064845
54067363
54070097
54072701
54075224
54078039
54080705
54083312
54085976
54088633
54091242
54093931
54096363
54099046
54101756
54104410
54106861
54109565
54112239
54115114
54117611
54119998
54121982
54124359
54126776
54129191
54131505
54133742
54136229
54138488
54140558
54142831
54145105
54147598
54150079
54152460
54154730
54157129
54159475
54161899
54164313
54166697
54169017
54171322
54173691
54175972
54178406
54180603
54183096
54185482
54187951
54190431
54192848
54195331
54197718
54199707
54201723
54204219
54206441
54208708
54211080
54213639
54216242
54218580
54220812
54222858
54224952
54226926
54228982
54231119
54233178
54234815
54236983
54238945
54240908
54242746
54244632
54246755
54248969
54251107
54253047
54255165
54257352
54259342
54261472
54263689
54265891
54268125
54270332
54272609
54274699
54276838
54278904
54281025
54283031
54285360
54287501
54289576
54291600
54293810
54296036
54298486
54300752
54302958
54305001
54307181
54309387
54311525
54313617
54315867
54317966
54320092
54322395
54324588
54326801
54329080
54331239
54333342
54335562
54337685
54339854
54342035
54344166
54346323
54348535
54350789
54353015
54355216
54357288
54359634
54361937
54364238
54366626
54368933
54370959
54373256
54375444
54377712
54379839
54381816
54383915
54386116
54388470
54390699
54392892
54395024
54397021
54399073
54401166
54403051
54404826
54406308
54407713
54409824
54412018
54414471
54416837
54419185
54421633
54424082
54426389
54428774
54431229
54433508
54435930
54438134
54440703
54443063
54445416
54447990
54450354
54452791
54455159
54457587
54459178
54461586
54463810
54466039
54468444
54470758
54473188
54475372
54477576
54479980
54482347
54484609
54486902
54488756
54490591
54492622
54495018
54497732
54500113
54502553
54504850
54507056
54509245
54511467
54513988
54516117
54518707
54521148
54523675
54526182
54528725
54531328
54533756
54536183
54539012
54541266
54543197
54545544
54547960
54550129
54552539
54554932
54557434
54559976
54561912
54563280
54565652
54568028
54570368
54572831
54575152
54577726
54580346
54582767
54585178
54587444
54589830
54592413
54594646
54597121
54599395
54601599
54603847
54606092
54608232
54609849
54611856
54613915
54616042
54618123
54620366
54622448
54624394
54626605
54629360
54631729
54634072
54636471
54638821
54641032
54643505
54645794
54648159
54650612
54653001
54654911
54657022
54659376
54661835
54664237
54666495
54669017
54671077
54673347
54675629
54677908
54679977
54682200
54684578
54686691
54689139
54691530
54693903
54696224
54698677
54700802
54703002
54705484
54707962
54710205
54712562
54715262
54717378
54719852
54722474
54725179
54727902
54730510
54732868
54735496
54738020
54740477
54742982
54745294
54747792
54750134
54752716
54754858
54757129
54758929
54761216
54763629
54765719
54768263
54770872
54773429
54775827
54778212
54780845
54783016
54785594
54787711
54789957
54792537
54795019
54797475
54799941
54801834
54804573
54806895
54808999
54811523
54813745
54815957
54818464
54820763
54823206
54825809
54828385
54831164
54833788
54836416
54839021
54841401
54843856
54846250
54848803
54851378
54853495
54855657
54858169
54860829
54863439
54865855
54868432
54871016
54873473
54875947
54878506
54881129
54883701
54886219
54887976
54890621
54893340
54895681
54898102
54900230
54902270
54904542
54907059
54909253
54911561
54913762
54916091
54918298
54920527
54922919
54925229
54927685
54930314
54932954
54935475
54937695
54940173
54942707
54945183
54947702
54950022
54952437
54954951
54957470
54959965
54962633
54965141
54967420
54969933
54972436
54975077
54977623
54979997
54982227
54984660
54986936
54989556
54991997
54994401
54996731
54998972
55001199
55003550
55005955
55008138
55010241
55012630
55015046
55017413
55019889
55022260
55024553
55026697
55028723
55030960
55033412
55036110
55038615
55040523
55043051
55045375
55047661
55050034
55052300
55054449
55056517
55058450
55060478
55062739
55064858
55067079
55069422
55071784
55074167
55076750
55079079
55081353
55083765
55086268
55088743
55091110
55093705
55096008
55098398
55100731
55103152
55105625
55107896
55110411
55112859
55115293
55117573
55119885
55122274
55124733
55126989
55129282
55131816
55134372
55136704
55138964
55141398
55143738
55146108
55148459
55150931
55153512
55155908
55158315
55160762
55163315
55165861
55168200
55170802
55173272
55175704
55178131
55180481
55182753
55185054
55187416
55189756
55192114
55194506
55196935
55199367
55201556
55203988
55206574
55208900
55211296
55213709
55215396
55217397
55219836
55222123
55224533
55227034
55229421
55232018
55234438
55236981
55239467
55241995
55244364
55246747
55249161
55251539
55253874
55256196
55258504
55260791
55263042
55265393
55267732
55270099
55272519
55274788
55277061
55279332
55281652
55284008
55286329
55288621
55291008
55293369
55295572
55297717
55300057
55302398
55304732
55307074
55309351
55311770
55314166
55316451
55318727
55321231
55323856
55326223
55328418
55330755
55333122
55335341
55337722
55340016
55342266
55344390
55346558
55348860
55351122
55353452
55355755
55358150
55360530
55362921
55365413
55367765
55369998
55372388
55374729
55377167
55379579
55381964
55384177
55386694
55389296
55391731
55394262
55396680
55398931
55401334
55403699
55406043
55408307
55410587
55412754
55415084
55417421
55419691
55422033
55424517
55426844
55429152
55431438
55433695
55435894
55438164
55440538
55442959
55445531
55447831
55450223
55452567
55455037
55457362
55459678
55461819
55464316
55466609
55468945
55471422
55473903
55476284
55478601
55481009
55483402
55485776
55488069
55490364
55492678
55494845
55497018
55499119
55501406
55503907
55506336
55508624
55511011
55513416
55515795
55518248
55520543
55522927
55525205
55527408
55529572
55531916
55534253
55536582
55538890
55541211
55543682
55546009
55548245
55550588
55552930
55555212
55557466
55559852
55562103
55564137
55566134
55568236
55570555
55572906
55575255
55577603
55579869
55582140
55584570
55587009
55589469
55591914
55594438
55596669
55599002
55601198
55603520
55605829
55608020
55610236
55612537
55614812
55617226
55619526
55621914
55624419
55626726
55629135
55631562
55633992
55636329
55638590
55641060
55643418
55645860
55648273
55650641
55652935
55655434
55657844
55660496
55662346
55663443
55664517
55665612
55666815
55667971
55670180
55672526
55675036
55677307
55679845
55682023
55684401
55686671
55689077
55691385
55693624
55695791
55698259
55700514
55702918
55705270
55707490
55709751
55712229
55714473
55716729
55719122
55721632
55723907
55726176
55728383
55730537
55732746
55735108
55737565
55739804
55742115
55744603
55746930
55749135
55751541
55754129
55756682
55759077
55761427
55763606
55765719
55768113
55770543
55772964
55775370
55777787
55780139
55782415
55784487
55786709
55788924
55791291
55793384
55795404
55797786
55800012
55802348
55804469
55806743
55808947
55811212
55813534
55815757
55817978
55820333
55822703
55825183
55827546
55829928
55832197
55834393
55836843
55839245
55841550
55843716
55846045
55848324
55850662
55853028
55855439
55857811
55860132
55862544
55864776
55867046
55869437
55871693
55873993
55876287
55878793
55880986
55883310
55885907
55888376
55890651
55892955
55895361
55897776
55900135
55902326
55904630
55907002
55909323
55911627
55913817
55916198
55918504
55920951
55923256
55925629
55927900
55930060
55932300
55934598
55936952
55939210
55941453
55943687
55946027
55948312
55950655
55953028
55955378
55957774
55960140
55962472
55964731
55967079
55969297
55971579
55973859
55976279
55978741
55981116
55983463
55985716
55987977
55990439
55992760
55995041
55997329
55999608
56002003
56004251
56006601
56008972
56011164
56013318
56015525
56017761
56019965
56022363
56024669
56027029
56029374
56031712
56034101
56036538
56038746
56040986
56043343
56045699
56048066
56050127
56052317
56054676
56056958
56059274
56061628
56063879
56066237
56068566
56070889
56073040
56075253
56077520
56079798
56082256
56084634
56086986
56089185
56091189
56093251
56095605
56097840
56100100
56102450
56104847
56107216
56109339
56111642
56113957
56116324
56118705
56121078
56123323
56125571
56127799
56130190
56132519
56134855
56137080
56139450
56141904
56144464
56146863
56149361
56151926
56154215
56156764
56158925
56161378
56163802
56166232
56168657
56171029
56173512
56176227
56178631
56181258
56183630
56186026
56188492
56190832
56193342
56195799
56198177
56200660
56203208
56205622
56208017
56210490
56212925
56215272
56217814
56220394
56222856
56225361
56227819
56230194
56232621
56234972
56237233
56239760
56242134
56244178
56246432
56248784
56251352
56253669
56255940
56258445
56260887
56263278
56265680
56268037
56270460
56272663
56274811
56277160
56279551
56281689
56284066
56286476
56288887
56291273
56293699
56296159
56298602
56300874
56303365
56305768
56308125
56310542
56312804
56315245
56317649
56320209
56322518
56324969
56327236
56329502
56331982
56334182
56336342
56338641
56341133
56343404
56345916
56348388
56350769
56353118
56355615
56358044
56360593
56363010
56365479
56370261
56372673
56375048
56377430
56379999
56382455
56385059
56387528
56390075
56392277
56394829
56397262
56399797
56402116
56404444
56406803
56409265
56411768
56414252
56416555
56419061
56421537
56424168
56426575
56428975
56431438
56433652
56436248
56438866
56441439
56443952
56446311
56448710
56451071
56453477
56455862
56458350
56460909
56463431
56465945
56468452
56471094
56473459
56475877
56478114
56480484
56483252
56485703
56488219
56490585
56492968
56495408
56497911
56500438
56502812
56505393
56507847
56510388
56512786
56515292
56517732
56520053
56522402
56524721
56527240
56529820
56532069
56534475
56536982
56539302
56541793
56544387
56546873
56549502
56551905
56554360
56556654
56559184
56561452
56564036
56566607
56569043
56571493
56573914
56576262
56578569
56580572
56583273
56585876
56588313
56590645
56593224
56595515
56597882
56600439
56602927
56605508
56607951
56610425
56612836
56615187
56617529
56620123
56622606
56625072
56627841
56630313
56632859
56635373
56637778
56640333
56642814
56645179
56647298
56649787
56652183
56654575
56657165
56659390
56661838
56664290
56666588
56669184
56671529
56673931
56676414
56678835
56681161
56683455
56685906
56688415
56690836
56693205
56695732
56698114
56700554
56702889
56705101
56707444
56709592
56712148
56714265
56716698
56718856
56721113
56723546
56725955
56728527
56730935
56733200
56735419
56737752
56740096
56742254
56744505
56747030
56749474
56751628
56753943
56756218
56758532
56760955
56763383
56765752
56768055
56770646
56772959
56775495
56777938
56780422
56782816
56785165
56787549
56789780
56792060
56793968
56796293
56798564
56801084
56803484
56805772
56808197
56810587
56813024
56815310
56817695
56819854
56822241
56824712
56827070
56829295
56831362
56833414
56835540
56837840
56840118
56842360
56844569
56846824
56848935
56851107
56853421
56855680
56858023
56860266
56862461
56864739
56866924
56869107
56871327
56873674
56875785
56877920
56880191
56882333
56884563
56886453
56888631
56890890
56892986
56895364
56897623
56899819
56902120
56904266
56906525
56908434
56910734
56912765
56914966
56917065
56919145
56921452
56923661
56925927
56928225
56930438
56932578
56934666
56936920
56939300
56941380
56943454
56945557
56947619
56949688
56951691
56953683
56955742
56957887
56960053
56962206
56964417
56966427
56968529
56970729
56972818
56975080
56977297
56979531
56982074
56984240
56986503
56988652
56991031
56993503
56995979
56998277
57000683
57003052
57005344
57007801
57010191
57012371
57014771
57016763
57019020
57021350
57023725
57026017
57028173
57030462
57032800
57034999
57037178
57039558
57041981
57044366
57046655
57048986
57051273
57053595
57055705
57057794
57059957
57062304
57064668
57066979
57069240
57071551
57073754
57076108
57078492
57080832
57083261
57085569
57087736
57090081
57092339
57094693
57097002
57099358
57101665
57104036
57106251
57108432
57110704
57113117
57115472
57117721
57120051
57122197
57124502
57126860
57129149
57131509
57134002
57136287
57138544
57140972
57143202
57145391
57147660
57149892
57152128
57154266
57156482
57158811
57161079
57163378
57165808
57168250
57170625
57172972
57175431
57177783
57180119
57182356
57184937
57187223
57189485
57191995
57194319
57196747
57199175
57201681
57204082
57206535
57208725
57211267
57213641
57216105
57218534
57220882
57223224
57225662
57228151
57230645
57233194
57235559
57238041
57240475
57242971
57245293
57247555
57250028
57252469
57254848
57257267
57259613
57262055
57264339
57266755
57269216
57271536
57273813
57276156
57278604
57280872
57283160
57285575
57287880
57290132
57292486
57294889
57297273
57299578
57301865
57304186
57306507
57308938
57311276
57313525
57315827
57318131
57320479
57322777
57325063
57327360
57329686
57332219
57334654
57337146
57339437
57341824
57343860
57346422
57348807
57351236
57353682
57356120
57358375
57360790
57363199
57365370
57367558
57370059
57372515
57374973
57377329
57379691
57382021
57384488
57386799
57389132
57391542
57393789
57396142
57398643
57400911
57403353
57405832
57408206
57410429
57412816
57415235
57417694
57420039
57422409
57424299
57426565
57428894
57431184
57433615
57435942
57438312
57440553
57442914
57445414
57447857
57450470
57452787
57455212
57457610
57460018
57462394
57464811
57467238
57469660
57472198
57474559
57476898
57479220
57481379
57483679
57486171
57488593
57491052
57493501
57495979
57498442
57500891
57503248
57505903
57508278
57510634
57513166
57515705
57518163
57520555
57522894
57525251
57527672
57530216
57532686
57535180
57537451
57539895
57542199
57544738
57547119
57549644
57552051
57554274
57556620
57558956
57561306
57563360
57565362
57567361
57569325
57571540
57574080
57576440
57578905
57581468
57583760
57586084
57588556
57590838
57593446
57595801
57598223
57600749
57603417
57605910
57607976
57610385
57612820
57615123
57617706
57620213
57622699
57625211
57627727
57630226
57632687
57635159
57637451
57639764
57642110
57644495
57647033
57649445
57651962
57654280
57656685
57659117
57661459
57663795
57666502
57668789
57671199
57673768
57676206
57678718
57681100
57683386
57685686
57687896
57690300
57692516
57694880
57697117
57699592
57701942
57704444
57706759
57709135
57711512
57714112
57716555
57719013
57721605
57724142
57726756
57729119
57731508
57733928
57736433
57738898
57741321
57743737
57746176
57748598
57751147
57753673
57756077
57758577
57760957
57763504
57765955
57768491
57770997
57773426
57775929
57778257
57780734
57783025
57785434
57787938
57790332
57792761
57795189
57797553
57800055
57802490
57804954
57807438
57809865
57812203
57814577
57816931
57819305
57821841
57824280
57826731
57829233
57831765
57834276
57836606
57838984
57841343
57843610
57846028
57848554
57851022
57853392
57855850
57858189
57860630
57863148
57865805
57868360
57870854
57873301
57875787
57878164
57880505
57883050
57885505
57887819
57890231
57892652
57895099
57897514
57899944
57902372
57904893
57907379
57909659
57912022
57914200
57916397
57918587
57920903
57923163
57925632
57928097
57930574
57933091
57935496
57937924
57940436
57942760
57945316
57947797
57950118
57952468
57954813
57957338
57959904
57962296
57964644
57966983
57969412
57972089
57974599
57977077
57979354
57981748
57984205
57986387
57988830
57991332
57993689
57996125
57998445
58000814
58003364
58005833
58008302
58010783
58013296
58015788
58018265
58020831
58023288
58025686
58028139
58030662
58033166
58035621
58037956
58040382
58042944
58045337
58047829
58050151
58052343
58054673
58057018
58059506
58062017
58064485
58067075
58069475
58071631
58074112
58076551
58079034
58081413
58083913
58086259
58088823
58091249
58093676
58096275
58098904
58101578
58104152
58106697
58109073
58111761
58114073
58116252
58118591
58120980
58123355
58125593
58127365
58129230
58131021
58132694
58134983
58137441
58139696
58142095
58144534
58146984
58149351
58151613
58154020
58156511
58159041
58161479
58163871
58166196
58168360
58170703
58172991
58175232
58177636
58180260
58182565
58185070
58187518
58189920
58192452
58194809
58197204
58199480
58202022
58204508
58206944
58209419
58211994
58214451
58216969
58219329
58221706
58224001
58226017
58228418
58230796
58233341
58235858
58238300
58240805
58243177
58245785
58248030
58250180
58252459
58254889
58257414
58259968
58262477
58265018
58267440
58269528
58271958
58274331
58276231
58279201
58281581
58284027
58286506
58288973
58291508
58293982
58296241
58298768
58301082
58303721
58306179
58308987
58311646
58314121
58316632
58319247
58321917
58324351
58327022
58329523
58332114
58334541
58337070
58339585
58342167
58344725
58347173
58349611
58351963
58354571
58356886
58359349
58361818
58364323
58366807
58369336
58371673
58373493
58375300
58377080
58378985
58381185
58383793
58386282
58388809
58391343
58393894
58396318
58398648
58401311
58403852
58406356
58408827
58411332
58413886
58416220
58418780
58421284
58423607
58426046
58428582
58431141
58433398
58435897
58438484
58441027
58443492
58446166
58448511
58450849
58453184
58455554
58458016
58460433
58462860
58465351
58467660
58470042
58472322
58474566
58477129
58479637
58481904
58484391
58486830
58488941
58490746
58492552
58494552
58496712
58499227
58501513
58504047
58506354
58508856
58511311
58513688
58516135
58518437
58520843
58523368
58525745
58528231
58530619
58533189
58535457
58537863
58540217
58542501
58544949
58546915
58549570
58552143
58554679
58557246
58559704
58562192
58564655
58567135
58569736
58572202
58574668
58576666
58578660
58581156
58583390
58586061
58588570
58591191
58593767
58596306
58598845
58601386
58604159
58606919
58609497
58612110
58614864
58617330
58619977
58622524
58624603
58627141
58629919
58632169
58634750
58637028
58639695
58642168
58644740
58647196
58649598
58651803
58654249
58656861
58659312
58661711
58664263
58666659
58669043
58671383
58673806
58676112
58678545
58680896
58682994
58685380
58687948
58690386
58692865
58695257
58697677
58699905
58702000
58704174
58706527
58708870
58711313
58713646
58716089
58718435
58720954
58723152
58725638
58728132
58729856
58731429
58733581
58736046
58738500
58740982
58743149
58745593
58748036
58750363
58752790
58755167
58757561
58760162
58762450
58765101
58767713
58770194
58772534
58774832
58777178
58779523
58781847
58782990
58784601
58786832
58789218
58791780
58794280
58796746
58799269
58801608
58804129
58806583
58809077
58811674
58814349
58816437
58818864
58821404
58824275
58826725
58829386
58832078
58834521
58837215
58839912
58842498
58845111
58847486
58849878
58852309
58854952
58857524
58860095
58862549
58865113
58867772
58870310
58872723
58875251
58877791
58880209
58882625
58885197
58887793
58890011
58892520
58894876
58897321
58899881
58902546
58904766
58907255
58909839
58912255
58914712
58917268
58919528
58922077
58924301
58926770
58929250
58931747
58934223
58936431
58938806
58941151
58943544
58945874
58948205
58950537
58952868
58955042
58957300
58959234
58961186
58963182
58965259
58967502
58969711
58972142
58974574
58977081
58979627
58981925
58984229
58986528
58988902
58991354
58993697
58996088
58998514
59000927
59003459
59005993
59008345
59010831
59013340
59015736
59018104
59020300
59022482
59024545
59026814
59029048
59031296
59033590
59035946
59038226
59040639
59042984
59045302
59047649
59049862
59051862
59054346
59056697
59059015
59061410
59064046
59066533
59069154
59071842
59074318
59076683
59078978
59081345
59083688
59086008
59088289
59090784
59093291
59095527
59097855
59100176
59102458
59104689
59106917
59108990
59111091
59113317
59115561
59117893
59120290
59122678
59124914
59127124
59129388
59131750
59134092
59136438
59138719
59140913
59143175
59145562
59147778
59150321
59152845
59155142
59157663
59160251
59162752
59165401
59167755
59170131
59172694
59175114
59177539
59179943
59182441
59184882
59187206
59189564
59191974
59194432
59196981
59199415
59201911
59204358
59206764
59209049
59211324
59213737
59216093
59218141
59220764
59223080
59225554
59227882
59230254
59232529
59235019
59237352
59239841
59242287
59244863
59247172
59249607
59251734
59253723
59255674
59257761
59260248
59262578
59264952
59267430
59269912
59272301
59274647
59277064
59279561
59282073
59284439
59286978
59289383
59292030
59294496
59296904
59299116
59301581
59304019
59306509
59309026
59311505
59313869
59316328
59318991
59321496
59323871
59325986
59328513
59330942
59333407
59335923
59338429
59340883
59343298
59345786
59347986
59350510
59353148
59355577
59358196
59360616
59363087
59365595
59368099
59370085
59371992
59373815
59375539
59377798
59380008
59381954
59384218
59386793
59389294
59391818
59394333
59396851
59399417
59401916
59404353
59406750
59409055
59411495
59413967
59416453
59418920
59421365
59423824
59426024
59428528
59430980
59433415
59435804
59438196
59440661
59443176
59445723
59448075
59450516
59453044
59455618
59457803
59460273
59462223
59464212
59466188
59468149
59470322
59472497
59474306
59476708
59479226
59481649
59483890
59486292
59488756
59491102
59493520
59496043
59498372
59500713
59503101
59505421
59507794
59510200
59512471
59514869
59517277
59519670
59522000
59524373
59526678
59529116
59531536
59533542
59535297
59536985
59538719
59540652
59542817
59545159
59547504
59549984
59552396
59554679
59557049
59559320
59561692
59563967
59566270
59568571
59571044
59573534
59576122
59578515
59580842
59583307
59585227
59586913
59588485
59590164
59591778
59593497
59595688
59598176
59600544
59602959
59605462
59607939
59610316
59612178
59613932
59615731
59617811
59620193
59622728
59625271
59627582
59630085
59632532
59634823
59637241
59639618
59641918
59644272
59646576
59648471
59650303
59652051
59653688
59655884
59658290
59660597
59663012
59665403
59667600
59669850
59672239
59674447
59676883
59679480
59682055
59684574
59687034
59689391
59691861
59694280
59696626
59698949
59701346
59703756
59706124
59708579
59710975
59713300
59715838
59718322
59720855
59723094
59725494
59727989
59730448
59732770
59734975
59737309
59739914
59742232
59744723
59747156
59749778
59752416
59754861
59757321
59759811
59762310
59764682
59766959
59769421
59771925
59774449
59776977
59779407
59781947
59784515
59786895
59789326
59791752
59794261
59796663
59799175
59801432
59803943
59806446
59808917
59811485
59813983
59815830
59818403
59820951
59823208
59825552
59828037
59830600
59833162
59835642
59838144
59840439
59843068
59845589
59848086
59850454
59852982
59855389
59857856
59860243
59862723
59865179
59867665
59870119
59872457
59874924
59877366
59879653
59882028
59884542
59887140
59889392
59891814
59894101
59896426
59898869
59901253
59903724
59906099
59908477
59910782
59912947
59915301
59917419
59919841
59922357
59924802
59927079
59929609
59932060
59934620
59937185
59939545
59942110
59944508
59946943
59949367
59951808
59954167
59956471
59958881
59961264
59963723
59966128
59968330
59970027
59972193
59974623
59977084
59979377
59981696
59984027
59986631
59988977
59991281
59993583
59995881
59998169
60000556
60002772
60004920
60007208
60009614
60011905
60014159
60016538
60019008
60021320
60023809
60026056
60028385
60030730
60033064
60035221
60037633
60039930
60042084
60044385
60046746
60049211
60051749
60054189
60056421
60058862
60061175
60063491
60065110
60067484
60069860
60072330
60074522
60076754
60079097
60081327
60083696
60085782
60087825
60090108
60092503
60095131
60097539
60100008
60102501
60104902
60107287
60109493
60111767
60114234
60116647
60118971
60121313
60123642
60125941
60128215
60130429
60132898
60135265
60137641
60139961
60142471
60144798
60147157
60149657
60152038
60154613
60156934
60159194
60161374
60163528
60165839
60168174
60170393
60172692
60174988
60177397
60179624
60181975
60184192
60186310
60188521
60190727
60193035
60195410
60197768
60200253
60202636
60205014
60207117
60209069
60210831
60213021
60215165
60217119
60219019
60220806
60222962
60225333
60227590
60229863
60232271
60234561
60236921
60239353
60241356
60243564
60245735
60247879
60250023
60252216
60254548
60256681
60258880
60261013
60263315
60265671
60267803
60269925
60271802
60274211
60276474
60278605
60280687
60282964
60285296
60287587
60289914
60292198
60294397
60296672
60298937
60301143
60303453
60305642
60307779
60309940
60312200
60314310
60316510
60318729
60320954
60323233
60325360
60327438
60329615
60332029
60334337
60336674
60338970
60341309
60343679
60346052
60348324
60350717
60353020
60355476
60357523
60359746
60361953
60364155
60366491
60368866
60371143
60373487
60375763
60378127
60379932
60381768
60383721
60386240
60388768
60391212
60393684
60396135
60398548
60401120
60403355
60405503
60408030
60410388
60412975
60415417
60417921
60420300
60422765
60425147
60427523
60429772
60432171
60434394
60436685
60438666
60440695
60442904
60445372
60447848
60450205
60452545
60454945
60457192
60459628
60462001
60464473
60466526
60468553
60471053
60473609
60476146
60478635
60480969
60483309
60485694
60488197
60490384
60492163
60493809
60495536
60497453
60499850
60502127
60504376
60506781
60509036
60511215
60513153
60515214
60517681
60520101
60522584
60525167
60527534
60530118
60532561
60534823
60537202
60539673
60542058
60544467
60547038
60549530
60551653
60553971
60556361
60558852
60560998
60563216
60565686
60568037
60570417
60572933
60575481
60578014
60580475
60582791
60585154
60587580
60589954
60592450
60594945
60597396
60599667
60602019
60604297
60606526
60608767
60611081
60613461
60615796
60618449
60620922
60623454
60626010
60628476
60630822
60633307
60635902
60638294
60640339
60642057
60643821
60645707
60647960
60650555
60653278
60655843
60658351
60660646
60663101
60665394
60667740
60669882
60672148
60674623
60676961
60679310
60681837
60684136
60686396
60688757
60690978
60693441
60695957
60698330
60700685
60703049
60705569
60707913
60710360
60712794
60715268
60717832
60720200
60722491
60724798
60727232
60729534
60732015
60734332
60736607
60738852
60741241
60743635
60745986
60748345
60750663
60753168
60755602
60758056
60760364
60762697
60765073
60767469
60769849
60772036
60773899
60775569
60777421
60779336
60781187
60783053
60785441
60787876
60790224
60792500
60794740
60797250
60799703
60802216
60804474
60806779
60809273
60811767
60814169
60816570
60818943
60821533
60824017
60826511
60828718
60831281
60833797
60836306
60838753
60841076
60843614
60846047
60848519
60851156
60853691
60856232
60858782
60861152
60863577
60865899
60868445
60871057
60873507
60875898
60878353
60880851
60883172
60885661
60888076
60890447
60892859
60895122
60897404
60899753
60902192
60904443
60906927
60909310
60911490
60913785
60916030
60918216
60920440
60922660
60924977
60927301
60929608
60931655
60933790
60936110
60938333
60940663
60942953
60945254
60947549
60949739
60952092
60954384
60956617
60958783
60961136
60963371
60965510
60967590
60969738
60971927
60974124
60976468
60978776
60981002
60983234
60985462
60987766
60990027
60992371
60994588
60996729
60998728
61000876
61003077
61005368
61007554
61009814
61012165
61014432
61016649
61019178
61021607
61023948
61025973
61028307
61030577
61032857
61035115
61037420
61039863
61042121
61044247
61046732
61049052
61051069
61053346
61055609
61057786
61060311
61062818
61065116
61067345
61069679
61072107
61074593
61076928
61079006
61081508
61083150
61084998
61087472
61089692
61092047
61094415
61096663
61099148
61101620
61104024
61106411
61108703
61111052
61113519
61115769
61118153
61120576
61122967
61125367
61127575
61129742
61132153
61134393
61136681
61138909
61141155
61143565
61146010
61148444
61150840
61153300
61155621
61158051
61160559
61162855
61165185
61167660
61170238
61172859
61175278
61177568
61180136
61182824
61184899
61187004
61189298
61191568
61193794
61196333
61198725
61201024
61203280
61205412
61207717
61210106
61212590
61214893
61217214
61219489
61221845
61224277
61226641
61229117
61231651
61234080
61236216
61238705
61240976
61243562
61246072
61248539
61250903
61253385
61255750
61257857
61260282
61262700
61264857
61267213
61269557
61272117
61274614
61277236
61279693
61282254
61284607
61286720
61289105
61291366
61293792
61296213
61298731
61301138
61303751
61306115
61308496
61310753
61313147
61315698
61318080
61320424
61322998
61325656
61328126
61330071
61332601
61334934
61337313
61339891
61342266
61344802
61347278
61349687
61352320
61354662
61357240
61359614
61362096
61364382
61366844
61369318
61371861
61374458
61377078
61379547
61382131
61384552
61386976
61389507
61391789
61394178
61396750
61399096
61401651
61404060
61406525
61408878
61411387
61413812
61416564
61419056
61421598
61423978
61426431
61428925
61431531
61433984
61436303
61438767
61441289
61443651
61446140
61448506
61451081
61453451
61455741
61458141
61460502
61462939
61465206
61467461
61469800
61472089
61474511
61477007
61479286
61481590
61484064
61486052
61488366
61490704
61493112
61495352
61497758
61500138
61502734
61505148
61507708
61510005
61512536
61515030
61517569
61520183
61522736
61525196
61527746
61530276
61532797
61535466
61537974
61540511
61542931
61545492
61548031
61550516
61552984
61555532
61558219
61560815
61563383
61566141
61568569
61571149
61573673
61575913
61578222
61580866
61583645
61586160
61588815
61591360
61593910
61596582
61599108
61601830
61604409
61607119
61609676
61612343
61614923
61617529
61620231
61622864
61625557
61628069
61630607
61633288
61635871
61638562
61641122
61643509
61646046
61648809
61651636
61654267
61656613
61659166
61661625
61664049
61666765
61669155
61671795
61674398
61676973
61679404
61681908
61684468
61686917
61689388
61691718
61694253
61696707
61699168
61701539
61703787
61706289
61708840
61711199
61713576
61715729
61717919
61720386
61722843
61725145
61727333
61729506
61732043
61734545
61736828
61739099
61741433
61743497
61745824
61748295
61750628
61753154
61755489
61757916
61760394
61762934
61765364
61767729
61770085
61772363
61774543
61777021
61779509
61781854
61784443
61786991
61789351
61791766
61794141
61796533
61798982
61801478
61803849
61806446
61808810
61811078
61813430
61815857
61818268
61820603
61822891
61825408
61827848
61830193
61832618
61835239
61837848
61840313
61842734
61845329
61847994
61850660
61853177
61855723
61858190
61860663
61863067
61865563
61868149
61870219
61872477
61874860
61877348
61879853
61882404
61884625
61886938
61889677
61892275
61894866
61897394
61899950
61902145
61904720
61907323
61909807
61912207
61914472
61916888
61919372
61921821
61924296
61926564
61929158
61931623
61934092
61936457
61938899
61941282
61943782
61946026
61948266
61950488
61952792
61955386
61958042
61960485
61962992
61965261
61967913
61970377
61973033
61975574
61978008
61980299
61982809
61985519
61988201
61990783
61993298
61996002
61998413
62000967
62003385
62006197
62008766
62011292
62013814
62016228
62018803
62021277
62023903
62026509
62029136
62031766
62034353
62036879
62039401
62042013
62044536
62047021
62049477
62051879
62054437
62056852
62059443
62061810
62064189
62066693
62069102
62071719
62074233
62076715
62079287
62081897
62084489
62087000
62089386
62091966
62094527
62097226
62099687
62102445
62104891
62107228
62109762
62112438
62114942
62117354
62119803
62122242
62124501
62127162
62129561
62132141
62134566
62136857
62139230
62141754
62144336
62146834
62149134
62151489
62153942
62156092
62158376
62160521
62162929
62165157
62167478
62169807
62171800
62173894
62176174
62178160
62180171
62182461
62184394
62186635
62188752
62191005
62193154
62195131
62196805
62198728
62200705
62202707
62204713
62206701
62208480
62210362
62211836
62213703
62215887
62217847
62220222
62222686
62224949
62227173
62229570
62231941
62234395
62236776
62238929
62241439
62243870
62246447
62248846
62251096
62253431
62255836
62258391
62260881
62263283
62265616
62268075
62270412
62272830
62274512
62276568
62279255
62281785
62284188
62286720
62289227
62291702
62294390
62296871
62299320
62301888
62304511
62307103
62309448
62311874
62314365
62316945
62319115
62321382
62323765
62325895
62328153
62330646
62332988
62335348
62337771
62339899
62342370
62344723
62347056
62349445
62351711
62354197
62356574
62359140
62361176
62363525
62365742
62368279
62370819
62373166
62375544
62378094
62380695
62382739
62385202
62387641
62390183
62392931
62395441
62397909
62400275
62402729
62405167
62407566
62410254
62412698
62415083
62417233
62419836
62422412
62424848
62427526
62430199
62432935
62435226
62437067
62438793
62440965
62443229
62445229
62447226
62449380
62451448
62453335
62455259
62457599
62459881
62462147
62464683
62467084
62469748
62472196
62474766
62477127
62479581
62481895
62484239
62486710
62489096
62491502
62493998
62496461
62499045
62501490
62503956
62506374
62508742
62511218
62513541
62515891
62518311
62520596
62523027
62525515
62527870
62530278
62532759
62535187
62537643
62540027
62542560
62544928
62547407
62549877
62552291
62554447
62556759
62559213
62561766
62564070
62566384
62568656
62570426
62572663
62575029
62577675
62579874
62582345
62584789
62587196
62589683
62592181
62594514
62597016
62599331
62601870
62604169
62606408
62608677
62610972
62613457
62616039
62618541
62620658
62622802
62625171
62627722
62630191
62632566
62634814
62636975
62639210
62641518
62644191
62646536
62648884
62651151
62653594
62655828
62658251
62660867
62663152
62665443
62667642
62669925
62671856
62674413
62676848
62679439
62681566
62683804
62686247
62688144
62690037
62692404
62694647
62697082
62699472
62701611
62703853
62706116
62708478
62710939
62713498
62715957
62718394
62720803
62723365
62726158
62728604
62731087
62733532
62736142
62738541
62741040
62743651
62746249
62748870
62751556
62753572
62755823
62758202
62760393
62762528
62765028
62767518
62769971
62772320
62774819
62777272
62779814
62782440
62784323
62786833
62789607
62792021
62794322
62796927
62799570
62801979
62804449
62807068
62809583
62812252
62814712
62817137
62819618
62822242
62824966
62827264
62829720
62832339
62834962
62837731
62840208
62842763
62845438
62847966
62850559
62853280
62855894
62858412
62860858
62863449
62865936
62868658
62871227
62873592
62876178
62879074
62881955
62884694
62887303
62889855
62892293
62894921
62897440
62900063
62902694
62905184
62907712
62910263
62912651
62915211
62917754
62920186
62922603
62924958
62927328
62929586
62931936
62934327
62936655
62938976
62941221
62943546
62946103
62948389
62950902
62953566
62956080
62958587
62960781
62963228
62965563
62967839
62970024
62972228
62974515
62976872
62979203
62981689
62983886
62986367
62988528
62990673
62993093
62995469
62997807
63000300
63002808
63005294
63007664
63010131
63012745
63015190
63017609
63020120
63022682
63024899
63027247
63029610
63031994
63034343
63036823
63039056
63041601
63044076
63046271
63048831
63051267
63053731
63056022
63058685
63061031
63063493
63065925
63068353
63070796
63073271
63075475
63077760
63079956
63082374
63084806
63087155
63089552
63091911
63094151
63096586
63098717
63101193
63103497
63105782
63108239
63110662
63113101
63115492
63117826
63120302
63122690
63125126
63127640
63129945
63132315
63134797
63137278
63139528
63142082
63144537
63146731
63148974
63151333
63153833
63156149
63158477
63160917
63163244
63165493
63167867
63170316
63172668
63175067
63177410
63179525
63181870
63184009
63186371
63188543
63190972
63193338
63195670
63198098
63200537
63202947
63205317
63207874
63210226
63212601
63215001
63217475
63219868
63222265
63224736
63227062
63229444
63232008
63234370
63236612
63238808
63241268
63244042
63246613
63249426
63251911
63254394
63256920
63259555
63262140
63264574
63266904
63269328
63271783
63274217
63276801
63279504
63282175
63284401
63286621
63289025
63291502
63293768
63296158
63298462
63300729
63302998
63305365
63307901
63310260
63312488
63314803
63317153
63319054
63321128
63323014
63324496
63326645
63328903
63330840
63333220
63335460
63337563
63339728
63342066
63344428
63347008
63349307
63351774
63354357
63356849
63359278
63361825
63364268
63366911
63369122
63371626
63373784
63376181
63378857
63381432
63383883
63386383
63388943
63391576
63394246
63396674
63399215
63401620
63404065
63406724
63409377
63411983
63414489
63417124
63419832
63422209
63424225
63426885
63429257
63431966
63434576
63436982
63439463
63442096
63444687
63447144
63449425
63452200
63454903
63457558
63460173
63462620
63465144
63467713
63469988
63472365
63473838
63475715
63478193
63480720
63483305
63485979
63488561
63491178
63493631
63496090
63498514
63500908
63503080
63505155
63507481
63510065
63512528
63514954
63517007
63519459
63521958
63523930
63526498
63529224
63531753
63534203
63536986
63539734
63542525
63545026
63547533
63550097
63552781
63555377
63557830
63560271
63562611
63565420
63568062
63570793
63573189
63575771
63578297
63580840
63583580
63586323
63589002
63591572
63593700
63595488
63597786
63600217
63602723
63605148
63607608
63610141
63612445
63614894
63617449
63619977
63622682
63625110
63627625
63629947
63632241
63634558
63636789
63639082
63641549
63644204
63647050
63649427
63651894
63654413
63656801
63659406
63661913
63664433
63666988
63669485
63672206
63674576
63677067
63679489
63681978
63684456
63686700
63689202
63691719
63694257
63696817
63699288
63701774
63704112
63706589
63709082
63711337
63713771
63716475
63718967
63721419
63724029
63726584
63729043
63731354
63733995
63736623
63739126
63741484
63743895
63746322
63748800
63751187
63753731
63756178
63758653
63761331
63763974
63766366
63768766
63771304
63773874
63775680
63778373
63780969
63783675
63786149
63788346
63790779
63793375
63795595
63798157
63800632
63803177
63805592
63807926
63810490
63813065
63815495
63817976
63820487
63823062
63825473
63827945
63830541
63832911
63835329
63837869
63840379
63842914
63845307
63847792
63850414
63852898
63855433
63857839
63860459
63862762
63865270
63867776
63870208
63872905
63875477
63877991
63880632
63883320
63885809
63888296
63890969
63893413
63895991
63898498
63901040
63903610
63906181
63908803
63911379
63913823
63916366
63918813
63921164
63923669
63925884
63928125
63930547
63932998
63935452
63938166
63940658
63943087
63945513
63947928
63950474
63952918
63955443
63957852
63960274
63962780
63965358
63967902
63970333
63972881
63975404
63977936
63980437
63983048
63985712
63988254
63990753
63993187
63995732
63998232
64000833
64003227
64005893
64008402
64010908
64013526
64016012
64018445
64021049
64023592
64025931
64028180
64030750
64033128
64035625
64038239
64040722
64043290
64046021
64048737
64051188
64053532
64056139
64058784
64061297
64063782
64066356
64068729
64071243
64073646
64076336
64078968
64081519
64084172
64086735
64089412
64091902
64094415
64097075
64099714
64102159
64104612
64107141
64109622
64112293
64114863
64117409
64119736
64121968
64124535
64127042
64129338
64131768
64134128
64136656
64138978
64141443
64143785
64146300
64148992
64151552
64153999
64156646
64159052
64161536
64164147
64166630
64169171
64171720
64174357
64177015
64179015
64181797
64184173
64186522
64188762
64191020
64193339
64195905
64198450
64200748
64202303
64204611
64207104
64209501
64212161
64214661
64217138
64219815
64222107
64224647
64227288
64229765
64232370
64234948
64237605
64239902
64242501
64245000
64247451
64249940
64252162
64254439
64256821
64259004
64261437
64264033
64266594
64268998
64271396
64273793
64276091
64278275
64280663
64283374
64285616
64288147
64290735
64293219
64295645
64298061
64300484
64302883
64305452
64307957
64310534
64312987
64315330
64317873
64320491
64322907
64325284
64327724
64330288
64332768
64335421
64337938
64340289
64342698
64344992
64347409
64349619
64351784
64353892
64356173
64358457
64361044
64363570
64365910
64368416
64370893
64373444
64375822
64378361
64380898
64383497
64385946
64388295
64390537
64393314
64395766
64398245
64400580
64402968
64405566
64408032
64410592
64412820
64414933
64416544
64418795
64421438
64423904
64426521
64429098
64431500
64433779
64436289
64438626
64441097
64443486
64445750
64448053
64450403
64452708
64455123
64457416
64459834
64462299
64464690
64466732
64469116
64470987
64473158
64475602
64478027
64480569
64483116
64485673
64488177
64490884
64493394
64496091
64498817
64501400
64504104
64506316
64508868
64511286
64513805
64516406
64519068
64521611
64524130
64526714
64529254
64531629
64533974
64536427
64538899
64541423
64543753
64546124
64548586
64551097
64553676
64556220
64558696
64561289
64563803
64566399
64568903
64571357
64573950
64576495
64578977
64581412
64583924
64586426
64588871
64591410
64594009
64596483
64598994
64601435
64603870
64606151
64608755
64611170
64613783
64616306
64618889
64621389
64623817
64626317
64628747
64631205
64633486
64635611
64638265
64640753
64643062
64645367
64647825
64650235
64652678
64655068
64657681
64660152
64662673
64664867
64667122
64669475
64671946
64674443
64676864
64679296
64681550
64684075
64686178
64688748
64691243
64693593
64696208
64698646
64701101
64703591
64705884
64708462
64710854
64713138
64715604
64718069
64720417
64722780
64725246
64727671
64730123
64732429
64734747
64737137
64739524
64742080
64744602
64746407
64748884
64751390
64753848
64756425
64758999
64761242
64763703
64766281
64768887
64771560
64774118
64776660
64779014
64781564
64784035
64786640
64788950
64791434
64793998
64796455
64798886
64801453
64803985
64806472
64808956
64811562
64813873
64816373
64818823
64821397
64823857
64826332
64828896
64831252
64833225
64835438
64837884
64839639
64841418
64843750
64845528
64847350
64849620
64851932
64854448
64856696
64858896
64860942
64863211
64865503
64867808
64869909
64872457
64874780
64877217
64879490
64881962
64884178
64886733
64889333
64891880
64894384
64896879
64899178
64901724
64904162
64906834
64909338
64911621
64914021
64916372
64918801
64921358
64923924
64926469
64928983
64931343
64933637
64936065
64938590
64940952
64943495
64945809
64948335
64950841
64953205
64955562
64957948
64960612
64963214
64965676
64967372
64969784
64972097
64974531
64976982
64979396
64981853
64984394
64986974
64989369
64991882
64994287
64996871
64999537
65001773
65003986
65006507
65009043
65011657
65013999
65016482
65019011
65021606
65024284
65026848
65029304
65031843
65034423
65036992
65039398
65041895
65044287
65046803
65049065
65051412
65053339
65055449
65057635
65059984
65062365
65064451
65066571
65068044
65070390
65072517
65075089
65077618
65080300
65082789
65085136
65087752
65090131
65092601
65095269
65097599
65100048
65102219
65104603
65107033
65109462
65111803
65114220
65116831
65119453
65121861
65124126
65126403
65128742
65131142
65133633
65136124
65138660
65140899
65143354
65145701
65147852
65149589
65151783
65154065
65156318
65158802
65161022
65163372
65165978
65168366
65170686
65172891
65175363
65177833
65180149
65182486
65184884
65187264
65189425
65191817
65194262
65196719
65199065
65201378
65203791
65206358
65208769
65211313
65213785
65216190
65218676
65221129
65223547
65225876
65228223
65230753
65233020
65235309
65237851
65240271
65242665
65245235
65247669
65250098
65252550
65254637
65256733
65259392
65262032
65264643
65266829
65269455
65272175
65274964
65277600
65280138
65282781
65285225
65287858
65290368
65292839
65295534
65298308
65300892
65303015
65305737
65308155
65310214
65312680
65315151
65317748
65320253
65323023
65325606
65328253
65330845
65333452
65336013
65338393
65341010
65343574
65346073
65348636
65351041
65353603
65356029
65358536
65361059
65363487
65365815
65368247
65370629
65373141
65375562
65378062
65380604
65383248
65385682
65388061
65390378
65392791
65395312
65397891
65400468
65403061
65405745
65408110
65410622
65412956
65415691
65418351
65420495
65422647
65424935
65426922
65429282
65431667
65434096
65436653
65438937
65441533
65444003
65446510
65449128
65451157
65453031
65454922
65456779
65459244
65461588
65463890
65466167
65468456
65470916
65473419
65475927
65478578
65481100
65483694
65486279
65488708
65491383
65494011
65496513
65499073
65501542
65504073
65506715
65509164
65511864
65514524
65517139
65519574
65522218
65525042
65527178
65529606
65532069
65534764
65537380
65539995
65542575
65544723
65546558
65548322
65550093
65551877
65553897
65556166
65558511
65560494
65563658
65565331
65567571
65569996
65572133
65574359
65576780
65579230
65581675
65584238
65586843
65589479
65592050
65594421
65596844
65599365
65601861
65604280
65606702
65609162
65611634
65614107
65616747
65619315
65621880
65624565
65627081
65629693
65632249
65634817
65636901
65639271
65641790
65644192
65646380
65648424
65650746
65653145
65655575
65657786
65660138
65662670
65665208
65667682
65670147
65672358
65674707
65677230
65679663
65682192
65684470
65686860
65689399
65692001
65694616
65697088
65699507
65702174
65704816
65707358
65709688
65712192
65714717
65717331
65719807
65722435
65724801
65727273
65729907
65732260
65735007
65737588
65740006
65742291
65744490
65746796
65749299
65751707
65754244
65756740
65759476
65761903
65764460
65766955
65769488
65772122
65774568
65777043
65779251
65781699
65784057
65786656
65789208
65791736
65793669
65796230
65798679
65801324
65803916
65806464
65808988
65811610
65814351
65816834
65819362
65821781
65824195
65826736
65829084
65831591
65834043
65836617
65838943
65841449
65844016
65846451
65848924
65851315
65853798
65856373
65858796
65861265
65863714
65866084
65868522
65870924
65873301
65875417
65877487
65879676
65882174
65884307
65886227
65888360
65890920
65893400
65895619
65898022
65900314
65902754
65905151
65907692
65910194
65912640
65915036
65917708
65920081
65922545
65924879
65927382
65929552
65931943
65934215
65936535
65938974
65941393
65943887
65946340
65948643
65951175
65953657
65956081
65958548
65960962
65963357
65965849
65967932
65970356
65972823
65975207
65977642
65980082
65982549
65984999
65987541
65989887
65992452
65994828
65997204
65999566
66001971
66004450
66006936
66009286
66011548
66014052
66016531
66019024
66021186
66023303
66025633
66027979
66030218
66032562
66034817
66037316
66039713
66042063
66044507
66046863
66049426
66051749
66054081
66056527
66058810
66061182
66063755
66066203
66068417
66070730
66073195
66075687
66078243
66080498
66082939
66085303
66087647
66089626
66091908
66094407
66096774
66099217
66101402
66103688
66105423
66107195
66109292
66111726
66114223
66116621
66118833
66121342
66123706
66126066
66128685
66130955
66133311
66135617
66138117
66140534
66142977
66145586
66147988
66150480
66152866
66155188
66157777
66160167
66162541
66164746
66167141
66169533
66172039
66174441
66176861
66179248
66181644
66184118
66186151
66188081
66189893
66192090
66194436
66196793
66198865
66200764
66202602
66204416
66206525
66208950
66211301
66213699
66216210
66218482
66220797
66223236
66225714
66228143
66230302
66232854
66235222
66237715
66240166
66242674
66245140
66247507
66249810
66252385
66254828
66257145
66259449
66261873
66264375
66266739
66269108
66271480
66273810
66276222
66278622
66281064
66283608
66285877
66288322
66290748
66293312
66295615
66298147
66300691
66303089
66305612
66307971
66310303
66312772
66315136
66317649
66320119
66322517
66324981
66327495
66329865
66332375
66334840
66337345
66339759
66342145
66344701
66347174
66349687
66352264
66354885
66357263
66359690
66362076
66364567
66367108
66369613
66371866
66374194
66376566
66379029
66381281
66383541
66385854
66388170
66390540
66392690
66394839
66397016
66399255
66401518
66403924
66406129
66408396
66410632
66412682
66414979
66417132
66419218
66421395
66423518
66425511
66427452
66429573
66431890
66434071
66436278
66438601
66440909
66442816
66445131
66447232
66449549
66452013
66454374
66456762
66459254
66461574
66463832
66466162
66468485
66470913
66473181
66475403
66477692
66480129
66482214
66484326
66486328
66488428
66490949
66493316
66495655
66497989
66500311
66502660
66504901
66507185
66509473
66511589
66513656
66515762
66517800
66520084
66522378
66524651
66526925
66529226
66531432
66533779
66536025
66538460
66540842
66543178
66545480
66547788
66550031
66552303
66554615
66556869
66559111
66561335
66563504
66565861
66568116
66570412
66572651
66574967
66577230
66579482
66581941
66584465
66586705
66589082
66591312
66593421
66595701
66597949
66600226
66602439
66604746
66607017
66609440
66611675
66613989
66616288
66618676
66620946
66623229
66625569
66627776
66630161
66632245
66634580
66636861
66639117
66641240
66643605
66645899
66648286
66650493
66652852
66655198
66657738
66660058
66662132
66664562
66666765
66669083
66671462
66673519
66675922
66678334
66680570
66682502
66684724
66687185
66689458
66691945
66694399
66696690
66698974
66701370
66703840
66706321
66708601
66710879
66713378
66715809
66718105
66720470
66722760
66725173
66727517
66729881
66732251
66734621
66736720
66739231
66741454
66743630
66746049
66748420
66750776
66752900
66755115
66757363
66759719
66762102
66764549
66766970
66769341
66771776
66774170
66776493
66778691
66780827
66782641
66784433
66786228
66788404
66790457
66792586
66794852
66797037
66799284
66801391
66803770
66805866
66807941
66810420
66812746
66815098
66817644
66820121
66822379
66824427
66826520
66828823
66831303
66833650
66835770
66837866
66840271
66842597
66844989
66847449
66849719
66852266
66854827
66857286
66859511
66862066
66864419
66866779
66869412
66871708
66874013
66876415
66878895
66881274
66883596
66886065
66888425
66890881
66893096
66895308
66897824
66900393
66902914
66905323
66907825
66910292
66912678
66914905
66917338
66919834
66922174
66924361
66925936
66928316
66930489
66932420
66934710
66936905
66939244
66941665
66943971
66946174
66948458
66950812
66953029
66955271
66957582
66959783
66962170
66964248
66966486
66968772
66970967
66973388
66975832
66978086
66980431
66982674
66984972
66987321
66989410
66991386
66993816
66996075
66998513
67000990
67003498
67005927
67008314
67010817
67013321
67015736
67018259
67020697
67023159
67025552
67028083
67030694
67033144
67035597
67038081
67040499
67042877
67045323
67047814
67050428
67052855
67054552
67056986
67059547
67062132
67064600
67066995
67069232
67071521
67073927
67076315
67078605
67083246
67085746
67088077
67090507
67093135
67095384
67097782
67100462
67102800
67105228
67107627
67110029
67112474
67114851
67117446
67120119
67122702
67125137
67127407
67129841
67132307
67134739
67137124
67139629
67142045
67144640
67147188
67149337
67151599
67153930
67156266
67158538
67161037
67163385
67165657
67167966
67170361
67172993
67175608
67177850
67179854
67181243
67183406
67185755
67188261
67190824
67193391
67195790
67198134
67200425
67202716
67205146
67207315
67209603
67212043
67214411
67216773
67218998
67221270
67223655
67226097
67228367
67230781
67233265
67235675
67238222
67240660
67243091
67245369
67247604
67249940
67252349
67254720
67257160
67259342
67261653
67264005
67266525
67268819
67271250
67273765
67276223
67278601
67281046
67283475
67285859
67288425
67290949
67293182
67295636
67298027
67300484
67302811
67305476
67307829
67310145
67312510
67315100
67317700
67320027
67322297
67324600
67327056
67329437
67331835
67334450
67336909
67339292
67341875
67344379
67346962
67349404
67351995
67354749
67357310
67359933
67362343
67364708
67367359
67369888
67372470
67374844
67377411
67379867
67382252
67384829
67387150
67389595
67391936
67394451
67396693
67399360
67401659
67403769
67406043
67408228
67410253
67412351
67414575
67416668
67418709
67421036
67422965
67425003
67427079
67429151
67430752
67432915
67435447
67437688
67440225
67442750
67444923
67447215
67449400
67451692
67454036
67456426
67458771
67461145
67463595
67466115
67468473
67470712
67473019
67475306
67477723
67479862
67482232
67484721
67487089
67489529
67492027
67494366
67496711
67498934
67501099
67503564
67506037
67508288
67510748
67512904
67515278
67517772
67520120
67522356
67524712
67526930
67529046
67531329
67533772
67536009
67538281
67540591
67543514
67546019
67548240
67550451
67552606
67554937
67557406
67559826
67562225
67564628
67566978
67569271
67571607
67574079
67576422
67578823
67581211
67583418
67585694
67588084
67590438
67592652
67594981
67597339
67599779
67602086
67604642
67606993
67609368
67611621
67613963
67616421
67618839
67621196
67623835
67626311
67628824
67631290
67633458
67635833
67638220
67640683
67642985
67645495
67647921
67650341
67652706
67655099
67657415
67659858
67662196
67664576
67666782
67669148
67671678
67673878
67676436
67678901
67681248
67683766
67685876
67688020
67690696
67693213
67695610
67697954
67700105
67702335
67704876
67707143
67709536
67711469
67713835
67716253
67718649
67721297
67723885
67726395
67728751
67731007
67733412
67735667
67738134
67740483
67742998
67745402
67747838
67750122
67752401
67754858
67757284
67759726
67762119
67764646
67767050
67769482
67771745
67774149
67776616
67778996
67781338
67783716
67785965
67788283
67790545
67793011
67795366
67797775
67800036
67802358
67804762
67807255
67809716
67812136
67814650
67817004
67819259
67821715
67824074
67826531
67828987
67831331
67833312
67835403
67837763
67840263
67842760
67845310
67847740
67850164
67852478
67854897
67857494
67859968
67862393
67864931
67867393
67869889
67872238
67874757
67877238
67879615
67881956
67884464
67886920
67889476
67892047
67894606
67897046
67899486
67901614
67904015
67906521
67908952
67911295
67913871
67916403
67918943
67921278
67923770
67926224
67928630
67930958
67933308
67935769
67938078
67940570
67943104
67945595
67948101
67950585
67952958
67955296
67957670
67960171
67962600
67965066
67967751
67970126
67972586
67974995
67977377
67979780
67982166
67984779
67987247
67989696
67991946
67994448
67996800
67999227
68001617
68003790
68006002
68008136
68010494
68012791
68015128
68017802
68020305
68022403
68024793
68027326
68029725
68032009
68034278
68036612
68039074
68041544
68043765
68046194
68048092
68050473
68052736
68055312
68057838
68060095
68062566
68065028
68067558
68069952
68072132
68074355
68076594
68078843
68081104
68083486
68085775
68087963
68090126
68092122
68094198
68096469
68098611
68100721
68102901
68105023
68107129
68109280
68111426
68113679
68115905
68118122
68120450
68122760
68125048
68127184
68129402
68131461
68133666
68136011
68138463
68141074
68143582
68146044
68148547
68150797
68153233
68155578
68157959
68160447
68162529
68164480
68166991
68169290
68171734
68174201
68176615
68179123
68181520
68183949
68186308
68188716
68191181
68193425
68195822
68198397
68200682
68203133
68205704
68208308
68210644
68213168
68215500
68217974
68220585
68223160
68225670
68227957
68230333
68232318
68234539
68236909
68239220
68241502
68243867
68246154
68248545
68250919
68253240
68255715
68258075
68260505
68262656
68264888
68267341
68269704
68272003
68274436
68276813
68279014
68281346
68283695
68285915
68288380
68290721
68293261
68295513
68297778
68300019
68302509
68304970
68307401
68309837
68312109
68314335
68316542
68318838
68321381
68323875
68326262
68328599
68331016
68333403
68335781
68338026
68340290
68342720
68344954
68347273
68349676
68352050
68354512
68356840
68359382
68361713
68364001
68366546
68369050
68371660
68373933
68376413
68378914
68381328
68383743
68386197
68388184
68390295
68392309
68394465
68396838
68399235
68401686
68404089
68406500
68408840
68411225
68413640
68416042
68418299
68420728
68423101
68425673
68428169
68430457
68432493
68434926
68437410
68439495
68441756
68444138
68446207
68448369
68450584
68452864
68455217
68457565
68459873
68462322
68464595
68467123
68469570
68471996
68474376
68476957
68479242
68481705
68483925
68486580
68488991
68491355
68493841
68496315
68498458
68500854
68503455
68505783
68508280
68510897
68513339
68515967
68518553
68521119
68523663
68526079
68528595
68531081
68533525
68535962
68538522
68540798
68543228
68545532
68547937
68550146
68552464
68554767
68557013
68559593
68562033
68564381
68566776
68569208
68571844
68574141
68576527
68578848
68581267
68583526
68585790
68588210
68590414
68592810
68595111
68597526
68599821
68602206
68604686
68607113
68609251
68611517
68613839
68616103
68618415
68620864
68623193
68625761
68628132
68630429
68632941
68635405
68637922
68640397
68642817
68645206
68647644
68649830
68652133
68654435
68656813
68659260
68661579
68663877
68666131
68668488
68670647
68673089
68675365
68677670
68679996
68682162
68684083
68685908
68687804
68690073
68692410
68694774
68697170
68699698
68701933
68704271
68706590
68708892
68711135
68713274
68715676
68718131
68720440
68722985
68725432
68727929
68730181
68732538
68734462
68737042
68739378
68741205
68743544
68745872
68748211
68750667
68753122
68755513
68757982
68760478
68762822
68765019
68767230
68769654
68771998
68774331
68776686
68779099
68781474
68783854
68786129
68788389
68790776
68793124
68795499
68797772
68800101
68802698
68805044
68807481
68809930
68812351
68814762
68817147
68818956
68821286
68823676
68825968
68828295
68830555
68833089
68835455
68837782
68840092
68842425
68844870
68847140
68849497
68851800
68854104
68856329
68858650
68860891
68863125
68865205
68867438
68869667
68871738
68874001
68876071
68877669
68879285
68880968
68882663
68884866
68887272
68889600
68892122
68894299
68896270
68898351
68900626
68903018
68905439
68907835
68910104
68912359
68914676
68916983
68919269
68921607
68923738
68925391
68927073
68928677
68930400
68932626
68935030
68937427
68939808
68942178
68944532
68946822
68949050
68951325
68953772
68956147
68958625
68960934
68963445
68965565
68967789
68970039
68972365
68974643
68977076
68979360
68981553
68983849
68986107
68988226
68990352
68992438
68994657
68996496
68998325
69000273
69002610
69004773
69006995
69009236
69011517
69013847
69015985
69018221
69020500
69022929
69025282
69027579
69029759
69031921
69034112
69036025
69037774
69039893
69042069
69044264
69046610
69048924
69051391
69053895
69056380
69058737
69061087
69063452
69065846
69068020
69070321
69072514
69074801
69077231
69079566
69081865
69084227
69086688
69088905
69091329
69093500
69095749
69097680
69099493
69101292
69103235
69105470
69107770
69109833
69112288
69114382
69116100
69117814
69119446
69121018
69123376
69125768
69128126
69130490
69133015
69135397
69137984
69140216
69142535
69144737
69147278
69149781
69152037
69154596
69157048
69159419
69161766
69164226
69166615
69168967
69171322
69173550
69175960
69178491
69180901
69183269
69185733
69187997
69190347
69192614
69194884
69197346
69199899
69202333
69204710
69207096
69209414
69211479
69213717
69216187
69218544
69220861
69223224
69225631
69227978
69230478
69232989
69235403
69237804
69240062
69242257
69244679
69247129
69249542
69251758
69254233
69256713
69258997
69261280
69263613
69265844
69268096
69270439
69272747
69274967
69277365
69279625
69281973
69284207
69286404
69288655
69290843
69293162
69295552
69297778
69300076
69302455
69304758
69307115
69309355
69311612
69313847
69316006
69318249
69320481
69322917
69325295
69327590
69329931
69332129
69334467
69336774
69339130
69341719
69344182
69346537
69348974
69351358
69353712
69355996
69358434
69360801
69363249
69365671
69367970
69370220
69372522
69374738
69377003
69379260
69381660
69383994
69386270
69388693
69390839
69392860
69394992
69397191
69399513
69401760
69404060
69406393
69408681
69410912
69413324
69415672
69417816
69420049
69422399
69424704
69427165
69429407
69431746
69434166
69436470
69438702
69441112
69443394
69445555
69447453
69449364
69451660
69453839
69456149
69458432
69460782
69462850
69465116
69467392
69469767
69472061
69474403
69476543
69479067
69481446
69483794
69486164
69488058
69490194
69492338
69494707
69497133
69499466
69501809
69504319
69506583
69509121
69511303
69513602
69516062
69518404
69520713
69523000
69525401
69527589
69529935
69532221
69534640
69536806
69539070
69541366
69543692
69546034
69548260
69550635
69553044
69555526
69558076
69560441
69562622
69564913
69567274
69568984
69571188
69573609
69575913
69578037
69580166
69582588
69585016
69587484
69589789
69592185
69594588
69596803
69599262
69601717
69604080
69606352
69608694
69611135
69613404
69615838
69618120
69620484
69622852
69625261
69627427
69629648
69632011
69634453
69636857
69639294
69641723
69644021
69646417
69648805
69651145
69653523
69655916
69658408
69660849
69663238
69665555
69667870
69670143
69672363
69674620
69677115
69679334
69681785
69684145
69686478
69688755
69691235
69693431
69695635
69697896
69700144
69702525
69704849
69707190
69709560
69711941
69714201
69716634
69718654
69721136
69723379
69725614
69727965
69730097
69732269
69734647
69737004
69739290
69741581
69743869
69746236
69748590
69750839
69753249
69755548
69757843
69760142
69762445
69764759
69767241
69769644
69771898
69774240
69776678
69778904
69781149
69783197
69785537
69787795
69790129
69792506
69794993
69797109
69799443
69801718
69804037
69806392
69808529
69810632
69812735
69814978
69817330
69819707
69821890
69824262
69826422
69828764
69831137
69833573
69835897
69838266
69840754
69843208
69845515
69847996
69850394
69852746
69854905
69856887
69858837
69861259
69863653
69865818
69868272
69870449
69872848
69875123
69877512
69879841
69882088
69883919
69885723
69887598
69889490
69891692
69894148
69896650
69899057
69901376
69903617
69905635
69907454
69909158
69910827
69912807
69915143
69917000
69919354
69921534
69923588
69925335
69927239
69929016
69931336
69933832
69936214
69938673
69941087
69943466
69945882
69948277
69950795
69953114
69955522
69958071
69960685
69963037
69965550
69968135
69970556
69972962
69975309
69977705
69979981
69982356
69984890
69987402
69989981
69992596
69994989
69996982
69999154
70001594
70004125
70006684
70009294
70011664
70014063
70016651
70019206
70021713
70024036
70026654
70029156
70031851
70034479
70036985
70038972
70040807
70043466
70045950
70048415
70051013
70053448
70055899
70058436
70060892
70063488
70066127
70068710
70071181
70073733
70076144
70078667
70081294
70083963
70086614
70089169
70091542
70094256
70096675
70098968
70101416
70103997
70106618
70109197
70111676
70114349
70116804
70119455
70122022
70124653
70127090
70129551
70131967
70134243
70136637
70139206
70141693
70143762
70146021
70148479
70150874
70153305
70155723
70158095
70160600
70162817
70165133
70167683
70170300
70172856
70175285
70177432
70179747
70182041
70184520
70187051
70189210
70191408
70193799
70196206
70198509
70200921
70203177
70205492
70207587
70209846
70212314
70214735
70217119
70219409
70221570
70223715
70225971
70228205
70230638
70233051
70235273
70237249
70239527
70241739
70243728
70245923
70248284
70250516
70252662
70254822
70256937
70259035
70261528
70264054
70266355
70268803
70271212
70273438
70275762
70278092
70280499
70282755
70285355
70287892
70290262
70292749
70295159
70297493
70299889
70302268
70304585
70307094
70309419
70311812
70314453
70317177
70319606
70322086
70324469
70326825
70329206
70331452
70334012
70336315
70338526
70340835
70343079
70345507
70347769
70350289
70352655
70354719
70356715
70359125
70361671
70364113
70366365
70368561
70370958
70373242
70375760
70378057
70380552
70383108
70385705
70388298
70390927
70393488
70395898
70398379
70400986
70403566
70406112
70408688
70411222
70413466
70415785
70418091
70420465
70422867
70425239
70427863
70430364
70432838
70435246
70437803
70439916
70442511
70445063
70447540
70449976
70452452
70454698
70457238
70459659
70461782
70464050
70466611
70468855
70471141
70473521
70475903
70478226
70480747
70483121
70485438
70487785
70490094
70492563
70495027
70497397
70499765
70502424
70504974
70507655
70510120
70512417
70514879
70517269
70519956
70522410
70524343
70526933
70529498
70532011
70534551
70536957
70539545
70542008
70544347
70546828
70549271
70551818
70554334
70556782
70559228
70561651
70563905
70566351
70568780
70571297
70573666
70576157
70578596
70581100
70583574
70585978
70588478
70590590
70592435
70594404
70596335
70598244
70599976
70601741
70603939
70606220
70608446
70610473
70612738
70614889
70617171
70619616
70622018
70624409
70626816
70629179
70631532
70633937
70636483
70639014
70641618
70644154
70646630
70648476
70650904
70653388
70655724
70658208
70660705
70663283
70665869
70668571
70670930
70673561
70676085
70678490
70681163
70683575
70685913
70688403
70690867
70693304
70695963
70698240
70700717
70703313
70705883
70708166
70710833
70713190
70715681
70718246
70720796
70723246
70725134
70727360
70729894
70732276
70734658
70736750
70739069
70741320
70743723
70746116
70748414
70750604
70752817
70754936
70757297
70759624
70762239
70764794
70767184
70769653
70772058
70774484
70776754
70779231
70781671
70784029
70786346
70788792
70791367
70793737
70795935
70798178
70800523
70802753
70805112
70807308
70809683
70812094
70814290
70816210
70818147
70820499
70822869
70825270
70827714
70830148
70832625
70835022
70837509
70839895
70842386
70844734
70846877
70849316
70851474
70853621
70855924
70858223
70860702
70863094
70865342
70867612
70869954
70872343
70874658
70877084
70879603
70881927
70884319
70886720
70889206
70891579
70893899
70896329
70898732
70901052
70903456
70905740
70908132
70910652
70913052
70915408
70917728
70919965
70922346
70924552
70926704
70928728
70931106
70933164
70935508
70937807
70940005
70942296
70944629
70946841
70949111
70951303
70953480
70955687
70957925
70960263
70962580
70964739
70967142
70969451
70971773
70973996
70976254
70978624
70980947
70983028
70985262
70987577
70989994
70992230
70994665
70996857
70999285
71001749
71004325
71006732
71009142
71011587
71013984
71016483
71018824
71021221
71023740
71026075
71028457
71030939
71033238
71035733
71038030
71040333
71042553
71044886
71047026
71048968
71051373
71053608
71055566
71057691
71059788
71061937
71064027
71066244
71068344
71070457
71072556
71074766
71076917
71079025
71080874
71082968
71085260
71087611
71089945
71092220
71094476
71096895
71099182
71101556
71103941
71106277
71108482
71110431
71112192
71114192
71116530
71118735
71120822
71122712
71124488
71126432
71128670
71130904
71133243
71135305
71137513
71139863
71142166
71144572
71146968
71149228
71151178
71153150
71155416
71157793
71160167
71162371
71164530
71166957
71169314
71171593
71173680
71175917
71178397
71180707
71183034
71185412
71187722
71190017
71192377
71194872
71197209
71199674
71202243
71204676
71207090
71209406
71211873
71214152
71216287
71218153
71220009
71221813
71224136
71226507
71228939
71231415
71233794
71236190
71238588
71240946
71243387
71245881
71248204
71250644
71252974
71255333
71257653
71259823
71262039
71264339
71266795
71269362
71271636
71273940
71276238
71278515
71281044
71283340
71285792
71288202
71290634
71292984
71295389
71297776
71300224
71302775
71305258
71307633
71310081
71312390
71314677
71317198
71319576
71321861
71324079
71326425
71328721
71330922
71333218
71335612
71337716
71339963
71342179
71344621
71346900
71349400
71351825
71354099
71356389
71358662
71360936
71363208
71365651
71368004
71370333
71372596
71375036
71377507
71379673
71381843
71384082
71386409
71388642
71390557
71392792
71395081
71397419
71399664
71401914
71404350
71406721
71409040
71411540
71413845
71416309
71418588
71420940
71423359
71425908
71428344
71430741
71433030
71435245
71437690
71440077
71442400
71444881
71447290
71449613
71451807
71454287
71456605
71458867
71461245
71463745
71466137
71468544
71470869
71473304
71475678
71478051
71480489
71482911
71485306
71487774
71490183
71492385
71494658
71496945
71499311
71501634
71503931
71506081
71508402
71510784
71513087
71515095
71517979
71520565
71522884
71525295
71527702
71530094
71532497
71534815
71537277
71539666
71542025
71544356
71546697
71548963
71551262
71553581
71555808
71558158
71560457
71562794
71565076
71567388
71569636
71571934
71574173
71576342
71578701
71580792
71582984
71585263
71587618
71589843
71592224
71594548
71596784
71599013
71601441
71603685
71606090
71608486
71610536
71612657
71614787
71617116
71619331
71621741
71623969
71626151
71628250
71630375
71632672
71634797
71637143
71639364
71641660
71643857
71646205
71648495
71650848
71652993
71655338
71657451
71659715
71661856
71664119
71666456
71668813
71671064
71673299
71675565
71677851
71680130
71682416
71684517
71686715
71688990
71691163
71693381
71695533
71697814
71699956
71702167
71704218
71706224
71708435
71710702
71712828
71715059
71717217
71719529
71721734
71723908
71726162
71728461
71730519
71732596
71734923
71737244
71739321
71741642
71743906
71746149
71748288
71750350
71752531
71754663
71756901
71759091
71761142
71763290
71765477
71767706
71769883
71771954
71774244
71776295
71778432
71780511
71782803
71784882
71787051
71789257
71791400
71793542
71795745
71797842
71799933
71802048
71804197
71806168
71808171
71810224
71812341
71814366
71816527
71818684
71820778
71822991
71825209
71827404
71829667
71831882
71834174
71836383
71838538
71840624
71842812
71845100
71847144
71849284
71851449
71853571
71855749
71857885
71860196
71862298
71864475
71866630
71868796
71871104
71873318
71875415
71877632
71879725
71881907
71884138
71886400
71888386
71892404
71895035
71897079
71899020
71901196
71903434
71905764
71907973
71910213
71912596
71914856
71916964
71918874
71921135
71923400
71925492
71927616
71928904
71931012
71933208
71935406
71937745
71939941
71942210
71944133
71946499
71948909
71951214
71953452
71955609
71957932
71960182
71962542
71964834
71967199
71969494
71971781
71973992
71976297
71978486
71980600
71982878
71985161
71987423
71989435
71991729
71993896
71995998
71998113
72000341
72002618
72004923
72007197
72009469
72011768
72013869
72016080
72018383
72020643
72022716
72025129
72027037
72029386
72031706
72033957
72036212
72038382
72040516
72042515
72044722
72046895
72049060
72051180
72053421
72055786
72058108
72060338
72062528
72064581
72066955
72069242
72071531
72073649
72075829
72077870
72079919
72082091
72084409
72086531
72088755
72090913
72093102
72095232
72097448
72099632
72101876
72104148
72106446
72108623
72110753
72112900
72115077
72117313
72119472
72121533
72123624
72125867
72127940
72130220
72132362
72134520
72136616
72138766
72140940
72143142
72145378
72147494
72149688
72151889
72154153
72156354
72158657
72160931
72163031
72165214
72167430
72169600
72171818
72174007
72176233
72178564
72180814
72183049
72185403
72187725
72189880
72192012
72194250
72196550
72198762
72201019
72203355
72205650
72207731
72209967
72212227
72214467
72216465
72218767
72220947
72223220
72225463
72227619
72229889
72232230
72234358
72236539
72238698
72240961
72243147
72245405
72247609
72249692
72251878
72254079
72256264
72258424
72260663
72262898
72265076
72267243
72269475
72271644
72273835
72275961
72278295
72280609
72282563
72284100
72286367
72288617
72291107
72293549
72295960
72298476
72300757
72305620
72310863
72314824
72320037
72325339
72330447
72335924
72340817
72346183
72348461
72350738
72353133
72355446
72357785
72360139
72362478
72364979
72367372
72369763
72372188
72374563
72376957
72379311
72381584
72383898
72386125
72388058
72389922
72391879
72393880
72396209
72398528
72400834
72403179
72405374
72407687
72410129
72412486
72415002
72417334
72419499
72421692
72423858
72425950
72428026
72430071
72432376
72434613
72437036
72439486
72441925
72444326
72446417
72448657
72450788
72453040
72455286
72457628
72459828
72462072
72464408
72466828
72469107
72471426
72473732
72475997
72478383
72480735
72483000
72485373
72487644
72489882
72492233
72494438
72496781
72499117
72501441
72503683
72506021
72508210
72510692
72513092
72515444
72517650
72519989
72522167
72524501
72526839
72529101
72531366
72533596
72535925
72538337
72540659
72542888
72545089
72547526
72549945
72552306
72554609
72557019
72559275
72561633
72564035
72566342
72568722
72570951
72573338
72575622
72577921
72580156
72582516
72584836
72587048
72589414
72591887
72594240
72596525
72598855
72601159
72603496
72605865
72608248
72610574
72613091
72615604
72617978
72620265
72622690
72625061
72627487
72629823
72632293
72634665
72636985
72639361
72641611
72643964
72646396
72648785
72651012
72653340
72655783
72658129
72660381
72662840
72665162
72667629
72669995
72672444
72674939
72677321
72679897
72682134
72684578
72686690
72688957
72691164
72693361
72695679
72698066
72700533
72702748
72705184
72707529
72709973
72712299
72714514
72716781
72719148
72721437
72723680
72725945
72728268
72730649
72733062
72735496
72737753
72740145
72742640
72745071
72747482
72749924
72752240
72754474
72756775
72759119
72761395
72763668
72765988
72768349
72770757
72773147
72775393
72777703
72780027
72782219
72784610
72786876
72789132
72791276
72793500
72795664
72797946
72800192
72802658
72804920
72807149
72809266
72811365
72813299
72815024
72817006
72819210
72821318
72823651
72825863
72827956
72829844
72831940
72833998
72835825
72837991
72840309
72842561
72844746
72847078
72849405
72851746
72854195
72856709
72859222
72861636
72864063
72866522
72868704
72870988
72873416
72875632
72877919
72880187
72882496
72884805
72887099
72889474
72891867
72894273
72896629
72898863
72900552
72902270
72904028
72906071
72908382
72910538
72912738
72915103
72917344
72919676
72921874
72924196
72926741
72929096
72931487
72933788
72936348
72938755
72941130
72943607
72946178
72948558
72950931
72953208
72955522
72957976
72960293
72962538
72964531
72966791
72969181
72971528
72973877
72976340
72978587
72980568
72982335
72984003
72985720
72987763
72989476
72991243
72992852
72994621
72996728
72998919
73001217
73003594
73005933
73008182
73010665
73013034
73015233
73017551
73019945
73022269
73024606
73027058
73029523
73031895
73034290
73036687
73038958
73041324
73043638
73045951
73048111
73050422
73052558
73054747
73056996
73059058
73061111
73063179
73065499
73067840
73070196
73072318
73074444
73076619
73079022
73081255
73083370
73085415
73087658
73090075
73092460
73094809
73097342
73099925
73102159
73104535
73106565
73108968
73111476
73113898
73116218
73118554
73120871
73123316
73125657
73127882
73129787
73131728
73133775
73135840
73138010
73140089
73142394
73144683
73147054
73149399
73151623
73153867
73156278
73158600
73161072
73163491
73166021
73168409
73170866
73173358
73175800
73178125
73180368
73182596
73184977
73187263
73189692
73191958
73194227
73196375
73198717
73201047
73203036
73205390
73207702
73210025
73212485
73214873
73217137
73219446
73221647
73223876
73226275
73228505
73230852
73233111
73235303
73237548
73239552
73241449
73243471
73245498
73247743
73249887
73252091
73254299
73256474
73258580
73260725
73262930
73265035
73267232
73269447
73271810
73274141
73276532
73278860
73281077
73283284
73285589
73287884
73290238
73292267
73294575
73296938
73299002
73301509
73303684
73305931
73308276
73310683
73313161
73315619
73317912
73320216
73322257
73324560
73326907
73329023
73331081
73333196
73335542
73337748
73340196
73342595
73344956
73347327
73349559
73351840
73354087
73356460
73358768
73360998
73363253
73365425
73367768
73370193
73372353
73374614
73376903
73379300
73381507
73383753
73386198
73388647
73390950
73393297
73395699
73397961
73400371
73402754
73405103
73407346
73409714
73412061
73414306
73416830
73419052
73421515
73423838
73426007
73428121
73430132
73432344
73434558
73436843
73439053
73441368
73443621
73445854
73448143
73450381
73452473
73454846
73457197
73459771
73462181
73464459
73466804
73469317
73471449
73473410
73475938
73478419
73480743
73483257
73485531
73487624
73489774
73491960
73494198
73496492
73498846
73501234
73503669
73506079
73508377
73510754
73513074
73515435
73517926
73520489
73522964
73525417
73527734
73530155
73532398
73534532
73536801
73539020
73541366
73543691
73546103
73548461
73550597
73552908
73555247
73557598
73559771
73562081
73564444
73566696
73569055
73571472
73573715
73576059
73578206
73580586
73582911
73585376
73587738
73590010
73592319
73594654
73597102
73599404
73601776
73604190
73606656
73608851
73611100
73613341
73615509
73617712
73619861
73622098
73624245
73626361
73628459
73630666
73632933
73635205
73637501
73639632
73641774
73643885
73646092
73648291
73650614
73652778
73654853
73657083
73659211
73661321
73663389
73665544
73667663
73669691
73671855
73674090
73676346
73678615
73680772
73682976
73685031
73687107
73689029
73691125
73693287
73695356
73697316
73699592
73701665
73703837
73706014
73708287
73710470
73712622
73714797
73716852
73718947
73720949
73723144
73725370
73727495
73729598
73731755
73733909
73736103
73738235
73740305
73742402
73744509
73746588
73748659
73750834
73752990
73755043
73757216
73759394
73761547
73763677
73765653
73767776
73769944
73771976
73774109
73776260
73778258
73780594
73782781
73785044
73787089
73789289
73791492
73793691
73795836
73797858
73799877
73802086
73804278
73806455
73808411
73810319
73812441
73814613
73816717
73818910
73821059
73823222
73825351
73827387
73829627
73831730
73833980
73836200
73838236
73840555
73842901
73845155
73847339
73849475
73851626
73853765
73855939
73858131
73860321
73862332
73864630
73866960
73869216
73871289
73873469
73875798
73877928
73880006
73882232
73884587
73886774
73888943
73891076
73893215
73895400
73897674
73899853
73902091
73904394
73906440
73908560
73910654
73912724
73914973
73917128
73919431
73921612
73923683
73925981
73928160
73930321
73932571
73934695
73936858
73938993
73941170
73943339
73945536
73947738
73949926
73952032
73954172
73956150
73958340
73960389
73962492
73964656
73966670
73968802
73971077
73972718
73974968
73977181
73979347
73981573
73983695
73985841
73987981
73990240
73992516
73994704
73996868
73999017
74001340
74003594
74005793
74008119
74010366
74012582
74014834
74017079
74019280
74021503
74023715
74026057
74028207
74030224
74032109
74034468
74036800
74038973
74041271
74043094
74045300
74047425
74049756
74051852
74054195
74056221
74058445
74060547
74062877
74065272
74067553
74069796
74071991
74074199
74076419
74078806
74081111
74083348
74085538
74087898
74090170
74092356
74094543
74096775
74098657
74100458
74102333
74104668
74106814
74109219
74111301
74113645
74115867
74118257
74120561
74122604
74124694
74126775
74128843
74130834
74132553
74134353
74136611
74138826
74140959
74143287
74145417
74147709
74150015
74152046
74154243
74156300
74158475
74160820
74163184
74165403
74167637
74169799
74171933
74174088
74176315
74178488
74180896
74182918
74185007
74187105
74189348
74191580
74193925
74196207
74198300
74200309
74202441
74204601
74206316
74208603
74210835
74212776
74214994
74217346
74219634
74221946
74224213
74226357
74228543
74230667
74232999
74235304
74237545
74240036
74242007
74244277
74246603
74248597
74250816
74253042
74255064
74257193
74259391
74261806
74264170
74266426
74268769
74271189
74273607
74275866
74278250
74280602
74283056
74285297
74287585
74289838
74292216
74294643
74296999
74299311
74301634
74304087
74306489
74308908
74311111
74313483
74315743
74318053
74320511
74322769
74325155
74327408
74329752
74332048
74334374
74336515
74338631
74340950
74343128
74345418
74347517
74349472
74351455
74353199
74355204
74357420
74359813
74362023
74364282
74366633
74368757
74370624
74372819
74375139
74377480
74379735
74382051
74384382
74386727
74389070
74391439
74393575
74395852
74398068
74400279
74402521
74404885
74407119
74409430
74411649
74413922
74416396
74418507
74420856
74423134
74425469
74427829
74430222
74432630
74435051
74437284
74439532
74441875
74443974
74445838
74447524
74449352
74451263
74453505
74455793
74458110
74460326
74462703
74464966
74466886
74469159
74471433
74473608
74475828
74478264
74480437
74482487
74484722
74486941
74489265
74491394
74493573
74495899
74498074
74500236
74502328
74504490
74506630
74508872
74511000
74513140
74515468
74517705
74519876
74522018
74524295
74526679
74528996
74531269
74533361
74535490
74537984
74540193
74542354
74544445
74546666
74548875
74550939
74553098
74555073
74557148
74559089
74561155
74563309
74565529
74567809
74570164
74571813
74573092
74575074
74577300
74579432
74581642
74583905
74586164
74588421
74590374
74592555
74594845
74597067
74599408
74601509
74603809
74606038
74608082
74610463
74612697
74614871
74617178
74619584
74621833
74624277
74626742
74629127
74631474
74633857
74636281
74638642
74641005
74643321
74645650
74648008
74650297
74652517
74654778
74657043
74659199
74661399
74663640
74665608
74667753
74669929
74672185
74674369
74676765
74679195
74681576
74683897
74686207
74688563
74690904
74693167
74695555
74697893
74700404
74702576
74704945
74707178
74709538
74711825
74714393
74716728
74719208
74721359
74723666
74725789
74727899
74730273
74732496
74734438
74736878
74739266
74741482
74743851
74745861
74747997
74750275
74752539
74755157
74757563
74760021
74762677
74765069
74767247
74769637
74772197
74774822
74777410
74779939
74782484
74784934
74787462
74789636
74791930
74794391
74796790
74799344
74801744
74804139
74806635
74809030
74811227
74813473
74815767
74818091
74820572
74822948
74825535
74827979
74830494
74833105
74835515
74838171
74840549
74843049
74845458
74847905
74850391
74852867
74855419
74857924
74860403
74862678
74864996
74867287
74869614
74871679
74873684
74875680
74877505
74879158
74880792
74882373
74884070
74886153
74888460
74890810
74893136
74895440
74897654
74899708
74901511
74903403
74905711
74908028
74910378
74912626
74914764
74916643
74918347
74920357
74922258
74924224
74926329
74928442
74930604
74932916
74935313
74937755
74940226
74942551
74945020
74947315
74949760
74951869
74953974
74956660
74959282
74961908
74964495
74966994
74969613
74972243
74974843
74977491
74979746
74982286
74984698
74986794
74988635
74990429
74992404
74994634
74997147
74999527
75001974
75004456
75007003
75009576
75012017
75014442
75016758
75019232
75021809
75024276
75026709
75029020
75031267
75033652
75035784
75037979
75040115
75042194
75044337
75046839
75049331
75051927
75054480
75057088
75059561
75061864
75064316
75066610
75069087
75071649
75074138
75076763
75079373
75081965
75084614
75087285
75089830
75092401
75095054
75097687
75100352
75102882
75105348
75107322
75109157
75110897
75112818
75115137
75117663
75120146
75122840
75125153
75127196
75129484
75131538
75133662
75135699
75137341
75139775
75142124
75144392
75146916
75149315
75151577
75153898
75156165
75158351
75160818
75163105
75165545
75168068
75170645
75173246
75175513
75177734
75179647
75181838
75184202
75186437
75189024
75191357
75193700
75196132
75198547
75200857
75203281
75205651
75208235
75210877
75213274
75215662
75217977
75220118
75222472
75224915
75227407
75229996
75232380
75234751
75237245
75239577
75242023
75244428
75247014
75249634
75252046
75254378
75256944
75259380
75261631
75263982
75266512
75269068
75271593
75274039
75276547
75279049
75280899
75283090
75285467
75287782
75290179
75292445
75294923
75297421
75299887
75302219
75304478
75306891
75309437
75311901
75314385
75317007
75319311
75321683
75323923
75326386
75328833
75331241
75333607
75336077
75338553
75340879
75343444
75345924
75348594
75351006
75353351
75355755
75358057
75360387
75362852
75365181
75367544
75369898
75372242
75374463
75376360
75378709
75381704
75383964
75385643
75387380
75389071
75391365
75393754
75396253
75398635
75401062
75403169
75405423
75407626
75409817
75412240
75414573
75416890
75419362
75421878
75424363
75426804
75429455
75432005
75434614
75437091
75439609
75442016
75444463
75446672
75449162
75451424
75453962
75456285
75458666
75461133
75463375
75465702
75468024
75470433
75472698
75475149
75476977
75478590
75480204
75482028
75484100
75486447
75488814
75491484
75493978
75496402
75498924
75501459
75503819
75506153
75508570
75511004
75513517
75516011
75518449
75521014
75523470
75526107
75528510
75530934
75533342
75535824
75537982
75540475
75543018
75545272
75547816
75550310
75552820
75555301
75557728
75560187
75562790
75565261
75567727
75570189
75572652
75574891
75577292
75579674
75582126
75584585
75587133
75589579
75591936
75594470
75596986
75599188
75601524
75603890
75606212
75608626
75610854
75613274
75615411
75617354
75619680
75622079
75624470
75627081
75629559
75632003
75634049
75636126
75638535
75641109
75643639
75645700
75647890
75650363
75652675
75655055
75657452
75659800
75662116
75664487
75666806
75669173
75671661
75673825
75675999
75677889
75679582
75681262
75682892
75684729
75687091
75689517
75691966
75694360
75696722
75698633
75700551
75702555
75704725
75707300
75709729
75712273
75714948
75717508
75720031
75722497
75724549
75726392
75728580
75730759
75732826
75734841
75737116
75739279
75741677
75743946
75746229
75748895
75751164
75753540
75755752
75757889
75760101
75762121
75764732
75767122
75769746
75772235
75774263
75776654
75778795
75780937
75783059
75785176
75787212
75789312
75791526
75793748
75795839
75797659
75800093
75802651
75804973
75807201
75809858
75812336
75814914
75817340
75819828
75822116
75824264
75826434
75828774
75830914
75832893
75834957
75837370
75839817
75841863
75844240
75846820
75849370
75852074
75854543
75856973
75859204
75861533
75863890
75866441
75868881
75871239
75873811
75876298
75878696
75881055
75883223
75885355
75886990
75889256
75891554
75894111
75896613
75899118
75901625
75904076
75906432
75908565
75910957
75913381
75915886
75918381
75920607
75922899
75925283
75927704
75930029
75932305
75934907
75937480
75940049
75942264
75944474
75946900
75949431
75952010
75954502
75957195
75959614
75961878
75964136
75966661
75969244
75971766
75974103
75976614
75979199
75981320
75983703
75986175
75988640
75991040
75993451
75995989
75998549
76001052
76003485
76005991
76008389
76010693
76012983
76015451
76017798
76020150
76022536
76024981
76027531
76029901
76032506
76034992
76037532
76039997
76042261
76044839
76047372
76049902
76052248
76054871
76057408
76059828
76062430
76064819
76067359
76070080
76072577
76074719
76077014
76079694
76082163
76084770
76087497
76089922
76092500
76094961
76097339
76100016
76102607
76105104
76107678
76110309
76112367
76114158
76116574
76118972
76121457
76123744
76126276
76128710
76131192
76133596
76135979
76138672
76140949
76143357
76145744
76148309
76150928
76153471
76155704
76157845
76160253
76162853
76165386
76167787
76170258
76172465
76174802
76177156
76179712
76182163
76184507
76186833
76189108
76191585
76194094
76196584
76199068
76201606
76204043
76206527
76208938
76211213
76213490
76215984
76218278
76220901
76223165
76225531
76227905
76230386
76233091
76235632
76238072
76240573
76242994
76245348
76247739
76250261
76252576
76254933
76257322
76259720
76262063
76264546
76266998
76269457
76271920
76274261
76276769
76279006
76281497
76284081
76286606
76289160
76291472
76293983
76296407
76298983
76301498
76303960
76306281
76308681
76310977
76313239
76315619
76318113
76320654
76323012
76325392
76327717
76330198
76332625
76335034
76337372
76339770
76342159
76344416
76346755
76349261
76351805
76354133
76356579
76358816
76361317
76363672
76366085
76368641
76371162
76373585
76376123
76378561
76380881
76383352
76386020
76388568
76391080
76393429
76395906
76398308
76400746
76403098
76405452
76407831
76410207
76412369
76414644
76417039
76419460
76421957
76424367
76426788
76429372
76431900
76434361
76436719
76439153
76441385
76443817
76446238
76448401
76450716
76453036
76455443
76457313
76459108
76461447
76463812
76466288
76468629
76471082
76473504
76476005
76478454
76480610
76482891
76484863
76486905
76489033
76491199
76493655
76496067
76498446
76501030
76503482
76505994
76508415
76510548
76512989
76515631
76518319
76520639
76522887
76525395
76527816
76530155
76532547
76534875
76537259
76539555
76541945
76544505
76546774
76549226
76551757
76554259
76556644
76559103
76561578
76563998
76566392
76568927
76571403
76573704
76576091
76578468
76580927
76583359
76585680
76588148
76590589
76593049
76595599
76598030
76600353
76602727
76605219
76607503
76609920
76612337
76614722
76617244
76619876
76622316
76624804
76627212
76629382
76631885
76634343
76636595
76638910
76641350
76643789
76646142
76648491
76650879
76653195
76655569
76657924
76660170
76662629
76664839
76667154
76669545
76671819
76674118
76676497
76678952
76681416
76683714
76686110
76688612
76691100
76693411
76695924
76698490
76700372
76702773
76705209
76707373
76709607
76711875
76714242
76716513
76718796
76721096
76723394
76725573
76727956
76730385
76732765
76734931
76737062
76739108
76741214
76743459
76745764
76748021
76750255
76752494
76754753
76757164
76759397
76761688
76763988
76766202
76768475
76770764
76773032
76775318
76777516
76779884
76782016
76784409
76786724
76788865
76791261
76793626
76795834
76797732
76799884
76802021
76804248
76806424
76808608
76810839
76813141
76815498
76817758
76820006
76822222
76824398
76826563
76828921
76831243
76833542
76835838
76838051
76839993
76842404
76844738
76847094
76849525
76851608
76854065
76856378
76858710
76860973
76863325
76865720
76867983
76869946
76872267
76874701
76877038
76879371
76881723
76884241
76886487
76889019
76891606
76893957
76896151
76898356
76900570
76903037
76905517
76907892
76910432
76912492
76914400
76916309
76918649
76921198
76923615
76926306
76929133
76931643
76934154
76936603
76939088
76941563
76943975
76946367
76948777
76951179
76953540
76956049
76958374
76960776
76963035
76965255
76967165
76969186
76971196
76973425
76975660
76977892
76980159
76982301
76984228
76986165
76988341
76990765
76993098
76995558
76998012
77000178
77001946
77003726
77005461
77007672
77009996
77012373
77014757
77016857
77019385
77021871
77024258
77026723
77029121
77031528
77033996
77036387
77038858
77041379
77043902
77045902
77048308
77050714
77053186
77055717
77058131
77060625
77063064
77065520
77068156
77070731
77073149
77075763
77078356
77080821
77083048
77085456
77088047
77090498
77092970
77095744
77098240
77100843
77103485
77106095
77108266
77110270
77112384
77114954
77117306
77119841
77122382
77124974
77127575
77129921
77132476
77134976
77137408
77140083
77142608
77145144
77147485
77149779
77152293
77154668
77157123
77159537
77161970
77164473
77167008
77169521
77172077
77174512
77177020
77179543
77181943
77184303
77186798
77189155
77191478
77194065
77196429
77199070
77201565
77204104
77206756
77209435
77211976
77214574
77217035
77219431
77221796
77224269
77226729
77229150
77231718
77234296
77236785
77239358
77242082
77244626
77247232
77249754
77252382
77254890
77257411
77259827
77262370
77264594
77267017
77269742
77272137
77274733
77277384
77279640
77281986
77284127
77286697
77289071
77291496
77293922
77296314
77298678
77301039
77303577
77306050
77308488
77310897
77313436
77315789
77318376
77320815
77323272
77325694
77328140
77330609
77333140
77335588
77338028
77340455
77342798
77345256
77347761
77350269
77352699
77355237
77357757
77360187
77362543
77365002
77367334
77369211
77371643
77374131
77376569
77378982
77381401
77383863
77386267
77388932
77391513
77394076
77396594
77399168
77401571
77403704
77405848
77408316
77410693
77413075
77415536
77417832
77420384
77422920
77425209
77427611
77429768
77432111
77434675
77437123
77439707
77442006
77444293
77446454
77448969
77451422
77454010
77456714
77459278
77461798
77464454
77467135
77469700
77472232
77474713
77477007
77479601
77482199
77484602
77486963
77489548
77491986
77494658
77497115
77499287
77501563
77504061
77506587
77509026
77511512
77514088
77516686
77519055
77521589
77524031
77526469
77529101
77531429
77533291
77535607
77537936
77540389
77542653
77545244
77547689
77550146
77552739
77555156
77557507
77559550
77561803
77564451
77566864
77569391
77571826
77574191
77576669
77579106
77581539
77584018
77586623
77589079
77591437
77593994
77596655
77599181
77601690
77604098
77606428
77608928
77611329
77613754
77616290
77618582
77621049
77623342
77625870
77628373
77630768
77632894
77635174
77637528
77640082
77642505
77644927
77647212
77649474
77651861
77654316
77656831
77659087
77661445
77663769
77666229
77668755
77671053
77673528
77675836
77678301
77680788
77682899
77684864
77687142
77689205
77691663
77694047
77696554
77698707
77701062
77703392
77705603
77708019
77710281
77712599
77714910
77717024
77719171
77721755
77723948
77726254
77728585
77730790
77733136
77735522
77737810
77740171
77742561
77744846
77747076
77749409
77751604
77753863
77756241
77758661
77760642
77762927
77765231
77767566
77769756
77771823
77774040
77776137
77778624
77780619
77782901
77785288
77787561
77789795
77792223
77794477
77796702
77799300
77801700
77804116
77806336
77808608
77811125
77813415
77815669
77818240
77820476
77822810
77825155
77827540
77829870
77832465
77834986
77837484
77839964
77842593
77844937
77847449
77850053
77852597
77855091
77857601
77860026
77862394
77864692
77867001
77869266
77870614
77872679
77875131
77877793
77880293
77882733
77885107
77887415
77889402
77892050
77894639
77896888
77899221
77901638
77904412
77907024
77909813
77912257
77914968
77917547
77919841
77922381
77924613
77927046
77929440
77931657
77933894
77936059
77938339
77940436
77942538
77944741
77947219
77949536
77951749
77953941
77956074
77958212
77960367
77962379
77964051
77965636
77967257
77969417
77971378
77973448
77975504
77977567
77979125
77981147
77983240
77985646
77988024
77990336
77992704
77995013
77997439
77999963
78002491
78004689
78007273
78009845
78012258
78014493
78016827
78019601
78021915
78024365
78026861
78029418
78032057
78034670
78037525
78040009
78042552
78045040
78046880
78049519
78051925
78054439
78056886
78059494
78061881
78064315
78066800
78069287
78071789
78074392
78076916
78079230
78081801
78084300
78086786
78089262
78091839
78094399
78096907
78099438
78101788
78104359
78106716
78109051
78111550
78114077
78116587
78118931
78121241
78123800
78126307
78128853
78131389
78133969
78136423
78139012
78141560
78144043
78146768
78149395
78152004
78154515
78157289
78159891
78162202
78164411
78166955
78169430
78172195
78174860
78177326
78179985
78182478
78185030
78187374
78189545
78191756
78194135
78196659
78199233
78201809
78204077
78206136
78208115
78210369
78212631
78215052
78217417
78219808
78222204
78224599
78227214
78229659
78232148
78234680
78237255
78239699
78242065
78244255
78246858
78249325
78251849
78254212
78256665
78259079
78261390
78263526
78265712
78267916
78270325
78272693
78275108
78277668
78280025
78282275
78284543
78287204
78289634
78292157
78294647
78297109
78299830
78302189
78304706
78307198
78309691
78311970
78314021
78316049
78318406
78320885
78323405
78325893
78328427
78331060
78333550
78335944
78338188
78340475
78342909
78345064
78347351
78349763
78352217
78354566
78356986
78359444
78361914
78364345
78366934
78369422
78371882
78374165
78376533
78379071
78381600
78383968
78386407
78388973
78391329
78393713
78396010
78398273
78400625
78403118
78405429
78407724
78410069
78412296
78414658
78416898
78419243
78421482
78423880
78426352
78428746
78431285
78433701
78436185
78438532
78440856
78443199
78445497
78447819
78450372
78452744
78455064
78457500
78460031
78462242
78464536
78466660
78468940
78471345
78473518
78475796
78478066
78480221
78482326
78484555
78486823
78489019
78491159
78493189
78495459
78497946
78500277
78502690
78505291
78507744
78510111
78512215
78514464
78516801
78519188
78521446
78523736
78526001
78528265
78530648
78532813
78535062
78537209
78539492
78541832
78543962
78546209
78548509
78550646
78552842
78554976
78557229
78559409
78561769
78563622
78565537
78567961
78570324
78572691
78575008
78577345
78579654
78581783
78584040
78586248
78588544
78590784
78593042
78595435
78597675
78599974
78602238
78604670
78606856
78609015
78611114
78613197
78615557
78617820
78620261
78622683
78624787
78627050
78629052
78631168
78633407
78635520
78637725
78639875
78641921
78643989
78646060
78648032
78650237
78652242
78654504
78656450
78658847
78661004
78663091
78665253
78667414
78669698
78672060
78674292
78676532
78678841
78681171
78683450
78685762
78688125
78690548
78692798
78695183
78697404
78699507
78701715
78703795
78705971
78708242
78710489
78712753
78714996
78717341
78719620
78722017
78724375
78726623
78728995
78731177
78733365
78735446
78737687
78739836
78741981
78744153
78746413
78748766
78750935
78753291
78755481
78757770
78760030
78762179
78764365
78766510
78768535
78770853
78773060
78775262
78777562
78779768
78782202
78784563
78786770
78788947
78791227
78793338
78795579
78797776
78800094
78802280
78804528
78806907
78809074
78811018
78813162
78815347
78817661
78819784
78821860
78824148
78826465
78828714
78830926
78833189
78835695
78837888
78840000
78842300
78844572
78846958
78849242
78851220
78853256
78855345
78857447
78859732
78861949
78864251
78866449
78868717
78871020
78873327
78875400
78877541
78879565
78881857
78884011
78886300
78888730
78890834
78892882
78895165
78897337
78899456
78901744
78903993
78906353
78908624
78910966
78913191
78915530
78917691
78919860
78921884
78924126
78926518
78928807
78931051
78933317
78935501
78937665
78939530
78941756
78943912
78946236
78948348
78950658
78952898
78955180
78957382
78959637
78961808
78963974
78966284
78968482
78970754
78973013
78975303
78977483
78979833
78982187
78984424
78986702
78988961
78991199
78993365
78995512
78997832
78999832
79002055
79004310
79006532
79008485
79010523
79012753
79014836
79016829
79019015
79021262
79023476
79025769
79027868
79029774
79031786
79033912
79036291
79038541
79040719
79043075
79045442
79047743
79049988
79052439
79054606
79056714
79058913
79061064
79063294
79065646
79067844
79070112
79072347
79074505
79076767
79079104
79081483
79083761
79086102
79088173
79090386
79092691
79094987
79096935
79099080
79101329
79103660
79105862
79108079
79110428
79112769
79114968
79117075
79119379
79121627
79124069
79126409
79128670
79130873
79133053
79135206
79137432
79139693
79141851
79144029
79146186
79148410
79150705
79153242
79155545
79157714
79159886
79162083
79164371
79166493
79168642
79170490
79172500
79174725
79176862
79179027
79181308
79183784
79186085
79188452
79190862
79193269
79195311
79197641
79199979
79202218
79204387
79206606
79208822
79211091
79213455
79215770
79218088
79220302
79222493
79224618
79226949
79229171
79231480
79233609
79235984
79238332
79240480
79242713
79244879
79247154
79249324
79251737
79254011
79256203
79258472
79260997
79263527
79266040
79268335
79270500
79272700
79274780
79276853
79279342
79281650
79283932
79286260
79288566
79290934
79293168
79295523
79297783
79299990
79302234
79304494
79306797
79308848
79311240
79313414
79315736
79317750
79319624
79321649
79323759
79326034
79328283
79330645
79332916
79335124
79337388
79339735
79341967
79344152
79346485
79348508
79350574
79352867
79355178
79357482
79359730
79361723
79364131
79366407
79368704
79371003
79373210
79375652
79377988
79380350
79382667
79384986
79387423
79389847
79392034
79394314
79396820
79398960
79401266
79403539
79405856
79408120
79410428
79412654
79414713
79416743
79418681
79420692
79422841
79425109
79427413
79429724
79431850
79434251
79436506
79438735
79441123
79443349
79445746
79448158
79450453
79452874
79455140
79457444
79459867
79462250
79464577
79467027
79469143
79471597
79473908
79476340
79478549
79480950
79483289
79485810
79488169
79490238
79491987
79493898
79496096
79498540
79500996
79503430
79505909
79508314
79510714
79512694
79514592
79516503
79518373
79520516
79522804
79525102
79527539
79529719
79532051
79534407
79536732
79539122
79541189
79543373
79545854
79548393
79550864
79553275
79555791
79558131
79560356
79562352
79564651
79566928
79569337
79571476
79573210
79575570
79577748
79580200
79582630
79585030
79587477
79589981
79592539
79594909
79597377
79599798
79602286
79604724
79607138
79609528
79612140
79614541
79617007
79619424
79621784
79623826
79625990
79628538
79630981
79633438
79635817
79638206
79640314
79642230
79644272
79646687
79648990
79651623
79654199
79656775
79659374
79661864
79664461
79666946
79669415
79671901
79674110
79676582
79678888
79681204
79683482
79685610
79688036
79690473
79692899
79695398
79697374
79699171
79701065
79702959
79705094
79707351
79709738
79712160
79714498
79716829
79719171
79721399
79723562
79726078
79728436
79730747
79733184
79735606
79737963
79740383
79742816
79745209
79747564
79749981
79752309
79754617
79757437
79759830
79762234
79764637
79766962
79769492
79771706
79774238
79776721
79779266
79781388
79783813
79786324
79788539
79790846
79793300
79795566
79797988
79800314
79802733
79805219
79807545
79809988
79812404
79814869
79817394
79819875
79822318
79824631
79827109
79829537
79832041
79834484
79836840
79839336
79841769
79844266
79846657
79849118
79851594
79853867
79856283
79858490
79860901
79863056
79865397
79867667
79869675
79871974
79874185
79876319
79878431
79880543
79882617
79884740
79886911
79889016
79890806
79892699
79894502
79896605
79898856
79901179
79903420
79905735
79908102
79910482
79912788
79915196
79917528
79919711
79922084
79924296
79926303
79928505
79930687
79932827
79934651
79936732
79938531
79940208
79941800
79943409
79944925
79946938
79948907
79951043
79953321
79955370
79957558
79959697
79961856
79964090
79966260
79968604
79971058
79973437
79975694
79978131
79980683
79983169
79985474
79987840
79990400
79992905
79995035
79997488
79999782
80001817
80004090
80006446
80008925
80011302
80013661
80015849
80017979
80020496
80022910
80025403
80027758
80030248
80032698
80035022
80037502
80040100
80042675
80045042
80047414
80049952
80051897
80053639
80055893
80058163
80060380
80062530
80064782
80067348
80069498
80071791
80074115
80076479
80078683
80081086
80083392
80085603
80087792
80090011
80092246
80094562
80096817
80099042
80101385
80103604
80105750
80108012
80110102
80112248
80114394
80116623
80118650
80120820
80122743
80124930
80127006
80129155
80131147
80132891
80134549
80136276
80137909
80139572
80141562
80143555
80145636
80147685
80149802
80152092
80154449
80156816
80159114
80161418
80163710
80166028
80168470
80170859
80173138
80175211
80177409
80179708
80182121
80184371
80186604
80188822
80190897
80193158
80195396
80197558
80199784
80202180
80204497
80206761
80209149
80211516
80213840
80216204
80218479
80220773
80223152
80225279
80227653
80230112
80232238
80234480
80236739
80238899
80241083
80243272
80245482
80247638
80249837
80252033
80254268
80256396
80258573
80260709
80262761
80264896
80267172
80269306
80271581
80273828
80276087
80278255
80280568
80282953
80285153
80287312
80289278
80291280
80293698
80295849
80298205
80300472
80302664
80304905
80307219
80309401
80311833
80314050
80316454
80318807
80321149
80323491
80325902
80328271
80330155
80331777
80334009
80336018
80338058
80340366
80342736
80344992
80347335
80349581
80351930
80354292
80356595
80358908
80361341
80363615
80365873
80368373
80370788
80373251
80375743
80377848
80380376
80382776
80385125
80387441
80389704
80391909
80393977
80395695
80397408
80399105
80400935
80402954
80405072
80407111
80408968
80410814
80412869
80415181
80417319
80419698
80421997
80424305
80426613
80428934
80431210
80433476
80435781
80438100
80440349
80442550
80444981
80447232
80449549
80451850
80454101
80456100
80458328
80460354
80462660
80464811
80467064
80469298
80471462
80473608
80475905
80478193
80480554
80482968
80485252
80487622
80489969
80492302
80494340
80496277
80498506
80500626
80502625
80504735
80507183
80509246
80511572
80513595
80515560
80517774
80519781
80521982
80524084
80526331
80528557
80530942
80533204
80535737
80538159
80540355
80542525
80544834
80547016
80549329
80551639
80553817
80556188
80558565
80561012
80563258
80565523
80567815
80570070
80572216
80574437
80576671
80578920
80581271
80583414
80585386
80587671
80590055
80592338
80594471
80596586
80598678
80600694
80603018
80605311
80607678
80609961
80612271
80614556
80616800
80619054
80621291
80623519
80625809
80628068
80630305
80632583
80634832
80637438
80639629
80642046
80644325
80646816
80649329
80651629
80653840
80656039
80658330
80660666
80662861
80665209
80667497
80669758
80671952
80674182
80676439
80678732
80680938
80683197
80685427
80687618
80689852
80692032
80694186
80696239
80698480
80700635
80702596
80704419
80706668
80708877
80711033
80713173
80715495
80717758
80719831
80722122
80724355
80726553
80728653
80730692
80732726
80734523
80736365
80738411
80740653
80742940
80744924
80747160
80749529
80751821
80754055
80756159
80758429
80760633
80762843
80765217
80767417
80769663
80772032
80774240
80776496
80778670
80780885
80783081
80785123
80787131
80789315
80791437
80793683
80795834
80798127
80800329
80802588
80804710
80807108
80809391
80811724
80813951
80816203
80818495
80820767
80822963
80824987
80827203
80829277
80831566
80833707
80835928
80838103
80840315
80842374
80844496
80846597
80848738
80850754
80852802
80855055
80857199
80859343
80861585
80863645
80865780
80867980
80870128
80872218
80874377
80876436
80878556
80880613
80882642
80884841
80886942
80888937
80891105
80893132
80895322
80897590
80899725
80901929
80904241
80906293
80908469
80910770
80913005
80915243
80917499
80919855
80921922
80923972
80926295
80928500
80930578
80932695
80934816
80936995
80938882
80943386
80945936
80947550
80949336
80951197
80953038
80955193
80957315
80959466
80961801
80963883
80966228
80968519
80970822
80973065
80975392
80977782
80980102
80982494
80984876
80987260
80989543
80991977
80994304
80996627
80998937
81001200
81003285
81005411
81007811
81010183
81012390
81014606
81016975
81019384
81021623
81023917
81026083
81028374
81030783
81033043
81035375
81037413
81039493
81041826
81044200
81046525
81048818
81051169
81053383
81055867
81058234
81060643
81062964
81065190
81067484
81069788
81072266
81074830
81077211
81079477
81081823
81084084
81086316
81088690
81090889
81093202
81095467
81097826
81099897
81102261
81104578
81106850
81109113
81111399
81113842
81116103
81118440
81120725
81122964
81125307
81127518
81129851
81132053
81134381
81136787
81139051
81141386
81143848
81146158
81148508
81150922
81153184
81155425
81157738
81160154
81162519
81164801
81167065
81169427
81171659
81173897
81176071
81178061
81180121
81182629
81184833
81187175
81189557
81191763
81194000
81196262
81198544
81200826
81203123
81205359
81207783
81210072
81212427
81214705
81216914
81219266
81221459
81223865
81226321
81228640
81230908
81233330
81235570
81237771
81240162
81242586
81244820
81246724
81248591
81250566
81252685
81254922
81257203
81259431
81261687
81264020
81266177
81268424
81270806
81273133
81275214
81277312
81279473
81281670
81284155
81286475
81288820
81291098
81293406
81295510
81297634
81299839
81301908
81304009
81306404
81308667
81310915
81313182
81315521
81317825
81320056
81322171
81324330
81326453
81328665
81330981
81333259
81335468
81337681
81340034
81342248
81344446
81346646
81348841
81351037
81353245
81355448
81357537
81359721
81361898
81364154
81366290
81368398
81370522
81372728
81374887
81377038
81379231
81381406
81383617
81385614
81387778
81389984
81391341
81393324
81395321
81397473
81399698
81401832
81403969
81406170
81408464
81410613
81412801
81414872
81416993
81419172
81421378
81423580
81425768
81427852
81430033
81432126
81434336
81436533
81438751
81440946
81443145
81445518
81447722
81449774
81452211
81454488
81456675
81459012
81461034
81463054
81465061
81467191
81469349
81471565
81473815
81476093
81478265
81480597
81482782
81484918
81487066
81489255
81491466
81493751
81496097
81498302
81500588
81502747
81504740
81506893
81509123
81511357
81513660
81516094
81518285
81520545
81522803
81524874
81527129
81529056
81531378
81533675
81535976
81538252
81540542
81542844
81545128
81547425
81549888
81552284
81554523
81556770
81558894
81561221
81563334
81565661
81567947
81570251
81572494
81574869
81577244
81579537
81581793
81584048
81586329
81588571
81590977
81593301
81595770
81598106
81600470
81602821
81605159
81607515
81610036
81612434
81614763
81616895
81619175
81621574
81623937
81626246
81628582
81630887
81633175
81635369
81637676
81639940
81642237
81644570
81646719
81649096
81651253
81653546
81655668
81657932
81660050
81662439
81664647
81667090
81669468
81671627
81673918
81676314
81678553
81680852
81683303
81685606
81687960
81690426
81692673
81695167
81697348
81699871
81702408
81704885
81707172
81709496
81711801
81714045
81716289
81718740
81720978
81723116
81725523
81727861
81730381
81732901
81735373
81737565
81740140
81742700
81745146
81747165
81749290
81751779
81754119
81756271
81758862
81761235
81763446
81765640
81767956
81770236
81772526
81775008
81777326
81779534
81781965
81784276
81786519
81788741
81790981
81793388
81795892
81798150
81800405
81801934
81803591
81805756
81808120
81810377
81812650
81814935
81817169
81819419
81821599
81823830
81826056
81828316
81830389
81832646
81835058
81837369
81839627
81841783
81844039
81846372
81848729
81851089
81853392
81855738
81858136
81860292
81862579
81864933
81867325
81869525
81871705
81873905
81876146
81878544
81880798
81883133
81885353
81887681
81889865
81892043
81894462
81896663
81899052
81901414
81903714
81905977
81908231
81910478
81912680
81915024
81917384
81919737
81922120
81924453
81926766
81929060
81931305
81933532
81935960
81938215
81940545
81942788
81944739
81947048
81949460
81951590
81953895
81956210
81958562
81960937
81963346
81965866
81967885
81970154
81972411
81974903
81977309
81979763
81981935
81984326
81986674
81988868
81990967
81993116
81995300
81997453
81999459
82001811
82004124
82006457
82008444
82010490
82012575
82014862
82017076
82019279
82021606
82023906
82026239
82028438
82030702
82032928
82035261
82037561
82039989
82042392
82044762
82047216
82049487
82051933
82054432
82056720
82059079
82061539
82063890
82066200
82068502
82070497
82072587
82074895
82077225
82079615
82081920
82084321
82086741
82089051
82091536
82093788
82096063
82098261
82100576
82103051
82105268
82107553
82109953
82112430
82114642
82116952
82119436
82121926
82124402
82126733
82129266
82131365
82133124
82134926
82136586
82138594
82140923
82143175
82145317
82147727
82149885
82152119
82154499
82156827
82159011
82161237
82163635
82165773
82168189
82170528
82172847
82175097
82177389
82179708
82182011
82184442
82186938
82189295
82191674
82194121
82196435
82198781
82201182
82203558
82205842
82208175
82210496
82212881
82215419
82217775
82220188
82222452
82224791
82227242
82229689
82232089
82234368
82236604
82238918
82241018
82243345
82245871
82248177
82250331
82252299
82254640
82256926
82259189
82261607
82263995
82266299
82268608
82270998
82273227
82275588
82277885
82280029
82282308
82284594
82286939
82289143
82291365
82293777
82296000
82298289
82300667
82302867
82305162
82307488
82309882
82312313
82314761
82316950
82319389
82321683
82324085
82326211
82328598
82330752
82333009
82335433
82337755
82340010
82342260
82344604
82346903
82349120
82351259
82353451
82355561
82357616
82359757
82362049
82364477
82366742
82369037
82371448
82373810
82376202
82378654
82380941
82383035
82385347
82387739
82390168
82392480
82394808
82397293
82399658
82402079
82404435
82406803
82409077
82411221
82413650
82415960
82418119
82420334
82422628
82424935
82427247
82429670
82431805
82433989
82436307
82438547
82440793
82443080
82445252
82447547
82449678
82451785
82454016
82456430
82458774
82461077
82463427
82465661
82467850
82470233
82472418
82474734
82477045
82479424
82481757
82484041
82486252
82488529
82490901
82493231
82495602
82497770
82500044
82502330
82504666
82506978
82509253
82511525
82513950
82516344
82518598
82520824
82523216
82525537
82527929
82530137
82532394
82534559
82536834
82539160
82541379
82543654
82545968
82548221
82550621
82552778
82554910
82557178
82559471
82561797
82564214
82566579
82568948
82571087
82573237
82575457
82577729
82579799
82582064
82584065
82586013
82588166
82590195
82592461
82594823
82597025
82599127
82601195
82603318
82605493
82607679
82609669
82611885
82614218
82616339
82618537
82620760
82622963
82625036
82627245
82629365
82631483
82633832
82636069
82638402
82640598
82642933
82645256
82647445
82649597
82651929
82654325
82656641
82658881
82661937
82664133
82666254
82668480
82670585
82672814
82675048
82677281
82679565
82681888
82684059
82686395
82688547
82690798
82693093
82695227
82697480
82699855
82702190
82704556
82706800
82709107
82711264
82713531
82715796
82718040
82720351
82722539
82724724
82726943
82729045
82731446
82733620
82735755
82737966
82740156
82742386
82744727
82746943
82749262
82751550
82753858
82756225
82758391
82760641
82763073
82765392
82767744
82769954
82772293
82774778
82776706
82778760
82781211
82783595
82785913
82788337
82790661
82792911
82795281
82797704
82800086
82802645
82805038
82807644
82810145
82812636
82815186
82817655
82819945
82822302
82824440
82826744
82829083
82831421
82833963
82836401
82838718
82841176
82843414
82845770
82848124
82850606
82852904
82855128
82857397
82859699
82861908
82864269
82866453
82868568
82870861
82873178
82875484
82877760
82880062
82882463
82884820
82886959
82889167
82891484
82893791
82896178
82898424
82900823
82903059
82905433
82907837
82910127
82912502
82914926
82917304
82919776
82922176
82924516
82926973
82929370
82931756
82934089
82936572
82938821
82941193
82943529
82945819
82948206
82950773
82953262
82955580
82957652
82959707
82961926
82964217
82966480
82968864
82971321
82973630
82975843
82978194
82980833
82983387
82985936
82988327
82990830
82993286
82995629
82998100
83000531
83002783
83005130
83007495
83009732
83012165
83014527
83017085
83019317
83021766
83024285
83026647
83029169
83031493
83033844
83035905
83038239
83040638
83043057
83045378
83047699
83050037
83052453
83055029
83057490
83059933
83062469
83064943
83067372
83069671
83072013
83074658
83077144
83079607
83082127
83084487
83087057
83089464
83092106
83094740
83097231
83099573
83101999
83104373
83106919
83109397
83111918
83114309
83116768
83119075
83121695
83124091
83126616
83129204
83131885
83134344
83136912
83139554
83142048
83144503
83147047
83149520
83152129
83154740
83157365
83160139
83162728
83165300
83167496
83169130
83170867
83172767
83174645
83177064
83179568
83181834
83183491
83185241
83186920
83188639
83191186
83193776
83196297
83198667
83201293
83203895
83206495
83209034
83211520
83214050
83216605
83219343
83221983
83224691
83227157
83229610
83231719
83234331
83236908
83239397
83241872
83244156
83246697
83249190
83251503
83253809
83256219
83258814
83261220
83263340
83264898
83266640
83268433
83270319
83273035
83275824
83278461
83281046
83283707
83286223
83288706
83291209
83293527
83295950
83298149
83300488
83302743
83304992
83307527
83309905
83312417
83315002
83317525
83320069
83322658
83325211
83327772
83330295
83332885
83335528
83337836
83339886
83341805
83344042
83346464
83349066
83351110
83352972
83354806
83356595
83358872
83361141
83363432
83365881
83368359
83370691
83372994
83375494
83378053
83380581
83383134
83385689
83388151
83390716
83393235
83395899
83398423
83401046
83403594
83406077
83408596
83411081
83413502
83416104
83418646
83421028
83423623
83426054
83428567
83431015
83433580
83435965
83438356
83440880
83443350
83445861
83448346
83450782
83453078
83455535
83457964
83460376
83462967
83465291
83467649
83470041
83472560
83475058
83477702
83480200
83482884
83485403
83487955
83490283
83492616
83495008
83497343
83499848
83502309
83504754
83507167
83509588
83511993
83514373
83516635
83519030
83521331
83523827
83526240
83528616
83530841
83533355
83535692
83538115
83540374
83542735
83545061
83547415
83549760
83552141
83554574
83557132
83559602
83561971
83564381
83566894
83569344
83571883
83574525
83577097
83579660
83582144
83584417
83586871
83589354
83591655
83594152
83596467
83598790
83601121
83603575
83605922
83608401
83610795
83613072
83615554
83617965
83620243
83622560
83624991
83627293
83629683
83631940
83634198
83636460
83638824
83641314
83643708
83646163
83648536
83650929
83653373
83655748
83658333
83660740
83663109
83665592
83667924
83670211
83672722
83675083
83677588
83679923
83682197
83684567
83686658
83688782
83691056
83693306
83695747
83698104
83700743
83703132
83705671
83708349
83710819
83713305
83715925
83718488
83720996
83723408
83726020
83728686
83731180
83733782
83736307
83738767
83741219
83743765
83746385
83748996
83751648
83754280
83756823
83759241
83761637
83764195
83766915
83769571
83772282
83774821
83777477
83780023
83782682
83785369
83787915
83790466
83793001
83795506
83797999
83800536
83803050
83805628
83808158
83810625
83813027
83815456
83817896
83820417
83823103
83825522
83827884
83830318
83833019
83835702
83838385
83840897
83843480
83846039
83848620
83851074
83853733
83856076
83858783
83861061
83863579
83866177
83868822
83871316
83873709
83876503
83879254
83881659
83883871
83886299
83888738
83891047
83892848
83895321
83897841
83900381
83902898
83905295
83907671
83910140
83912504
83914912
83917090
83919552
83921833
83924336
83926669
83929234
83931643
83934072
83936722
83939209
83941774
83944347
83946870
83949371
83951762
83954321
83956758
83959288
83961899
83964543
83967106
83969633
83972225
83974660
83977146
83979680
83982028
83984478
83986877
83989215
83991522
83994120
83996607
83998945
84001150
84003589
84006018
84008279
84010684
84012991
84015227
84017432
84019733
84021973
84024330
84026523
84028641
84030854
84032950
84035177
84037407
84039659
84041910
84044190
84046459
84048774
84051060
84057399
84060236
84062593
84064973
84067410
84069866
84072017
84074536
84076970
84078751
84081163
84083688
84086125
84088458
84090868
84093156
84095599
84098147
84100633
84103003
84105475
84107715
84110103
84112340
84114791
84117187
84119729
84122113
84124651
84126953
84129394
84131824
84134206
84136540
84138986
84141444
84143918
84146489
84148907
84151392
84154066
84156634
84159163
84161775
84164192
84166780
84169342
84171873
84174333
84176814
84179215
84181386
84183932
84186421
84188903
84191471
84193885
84196331
84198808
84200882
84203230
84205862
84208353
84210919
84213418
84215711
84218196
84220730
84223240
84225674
84228092
84230187
84232217
84234023
84235899
84238207
84240749
84243145
84245235
84247753
84250288
84252728
84255066
84257378
84259763
84262137
84264417
84266429
84268565
84270846
84273205
84275618
84278104
84280355
84282536
84284864
84287255
84289627
84292250
84294714
84297296
84299386
84301937
84304421
84306999
84309447
84311975
84314363
84316811
84319417
84321932
84324529
84326980
84329547
84332013
84334513
84336996
84339507
84342085
84344516
84347055
84349648
84352160
84354674
84357204
84359597
84362059
84364737
84367270
84369807
84372144
84374754
84377282
84379711
84382299
84384756
84387347
84389837
84392485
84395056
84397450
84399884
84402392
84404876
84407483
84409980
84412283
84414685
84417055
84419479
84422026
84424557
84426884
84429164
84431699
84434194
84436779
84439506
84441804
84444189
84446638
84448952
84451632
84454018
84456482
84459135
84461635
84464039
84466704
84469512
84472048
84474370
84476893
84479261
84481175
84483509
84485937
84488430
84490569
84493024
84495408
84497402
84499638
84501898
84504164
84506221
84508330
84510662
84513130
84515671
84518498
84521261
84523840
84526584
84529196
84531733
84534445
84536965
84539539
84542285
84544986
84547442
84550104
84552809
84555305
84557812
84560146
84562858
84565258
84567990
84570584
84572958
84575133
84577757
84580640
84583411
84585929
84588663
84591166
84593759
84596550
84599145
84601799
84604356
84607024
84609837
84612523
84615076
84617655
84620243
84622464
84624959
84627489
84629999
84632349
84634832
84637258
84639866
84642362
84644607
84647004
84649328
84651559
84653647
84656004
84658319
84660516
84662703
84665013
84667456
84669888
84671997
84674416
84676637
84679034
84681431
84683728
84686100
84688377
84690349
84692265
84694741
84697276
84699821
84702495
84705059
84707639
84710230
84712700
84715123
84717420
84720064
84722595
84724912
84727359
84729542
84731921
84734120
84736502
84738796
84741144
84743380
84745636
84747916
84750267
84752497
84754678
84756864
84759311
84761757
84764148
84766445
84768866
84771141
84773533
84775932
84778329
84780708
84783130
84785578
84788029
84790573
84793163
84795782
84798141
84800290
84802768
84805325
84807806
84810266
84812644
84814820
84817264
84819768
84822488
84825171
84827677
84830035
84832499
84834987
84837384
84839860
84842420
84845040
84847623
84850128
84852533
84855176
84857688
84860211
84862732
84865082
84867058
84869512
84872093
84874605
84876982
84879476
84881920
84884463
84886937
84889374
84891766
84893646
84896270
84898619
84901205
84903580
84905759
84908232
84910542
84912978
84915479
84917962
84920418
84922800
84925095
84927297
84929673
84931930
84934545
84936952
84939369
84941510
84943981
84946454
84949014
84951536
84953936
84956500
84959068
84961733
84964243
84966538
84969125
84971512
84973967
84976437
84979070
84981608
84984137
84986569
84988639
84991222
84993731
84996377
84998289
85000708
85003203
85005691
85007976
85010476
85012987
85015446
85017954
85020567
85022970
85025631
85028050
85030580
85032972
85035683
85038375
85041107
85043721
85046211
85048383
85050743
85053271
85055820
85058490
85061145
85063555
85066299
85068820
85071358
85073534
85076055
85078762
85081301
85083841
85086061
85088664
85091169
85093490
85095838
85098310
85100646
85102931
85105347
85107932
85110268
85112849
85115522
85117959
85120531
85123120
85125623
85128073
85130658
85132978
85135557
85138124
85140584
85143104
85145654
85148333
85150972
85153578
85155944
85158600
85161064
85163700
85166274
85168807
85171355
85174088
85176665
85179344
85181750
85184081
85186450
85188764
85191075
85193628
85195963
85198365
85200590
85202194
85204794
85207337
85209914
85212188
85214657
85217218
85219826
85222355
85224879
85227487
85230136
85232805
85235476
85238004
85240412
85242663
85245132
85247875
85250396
85252639
85254925
85256995
85259084
85261148
85263862
85266180
85268337
85270682
85273147
85275606
85277546
85279921
85282569
85285178
85287754
85290141
85292834
85295136
85297478
85300075
85302826
85305332
85307847
85310450
85313042
85315761
85318338
85321001
85323518
85325842
85328415
85331061
85333622
85336166
85338799
85341440
85343724
85346086
85348422
85350909
85353456
85356192
85358839
85361463
85364150
85366703
85369275
85371878
85374587
85377232
85379882
85382437
85384985
85387474
85389994
85392502
85394997
85397617
85400149
85402485
85404785
85407382
85409946
85412272
85414957
85417395
85419827
85422342
85424763
85427295
85429534
85431753
85434230
85436691
85439094
85441548
85443827
85446244
85448878
85451427
85453965
85456330
85458626
85461246
85463762
85465671
85468075
85470459
85473098
85475500
85477831
85480194
85482852
85485445
85488160
85490708
85493266
85495762
85498221
85500582
85503101
85505216
85507652
85510027
85512088
85514102
85516139
85518305
85520353
85522571
85524733
85526930
85529102
85531192
85533387
85535534
85537594
85539744
85542207
85544807
85547142
85549641
85552127
85554579
85557075
85559645
85562243
85564833
85567253
85569917
85572246
85574793
85577065
85579354
85581323
85583133
85585767
85588249
85590668
85593116
85595440
85597644
85600141
85602581
85604919
85607345
85609781
85612301
85614729
85616995
85619470
85622041
85624583
85627201
85629706
85632224
85634922
85637549
85640080
85642347
85644153
85646119
85648045
85650261
85652738
85655151
85657727
85660205
85662867
85665354
85667793
85670274
85672893
85675586
85677977
85680366
85682859
85685249
85687643
85690095
85692533
85695042
85697409
85700045
85702502
85705053
85707491
85709339
85711975
85714557
85717060
85719551
85722086
85724448
85726872
85729307
85731911
85734395
85736859
85739493
85741854
85744282
85746552
85748708
85753281
85755569
85757910
85760442
85763015
85765406
85767853
85770298
85772472
85774711
85776849
85779083
85781501
85783948
85786225
85788539
85790926
85793418
85795966
85798329
85800713
85803113
85805445
85807993
85810440
85813002
85815348
85817790
85820189
85822758
85824928
85826711
85828427
85830166
85831923
85833779
85835924
85838349
85840791
85843178
85845705
85848115
85850535
85853018
85855403
85857667
85860001
85862337
85864407
85866730
85868996
85871013
85872925
85875027
85877415
85879783
85882261
85884687
85887155
85889735
85892037
85894721
85896876
85899503
85901880
85904475
85906955
85909241
85911716
85914252
85916540
85918963
85921323
85923200
85924935
85926666
85928698
85932150
85934223
85936908
85939595
85942044
85944517
85946899
85949116
85951705
85954192
85956648
85959233
85961695
85964309
85966852
85969348
85971573
85974185
85976722
85979028
85981493
85984151
85986724
85989105
85991293
85993835
85996442
85998842
86001444
86003842
86006339
86008912
86011458
86013838
86016397
86018906
86021291
86023592
86026160
86028653
86031054
86033499
86036048
86038501
86041027
86043392
86045722
86048068
86050355
86052764
86055279
86057725
86060129
86062682
86065147
86067383
86069973
86072486
86074850
86077074
86079499
86082049
86084550
86087125
86089622
86092218
86094525
86097312
86099542
86102029
86104318
86106508
86108710
86110933
86113086
86115610
86118114
86120410
86122859
86125105
86127085
86129590
86131736
86133644
86135805
86138297
86140668
86143028
86145580
86148022
86150157
86152625
86154982
86156803
86159009
86161239
86163256
86165077
86166957
86168948
86171274
86173668
86176028
86178397
86180625
86182597
86184945
86187352
86189911
86192248
86194748
86197266
86199694
86201908
86204405
86206831
86209316
86211647
86213996
86215888
86217757
86220339
86222868
86225360
86227868
86230233
86232645
86235182
86237731
86240328
86242582
86244455
86246582
86248938
86251293
86253923
86256264
86258664
86261238
86263679
86266175
86268766
86271236
86273716
86276732
86279101
86281558
86284103
86286731
86289190
86291900
86294447
86296695
86299162
86301579
86304096
86306647
86308901
86311467
86314163
86316673
86319305
86321825
86324376
86326901
86329399
86331450
86333464
86335666
86338190
86340626
86342979
86345097
86347562
86350179
86352435
86354795
86357104
86359584
86362093
86364600
86367018
86369626
86372206
86374612
86376908
86379288
86381705
86384040
86386309
86388830
86391317
86393803
86395890
86398097
86400591
86403069
86405621
86408233
86410666
86413071
86415472
86417726
86420271
86422742
86425138
86427571
86430002
86432421
86434837
86437323
86439698
86441964
86444333
86446624
86448939
86451499
86453859
86456045
86458631
86461058
86463439
86465923
86468350
86470512
86472973
86475043
86477415
86479868
86482278
86484575
86486711
86489018
86491369
86493820
86496118
86498555
86500747
86503147
86505588
86508173
86510579
86513050
86515630
86518258
86520561
86522588
86524030
86526371
86529022
86531411
86533965
86536579
86539160
86541795
86544395
86546872
86549244
86551614
86553759
86556008
86558464
86560605
86562927
86565291
86567441
86569770
86572228
86574702
86576987
86579398
86581663
86584223
86586607
86589030
86591546
86594020
86596460
86598948
86601540
86604121
86606546
86608993
86611094
86612975
86614933
86617312
86619735
86622081
86624185
86626116
86627785
86629499
86631294
86633079
86635053
86637407
86639948
86642636
86645230
86647901
86650251
86652980
86655569
86657953
86660037
86662031
86664066
86666483
86668846
86671084
86673131
86675325
86677584
86679344
86684684
86686952
86689326
86691911
86694488
86697112
86699596
86701963
86704310
86705949
86708311
86710661
86713199
86715633
86718056
86720346
86722840
86725092
86727604
86730192
86732515
86734972
86737517
86739863
86742329
86744883
86747333
86749878
86752204
86754794
86757036
86759455
86761860
86764042
86766495
86769021
86771343
86773778
86776301
86778823
86781347
86783834
86786407
86789027
86791427
86793906
86796246
86797816
86799766
86802052
86804290
86806481
86808629
86810735
86813039
86815144
86817178
86819178
86821452
86824220
86826790
86829186
86831539
86834043
86836289
86838719
86841181
86843388
86845944
86848405
86850610
86853117
86855665
86857947
86860169
86862613
86864917
86867360
86869659
86871797
86873775
86876071
86878423
86880775
86883079
86885398
86887697
86889869
86892105
86894342
86896680
86898901
86900472
86902804
86905196
86907658
86909911
86912123
86914154
86915718
86917825
86920052
86922330
86924497
86926822
86929289
86931811
86934322
86936585
86938940
86941331
86943789
86946012
86948419
86950839
86953257
86955597
86958030
86960378
86962814
86964465
86966793
86969026
86971393
86973867
86976285
86978739
86981287
86983592
86985759
86988157
86990679
86992967
86995496
86997986
87000346
87002687
87004882
87007273
87009692
87011942
87014151
87016291
87018506
87020986
87023398
87025783
87028327
87030804
87033323
87035844
87038132
87040687
87043185
87045747
87048056
87050591
87053037
87055526
87057863
87060182
87062646
87064915
87067345
87069713
87072077
87074667
87077060
87079517
87081758
87084347
87086934
87089618
87092179
87094785
87097284
87099606
87101992
87104457
87106943
87109412
87111756
87114118
87116384
87118789
87121197
87123661
87126074
87128507
87131147
87133033
87135365
87137905
87140376
87142947
87145399
87147910
87150662
87152950
87155714
87158274
87160881
87163240
87165877
87168377
87171039
87173604
87175847
87178196
87180586
87183006
87185380
87187669
87189774
87191992
87194463
87196728
87199059
87201140
87203372
87205712
87208081
87210406
87212811
87215161
87217462
87219729
87222144
87224484
87226756
87229090
87231338
87233389
87235722
87238052
87240488
87242931
87245358
87247744
87250058
87252436
87254818
87257148
87259536
87261896
87264331
87266793
87269196
87271619
87273777
87276168
87278415
87280732
87283132
87285412
87287689
87289978
87292166
87294412
87296755
87299033
87301412
87303621
87306226
87308733
87311135
87313762
87316373
87318760
87321222
87323945
87326344
87328518
87330119
87331943
87334140
87335884
87337966
87339998
87342447
87344874
87347229
87349517
87351996
87354578
87357290
87359762
87362045
87364610
87367086
87369713
87372019
87374385
87376652
87379143
87381483
87384125
87386587
87389260
87391845
87394226
87396386
87398872
87401250
87403743
87406253
87408790
87411384
87413850
87416126
87418553
87421207
87423776
87426161
87428588
87431149
87433564
87436053
87438437
87440746
87443270
87445557
87447912
87450384
87452717
87455274
87457888
87460366
87462947
87465518
87467876
87470208
87472660
87475196
87477455
87479837
87482074
87484605
87487089
87489437
87491952
87494335
87496667
87499187
87501573
87503999
87506351
87508803
87511156
87513521
87516051
87518547
87520958
87523370
87525777
87528351
87530506
87532951
87535366
87537813
87540325
87542898
87545271
87547701
87550059
87552499
87555027
87557575
87559974
87562593
87565195
87567716
87569979
87571946
87574184
87576568
87578735
87581163
87583499
87586109
87588554
87591021
87593497
87595958
87598311
87600799
87603349
87605862
87608242
87610773
87613217
87615598
87617994
87620270
87622681
87624804
87627216
87629781
87632217
87634517
87636180
87638470
87640755
87643123
87645496
87647911
87650225
87652532
87654829
87657192
87659496
87661736
87663842
87666102
87668303
87670357
87672509
87674769
87677001
87679492
87681936
87684334
87686886
87689367
87691808
87694293
87696655
87698916
87701190
87703364
87705503
87707912
87710400
87712717
87715067
87717481
87719895
87722246
87724568
87726844
87729135
87731368
87733594
87735966
87738272
87740798
87743155
87745592
87747935
87750260
87752531
87754929
87757170
87759694
87762255
87764440
87767008
87769309
87771536
87773827
87776325
87778583
87780857
87783468
87785760
87788042
87790584
87793068
87795615
87798080
87800497
87803059
87805499
87807983
87810460
87812982
87815416
87817852
87820267
87822777
87825233
87827455
87829873
87832487
87834726
87837142
87839561
87841952
87844372
87846905
87849243
87851742
87854025
87856384
87858697
87861072
87863408
87865820
87868105
87870640
87872828
87875408
87877740
87880132
87882554
87884893
87887358
87889697
87891992
87894525
87896851
87899400
87901796
87904292
87906827
87909352
87911796
87914243
87916860
87919259
87921830
87924192
87926603
87929139
87931604
87933990
87936163
87938807
87941261
87943630
87946065
87948423
87950995
87953267
87955777
87958393
87960720
87963292
87965822
87968410
87971045
87973536
87976079
87978547
87981121
87983685
87986088
87988693
87991144
87993580
87996157
87998669
88001037
88003444
88005949
88008263
88010663
88013117
88015648
88018169
88020527
88022800
88025173
88027695
88030074
88032658
88035325
88037529
88040119
88042788
88045481
88047687
88050128
88052945
88055539
88058133
88060782
88063276
88065887
88068504
88070835
88073408
88075886
88078363
88080945
88083427
88085868
88088172
88090799
88093341
88095910
88098449
88100966
88103477
88106214
88108797
88111347
88113927
88116472
88119055
88121646
88124053
88126475
88129051
88131770
88134145
88136631
88139076
88141552
88143952
88146316
88148609
88151221
88153648
88156129
88158626
88161083
88163669
88166048
88168697
88171352
88173916
88176521
88179075
88181717
88184198
88186730
88189200
88191669
88194256
88196837
88199332
88201911
88204350
88206940
88209510
88211969
88214240
88216725
88219373
88221951
88224388
88226911
88229319
88231665
88234246
88236675
88239140
88241629
88243883
88246491
88249100
88251660
88254141
88256588
88259054
88261453
88264021
88266555
88269019
88271440
88273740
88275931
88278294
88280623
88283051
88285452
88288041
88290422
88292842
88295345
88297784
88300308
88302840
88305333
88307984
88310232
88312869
88315168
88317678
88320030
88322495
88324993
88327374
88329838
88332193
88334819
88337455
88339848
88342028
88343881
88345981
88348083
88350552
88353145
88355681
88358229
88360786
88363364
88365798
88368341
88370796
88373350
88376096
88378535
88381162
88383636
88386156
88388691
88391240
88393867
88396241
88398711
88401103
88403837
88406438
88408934
88411496
88414135
88416765
88419240
88421551
88424054
88426668
88429151
88431690
88434201
88436756
88439289
88441546
88444004
88446627
88449068
88451462
88454008
88456623
88458823
88461361
88463637
88466008
88467946
88470025
88472670
88475304
88477803
88480292
88482750
88485312
88487809
88490327
88492798
88495396
88497843
88500203
88502863
88505503
88508040
88510682
88513189
88515861
88518028
88520664
88523313
88525907
88528477
88531004
88533595
88536146
88538849
88541278
88543810
88546293
88548709
88551278
88553692
88556184
88558577
88561032
88563590
88566139
88568659
88571322
88573862
88576309
88578780
88581096
88583638
88586037
88588493
88591154
88593671
88596140
88598415
88600672
88602972
88605561
88608184
88610692
88613129
88615613
88617925
88620159
88622497
88624825
88627331
88629689
88632266
88634730
88637218
88639726
88642264
88644602
88646971
88649478
88652080
88654600
88657030
88659341
88661970
88664444
88666836
88669482
88672093
88674751
88677186
88679633
88682220
88684179
88686069
88688444
88690847
88693312
88695846
88698342
88700670
88703072
88705445
88707795
88710222
88712537
88714720
88716887
88719126
88721401
88723701
88726108
88728629
88730774
88733328
88735803
88738154
88740583
88742936
88745233
88747575
88749986
88752193
88754544
88756828
88759189
88761608
88764004
88766286
88768833
88771055
88773427
88775722
88777863
88780235
88782613
88785117
88787583
88789930
88792288
88794557
88796970
88799317
88801762
88804204
88806403
88808516
88810850
88813276
88815740
88818030
88820283
88822732
88825172
88827714
88830173
88832773
88835118
88837569
88839882
88842179
88844573
88846812
88849198
88851355
88853549
88855921
88857963
88860201
88862644
88865083
88867337
88869656
88871873
88874045
88876474
88878906
88881061
88883340
88885587
88887760
88890044
88891822
88893929
88896379
88898927
88901381
88903772
88906206
88908643
88911017
88913616
88916062
88918836
88921516
88924259
88926533
88928947
88931325
88933853
88936210
88938973
88941726
88944258
88946973
88949367
88952111
88954582
88957080
88959585
88962062
88964565
88967083
88969565
88972191
88974632
88976748
88979042
88981542
88983477
88985563
88987889
88990252
88992453
88994529
88997073
88999258
89001998
89004528
89007117
89009389
89011934
89014250
89016587
89019100
89021525
89023825
89026329
89028675
89030896
89032980
89035011
89037359
89039816
89042274
89044781
89047294
89049799
89052099
89054315
89056366
89058470
89060622
89062937
89065124
89067307
89069744
89072069
89074253
89076443
89078687
89080999
89083412
89085913
89088354
89090783
89093093
89095757
89098204
89100779
89103303
89105504
89108147
89110387
89113046
89115472
89117737
89120215
89122509
89125069
89127072
89128734
89131273
89133556
89136017
89138448
89140637
89143024
89145447
89147830
89150182
89152418
89154698
89156881
89158998
89161122
89163534
89165894
89168474
89170953
89173352
89175885
89178346
89180838
89183200
89185620
89187963
89190183
89192459
89194704
89197050
89199238
89201824
89204302
89206531
89208871
89211133
89213489
89215818
89217957
89220312
89222682
89225039
89227139
89229226
89231309
89233508
89235762
89237848
89240079
89242273
89244359
89246270
89248213
89250471
89252871
89255247
89257619
89260054
89262370
89264531
89266634
89268860
89271089
89273261
89275575
89278081
89280468
89282887
89285209
89287712
89290307
89292733
89295324
89297796
89300381
89302340
89304538
89307212
89309714
89312242
89314774
89317181
89319561
89322133
89324593
89326750
89328781
89330798
89333062
89335518
89337952
89340229
89342665
89344981
89347333
89349607
89352192
89354656
89357250
89359730
89362354
89364785
89367325
89369649
89371939
89374184
89376622
89378943
89381252
89383457
89385625
89388114
89390187
89392674
89395102
89397589
89400076
89402437
89404781
89407402
89409864
89412322
89414209
89416112
89418013
89420117
89422443
89424992
89427570
89430072
89432534
89435226
89437728
89440122
89442629
89445160
89448080
89450728
89453325
89455876
89458443
89461121
89463724
89466507
89468977
89471659
89474073
89476580
89478914
89481475
89483951
89486588
89489006
89491322
89493264
89495179
89497113
89499534
89502136
89504585
89507033
89509299
89511693
89514340
89516750
89519198
89521430
89523711
89525399
89527611
89530196
89532539
89534823
89537339
89539695
89541905
89544247
89546774
89549279
89551830
89554436
89556997
89559504
89561636
89564040
89566714
89569398
89571820
89574370
89576931
89579661
89582171
89584286
89586728
89589404
89592025
89594436
89596944
89599441
89601915
89604607
89607269
89609938
89612460
89615088
89617721
89620358
89622718
89625316
89627958
89630429
89632780
89634697
89637296
89639759
89642439
89644809
89647442
89650216
89652737
89655246
89657655
89660070
89662591
89664973
89667354
89669897
89672359
89674952
89677653
89680191
89682419
89684807
89686889
89689547
89691956
89694486
89696901
89699552
89702062
89704603
89706766
89709330
89711673
89714040
89716346
89718980
89721656
89724088
89726590
89729229
89731672
89734311
89736908
89739381
89742105
89744690
89746996
89748732
89750870
89752734
89754965
89757521
89760122
89762706
89765180
89767870
89770381
89772807
89775377
89777720
89780225
89782860
89785236
89787786
89790297
89792871
89795240
89797459
89799295
89801853
89804508
89806972
89809562
89812140
89814686
89817302
89819745
89821616
89823601
89825926
89828248
89830687
89833078
89835407
89838034
89840419
89842897
89844829
89847161
89849657
89852021
89854461
89856996
89859450
89861847
89864513
89867008
89869490
89871810
89874264
89876839
89879328
89881782
89884348
89887004
89889563
89891893
89894318
89896816
89899308
89901767
89904211
89906790
89909312
89911885
89914529
89916906
89919438
89921923
89924460
89926737
89929368
89931855
89934310
89936518
89939102
89941527
89943914
89946585
89948834
89951388
89954026
89956655
89959288
89961693
89964264
89966753
89969156
89971956
89974502
89977119
89979440
89981848
89984174
89986331
89988921
89991194
89993744
89995665
89997931
90000451
90002859
90005134
90007637
90010218
90012602
90014864
90017286
90019589
90022021
90024445
90026813
90029021
90031370
90033726
90036089
90038257
90040761
90043184
90045721
90048077
90050378
90052770
90055151
90057437
90059214
90060985
90062646
90064129
90066413
90068965
90071141
90073294
90075842
90078103
90080549
90083092
90085399
90088043
90090251
90092756
90095158
90097444
90099713
90102070
90104547
90107211
90109871
90112394
90114776
90117034
90119662
90122117
90124633
90127047
90129506
90131907
90134524
90136680
90138911
90141173
90143429
90145986
90148226
90150632
90152919
90155148
90157544
90160003
90162451
90164994
90167322
90169311
90171317
90173180
90175505
90177887
90180401
90183087
90185397
90187767
90190088
90192637
90195125
90197639
90200075
90202606
90205215
90207786
90210199
90212692
90215069
90217076
90218972
90220816
90223275
90225665
90228006
90230463
90232727
90235163
90237568
90239954
90242365
90244814
90247251
90249589
90251768
90253903
90256532
90259129
90261559
90264183
90266593
90269128
90271459
90274114
90276442
90279041
90281557
90284124
90286500
90289029
90291586
90294297
90296818
90299445
90301844
90304331
90306861
90309485
90311916
90314546
90317034
90319516
90322043
90324594
90327191
90329733
90332333
90334705
90336932
90339382
90341923
90344644
90347275
90349687
90352084
90354486
90357055
90359677
90362202
90364639
90367105
90369802
90372388
90375090
90377651
90379241
90381383
90384026
90386694
90389228
90391882
90394210
90396771
90399408
90401836
90404328
90406815
90409323
90411860
90414277
90416741
90419368
90421883
90424403
90427144
90429751
90432396
90434849
90437436
90440083
90442735
90445128
90447766
90450437
90452956
90455549
90457967
90460670
90463267
90465956
90468344
90470811
90473455
90476111
90478771
90481231
90483768
90486241
90488792
90491426
90493911
90496420
90498822
90501406
90503963
90506627
90509104
90511556
90514014
90516609
90519087
90521705
90524161
90526466
90529008
90531620
90534192
90536725
90539341
90541637
90544281
90546870
90549355
90551993
90554303
90556548
90558912
90561588
90564221
90566696
90569091
90571566
90574161
90576558
90578952
90581496
90584047
90586685
90589088
90591564
90594041
90596525
90599014
90601442
90603818
90606380
90608715
90611191
90613685
90616098
90618453
90620503
90623012
90625544
90627793
90630266
90632596
90634950
90637163
90639520
90641975
90644509
90647129
90649763
90652217
90654519
90656871
90659347
90661897
90664370
90667004
90669297
90671741
90674044
90676514
90678979
90681391
90683874
90686201
90688584
90691077
90693472
90696131
90698704
90701038
90703439
90705980
90707958
90710306
90712443
90714533
90716626
90718124
90720082
90722538
90724916
90726964
90729278
90731460
90734014
90736546
90739033
90741607
90744119
90746435
90748897
90751228
90753852
90756176
90758507
90761026
90763429
90765818
90768177
90770358
90772646
90775210
90777610
90780204
90782619
90785117
90787677
90789954
90792528
90795351
90798054
90800622
90803033
90805675
90808179
90810795
90813284
90815917
90818418
90820984
90823499
90826043
90828377
90830936
90833556
90835971
90838375
90840755
90843455
90846018
90848704
90851198
90853492
90855994
90858550
90861084
90863647
90865898
90868263
90870776
90873240
90875613
90878026
90880586
90883177
90885733
90888455
90890963
90892706
90894847
90897203
90899628
90902103
90904613
90907008
90909343
90911740
90914085
90916448
90918809
90921202
90923565
90926158
90928397
90930705
90933140
90935571
90937934
90939902
90941825
90944225
90946933
90949256
90951539
90953800
90956064
90958511
90960791
90963327
90965747
90967951
90970310
90972596
90974970
90977338
90979888
90982310
90984544
90986926
90989402
90991765
90994261
90996626
90998606
91000523
91002447
91004529
91006816
91009152
91011573
91013905
91016200
91018607
91020911
91022709
91025169
91027602
91030012
91032436
91034858
91036965
91039420
91041491
91043735
91046031
91048463
91050975
91053393
91055749
91058112
91060560
91062839
91065121
91067572
91070139
91072541
91074878
91077209
91079252
91081684
91084187
91086536
91088963
91091223
91093531
91095866
91098038
91100352
91102790
91105243
91107511
91109743
91112163
91114533
91116529
91118946
91121026
91123610
91126084
91128595
91131133
91133384
91136041
91138506
91141181
91143808
91146400
91149100
91151928
91154700
91157508
91160176
91162813
91165401
91167943
91169729
91172327
91174812
91177412
91180051
91182530
91184905
91187192
91189525
91191889
91194297
91196627
91199274
91201670
91204085
91206343
91208717
91211040
91213019
91215601
91217745
91220204
91222507
91224852
91227296
91229704
91232266
91234756
91237357
91239802
91242405
91245063
91247339
91249440
91251459
91253960
91256431
91258969
91261557
91264016
91266302
91268937
91271525
91274125
91276667
91278746
91281358
91283989
91286434
91288422
91290074
91291945
91293898
91295997
91297987
91299913
91302039
91304111
91306487
91309023
91311486
91313847
91316164
91318727
91320998
91323484
91326003
91328482
91330880
91333506
91335924
91338375
91340781
91343178
91345610
91348206
91350652
91352959
91355224
91357650
91360145
91362507
91364809
91366959
91368860
91370852
91372922
91375144
91377499
91379771
91382083
91384621
91386882
91389178
91391352
91393774
91396026
91398343
91400852
91403277
91405152
91407533
91409927
91412614
91415124
91417629
91419993
91422235
91424340
91426522
91428819
91431304
91433727
91436106
91438570
91440909
91443080
91445127
91447162
91449334
91451815
91454172
91456613
91458997
91460732
91462982
91465275
91467749
91470029
91472351
91474870
91477208
91479669
91482200
91484634
91487156
91489564
91492063
91494709
91497189
91499859
91501734
91504129
91506556
91509033
91511395
91513773
91516191
91518671
91521118
91523624
91525833
91528164
91530757
91533427
91535912
91538455
91541277
91543973
91546556
91549004
91551614
91554388
91557035
91559439
91561621
91564257
91566843
91569291
91571772
91574259
91576745
91579263
91581819
91584559
91586943
91589457
91592090
91594407
91596884
91599344
91601940
91604372
91606718
91609282
91611783
91614234
91616645
91619260
91621674
91624394
91626865
91629020
91631559
91633821
91636240
91638689
91641182
91643179
91645558
91648172
91650510
91653014
91655448
91657699
91660368
91662704
91665245
91667726
91670314
91672708
91675320
91677608
91679825
91682037
91684173
91686600
91689084
91691748
91694361
91696991
91699650
91702241
91704709
91707273
91709905
91712469
91714964
91717416
91719872
91722226
91724715
91727371
91729607
91732001
91734609
91737046
91739608
91741945
91744418
91746884
91749311
91751940
91754401
91756865
91759432
91762058
91764511
91767019
91769700
91772267
91774653
91777085
91779540
91782031
91784561
91786817
91789244
91791755
91794327
91796828
91799315
91801538
91803915
91806494
91808973
91811473
91814054
91816490
91819165
91821563
91823966
91826493
91828950
91831506
91833782
91836226
91838803
91841369
91843754
91846433
91848970
91851285
91853697
91856114
91858501
91860975
91863374
91865870
91868583
91871422
91873921
91876280
91878962
91881636
91884163
91886174
91888390
91890862
91893364
91895986
91898533
91901011
91903570
91905965
91908339
91910724
91913241
91915797
91918113
91920107
91922445
91924770
91927182
91929739
91932205
91934365
91936828
91939022
91941388
91943406
91945692
91948196
91950249
91952367
91954503
91956868
91959097
91961311
91963302
91965368
91967677
91969878
91972202
91974659
91976986
91979077
91981085
91983392
91985594
91987813
91990181
91992513
91994847
91997203
91999752
92002267
92004801
92007319
92009761
92012432
92015086
92017714
92020307
92022941
92025492
92027223
92029658
92031791
92034125
92036622
92039218
92041626
92044000
92046512
92048985
92051399
92053985
92056574
92059111
92061614
92064038
92066435
92069011
92071450
92074066
92076483
92078965
92081002
92083292
92085874
92088497
92091099
92093440
92096008
92098510
92101013
92103505
92105981
92108353
92110984
92113553
92116099
92118752
92120913
92123248
92125803
92128246
92130486
92132943
92135439
92138205
92140544
92143085
92145430
92147790
92150257
92152698
92155280
92157929
92160627
92163224
92165461
92167783
92170249
92172778
92175207
92177501
92180072
92182271
92184599
92187148
92189504
92192195
92194617
92197084
92199629
92202026
92204565
92207224
92209956
92212462
92214971
92217510
92219529
92221982
92224060
92226467
92228937
92231125
92233162
92235159
92237249
92239550
92242083
92244405
92246557
92248948
92251294
92253528
92255736
92257968
92259990
92262313
92264862
92267277
92269774
92272378
92275004
92277665
92279948
92282122
92284416
92286795
92289317
92291910
92294276
92296733
92298876
92301067
92303511
92305761
92308309
92310954
92313583
92316250
92318850
92321487
92323788
92326295
92328909
92331598
92334149
92336878
92339604
92342491
92345301
92347789
92350553
92353277
92355968
92358585
92361391
92364049
92366864
92369573
92372100
92374572
92377241
92379830
92382111
92384373
92386989
92389570
92391952
92394323
92397033
92399753
92402478
92405084
92407445
92410008
92412525
92415090
92417419
92419930
92422233
92424738
92427352
92429671
92431884
92434032
92436131
92438473
92440938
92443103
92445737
92448243
92450756
92452977
92455288
92457629
92460246
92462930
92465473
92468163
92470742
92473389
92475937
92478376
92480558
92482403
92484295
92486280
92488566
92491527
92494074
92496756
92499458
92502117
92504585
92506956
92509268
92511686
92513927
92516459
92518903
92521312
92523731
92526184
92528715
92531093
92533460
92535779
92538315
92540803
92543125
92545532
92547526
92549482
92551411
92553678
92556151
92558604
92560904
92563320
92565698
92568093
92570436
92573090
92575623
92578082
92580567
92583065
92585480
92587913
92589879
92591728
92593605
92595638
92597876
92600394
92602822
92605222
92607623
92609953
92612424
92614706
92617076
92619425
92621630
92624132
92626468
92628724
92630662
92632633
92634043
92635779
92637936
92640419
92642799
92645274
92647712
92649992
92652464
92654845
92657442
92659991
92662294
92664726
92666918
92669479
92671916
92674408
92676671
92678917
92681332
92683545
92685485
92687516
92689763
92692330
92694695
92697113
92699717
92702304
92704721
92707174
92709632
92712006
92714470
92716595
92718513
92720575
92722806
92725204
92727743
92730275
92732730
92735026
92737177
92739556
92741993
92744313
92746790
92749074
92751571
92754079
92756459
92758840
92761035
92763507
92765942
92768264
92770670
92772813
92775202
92777421
92779802
92782018
92784193
92786007
92788440
92790890
92793544
92796096
92798597
92800970
92803317
92805627
92808059
92810498
92812908
92815338
92817898
92820318
92822488
92824911
92827305
92829822
92832063
92833734
92835805
92837844
92840068
92842261
92844380
92846447
92849104
92851598
92854187
92856741
92859343
92861893
92864684
92867266
92869761
92872399
92875068
92877667
92880253
92882712
92885376
92887907
92890416
92892491
92894511
92896725
92899074
92901690
92904493
92907056
92909786
92912466
92914950
92917488
92919980
92922620
92925091
92927661
92930245
92932983
92935779
92938488
92941087
92943679
92946346
92948741
92951334
92954179
92956611
92959298
92961339
92963192
92965692
92968058
92970626
92973212
92975685
92978114
92980322
92982802
92985227
92987736
92990293
92992853
92995229
92997758
93000359
93002758
93005072
93007422
93009726
93011942
93014321
93016744
93019060
93021482
93023951
93026421
93028682
93031154
93033467
93036012
93038240
93040702
93043146
93045534
93048156
93050474
93052951
93055176
93057735
93060077
93062594
93064972
93067359
93069878
93072424
93074597
93077102
93079271
93081382
93083819
93086045
93088319
93090627
93093094
93095459
93097789
93100281
93102431
93104732
93106852
93109235
93111704
93114045
93116359
93118761
93121165
93123569
93125941
93128502
93130883
93133300
93135602
93138080
93140572
93143223
93145718
93148214
93150583
93153120
93155574
93157974
93160441
93162973
93165543
93168200
93170509
93172871
93175476
93178160
93180293
93182033
93184601
93187136
93189770
93192340
93195037
93197702
93200006
93202642
93205178
93207736
93210253
93212750
93215322
93217834
93220569
93223113
93225833
93228219
93230941
93233429
93235810
93238705
93241287
93243714
93246322
93248806
93251515
93254162
93256503
93258930
93261341
93263867
93266064
93268395
93270552
93273058
93275577
93278095
93280598
93283158
93285702
93288429
93290964
93293743
93296387
93298834
93301494
93304273
93306902
93309609
93312283
93314752
93317279
93319942
93322505
93325053
93327415
93330130
93332635
93335101
93337354
93339757
93342291
93344687
93346463
93348732
93351264
93353631
93356299
93358666
93361271
93363674
93366083
93368407
93370978
93373444
93375813
93378337
93380825
93383305
93385962
93388144
93390257
93392351
93394830
93397265
93399758
93402029
93404068
93406018
93407976
93410189
93412666
93415313
93417980
93420294
93422563
93424648
93427046
93429381
93431881
93434482
93437020
93439617
93442360
93445024
93447458
93449173
93451285
93453700
93456031
93458226
93460576
93463105
93465510
93467741
93470015
93472511
93474592
93476892
93479206
93481445
93483634
93485927
93488421
93491047
93493477
93495856
93498176
93500514
93503021
93505310
93507552
93509785
93511582
93513296
93515019
93516539
93518529
93520857
93523278
93525685
93528232
93530671
93532968
93535364
93537805
93540227
93542664
93545013
93547333
93549683
93552097
93554471
93556646
93558915
93561389
93563599
93565849
93568012
93570404
93572846
93575477
93577898
93580188
93582659
93584961
93587574
93589805
93592197
93594681
93597365
93600025
93602634
93605301
93607766
93610358
93612847
93615426
93618014
93620272
93622696
93625195
93627903
93630438
93632985
93635531
93638006
93640377
93642844
93645053
93647731
93650183
93652719
93655150
93657872
93660368
93662802
93665279
93667809
93670325
93672869
93675174
93677523
93680348
93682345
93685091
93687785
93690241
93692807
93695529
93698084
93700611
93703121
93705578
93708058
93710432
93712929
93715504
93718070
93720348
93722564
93724971
93727474
93729919
93732343
93734912
93737418
93739928
93742459
93745161
93747820
93750265
93752884
93755564
93758028
93760581
93763135
93765670
93768280
93770830
93773577
93776301
93778829
93781637
93784249
93786813
93789470
93792414
93795963
93798278
93800864
93803562
93806470
93809257
93811819
93814410
93816922
93819407
93822028
93825231
93827760
93830324
93832714
93835153
93837482
93840137
93842550
93845024
93847053
93848973
93851192
93853624
93856044
93858084
93860237
93862356
93864998
93867289
93869545
93871932
93874278
93876588
93878471
93880542
93883142
93885579
93888229
93890867
93893692
93896262
93898677
93901319
93903762
93906312
93908903
93910900
93913189
93915409
93917788
93920416
93923034
93925651
93928270
93930827
93933210
93935798
93938542
93940851
93943113
93945566
93948029
93950594
93952838
93955337
93957928
93960501
93963148
93965649
93968148
93970682
93973452
93976072
93978806
93981541
93984279
93986684
93989261
93991713
93994333
93997031
93999316
94001531
94003827
94006161
94008572
94010908
94013305
94015373
94017693
94019857
94021955
94024472
94026799
94029157
94031144
94033361
94035775
94037945
94040281
94042480
94044622
94046608
94048842
94051112
94053595
94055890
94058145
94060509
94062602
94064694
94067112
94069553
94072166
94074557
94077006
94079154
94081154
94083486
94085919
94088333
94090859
94093311
94095584
94097965
94100065
94102557
94104792
94107172
94109294
94111622
94113906
94116133
94118222
94120604
94122797
94125362
94128046
94130339
94132723
94134831
94137072
94139100
94141064
94143728
94146274
94148806
94151116
94153513
94155959
94158444
94161059
94163533
94165971
94168204
94170553
94172957
94175040
94177385
94179469
94181800
94184142
94186411
94188840
94191097
94193514
94195955
94198320
94200604
94202791
94204913
94207276
94209529
94211736
94214153
94216556
94219130
94221549
94223824
94226425
94229037
94231617
94234012
94236482
94238365
94240842
94243408
94246120
94248126
94250625
94253107
94255616
94257941
94260521
94262974
94265518
94268100
94270666
94273225
94275718
94278085
94280680
94283118
94285731
94288024
94290242
94292515
94295002
94297531
94300114
94302656
94305128
94307682
94310139
94312577
94315027
94317519
94320063
94322491
94324940
94327303
94329925
94332324
94334872
94337258
94339720
94342118
94344449
94346701
94349133
94351617
94354108
94356679
94359088
94361589
94363953
94366161
94368380
94370594
94372967
94375212
94377426
94379667
94381983
94384074
94386528
94389012
94391363
94393741
94396194
94398656
94401028
94403298
94405729
94408106
94410804
94413478
94416080
94418372
94420480
94422984
94425381
94427972
94430474
94432848
94434956
94437333
94439639
94442034
94444303
94446526
94448738
94450903
94453251
94455448
94457644
94459835
94462351
94464754
94467077
94469443
94471967
94474394
94476802
94479232
94481653
94483994
94486317
94488679
94491086
94493445
94495613
94497884
94500291
94502736
94505098
94507310
94509411
94511446
94513793
94516330
94518756
94521214
94523730
94526116
94528674
94531093
94533357
94535706
94538280
94540776
94542784
94545280
94547770
94550215
94552616
94555087
94557336
94559611
94561900
94564350
94566746
94569069
94571254
94573535
94575907
94578009
94580292
94582577
94584845
94587322
94589902
94592252
94594560
94596808
94599206
94601576
94603953
94606214
94608612
94610759
94613049
94615391
94617740
94620132
94622434
94624833
94627160
94629605
94632026
94634474
94637006
94639575
94642099
94644413
94646837
94649287
94651728
94654121
94656488
94658844
94661066
94663682
94666420
94669128
94672058
94674424
94676908
94679255
94681829
94684407
94687026
94689568
94692047
94694440
94697076
94699628
94702231
94704798
94707264
94709344
94711698
94713980
94716463
94718844
94721329
94723720
94726173
94728705
94731112
94733439
94735757
94738166
94740897
94743594
94746154
94748820
94751201
94753305
94755836
94758242
94760704
94763048
94765348
94767842
94770436
94772832
94775353
94777565
94780124
94782554
94784977
94787708
94790348
94793131
94795563
94798094
94800662
94803185
94805684
94808115
94810654
94813022
94815665
94818494
94820756
94823160
94825475
94827787
94830197
94832794
94835419
94837901
94840254
94842539
94844936
94847360
94849265
94851553
94854261
94856740
94858974
94861461
94864033
94866447
94868993
94871655
94874185
94876644
94879079
94881414
94883698
94886118
94888678
94891171
94893481
94895812
94898216
94900757
94903182
94905670
94908001
94910482
94912916
94915543
94917977
94920269
94922810
94925369
94927276
94929613
94932292
94934774
94937285
94939885
94942391
94945055
94947669
94949969
94952646
94955192
94957680
94960221
94962619
94965178
94967708
94970353
94972958
94975579
94977961
94980378
94982824
94985256
94987928
94990619
94993274
94995808
94998504
95000927
95003439
95005844
95008484
95011196
95013512
95016318
95018640
95021359
95024133
95026730
95029277
95031942
95034556
95036973
95039339
95041742
95044174
95046678
95049086
95051746
95054281
95056584
95058752
95061091
95063573
95065972
95068454
95071032
95073053
95075321
95077793
95080397
95082820
95085515
95088014
95090662
95092942
95095689
95098345
95100698
95103258
95105671
95108044
95110609
95113186
95115630
95117854
95120161
95122552
95125005
95127300
95129795
95132052
95134437
95137014
95139392
95142031
95144323
95147033
95149711
95152320
95154848
95157157
95159503
95161755
95163814
95166114
95168722
95171234
95173802
95176286
95178809
95181395
95183877
95186482
95189044
95191600
95194104
95196803
95199365
95201801
95204406
95207056
95209708
95212112
95214274
95216471
95219084
95221762
95224542
95227469
95229897
95232640
95234802
95236723
95239308
95241716
95244290
95246606
95249164
95251714
95254215
95256692
95259211
95261857
95264283
95266673
95269376
95271948
95274382
95276912
95279392
95281982
95284516
95287173
95289771
95292251
95294077
95296159
95298118
95300661
95303255
95305644
95308098
95310487
95313021
95315526
95317940
95320327
95322792
95325344
95327744
95330047
95332330
95334681
95336929
95339412
95341709
95344233
95346613
95348956
95351447
95353731
95356156
95358558
95361005
95363428
95365969
95368411
95370915
95373328
95375808
95378175
95380673
95382984
95385371
95387771
95390242
95392631
95394912
95397288
95399636
95402192
95404625
95407088
95409605
95412145
95414543
95416638
95418995
95421341
95423653
95425997
95428552
95431131
95433418
95435919
95438221
95440635
95443129
95445585
95448113
95450467
95452856
95455173
95457399
95459485
95461912
95464462
95466863
95469321
95471628
95473944
95476311
95478556
95480670
95483144
95485360
95487612
95489799
95492082
95494508
95496989
95499434
95501916
95504350
95506722
95509093
95511365
95513822
95516192
95518696
95521178
95523559
95526020
95528477
95531015
95533494
95535854
95538231
95540658
95543149
95545533
95548084
95550488
95553020
95555351
95557737
95560106
95562478
95564794
95567216
95569576
95571929
95574549
95576862
95579089
95581561
95583999
95586341
95588718
95590994
95593496
95595792
95598077
95600473
95602819
95605004
95607262
95609695
95612099
95614405
95616811
95619187
95621462
95623915
95626370
95628776
95631151
95633639
95636001
95638359
95640670
95643092
95645559
95647834
95650214
95652555
95654931
95657320
95659726
95662174
95664347
95666595
95668843
95670766
95673248
95675672
95678217
95680672
95682996
95685301
95687626
95689952
95692269
95694742
95697143
95699555
95701869
95704069
95706315
95708550
95710765
95713045
95715431
95717796
95720173
95722489
95724839
95727318
95729636
95731991
95734322
95736627
95739078
95741547
95744029
95746636
95749185
95751681
95753863
95756043
95758427
95760788
95763028
95765240
95767602
95769973
95772414
95774789
95777115
95779532
95782041
95784374
95786563
95788736
95790984
95793230
95795614
95797784
95799813
95801921
95804118
95806422
95808646
95811045
95813499
95815847
95818277
95820701
95822903
95825368
95827605
95830040
95832317
95834657
95836913
95839210
95841376
95843610
95845817
95848165
95850350
95852631
95854625
95856955
95859169
95861408
95863625
95865792
95868152
95870382
95872697
95874991
95877172
95879389
95881756
95884100
95886375
95888654
95890991
95893263
95895552
95897710
95899977
95902044
95904256
95906355
95908583
95910841
95912987
95915166
95917315
95919365
95921501
95923773
95926005
95928409
95930789
95933082
95935419
95937693
95939958
95942218
95944448
95946734
95949127
95951479
95953594
95955845
95958153
95960465
95962611
95964944
95967168
95969387
95971749
95973975
95976172
95978479
95980814
95982982
95985251
95987499
95989651
95991897
95994162
95996576
95998706
96000966
96003383
96005561
96007906
96010219
96012511
96014707
96017027
96019362
96021662
96024076
96026484
96028837
96031163
96033450
96035772
96038268
96040484
96042722
96045059
96047368
96049791
96051845
96053669
96055430
96057244
96059284
96061569
96063798
96065802
96067936
96070238
96072574
96075068
96077589
96080050
96082222
96084500
96086864
96089247
96091725
96094174
96096486
96098893
96101362
96103701
96106200
96108574
96111041
96113300
96115764
96118172
96120586
96122906
96125282
96127593
96129952
96132248
96134349
96136660
96138971
96140952
96142820
96145068
96147237
96149286
96151280
96153290
96155520
96157886
96160421
96162900
96165274
96167591
96169968
96172394
96174485
96176806
96179257
96181604
96183679
96186072
96188536
96190877
96193269
96195556
96197882
96200057
96202492
96204753
96207128
96209516
96211923
96214351
96216613
96219017
96221496
96223638
96225697
96228087
96230707
96233007
96235299
96237669
96240020
96241847
96243645
96245497
96247351
96249527
96251937
96254479
96256747
96258979
96261385
96263466
96265516
96267393
96269480
96271905
96274283
96276688
96279091
96281279
96283663
96285977
96288280
96290536
96292979
96295369
96297822
96300280
96302479
96304811
96307150
96309422
96311691
96314147
96316505
96318888
96321167
96323452
96325715
96328099
96330601
96333000
96335391
96337826
96340284
96342759
96344961
96347481
96349880
96352247
96354652
96357065
96359457
96361879
96364381
96366791
96369046
96371251
96373562
96375891
96378165
96380142
96381975
96383953
96386312
96388634
96391142
96393534
96396040
96398441
96400790
96403072
96405185
96407448
96409923
96412312
96414742
96416713
96419013
96421382
96423734
96426152
96428523
96430964
96433228
96435064
96437037
96439032
96441159
96443482
96445750
96447945
96450220
96452529
96454784
96457011
96459451
96461732
96464133
96466499
96468900
96470600
96472797
96474966
96477242
96479520
96481529
96483671
96485955
96488204
96490452
96492655
96494949
96497190
96499431
96501778
96504147
96506477
96508814
96511181
96513374
96515620
96517716
96519794
96522069
96524339
96526685
96529017
96530932
96533111
96535282
96537633
96540038
96542359
96544507
96546938
96549295
96551626
96553823
96556140
96558445
96560814
96563139
96565241
96567605
96569951
96572114
96574414
96576697
96579113
96581535
96584007
96586363
96588846
96591145
96593470
96595828
96598113
96600377
96602730
96604643
96606213
96607847
96609548
96611398
96613206
96614993
96616907
96618796
96620964
96623169
96625377
96627781
96630137
96632474
96634807
96637123
96639407
96641816
96644287
96646567
96648747
96650977
96652925
96654813
96656693
96658732
96661083
96663331
96665581
96667807
96669999
96672303
96674487
96676653
96678872
96680992
96683235
96685478
96687956
96690202
96692279
96694440
96696702
96698916
96701335
96703703
96706088
96708432
96710688
96713069
96715443
96717814
96720134
96721944
96723806
96725817
96727666
96729805
96732152
96734320
96736584
96738729
96740873
96743022
96745290
96747422
96749686
96751885
96754094
96756271
96758528
96760628
96762452
96763959
96765985
96768155
96770424
96772574
96774615
96776753
96778878
96781020
96783156
96785569
96787853
96790059
96792170
96794297
96796497
96798599
96800684
96802738
96804961
96807343
96809526
96811679
96813819
96816181
96818201
96820392
96822679
96825021
96827360
96829975
96832577
96835272
96837719
96840084
96842501
96844812
96847138
96849461
96851749
96853806
96855777
96857687
96859614
96862015
96864103
96866322
96868708
96871038
96873282
96875567
96877955
96880206
96882488
96884669
96886859
96889128
96891403
96893661
96895707
96897742
96899868
96901961
96904242
96906558
96908876
96911184
96913417
96915751
96917999
96920251
96922681
96924930
96927224
96929386
96931566
96933824
96936207
96938445
96940724
96942967
96945236
96947424
96949644
96952006
96954194
96956410
96958735
96961076
96963448
96965827
96968033
96970395
96972578
96974681
96976897
96979132
96981345
96983606
96985759
96988020
96990087
96992446
96994648
96996814
96999027
97001162
97003187
97005371
97007543
97009727
97012090
97014441
97016719
97018911
97021201
97023578
97025609
97027774
97029922
97032150
97034576
97036650
97038857
97041135
97043400
97045593
97047762
97049946
97052139
97054492
97056624
97058627
97060789
97062790
97065027
97067157
97069464
97071592
97073889
97076326
97078716
97080982
97083021
97085454
97087790
97090151
97092626
97095003
97097374
97099725
97102074
97104423
97106839
97109216
97111634
97114114
97116475
97118664
97120922
97123231
97125562
97127947
97130265
97132517
97134867
97137155
97139573
97141873
97144205
97146542
97148937
97151326
97153529
97155793
97157926
97160329
97162376
97164516
97166660
97169000
97171304
97173372
97175531
97177770
97180240
97182651
97185061
97187408
97189762
97192047
97194237
97196414
97198747
97201130
97203456
97205740
97208020
97210255
97212759
97215105
97217136
97219377
97221714
97223991
97226157
97228299
97230544
97232897
97235084
97237325
97239648
97242020
97244458
97246706
97248937
97251215
97253467
97255741
97257914
97259958
97262318
97264577
97266929
97269194
97271606
97274033
97276256
97278550
97280748
97283045
97285234
97287123
97288842
97290561
97292233
97294352
97296716
97299072
97301439
97303768
97305695
97307814
97310102
97312313
97314555
97316705
97318578
97320313
97322194
97323648
97325644
97328018
97330427
97332647
97334819
97337092
97339422
97341761
97344069
97346427
97348750
97350974
97353172
97355478
97357669
97359734
97361811
97363798
97366052
97368505
97370807
97373301
97375377
97377763
97380232
97382602
97384794
97387003
97389429
97391697
97393976
97396204
97398245
97400073
97402107
97404478
97406769
97408961
97411261
97413486
97415805
97418208
97420404
97422660
97424956
97427221
97429493
97431750
97434120
97436484
97438779
97441075
97443408
97445549
97447880
97449978
97451976
97454149
97456513
97458794
97461133
97463432
97465613
97467836
97470107
97472340
97474539
97476762
97478909
97481239
97483523
97485612
97487764
97489968
97492164
97494460
97496712
97498940
97501278
97503643
97505967
97508205
97510444
97512719
97514944
97517001
97519265
97521422
97523628
97525901
97527913
97530035
97532125
97534456
97536768
97539029
97541085
97543412
97545716
97547833
97549960
97552255
97554629
97556646
97558732
97560985
97563231
97565516
97567672
97570034
97572302
97574007
97576445
97578736
97580864
97582967
97584845
97586901
97589086
97591396
97593457
97595644
97597989
97600298
97602620
97604832
97607070
97609404
97611729
97614061
97616414
97618593
97620875
97623339
97625698
97628009
97630321
97632577
97635034
97637262
97639461
97641576
97643672
97645746
97648058
97650411
97652706
97654853
97657158
97659394
97661728
97663853
97666193
97668438
97670681
97672887
97675153
97677477
97679650
97681949
97684189
97686384
97688489
97690852
97692976
97695224
97697318
97699530
97701534
97703717
97705622
97707622
97709769
97712064
97714224
97716442
97718702
97720927
97723117
97725252
97727437
97729685
97731867
97734107
97736338
97738466
97740693
97742964
97745312
97747614
97749674
97751822
97754021
97756339
97758542
97760817
97763095
97765412
97767564
97769907
97772061
97774292
97776406
97778556
97780806
97783084
97785286
97787459
97789694
97792004
97794322
97796679
97799014
97801421
97803749
97806138
97808494
97810723
97813110
97815399
97817637
97819948
97822177
97824377
97826715
97828943
97831067
97833677
97836016
97838363
97840556
97842902
97845149
97847427
97849726
97852029
97854344
97856513
97858886
97861240
97863564
97865828
97868235
97870576
97872925
97875294
97877570
97880018
97882192
97884345
97886681
97888895
97891283
97893647
97895854
97898253
97900447
97902629
97904983
97907296
97909674
97912040
97914364
97916865
97919296
97921271
97923588
97925896
97928260
97930533
97932864
97935098
97937258
97939425
97941500
97943768
97945973
97948112
97950130
97952394
97954667
97956856
97958930
97961163
97963299
97965567
97967803
97970042
97972081
97974293
97976577
97978851
97981166
97983421
97985582
97987861
97990166
97992377
97994602
97996884
97999245
98001575
98003847
98005970
98008411
98010625
98012830
98015026
98017171
98019389
98021589
98023854
98026250
98028509
98030835
98033163
98035266
98037532
98039836
98042044
98044314
98046232
98048475
98050536
98052802
98054695
98057047
98059377
98061719
98064032
98066194
98068496
98070829
98073087
98075253
98077505
98079706
98081913
98084125
98086452
98088562
98090798
98093165
98095323
98097548
98099820
98102109
98104560
98106829
98109105
98110981
98113203
98115523
98117778
98119988
98122168
98124309
98126535
98128812
98131113
98133462
98135773
98137978
98140161
98142517
98144868
98147147
98149357
98151617
98153605
98155607
98157703
98160023
98162011
98164055
98166241
98168407
98170684
98172948
98175087
98177307
98179502
98181691
98183851
98186176
98188449
98190749
98192984
98195304
98197526
98199728
98201907
98204258
98206421
98208703
98210893
98212866
98214795
98216813
98218992
98221182
98223485
98225649
98227865
98230027
98232221
98234371
98236530
98238747
98240951
98243246
98245552
98247795
98249923
98251924
98254077
98256368
98258651
98260976
98262932
98265160
98267414
98269786
98271947
98274062
98276303
98278545
98280714
98282895
98284999
98287164
98289526
98291848
98293927
98296187
98298389
98300588
98302563
98304923
98307314
98309387
98311533
98313760
98315974
98317889
98320104
98322366
98324715
98326849
98329108
98331449
98333622
98335864
98338052
98340237
98342406
98344717
98346954
98349125
98351373
98353671
98355800
98357911
98360059
98362028
98364066
98366073
98367992
98370176
98372550
98374800
98377076
98379324
98381613
98383899
98386152
98388429
98390753
98392916
98395181
98397476
98399696
98402067
98404129
98406441
98408698
98410942
98413102
98415277
98417544
98419842
98422107
98424386
98426645
98428838
98430969
98433133
98435382
98437644
98439924
98441947
98444248
98446421
98448526
98450783
98453177
98455499
98457787
98459990
98462214
98464600
98466743
98469143
98471377
98473719
98475945
98478148
98480349
98482635
98484822
98487063
98489284
98491383
98493596
98495913
98498028
98500046
98502019
98504189
98506360
98508508
98510794
98512625
98514241
98516408
98518515
98520587
98522654
98524695
98526678
98528776
98530832
98532956
98535204
98537333
98539552
98541792
98543823
98546096
98548300
98550529
98552895
98555182
98557526
98559735
98561964
98564145
98566485
98568784
98571174
98573415
98575574
98577946
98580248
98582422
98584423
98586488
98588622
98590467
98592394
98594498
98596616
98598820
98601140
98603364
98605649
98608034
98610340
98612543
98614694
98616797
98618994
98621024
98622943
98624868
98626841
98628825
98630806
98633069
98635395
98637505
98639628
98641736
98643959
98646249
98648580
98650974
98653407
98655856
98658147
98660623
98662512
98664771
98667097
98669375
98671725
98673913
98676345
98678676
98680878
98683144
98685483
98687895
98690364
98692621
98694806
98697073
98699489
98701887
98704153
98706766
98709347
98711763
98714242
98716598
98718996
98721534
98723861
98726278
98728530
98730849
98733481
98735919
98738288
98740643
98743157
98745746
98748240
98750664
98753130
98755653
98758064
98760428
98762929
98765417
98767770
98770322
98772829
98775308
98777924
98780401
98782874
98785213
98787431
98789719
98792157
98794480
98796922
98799310
98801571
98803729
98805867
98808096
98810314
98812662
98815029
98817501
98819941
98822316
98824636
98826956
98829285
98831706
98834150
98836556
98838927
98841272
98843894
98846316
98848524
98850900
98853381
98855852
98858170
98860438
98862831
98865116
98867416
98869853
98872323
98874720
98876912
98879159
98881375
98883642
98885939
98888327
98890730
98893139
98895610
98898112
98900526
98903147
98905580
98907958
98910300
98912790
98915191
98917673
98920177
98922385
98924761
98927221
98929679
98932185
98934485
98936986
98939363
98941859
98944070
98946666
98949076
98951612
98953822
98956273
98958413
98960739
98963215
98965495
98968047
98970388
98972825
98975186
98977599
98979977
98982497
98984760
98987250
98989801
98992219
98994711
98997134
98999532
99001865
99004148
99005902
99008297
99010720
99013150
99015573
99018045
99020579
99023025
99025276
99027493
99029864
99032141
99034516
99036804
99039092
99041346
99043504
99045705
99048050
99050512
99052754
99055213
99057502
99059778
99062069
99064444
99066806
99069159
99071518
99073836
99076228
99078474
99080160
99082572
99084831
99087216
99089295
99091319
99093473
99095698
99097664
99099657
99101997
99104244
99106468
99108789
99111123
99113163
99115199
99117479
99119751
99122037
99124587
99126910
99129177
99131517
99133939
99136405
99138760
99140973
99143191
99145524
99147888
99150215
99152595
99154699
99156864
99158952
99161132
99163261
99165341
99167576
99169860
99172118
99174443
99176748
99179173
99181525
99183685
99185892
99188013
99190333
99192450
99194691
99196916
99199198
99201416
99203609
99205911
99207937
99210042
99212362
99214565
99217001
99219282
99221650
99223883
99226079
99228385
99230737
99233013
99235355
99237608
99239797
99242028
99244281
99246506
99248758
99250939
99253144
99255305
99257551
99259911
99262265
99264513
99266714
99269087
99271318
99273833
99276137
99278363
99280750
99283139
99285319
99287646
99290057
99292377
99294727
99297067
99299480
99301821
99304057
99306096
99307966
99310400
99312815
99315204
99317529
99319794
99322123
99324502
99326873
99329380
99331739
99334204
99336197
99338239
99340134
99342100
99344104
99346499
99349029
99351452
99353590
99355590
99357805
99360230
99362651
99364971
99367469
99369815
99372271
99374613
99377079
99379247
99381532
99383853
99386311
99388587
99390763
99393024
99395412
99397922
99399981
99401856
99403831
99405752
99407962
99410158
99412187
99414580
99416937
99419428
99421865
99424320
99426727
99429289
99431750
99434228
99436560
99439026
99441595
99443974
99446290
99448786
99451049
99453528
99456003
99458492
99461184
99463684
99466113
99468537
99470948
99473575
99476253
99478822
99481232
99483654
99486006
99488518
99490987
99493309
99495922
99498386
99500683
99503232
99505672
99507972
99509809
99512077
99514161
99516394
99518733
99520970
99523273
99525705
99528350
99530843
99533397
99535991
99538495
99540951
99543378
99546139
99548615
99550945
99553445
99555794
99558219
99560561
99562788
99564873
99567301
99569702
99572125
99574633
99577074
99579568
99581875
99584172
99586592
99588931
99591346
99593602
99596101
99598482
99600740
99603230
99605573
99608075
99610436
99612855
99615246
99617665
99620027
99622251
99624516
99626808
99629184
99631361
99633674
99636052
99638524
99640821
99643339
99645743
99648130
99650400
99652817
99655437
99657967
99660377
99662949
99665384
99667759
99670211
99672754
99675058
99677578
99680047
99682586
99685094
99687458
99689572
99691944
99694331
99696849
99699398
99701831
99704269
99706682
99709079
99711575
99714229
99716675
99719168
99721494
99724041
99726563
99729052
99731349
99733989
99736622
99739083
99741539
99743991
99746330
99748747
99751360
99753897
99756484
99759072
99761631
99764137
99766616
99769334
99771947
99774331
99777140
99779661
99782481
99785121
99787654
99790187
99792621
99795010
99797243
99799440
99801774
99804193
99806495
99808933
99811335
99813597
99815961
99818299
99820687
99823053
99825039
99827531
99830268
99832742
99834846
99837266
99839731
99842178
99844715
99847357
99849648
99851526
99853877
99855975
99857800
99860072
99862255
99864383
99866643
99868754
99870935
99873353
99875354
99877569
99879904
99881769
99884125
99886478
99888805
99891307
99893422
99895872
99898082
99900159
99902332
99904558
99906919
99909256
99911615
99913848
99916275
99918599
99921162
99923592
99925980
99928277
99930763
99933152
99935605
99938096
99940768
99943210
99945668
99948348
99951097
99953558
99956102
99958743
99961079
99963688
99966407
99968947
99971192
99973718
99976378
99978976
99981669
99984129
99986715
99989196
99991611
99994138
99996710
99999193
100001736
100004317
100006866
100009539
100011971
100014576
100016788
100019446
100022035
100024602
100027401
100029789
100032495
100035061
100037460
100039167
100041593
100044103
100046473
100048891
100051281
100053538
100055976
100058356
100060692
100063167
100065500
100067765
100070206
100072610
100074897
100077446
100080055
100082471
100084632
100086721
100089168
100091746
100094114
100096637
100099176
100101738
100104114
100106375
100108633
100110980
100113348
100115710
100118032
100120420
100122701
100125028
100127385
100129709
100132047
100133773
100136133
100138507
100140990
100143727
100146318
100148776
100151205
100153613
100156066
100158603
100161122
100163720
100166384
100168989
100171657
100174036
100176726
100179425
100181668
100184179
100186689
100189321
100192004
100194566
100196905
100199657
100202107
100204645
100207056
100209544
100212177
100214575
100217101
100219547
100222395
100225096
100227694
100230379
100233031
100235775
100238325
100240847
100243335
100245840
100248367
100250808
100253412
100256051
100258469
100260748
100262985
100265455
100267450
100269689
100271994
100274478
100276747
100279135
100281693
100284219
100286506
100289091
100291521
100293931
100296056
100298435
100300840
100303248
100305790
100308138
100310633
100313226
100315709
100318059
100320358
100322651
100325117
100327381
100329727
100332286
100334908
100337358
100339889
100342548
100345080
100347628
100349958
100352069
100354000
100356648
100359223
100361654
100364214
100366815
100369395
100371908
100374340
100376801
100379315
100381879
100384362
100387026
100389486
100392002
100394459
100396955
100399672
100402311
100404869
100407338
100409744
100412101
100414527
100417148
100419658
100422261
100424861
100427523
100429913
100432472
100435086
100437520
100440126
100442684
100445313
100448051
100450767
100453410
100455999
100458515
100461227
100463765
100466415
100468800
100471443
100474069
100476665
100479381
100482000
100484516
100487265
100489889
100492373
100495020
100497724
100499895
100502395
100505047
100507871
100510468
100513123
100515929
100518583
100521255
100524036
100526491
100528663
100531108
100533505
100536128
100538490
100540206
100542679
100545036
100547461
100549896
100552123
100554365
100556698
100559018
100561342
100563735
100566146
100568376
100570687
100572900
100575390
100577688
100580023
100582522
100584967
100587310
100589612
100591828
100594048
100596323
100598493
100600424
100602230
100604038
100606101
100608261
100610753
100613282
100615504
100617801
100620208
100622473
100624942
100627426
100629796
100632028
100633797
100635628
100637392
100639175
100641385
100643654
100646009
100648152
100650342
100652652
100654976
100657290
100659583
100661955
100663957
100665784
100667521
100669348
100671448
100673601
100675817
100677845
100679595
100681201
100682941
100685003
100686998
100688903
100691010
100693007
100695012
100697066
100699187
100701307
100703685
100706008
100708426
100710891
100713096
100715453
100717763
100720040
100722362
100724705
100727050
100729372
100731493
100733559
100735896
100738301
100740565
100742856
100745156
100747210
100749418
100751677
100754154
100756488
100758791
100761250
100763628
100766153
100768510
100770856
100773227
100775521
100777949
100780191
100782406
100784803
100787233
100789694
100791997
100794304
100796613
100798952
100801262
100803225
100805530
100807967
100810353
100812751
100815046
100817339
100819548
100821679
100823637
100825734
100828016
100830404
100832741
100835204
100837488
100839734
100841827
100844072
100846274
100848555
100850997
100853276
100855482
100857662
100859876
100862287
100864702
100866947
100869403
100871790
100874206
100876761
100879069
100881819
100884367
100886974
100889337
100891836
100894394
100896422
100898895
100901380
100903941
100906276
100908592
100910928
100913039
100915275
100917588
100920175
100922600
100924943
100927441
100929787
100932305
100934697
100937215
100939699
100942206
100944693
100946956
100949217
100951520
100953912
100956461
100958898
100961302
100963771
100966112
100968622
100971181
100973810
100976356
100978877
100981635
100984149
100986734
100989287
100991846
100994113
100996734
100999229
101001658
101004537
101007143
101009581
101012166
101014733
101017178
101019955
101022569
101025132
101027165
101029607
101032139
101034688
101037429
101040027
101042417
101044900
101047340
101049718
101052176
101054536
101057173
101059772
101062289
101064743
101067277
101069896
101072504
101075089
101077741
101080060
101082622
101085278
101087895
101090448
101093017
101095331
101097475
101099787
101102189
101104577
101106836
101109087
101111374
101113617
101115647
101117936
101120280
101122845
101124898
101127124
101129445
101131711
101133854
101136194
101138483
101140716
101143022
101145302
101147586
101149830
101152110
101154337
101156560
101158751
101160816
101162976
101165245
101167529
101169814
101172098
101174253
101176579
101178668
101180915
101183168
101185285
101187522
101189587
101191962
101194274
101196541
101198670
101201006
101203273
101205486
101207607
101209851
101211964
101214339
101216590
101218887
101221335
101223698
101225706
101227896
101230357
101232453
101234674
101236834
101238864
101240627
101242884
101245162
101247414
101249710
101252109
101253698
101255572
101257523
101259720
101261985
101264259
101266592
101268833
101270964
101273107
101275303
101277469
101279767
101282108
101284366
101286815
101289030
101291566
101294006
101296486
101298800
101301177
101303599
101306034
101308349
101310733
101313144
101315432
101317622
101319923
101322255
101324675
101327009
101329395
101331599
101333913
101336242
101338565
101340796
101342973
101345214
101347514
101349796
101351900
101354113
101356403
101358635
101360906
101363097
101365425
101367795
101370072
101372298
101374625
101376860
101379068
101381399
101383724
101386079
101388385
101390653
101392901
101395235
101397403
101399741
101401923
101404128
101406421
101408879
101411207
101413532
101415722
101417909
101420280
101422687
101424878
101427064
101429291
101431578
101434017
101436305
101438533
101440742
101442748
101445029
101447277
101449417
101451608
101453922
101456261
101458581
101460841
101463109
101465333
101467483
101469788
101472120
101474402
101476656
101479067
101481333
101483720
101486027
101488375
101490601
101492693
101494847
101497012
101499185
101501167
101503164
101505134
101507264
101509353
101511587
101513769
101515907
101518017
101520181
101522537
101524680
101527071
101529387
101531746
101534198
101536576
101538907
101541231
101543602
101545947
101548329
101550689
101552529
101553814
101555607
101557813
101560007
101562279
101564660
101567126
101569573
101572059
101574402
101576536
101578963
101581300
101583567
101585885
101588394
101590747
101593032
101595249
101597463
101599728
101601974
101604198
101606676
101608892
101611112
101613463
101616000
101618337
101620784
101623123
101625442
101627611
101629682
101631826
101634243
101636485
101638808
101641160
101643638
101645990
101648343
101650655
101653045
101655370
101657532
101659605
101661956
101664320
101666653
101668927
101671089
101673507
101675933
101678139
101680415
101682786
101685227
101687419
101689959
101692250
101694381
101696740
101699179
101701422
101703614
101706062
101708455
101710642
101712851
101715105
101717285
101719671
101722040
101724407
101726746
101729165
101731647
101734176
101736585
101738987
101741395
101743862
101746228
101748479
101750724
101752977
101755337
101757709
101760104
101762452
101764821
101766958
101769302
101771566
101773820
101776201
101778491
101780756
101783148
101785461
101787552
101789919
101792284
101794422
101796719
101799066
101801361
101803668
101805546
101807775
101810070
101812314
101814485
101816868
101819257
101821402
101823611
101825726
101827961
101830137
101832249
101834581
101836837
101838933
101841224
101843410
101845754
101847961
101850419
101852834
101855221
101857595
101859911
101862088
101864337
101866633
101868957
101871085
101873363
101875660
101877974
101880260
101882525
101884702
101886711
101888892
101891120
101893217
101895513
101897710
101900059
101902518
101904875
101907401
101909738
101912000
101914415
101916801
101919237
101921537
101923852
101925956
101928226
101930556
101932798
101934863
101937046
101939356
101941431
101943836
101946205
101948616
101950597
101952863
101955193
101957422
101959535
101961731
101964031
101966358
101968664
101971057
101973450
101975827
101978142
101980328
101982673
101984943
101987202
101989598
101991808
101994090
101996488
101998619
102000958
102003273
102005524
102007669
102010044
102012366
102014658
102016912
102019213
102021452
102023764
102026055
102028406
102030574
102032917
102035126
102037429
102039632
102041775
102044044
102046146
102048438
102050804
102053061
102055283
102057652
102059937
102062179
102064396
102066360
102068544
102070746
102073109
102075108
102077265
102079513
102081895
102084298
102086641
102088961
102091215
102093374
102095128
102097340
102099801
102102101
102104428
102106891
102109184
102111511
102113876
102116205
102118487
102120932
102123124
102125546
102127889
102130285
102132567
102134590
102136637
102138944
102141088
102143264
102145529
102147783
102150116
102152521
102154931
102157320
102159483
102161845
102164245
102166681
102169009
102171124
102173311
102175625
102177956
102180371
102182801
102185159
102187518
102189771
102192171
102194586
102196943
102199307
102201668
102204104
102206332
102208552
102210830
102213181
102215439
102217922
102220403
102222590
102224792
102227075
102229319
102231320
102233341
102234845
102237135
102239367
102241764
102244088
102246513
102248879
102251219
102253570
102256111
102258427
102260805
102263139
102265293
102267535
102269960
102272242
102274515
102276648
102278904
102281145
102283379
102285512
102287697
102289878
102292023
102294247
102296621
102298796
102301130
102303499
102305873
102307882
102309762
102311894
102313991
102316267
102318504
102320887
102323129
102325423
102327774
102330081
102332414
102334644
102336876
102339247
102341520
102343338
102345280
102347636
102350006
102352296
102354612
102356991
102359284
102361522
102363893
102366268
102368637
102370895
102373255
102375535
102377763
102380275
102382547
102384794
102386865
102389049
102391314
102393469
102395719
102398048
102400359
102402705
102405072
102407296
102409655
102411799
102414189
102416410
102418680
102420841
102423084
102425271
102427197
102429381
102431549
102433708
102435868
102438324
102440635
102442581
102444477
102446373
102448111
102450136
102452443
102454731
102456883
102459172
102461311
102463289
102465638
102467730
102469938
102472255
102474491
102476747
102478947
102480873
102482661
102484870
102487172
102489577
102491862
102494191
102496532
102498833
102501016
102503250
102505216
102507010
102508964
102511089
102512821
102514960
102517289
102519480
102521763
102524052
102526278
102528660
102530875
102532953
102534841
102536897
102539170
102541583
102543892
102546234
102548774
102551016
102553294
102555503
102557723
102559910
102562154
102564317
102566608
102568960
102571441
102573777
102576039
102578172
102580516
102582916
102584892
102587161
102589548
102591889
102594272
102596679
102598920
102601132
102603523
102605814
102608072
102610226
102612100
102614200
102616372
102618397
102620652
102622864
102624954
102627362
102629854
102632073
102634321
102636651
102638867
102641218
102643158
102645145
102647509
102649631
102651749
102654040
102656360
102658598
102660359
102662283
102664671
102666913
102669379
102671630
102673991
102676101
102678378
102680818
102683088
102685455
102687887
102690036
102692340
102694630
102696951
102699233
102701351
102703199
102705360
102707574
102709826
102712010
102714179
102716447
102718494
102720693
102722751
102724881
102727100
102729312
102731532
102733687
102735804
102738014
102740334
102742521
102744699
102746719
102748692
102750803
102752988
102755033
102757246
102759547
102761932
102764093
102766300
102768623
102770989
102773181
102775089
102777307
102779415
102781114
102783064
102785077
102787112
102789236
102791503
102793721
102796010
102798321
102800653
102802921
102804951
102806754
102808649
102810733
102812804
102814918
102817060
102819193
102821340
102823574
102825747
102827685
102829510
102831243
102833039
102835150
102837085
102839289
102841497
102843644
102845710
102847984
102850219
102852369
102854293
102856335
102858532
102860497
102862606
102864765
102867034
102869292
102871372
102873553
102875739
102878011
102879985
102882240
102884428
102886744
102888751
102890802
102893098
102895484
102897862
102899879
102902107
102904355
102906231
102908520
102910742
102912893
102914795
102916865
102919138
102921199
102923367
102925571
102927724
102929495
102931332
102933118
102934860
102937212
102939543
102941787
102944304
102946595
102948870
102951222
102953434
102955710
102958040
102960294
102962356
102964546
102966836
102969003
102971211
102973585
102975763
102978093
102980113
102982355
102984570
102986671
102988813
102991006
102993286
102995526
102997586
102999929
103002274
103004307
103006247
103008339
103010419
103012600
103014783
103016963
103019163
103021045
103022880
103025121
103026992
103029092
103031277
103033621
103036009
103038280
103040381
103042632
103044735
103046655
103048406
103050225
103052159
103054422
103056696
103059017
103061263
103063537
103065582
103067810
103070161
103072323
103074658
103076923
103079031
103081377
103083474
103085571
103087783
103090077
103092280
103094448
103096653
103098738
103100959
103103136
103105418
103107720
103109689
103112118
103114458
103116702
103119057
103121148
103123420
103125742
103128025
103130259
103132505
103134280
103136208
103138112
103140237
103142479
103144575
103146946
103149148
103151396
103153644
103155868
103158089
103160419
103162595
103164657
103166666
103168749
103170662
103172857
103174701
103176853
103178935
103180786
103182658
103184736
103186905
103189110
103191180
103193394
103195581
103197682
103199842
103201930
103204208
103206403
103208578
103210873
103213046
103215216
103217406
103219657
103221660
103223837
103225986
103228068
103230292
103232194
103234370
103236478
103238636
103240801
103243011
103245121
103247410
103249534
103251623
103253982
103256086
103258233
103260235
103262193
103263917
103265778
103267872
103269984
103272142
103274384
103276582
103278567
103280717
103282879
103285146
103287184
103289154
103291269
103293423
103295551
103297684
103299843
103301904
103304157
103306244
103308335
103310481
103312666
103314838
103317025
103319164
103321391
103323678
103325885
103328019
103330211
103332453
103334727
103337059
103339364
103341666
103343874
103346004
103348187
103350235
103351621
103353701
103355790
103357787
103359895
103362205
103363780
103364847
103365889
103367753
103370066
103372260
103374366
103376454
103378127
103379838
103381481
103383194
103385103
103387343
103389650
103391860
103393825
103395981
103398119
103400225
103402250
103404289
103406408
103408691
103410938
103413131
103415410
103417643
103419933
103422309
103424525
103426806
103429058
103431347
103433561
103435763
103437925
103440183
103442470
103444695
103446943
103449305
103451607
103453850
103455929
103458308
103460741
103463053
103465437
103467606
103469682
103471827
103473943
103476142
103478470
103480760
103482988
103484834
103486686
103488678
103490997
103492991
103495180
103497425
103499794
103502073
103504367
103506710
103509166
103511287
103513358
103515677
103517965
103520354
103522705
103525054
103526703
103529053
103531245
103533588
103535857
103538069
103540375
103542709
103544879
103547253
103549443
103551621
103553829
103555920
103557910
103560056
103562186
103564358
103566489
103568697
103570447
103572180
103573908
103575494
103577285
103579046
103581120
103583291
103585374
103587512
103589495
103591518
103593374
103597601
103599660
103604537
103607542
103611671
103613510
103615453
103617135
103618675
103620257
103623846
103627604
103629176
103646910
103661972
103668004
103669832
103675101
103678212
103681377
103697483
103714063
103715678
103718528
103723239
103745581
103750498
103755701
103761215
103762959
103764862
103766857
103768880
103770815
103772908
103775043
103777187
103779300
103781555
103783719
103785813
103787983
103790246
103792370
103794502
103796509
103798663
103800915
103803063
103805143
103807258
103809279
103811335
103813528
103815643
103817578
103819499
103821584
103823726
103825773
103827859
103829982
103832007
103834030
103836156
103838061
103840061
103842221
103844326
103846387
103848426
103850565
103852343
103854135
103856010
103857915
103859902
103861876
103863779
103865654
103867468
103869342
103871398
103873359
103875350
103877294
103879218
103881305
103883168
103884848
103886514
103888448
103890571
103892653
103894767
103896917
103899200
103901600
103903727
103905934
103908212
103910467
103912555
103914765
103916876
103919047
103921198
103923053
103924895
103926947
103929016
103931261
103933349
103935577
103937808
103939972
103942166
103944429
103946527
103948820
103951033
103953164
103955329
103957635
103959945
103961870
103964031
103966272
103968394
103970487
103972588
103974765
103977016
103979151
103981428
103983611
103985723
103987826
103989937
103992220
103994415
103996606
103998803
104000985
104003282
104005511
104007652
104009534
104011615
104013855
104016011
104018104
104020159
104022163
104024225
104026208
104028370
104030641
104032709
104034890
104036660
104038686
104040755
104042796
104044876
104046845
104048766
104050795
104052788
104054941
104057179
104059361
104061560
104063821
104065996
104068246
104070449
104072662
104074794
104077114
104079422
104081813
104084074
104086431
104088739
104091074
104093431
104095865
104098227
104100455
104102721
104105110
104107388
104109794
104112014
104114143
104116053
104118453
104120773
104123088
104125529
104128185
104130702
104133198
104135440
104137725
104139949
104142290
104144522
104146865
104148998
104151257
104153287
104155506
104157765
104160039
104162048
104164255
104166526
104168870
104171329
104173240
104174715
104176679
104178612
104180658
104182863
104185095
104187204
104189325
104191435
104193619
104195825
104198171
104200329
104202505
104204773
104206974
104209101
104211108
104213199
104215193
104217121
104218818
104220481
104222125
104223897
104225799
104227811
104229949
104232142
104234387
104236504
104238640
104240919
104243140
104245438
104247589
104249904
104252158
104254449
104256548
104258811
104261073
104263208
104265374
104267710
104269953
104272194
104274455
104276639
104278960
104281297
104283573
104285964
104288131
104290314
104292630
104294924
104297214
104299457
104301877
104304119
104306222
104308373
104310798
104313247
104315641
104318028
104320256
104322494
104324763
104327011
104329127
104331349
104333357
104335421
104337335
104339351
104341392
104343585
104345746
104347972
104350297
104352465
104354860
104357014
104359297
104361553
104363679
104365844
104367967
104370136
104372183
104374070
104375794
104377666
104379776
104381771
104383899
104386019
104388112
104390163
104392209
104394318
104396335
104398467
104400633
104402864
104404829
104406668
104408084
104410018
104412217
104414475
104416711
104419049
104421324
104423569
104425736
104427848
104429961
104432011
104434224
104436552
104438703
104440817
104442774
104444834
104446824
104448912
104451029
104453063
104455039
104456946
104458971
104460933
104463012
104464865
104466771
104468786
104470865
104473031
104475181
104477247
104479367
104481486
104483662
104485798
104487801
104489914
104492006
104493978
104496092
104498330
104500405
104502543
104504696
104506977
104508712
104510640
104512786
104514817
104516873
104519064
104521294
104523343
104525414
104527583
104529764
104531873
104534014
104536215
104538418
104540635
104542652
104544625
104546662
104548758
104550672
104552721
104554845
104556631
104558830
104560866
104562919
104565108
104567253
104569509
104571615
104573749
104575945
104578056
104580152
104582271
104584333
104586443
104588388
104590398
104592430
104594650
104596852
104598762
104600742
104602911
104604950
104607019
104609218
104611256
104613273
104615361
104617409
104619536
104621640
104623729
104626049
104628267
104630510
104632798
104635049
104637409
104639641
104641774
104644096
104646474
104648759
104650866
104653141
104655474
104657856
104659640
104661282
104662975
104664615
104666587
104668760
104670996
104673265
104675545
104677778
104680007
104682249
104684468
104686707
104688771
104691129
104693269
104695430
104697405
104699520
104701748
104704129
104706522
104708642
104711020
104713392
104715759
104717981
104720222
104722438
104724638
104726833
104729137
104731294
104733516
104735698
104737812
104740022
104742348
104744508
104746791
104749225
104751464
104753653
104755808
104757916
104759892
104762153
104764315
104766655
104768863
104770635
104774266
104776590
104778687
104780969
104783260
104785521
104787610
104789717
104791852
104794042
104796225
104798429
104800461
104802807
104805168
104807398
104809424
104811611
104813783
104815850
104817937
104819582
104821262
104823128
104825304
104827593
104829494
104831545
104833530
104835518
104837351
104839481
104841693
104843747
104847108
104849307
104851073
104853291
104855276
104857250
104859390
104861523
104863686
104865898
104868114
104869866
104871056
104873018
104875283
104877452
104879649
104881780
104884088
104886443
104888585
104890673
104892885
104895186
104897385
104899651
104901808
104903836
104905841
104907766
104909816
104912004
104914206
104916335
104918384
104920398
104922583
104924747
104926861
104929061
104931262
104933408
104935351
104936982
104938605
104940188
104941840
104944001
104946139
104948268
104950525
104952782
104955129
104957315
104959470
104961682
104963900
104966193
104968061
104970181
104972369
104974602
104976770
104978842
104980986
104983161
104985380
104987584
104989738
104991868
104994190
104996462
104998604
105000779
105003094
105005209
105007327
105009342
105011583
105013766
105015778
105017957
105020069
105022274
105024493
105026817
105029104
105031396
105033720
105035746
105038059
105040316
105042423
105044554
105046653
105048882
105051097
105053337
105055654
105057995
105060379
105062582
105064848
105067004
105069196
105071469
105073581
105075347
105077397
105079676
105081934
105084168
105086298
105088486
105090558
105092802
105094982
105097148
105099345
105101596
105103832
105106084
105108160
105110262
105112165
105114174
105116012
105118141
105120222
105122285
105124600
105126851
105128846
105131080
105133207
105135595
105137795
105139933
105142108
105144348
105146635
105148777
105151058
105153362
105155598
105157690
105159774
105161861
105163995
105166045
105168005
105170000
105172093
105174336
105176418
105178511
105180512
105182665
105184766
105186902
105189109
105190963
105192904
105194985
105197078
105199101
105201267
105203452
105205436
105207521
105209505
105211491
105213473
105215091
105216895
105218762
105220483
105222245
105224262
105226358
105228242
105230241
105232309
105234442
105236586
105238759
105240947
105243082
105245259
105247243
105249562
105251835
105254024
105256104
105258249
105260445
105262442
105264627
105266641
105268866
105271080
105273281
105275475
105277645
105279985
105282190
105284347
105286659
105288974
105291137
105293284
105295438
105297601
105299820
105302079
105304294
105306273
105308060
105309858
105311906
105313997
105316241
105318436
105320563
105322775
105324896
105327030
105329209
105331418
105333520
105335496
105337590
105339722
105341927
105344045
105346119
105348086
105350101
105352025
105354178
105356262
105358276
105360466
105362328
105364547
105366704
105368827
105370965
105372938
105374750
105376592
105378696
105380806
105382782
105384901
105387094
105389227
105391311
105393369
105395345
105397436
105399401
105401582
105403637
105405638
105407777
105409856
105411953
105413889
105415996
105417967
105420030
105422141
105424287
105426359
105428408
105430529
105432652
105434662
105436773
105438738
105441018
105443129
105445164
105447160
105449157
105451185
105453404
105455482
105457635
105459884
105462175
105464358
105466508
105468659
105470640
105472783
105475797
105478607
105481339
105483599
105485912
105488141
105490227
105492514
105494586
105496820
105498967
105501160
105503223
105505350
105507699
105509733
105511981
105514119
105516360
105518483
105520510
105522562
105524568
105526496
105528355
105530328
105532343
105534367
105536290
105538300
105540380
105542338
105544509
105546485
105548620
105550621
105552877
105554947
105557118
105559282
105561407
105563647
105565935
105568196
105570450
105572452
105574616
105576470
105578319
105580211
105582358
105584667
105586862
105588975
105591193
105593352
105595478
105597403
105599658
105601904
105604034
105606255
105608391
105610734
105612926
105615016
105617208
105619356
105621565
105623646
105625554
105627831
105629926
105631694
105633786
105635971
105638358
105640664
105642804
105644888
105646980
105649316
105651376
105653683
105655829
105657913
105659600
105661177
105663120
105665221
105667439
105669593
105671660
105673823
105675899
105677941
105680086
105682165
105684249
105686337
105688296
105690369
105692490
105694600
105696668
105698808
105700904
105703068
105705089
105707007
105708879
105710913
105712972
105714927
105716769
105718643
105720289
105722111
105724220
105726193
105728423
105730353
105732512
105734444
105736407
105738415
105740391
105742493
105744499
105746485
105748446
105750331
105752237
105754306
105756249
105758148
105759964
105761796
105763880
105765959
105768095
105770138
105772246
105774394
105776422
105778522
105780639
105782707
105784891
105786760
105788603
105790656
105792897
105795010
105796827
105798892
105800933
105803033
105805154
105807227
105809242
105811181
105813283
105815295
105817045
105818741
105820533
105822095
105823598
105825566
105827561
105829642
105831755
105833859
105836018
105838090
105840262
105842456
105844454
105846569
105848573
105850616
105852779
105854829
105856905
105859000
105861176
105863365
105865493
105867560
105869639
105871709
105873778
105875914
105878123
105880114
105882076
105884040
105886055
105888227
105890329
105892344
105894527
105896616
105898687
105900843
105902825
105905017
105907256
105909416
105911487
105913510
105915733
105917871
105919877
105922007
105924238
105926378
105928466
105930662
105932737
105934876
105937012
105939064
105940944
105943065
105944670
105946332
105947893
105949379
105951072
105952951
105954918
105956932
105958691
105960426
105962077
105963662
105965528
105967457
105969545
105971414
105973500
105975515
105977555
105979583
105981545
105983447
105985319
105987319
105989536
105991681
105994049
105996194
105998159
106000042
106002161
106004226
106006410
106008538
106010583
106012846
106015046
106017217
106019349
106021624
106023799
106025978
106028190
106030447
106032549
106034774
106036963
106039148
106041257
106043471
106045450
106047666
106049894
106052067
106054218
106056319
106058584
106060493
106062710
106064901
106067013
106069102
106071176
106073312
106075488
106077600
106079599
106081623
106083771
106086060
106088248
106090365
106092621
106094789
106096853
106098960
106100980
106102926
106105065
106107056
106109203
106111243
106113416
106115318
106117395
106119461
106121347
106123374
106125494
106127462
106129608
106131619
106133738
106135850
106138034
106140140
106142157
106144267
106146345
106148512
106150613
106152592
106154742
106156858
106158892
106160846
106162774
106164663
106166401
106168060
106169738
106171617
106173489
106175445
106177535
106179747
106181805
106183920
106185916
106188067
106189980
106191999
106194126
106196265
106198351
106200571
106202750
106204886
106207062
106209361
106211473
106213519
106215609
106217649
106219886
106221953
106224090
106226205
106228406
106230538
106232850
106234926
106237174
106239258
106240933
106242618
106244725
106246949
106249199
106251541
106253715
106255847
106257981
106260102
106262232
106264373
106266495
106268615
106270643
106272792
106274935
106277086
106279197
106281341
106283557
106285538
106287659
106289943
106292134
106294234
106296470
106298550
106300614
106302829
106305024
106307018
106309015
106311000
106312704
106314359
106316221
106318395
106320551
106322639
106324849
106327000
106329109
106330886
106332731
106334503
106336274
106338375
106340372
106342292
106344445
106346476
106348525
106350569
106352682
106354928
106356997
106359010
106361114
106363243
106365293
106367420
106369519
106371760
106373965
106376217
106378335
106380609
106382761
106384931
106387191
106389253
106391335
106393525
106395814
106397942
106400137
106402321
106404638
106406906
106409193
106411566
106413323
106415490
106417736
106419926
106422161
106424338
106426419
106428383
106430552
106432290
106434477
106436635
106438779
106440970
106443195
106445468
106447672
106449935
106452075
106454399
106456441
106458503
106460688
106462758
106464881
106467125
106469237
106471341
106473372
106475499
106477481
106479524
106481705
106483880
106486090
106488314
106490589
106493013
106495275
106497460
106499773
106502145
106504435
106506700
106508767
106511002
106513319
106515662
106517856
106519977
106522007
106524389
106526781
106528983
106531126
106533421
106535718
106537900
106540059
106542382
106544584
106546599
106548783
106551030
106553103
106555103
106557218
106559444
106561468
106563739
106565918
106568268
106570457
106572764
106575005
106577127
106579353
106581296
106583404
106585547
106587602
106589605
106591712
106593918
106596051
106597898
106599913
106601974
106604128
106606399
106608650
106610844
106613018
106615220
106617329
106619476
106621571
106623669
106625845
106628029
106630143
106632419
106634592
106636713
106638829
106641079
106643423
106645662
106647950
106650092
106652155
106654217
106656274
106658287
106660211
106662270
106664308
106666383
106668521
106670712
106672992
106675253
106677446
106679638
106681850
106683987
106686128
106688509
106690796
106692927
106695294
106697500
106699764
106702042
106704361
106706477
106708692
106710908
106713017
106715131
106717400
106719575
106721771
106724174
106726432
106728678
106730949
106733021
106735399
106737579
106739738
106742038
106744337
106746866
106749107
106751505
106753898
106756264
106758543
106760841
106763122
106765296
106767463
106769776
106772060
106774309
106776691
106778943
106781266
106783329
106785755
106788069
106790385
106792642
106794975
106797189
106799572
106801959
106804215
106806437
106808776
106811156
106813399
106815725
106818084
106820477
106822970
106825248
106827506
106829897
106832374
106834788
106837065
106839623
106841918
106844225
106846542
106848867
106851115
106853514
106855668
106857913
106860010
106862039
106864461
106866836
106869324
106871493
106873918
106876447
106878857
106881321
106883688
106886112
106888507
106890913
106893313
106895795
106898071
106900537
106902845
106905103
106907410
106909740
106912024
106914377
106916584
106918974
106921479
106923962
106926272
106928762
106930845
106932797
106934987
106937358
106939686
106941994
106944381
106946848
106949228
106951542
106953956
106956369
106958771
106961207
106963765
106966337
106968896
106971510
106974098
106976457
106978933
106981448
106983980
106986471
106988835
106991214
106993473
106995689
106997716
107000173
107002719
107005169
107007736
107010260
107012685
107014882
107017367
107019778
107022263
107024858
107027431
107030059
107032622
107035152
107037835
107040202
107042653
107044925
107047000
107049556
107051962
107054355
107056587
107058000
107060188
107062514
107064862
107067351
107069665
107072041
107074409
107076640
107079090
107081281
107083606
107085852
107088010
107090107
107092309
107094393
107096669
107099044
107101296
107103655
107105977
107108295
107110524
107112688
107114840
107117089
107119384
107121643
107123971
107126223
107128430
107130606
107132941
107135192
107137552
107139828
107141522
107143887
107146366
107148682
107151090
107153542
107155966
107158498
107161008
107163574
107165961
107168305
107170738
107173176
107175624
107178156
107180581
107183149
107185578
107187924
107190223
107192282
107194673
107197268
107199726
107202131
107204524
107206966
107209256
107211727
107214149
107216400
107218782
107221102
107223467
107225958
107228319
107230727
107233106
107235514
107237891
107240108
107242486
107244852
107247226
107249616
107252081
107254591
107257067
107259684
107261913
107264228
107266745
107269100
107271600
107274136
107276629
107279148
107281572
107284015
107286497
107288915
107291413
107293787
107296416
107298753
107301256
107303789
107306058
107308615
107311157
107313538
107316072
107318651
107321251
107323821
107325978
107328418
107330993
107333364
107335685
107338017
107340498
107342967
107345414
107347687
107350005
107352275
107354491
107356845
107359157
107361432
107363929
107366267
107368641
107371107
107373577
107375929
107377780
107380092
107382440
107384747
107387021
107389233
107391511
107393842
107396086
107398439
107401006
107403364
107405664
107407940
107410294
107412759
107415104
107417577
107419796
107422198
107424682
107426995
107429282
107431336
107433545
107435809
107437979
107440264
107442658
107444990
107447483
107449972
107452338
107454663
107456913
107459405
107461683
107464009
107466331
107468786
107471125
107473414
107475743
107478017
107480530
107482639
107484937
107487269
107489684
107492045
107494311
107496679
107498802
107501025
107503112
107505356
107507619
107509918
107512209
107514434
107516732
107518781
107520976
107523107
107525418
107527853
107530159
107532279
107534725
107536972
107539409
107541711
107544104
107546445
107548855
107551196
107553613
107556077
107558754
107561168
107563664
107566097
107568501
107570776
107573015
107575307
107577741
107580259
107582645
107584818
107587098
107589492
107591948
107594491
107596860
107599225
107601732
107604162
107606708
107609090
107611547
107613881
107616311
107618559
107620969
107623432
107625707
107628167
107630573
107632675
107634879
107637100
107639478
107641908
107644237
107646641
107649066
107651334
107653833
107656327
107658506
107660777
107663100
107665338
107667777
107670337
107672611
107675085
107677507
107679969
107682353
107684842
107687357
107689730
107692085
107694452
107696876
107699388
107701708
107704187
107706337
107708653
107711023
107713349
107715758
107717851
107719862
107722060
107724291
107726712
107729150
107731532
107733710
107735777
107737703
107739928
107742326
107744882
107747173
107749440
107751623
107754030
107756389
107758631
107761012
107763366
107765677
107768070
107770438
107772747
107774978
107777329
107779646
107782152
107784415
107786807
107789205
107791417
107793811
107796255
107798617
107801008
107803459
107805920
107808302
107810939
107813495
107815917
107818339
107820688
107823091
107825544
107827909
107830304
107832845
107835315
107837750
107840190
107842593
107845011
107847417
107849752
107852160
107854620
107856997
107859352
107861854
107864426
107866815
107869058
107871451
107873863
107876114
107878433
107880878
107883243
107885690
107888146
107890387
107892795
107895116
107897453
107899854
107902336
107904799
107907121
107909516
107911971
107914415
107916851
107919272
107921569
107923808
107926185
107928677
107931223
107933689
107936210
107938680
107941108
107943661
107946035
107948569
107951086
107953530
107955983
107958546
107961117
107963566
107965386
107967386
107969809
107972369
107974976
107977554
107979827
107982216
107984433
107987042
107989372
107991664
107993942
107996617
107999107
108001519
108003915
108006356
108008941
108011351
108013864
108016276
108018693
108021195
108023352
108025214
108027615
108030130
108032390
108034919
108037379
108039780
108042229
108044694
108047052
108049439
108051869
108054400
108056961
108059823
108062426
108064941
108067403
108069917
108072424
108074969
108077480
108079928
108082310
108084811
108087147
108089767
108092354
108094804
108097425
108099809
108102435
108104958
108107442
108110031
108112478
108114832
108117323
108119674
108122012
108124342
108126817
108129209
108131727
108134161
108136608
108139008
108141417
108143923
108146151
108148428
108150895
108153361
108155936
108158368
108160270
108162047
108164025
108165971
108167925
108170346
108172799
108175163
108177654
108179976
108182477
108185109
108187622
108190039
108192705
108195456
108198134
108200321
108202595
108205095
108207440
108209799
108212350
108214959
108217495
108220008
108222527
108224968
108227942
108233310
108241528
108246019
108248284
108254137
108257425
108259774
108265138
108267849
108275616
108279146
108302175
108311110
108313607
108316444
108319294
108322013
108324507
108327007
108329762
108332523
108335349
108338099
108340879
108343352
108345661
108348336
108350635
108353116
108355840
108358359
108360635
108362935
108365217
108367943
108370401
108372721
108374741
108378346
108387467
108416574
108426711
108431244
108437916
108442957
108448477
108451922
108459340
108466049
108469154
108471367
108473539
108475519
108477565
108479688
108481833
108484211
108486281
108488204
108489667
108491122
108493011
108494919
108497085
108499515
108501853
108504153
108506657
108509176
108511665
108514070
108516288
108518462
108520751
108523057
108524446
108526601
108529009
108531512
108533914
108536024
108537892
108540342
108542748
108545053
108547112
108549368
108551856
108554529
108557143
108559774
108561561
108564186
108566689
108569270
108571808
108574317
108576617
108578780
108581070
108583675
108586248
108588769
108591353
108593834
108596220
108598770
108601191
108603717
108606306
108608829
108611336
108613801
108616243
108618827
108621569
108623978
108626383
108628786
108631377
108633926
108636672
108639150
108641076
108643335
108645831
108648235
108650365
108652650
108654844
108657182
108659227
108661178
108663141
108665411
108667564
108669547
108672010
108674433
108676111
108678272
108680880
108683490
108686141
108688698
108691059
108692975
108695100
108697452
108699685
108701636
108703532
108705840
108708140
108710590
108712893
108715170
108717779
108720074
108722511
108725063
108727400
108729522
108731914
108734110
108736668
108739070
108741525
108743969
108746536
108748524
108750916
108753417
108755975
108758581
108761006
108763394
108765653
108767976
108770418
108772072
108773868
108776313
108778905
108781310
108783837
108786181
108788611
108791111
108793528
108796047
108798288
108800692
108803197
108805718
108808166
108810746
108813197
108815780
108817947
108820412
108823061
108825449
108827818
108830320
108832658
108835127
108837593
108840117
108842650
108845149
108847567
108850008
108852097
108854226
108856688
108859318
108861770
108864345
108866848
108869430
108872044
108874498
108876899
108879288
108881850
108884443
108887126
108889831
108892645
108895402
108897915
108900585
108903196
108905855
108908382
108910620
108912910
108915244
108917543
108919923
108922366
108924596
108927240
108929695
108931847
108934411
108936590
108938968
108941181
108943607
108945974
108948524
108951095
108953445
108955967
108958453
108960879
108963091
108965217
108967807
108970411
108973012
108975433
108977846
108980235
108982654
108984956
108987473
108989770
108992134
108994551
108996915
108999126
109001327
109003643
109005870
109008204
109010426
109012607
109015038
109017444
109019651
109021826
109023972
109026267
109028530
109030873
109033368
109035591
109037685
109039985
109041983
109044067
109046444
109048933
109051450
109053489
109055458
109057928
109060383
109062606
109064604
109066871
109069096
109071446
109073462
109075180
109077204
109079676
109081836
109084491
109086697
109088874
109090862
109092962
109095241
109097972
109100073
109101750
109103811
109106117
109108506
109111028
109113379
109115499
109117953
109120433
109122743
109125306
109127628
109130170
109132806
109135285
109137700
109140170
109142542
109145040
109147592
109149950
109152373
109154669
109157198
109159388
109161816
109164357
109166505
109169149
109171570
109173773
109175974
109177935
109180259
109182809
109185071
109187489
109189864
109192277
109194576
109196920
109199118
109201408
109203811
109206362
109209079
109211683
109213960
109216341
109218630
109220925
109223430
109226020
109228328
109230720
109233190
109235704
109238000
109240511
109242614
109244955
109247353
109249586
109251174
109252924
109255092
109257396
109259335
109261523
109263509
109265332
109267274
109269176
109270998
109272936
109274687
109276985
109279374
109281461
109283438
109285721
109287903
109290294
109292678
109295054
109297013
109299030
109301551
109304035
109306539
109308811
109311185
109313607
109315773
109318090
109320351
109322856
109325181
109327280
109329606
109332134
109334523
109336829
109339271
109341551
109344037
109346333
109348835
109351284
109353735
109356076
109358509
109360860
109363471
109365877
109368115
109370441
109372903
109375223
109377395
109379867
109382281
109384969
109387561
109390130
109392740
109395154
109397419
109399323
109401766
109404132
109406607
109408913
109411335
109413794
109416354
109418623
109420932
109423322
109425572
109427348
109429810
109432390
109434967
109437288
109439876
109442704
109445509
109447834
109450486
109453008
109455558
109457891
109460302
109462628
109465221
109467184
109469848
109472546
109475046
109477289
109479581
109482188
109484312
109486598
109488868
109490934
109492966
109494884
109497036
109499323
109501918
109504440
109507131
109509328
109511337
109513991
109516470
109519145
109521739
109524316
109526799
109529376
109531874
109534259
109536744
109539409
109541849
109543901
109546364
109548782
109551031
109553610
109556072
109558582
109561088
109563725
109566264
109568801
109571359
109573758
109576169
109578465
109580923
109583467
109586117
109588637
109591320
109593943
109596408
109598980
109601703
109603963
109606369
109608779
109611262
109613747
109616348
109619320
109621352
109623792
109625892
109627864
109629962
109631970
109634565
109637112
109639686
109642241
109644522
109649121
109651904
109654294
109656441
109658376
109660650
109663140
109665641
109668091
109669964
109672140
109674430
109676929
109679221
109682046
109685681
109688931
109692462
109696976
109700933
109703604
109705821
109708167
109710348
109712586
109714368
109716299
109718636
109721347
109724078
109726730
109729068
109731702
109734417
109736933
109739029
109740885
109743258
109745572
109747878
109750377
109752330
109754917
109757403
109759216
109761148
109763106
109765358
109767690
109769959
109772436
109774940
109777375
109779777
109782364
109784684
109787027
109789408
109791690
109793603
109796039
109798451
109800886
109803361
109805736
109807984
109810581
109812844
109815186
109817636
109820076
109822376
109824685
109827219
109829535
109831970
109834345
109836848
109839457
109841833
109843853
109846252
109848463
109850969
109853293
109855688
109858046
109860435
109862890
109865364
109867771
109869891
109872066
109874609
109877072
109879267
109881471
109883743
109886163
109888344
109890661
109892965
109895067
109897300
109899673
109902048
109904500
109906751
109909299
109911269
109913484
109915876
109918385
109920722
109923011
109924814
109927278
109929680
109932028
109934320
109936859
109939234
109941773
109944178
109946648
109949185
109951665
109954115
109956642
109959280
109961692
109964225
109966640
109969281
109971894
109974320
109976786
109979128
109981747
109984168
109986173
109988899
109991452
109994037
109996542
109999219
110001934
110004579
110007356
110009941
110012489
110014993
110017680
110020083
110022585
110025151
110027372
110029795
110032258
110034640
110036528
110038775
110040940
110043140
110045286
110047494
110049690
110051883
110054170
110056632
110059112
110061136
110063324
110065377
110067658
110069738
110071881
110074636
110077067
110079723
110081976
110084418
110086730
110089047
110091259
110093773
110095878
110098246
110100563
110102985
110105519
110107827
110110156
110112438
110114380
110116751
110119187
110121182
110123622
110126036
110128517
110130709
110132870
110135511
110137968
110140566
110143069
110145602
110148125
110150447
110152442
110154763
110157197
110159552
110161934
110164187
110166644
110168943
110171436
110173653
110175900
110178361
110180926
110183437
110185638
110188223
110190564
110192884
110195224
110197525
110199653
110201915
110204372
110206752
110209104
110210866
110212489
110214550
110216750
110218897
110221071
110223182
110225108
110227008
110228884
110230957
110233099
110235413
110237646
110240000
110242390
110244850
110247246
110249845
110252402
110254952
110257483
110259893
110262336
110265069
110267593
110269875
110272482
110275312
110277853
110280325
110282919
110285454
110288193
110290935
110293662
110296215
110299043
110301700
110304428
110306912
110309485
110312293
110314880
110317550
110320134
110322700
110325365
110327886
110330471
110332931
110335558
110337880
110339572
110341239
110343223
110345617
110348020
110350618
110353014
110355334
110357868
110360340
110362764
110364842
110367243
110369663
110372492
110374904
110377094
110379325
110381527
110383764
110386261
110388809
110391216
110393754
110395798
110397598
110399773
110401942
110404397
110406701
110408555
110410690
110413248
110415825
110418346
110420984
110423513
110426149
110428691
110431137
110433526
110436074
110438613
110441032
110443548
110445858
110448377
110450825
110453276
110455630
110458012
110459833
110462362
110464804
110467145
110469548
110471873
110474183
110476568
110479079
110481217
110483411
110485621
110487789
110489877
110491800
110493983
110496144
110498467
110500796
110503063
110505088
110507453
110509751
110511932
110514107
110516442
110518203
110520192
110522431
110524651
110526939
110529324
110531584
110533956
110536240
110538619
110540969
110543357
110545816
110548379
110550749
110553294
110555691
110558174
110560592
110563065
110565394
110567953
110570263
110572688
110575001
110577336
110579892
110582352
110584792
110587139
110589578
110591954
110594368
110597030
110599519
110602015
110604184
110606406
110608461
110611039
110613347
110615799
110618044
110620263
110622658
110625138
110627651
110630088
110632509
110634900
110637175
110639565
110641745
110644243
110646703
110649346
110651871
110654330
110656970
110659691
110662105
110664643
110667068
110669592
110672234
110674306
110676063
110678739
110681081
110683680
110686323
110688808
110691507
110694121
110696640
110699213
110701773
110704238
110706582
110709032
110711481
110714178
110716646
110719080
110721512
110723867
110726057
110728431
110730611
110732856
110735079
110737326
110739468
110741631
110743863
110746033
110748090
110750242
110752504
110754581
110757030
110759329
110761692
110763876
110766277
110768721
110770972
110773342
110775598
110777961
110780249
110782549
110784834
110787325
110789692
110792023
110794562
110796770
110799129
110801470
110803874
110806088
110808161
110810226
110812466
110814987
110817318
110819639
110821765
110823955
110826201
110828521
110831000
110833374
110835523
110838023
110840702
110843110
110845730
110848111
110850616
110853141
110855930
110858326
110860691
110863253
110865760
110868340
110870720
110873234
110875830
110878504
110880966
110883582
110886028
110888536
110891109
110893456
110895856
110898229
110900593
110902977
110905665
110908386
110911006
110913629
110915962
110918643
110921398
110923892
110926512
110929124
110931662
110934274
110936895
110939437
110942198
110944638
110946696
110948697
110950617
110952456
110954684
110956927
110959035
110961203
110963221
110964886
110967252
110969918
110972391
110975073
110977441
110979872
110982273
110984716
110987318
110989918
110992482
110994886
110997425
110999800
111001993
111004434
111006867
111009278
111011496
111013956
111016296
111018696
111021011
111023521
111026013
111028454
111031015
111033622
111036120
111038698
111041075
111043554
111046338
111048779
111051249
111053598
111056000
111058288
111060279
111062668
111065206
111067569
111069756
111072183
111074354
111076398
111078565
111080853
111083107
111085468
111088057
111090459
111092881
111094948
111097241
111099816
111102322
111104900
111107516
111110096
111112736
111115273
111117849
111120096
111122476
111124982
111127474
111129944
111132133
111134455
111136746
111138951
111140788
111143109
111145301
111147484
111149706
111152102
111154464
111156972
111159336
111161910
111164519
111166840
111169380
111171997
111174586
111177088
111179506
111181871
111184361
111186896
111189056
111191214
111193624
111196064
111198114
111200245
111202725
111204777
111207199
111209681
111212089
111214481
111216715
111219070
111221306
111223667
111226100
111228289
111230274
111232403
111234577
111236683
111238951
111241257
111243448
111245809
111248279
111250491
111252815
111255235
111257540
111259948
111262363
111264722
111267039
111269430
111271586
111273810
111276244
111278588
111280874
111283290
111285345
111287579
111289918
111292164
111294376
111296640
111298636
111300734
111302824
111305128
111307479
111309876
111312047
111314348
111316528
111318608
111320531
111323024
111325527
111328003
111330356
111332796
111335076
111337081
111339042
111341181
111343676
111346304
111348312
111350719
111353224
111355686
111358208
111360515
111362984
111365442
111368021
111370323
111372682
111374948
111377422
111379765
111382234
111384652
111386985
111389194
111391660
111394087
111396423
111398746
111400832
111403221
111405822
111408462
111411012
111413342
111415337
111417783
111420364
111422617
111425017
111427233
111429574
111431896
111434440
111436776
111439161
111441548
111443769
111446063
111448434
111450039
111452451
111454739
111457001
111459541
111461905
111464359
111466878
111469553
111472195
111474708
111477097
111479184
111481569
111483844
111486128
111488315
111490478
111492747
111495271
111497625
111500037
111502110
111504133
111506534
111508822
111511175
111513813
111516149
111518600
111521046
111523449
111525674
111527985
111530205
111532602
111535013
111537450
111539820
111542165
111544472
111547082
111549603
111552077
111554610
111557202
111559725
111562028
111564378
111566853
111569145
111571643
111574133
111576575
111579037
111581362
111583833
111586306
111588691
111591469
111593944
111596543
111599030
111601431
111604026
111606569
111608318
111610566
111613196
111615692
111618027
111620172
111622448
111624849
111627385
111629897
111632390
111634690
111637063
111639348
111641764
111644127
111646524
111648759
111650979
111653109
111655437
111657572
111659905
111662240
111664483
111667079
111669432
111671878
111674324
111676691
111679114
111681469
111683715
111685949
111688094
111690265
111692844
111695413
111697987
111700446
111702989
111705372
111708054
111710608
111713165
111715578
111718030
111720290
111722613
111724949
111727132
111729340
111731899
111734270
111736959
111739263
111741072
111743601
111746169
111748807
111751328
111753771
111755815
111757796
111760077
111762234
111764356
111766659
111768940
111771494
111774063
111776524
111778830
111781329
111783890
111786665
111789291
111792071
111794562
111797122
111799599
111802070
111804496
111806884
111809382
111811946
111814272
111816734
111819208
111821673
111824112
111826645
111829019
111831412
111833800
111836348
111838778
111841269
111843705
111846175
111848638
111850858
111853271
111855734
111858071
111860627
111863179
111865544
111867850
111870450
111872850
111875436
111877896
111880271
111882570
111885066
111887479
111889752
111892333
111894733
111897040
111899385
111901928
111904364
111906954
111909548
111912112
111914705
111917195
111919709
111922370
111924899
111927543
111930122
111932453
111935164
111937777
111940188
111942634
111945032
111947552
111950091
111952605
111955137
111957415
111959849
111962207
111964710
111967145
111969599
111972109
111974434
111977054
111979455
111981857
111983805
111986304
111988862
111990570
111992819
111995466
111998053
112000445
112002856
112005192
112007380
112009830
112012051
112014283
112016518
112018904
112021325
112023347
112025630
112027979
112030207
112032519
112034822
112037134
112039415
112041680
112043909
112046019
112048337
112050725
112052997
112055225
112057542
112059867
112062155
112064360
112066825
112069097
112071385
112073659
112075944
112078094
112080471
112082709
112084884
112087117
112089394
112091801
112094065
112096446
112098771
112100985
112103338
112104991
112107318
112109699
112112051
112114268
112116593
112118997
112121306
112123649
112126028
112128231
112130494
112132714
112134937
112137089
112139331
112141731
112143838
112145934
112147952
112150432
112153089
112155379
112157281
112159226
112161249
112163576
112165738
112167772
112170035
112172124
112174182
112176338
112178512
112180619
112182794
112185044
112187378
112189801
112192052
112194374
112196664
112198794
112200546
112202157
112203856
112205417
112207402
112209539
112211591
112213302
112215025
112216900
112218878
112220940
112222665
112224415
112226199
112228049
112230487
112232973
112235247
112237539
112239931
112242236
112244534
112246826
112249140
112251556
112253747
112256142
112258294
112260590
112262895
112265332
112267704
112269888
112272122
112274292
112276546
112278823
112281015
112283221
112285514
112287783
112289809
112291724
112293982
112296067
112298269
112300446
112302704
112305156
112307548
112309956
112312412
112314638
112316843
112319228
112321519
112323773
112326102
112328557
112330787
112333222
112335597
112337794
112340071
112342201
112344728
112347130
112349479
112351755
112354161
112356610
112359080
112361407
112364083
112366318
112368674
112371033
112373318
112375681
112378091
112380256
112382790
112385108
112387094
112389411
112391750
112394266
112396487
112398947
112401397
112403922
112406281
112408682
112411009
112413508
112415842
112418350
112420841
112423285
112425685
112428084
112430550
112433054
112435396
112437938
112440594
112443113
112445894
112448390
112450871
112453399
112455934
112457796
112460401
112462803
112465176
112467571
112470215
112472814
112475124
112477787
112480102
112482688
112485027
112487764
112490200
112492614
112495155
112497427
112499876
112502294
112504726
112507408
112509297
112511447
112514041
112516416
112518712
112521304
112523775
112526161
112528724
112531519
112534319
112536901
112539583
112542187
112544647
112547383
112549893
112552409
112555077
112557468
112560094
112562449
112565103
112567645
112569991
112572448
112574598
112577179
112579431
112581953
112584430
112587009
112589589
112592194
112595081
112597605
112600007
112602408
112604835
112607019
112609374
112611774
112614296
112616760
112619065
112621115
112623470
112625699
112628147
112630753
112633289
112635889
112638343
112640280
112642232
112644526
112647104
112649491
112652070
112654484
112656892
112659290
112661647
112663923
112666311
112668899
112671280
112673713
112675662
112678182
112680630
112682940
112685518
112688050
112690148
112692613
112694763
112696766
112698855
112700848
112702851
112705023
112706996
112709231
112711336
112713321
112715269
112717536
112719919
112722413
112724402
112726595
112728864
112731178
112733540
112735821
112738167
112740644
112742880
112744739
112747218
112749553
112751880
112753771
112756248
112758558
112760624
112763176
112765527
112767774
112770157
112772511
112774306
112776344
112778611
112781070
112783245
112785336
112787276
112789708
112792123
112794533
112796959
112799448
112801788
112804195
112806645
112808718
112810939
112813057
112815079
112817101
112819058
112821129
112823206
112825173
112827243
112829672
112831969
112834379
112836544
112838961
112841446
112843805
112845992
112848039
112850022
112852040
112853844
112855578
112857866
112860260
112862279
112864671
112866798
112869113
112871644
112874114
112876173
112878638
112881206
112883342
112885236
112887553
112889980
112892545
112894781
112896788
112898546
112900330
112902725
112905242
112907713
112910020
112912338
112914694
112917029
112919114
112921239
112923496
112925705
112928057
112930390
112932646
112935072
112937541
112939903
112942103
112944354
112946499
112948868
112951145
112953512
112955846
112957821
112960169
112962713
112965134
112967512
112969732
112972132
112974322
112976847
112979277
112981716
112984221
112986821
112989586
112991892
112994322
112996704
112999319
113001634
113004223
113006691
113009133
113011384
113014018
113016587
113018821
113021300
113023545
113026060
113028587
113031042
113033506
113035860
113038353
113040812
113043274
113045671
113048202
113050654
113052803
113055440
113057991
113060374
113062614
113064432
113066805
113069181
113070759
113072763
113074550
113076660
113078888
113080767
113082951
113085057
113087302
113089724
113091889
113094340
113096397
113099000
113101366
113103910
113106480
113108900
113111233
113113459
113115577
113117930
113120277
113122576
113124971
113127553
113129957
113132598
113135118
113137765
113140513
113143152
113145659
113148323
113150782
113153075
113155713
113158044
113160727
113163271
113165833
113168280
113170828
113173308
113176010
113178628
113181241
113183806
113186430
113189089
113191635
113194179
113196894
113199320
113201760
113204143
113206763
113209296
113211301
113213614
113216092
113218571
113220895
113223341
113225498
113227856
113230260
113232699
113235168
113237666
113240109
113242476
113244867
113247294
113249542
113251885
113254398
113256832
113259693
113262021
113264548
113266979
113269487
113271914
113274422
113276831
113279285
113281965
113284469
113287146
113289914
113292521
113294756
113297304
113299842
113302420
113305046
113307705
113310125
113312578
113314957
113317410
113319534
113321972
113324420
113327072
113329471
113331830
113334303
113336641
113339093
113341451
113343457
113345392
113347471
113349841
113352442
113354949
113357516
113359870
113361734
113363776
113366147
113368554
113371220
113373805
113376372
113378895
113381447
113383868
113386245
113389023
113391081
113393394
113395798
113398430
113401210
113403910
113406430
113409086
113411753
113413944
113416208
113418452
113421002
113423496
113425873
113428510
113431210
113433791
113436431
113438917
113441620
113444148
113446753
113449220
113451699
113454269
113456662
113459274
113461719
113464204
113466693
113469300
113471943
113474198
113476328
113478470
113480923
113483585
113485970
113488452
113490973
113493508
113495877
113499366
113503636
113505887
113508376
113510884
113513126
113515179
113517598
113520426
113522859
113525422
113528076
113530686
113533054
113535519
113538057
113540507
113543023
113545509
113547960
113550394
113552824
113555457
113557907
113560393
113562810
113565370
113568161
113570775
113573062
113575507
113577941
113580492
113582944
113585422
113587855
113590546
113593140
113595727
113598245
113600414
113602416
113604633
113607176
113609758
113612133
113614728
113617215
113619780
113622377
113624641
113627233
113629820
113632171
113634190
113636255
113638259
113640049
113642157
113644591
113647144
113649767
113652344
113654830
113657460
113660218
113662895
113665787
113668630
113671206
113673718
113676351
113679014
113681446
113683678
113686002
113688276
113690708
113693359
113696225
113698653
113701151
113703807
113706108
113708693
113711211
113713600
113716135
113718725
113721203
113723394
113725901
113728296
113731053
113733403
113735758
113738176
113740533
113743067
113745458
113748001
113750588
113752971
113755372
113757724
113759683
113762151
113764742
113767265
113769808
113772388
113774720
113777187
113779790
113782365
113784908
113787434
113789895
113792434
113794742
113797444
113799854
113802386
113804926
113807218
113809537
113811811
113813450
113816016
113818490
113821060
113823686
113826319
113828734
113831255
113834041
113836377
113838504
113841035
113843330
113846026
113848571
113851174
113853611
113855933
113858288
113860736
113863069
113865469
113868162
113870686
113873231
113875926
113878625
113880975
113883344
113885843
113888171
113890684
113893114
113895434
113897556
113899851
113901778
113903950
113905696
113907545
113909785
113911888
113914121
113916556
113919198
113921599
113924077
113926454
113928907
113930588
113932779
113935077
113937465
113939769
113941909
113944163
113946566
113949112
113951574
113954042
113956360
113958549
113960932
113963346
113965802
113968180
113970471
113972688
113974797
113977245
113979526
113981406
113983468
113985962
113988352
113990702
113992961
113995286
113997716
114000173
114002387
114004781
114007378
114009945
114012358
114014584
114017139
114019978
114022420
114024793
114027232
114029707
114031974
114034249
114036634
114039066
114041562
114044086
114046542
114048907
114051123
114053440
114055814
114058109
114060287
114062393
114064669
114066904
114069116
114071386
114073810
114076199
114078406
114080782
114083221
114085704
114088083
114090500
114092856
114095294
114097533
114099726
114102066
114104377
114106638
114108790
114110987
114113229
114115559
114117851
114119954
114122157
114124396
114126754
114129012
114131182
114133515
114135795
114137930
114139975
114142214
114144484
114146708
114149074
114151545
114153416
114155384
114157636
114159958
114162237
114164509
114166749
114169045
114171249
114173508
114175846
114178158
114180555
114182817
114185034
114187227
114189473
114191756
114194091
114196324
114198506
114200970
114203273
114205367
114207737
114210113
114212473
114214719
114217075
114219277
114221678
114224190
114226664
114228990
114231368
114233930
114236341
114238722
114241152
114242953
114244990
114247176
114249454
114251905
114254406
114256913
114259439
114261725
114264015
114266442
114268843
114271195
114273615
114276111
114278502
114280945
114283033
114285509
114287829
114290041
114292437
114294656
114297079
114299365
114301916
114304091
114306056
114308148
114310210
114312524
114314788
114317069
114319347
114321771
114324047
114326388
114328735
114331010
114333002
114335276
114337427
114339632
114341842
114343999
114346229
114348348
114350602
114352865
114355243
114357582
114360005
114362447
114364848
114367336
114369577
114371902
114374519
114376894
114379673
114382319
114384751
114387207
114389290
114391751
114394187
114396653
114398961
114401238
114403446
114405790
114408264
114410817
114413211
114415451
114417900
114420187
114422433
114424906
114427312
114429614
114432052
114434334
114436530
114439051
114441439
114443721
114446146
114448439
114450983
114453334
114455835
114458247
114460625
114463004
114465348
114467647
114470025
114472452
114474582
114476972
114479466
114481478
114483715
114485961
114488006
114490238
114492493
114494830
114497287
114499591
114501856
114504217
114506498
114508807
114510853
114512517
114514945
114517394
114519950
114522398
114524972
114527601
114529938
114532508
114534910
114537184
114539448
114541992
114544355
114546903
114549434
114551873
114554239
114556768
114559304
114561875
114564130
114566409
114568660
114571004
114573190
114575403
114577583
114579993
114581975
114584278
114586739
114589092
114591599
114594039
114596491
114599019
114601285
114603749
114606393
114609028
114611635
114614138
114616581
114618880
114621468
114623703
114625896
114628394
114630995
114633493
114635936
114638293
114640647
114643039
114645656
114647843
114650240
114652472
114654867
114657213
114659644
114662102
114664449
114667039
114669568
114671737
114673980
114676028
114678054
114680304
114682683
114684763
114687086
114689146
114691547
114693739
114696053
114698421
114700897
114703323
114705779
114708275
114710033
114712290
114714328
114716394
114718274
114720551
114722881
114725191
114727497
114729879
114732150
114734264
114736569
114738747
114740933
114743130
114745411
114747857
114750259
114752607
114754901
114757272
114759323
114762113
114764579
114767064
114769443
114771969
114774626
114777015
114779344
114781374
114783873
114786146
114788448
114790430
114792185
114794423
114796947
114799463
114801858
114804212
114805938
114808340
114810665
114812974
114815432
114817783
114820071
114822285
114824624
114827052
114829279
114831849
114834145
114836571
114839100
114841486
114843993
114846388
114848893
114851146
114853641
114855646
114857778
114860205
114862705
114864969
114867467
114870134
114872625
114875158
114877527
114879899
114882331
114884763
114887050
114889480
114892076
114894531
114897029
114899783
114902204
114904603
114907213
114909521
114912014
114914498
114917084
114919674
114922177
114924544
114926912
114929402
114932036
114934257
114936288
114938448
114940934
114943503
114945867
114948025
114950542
114952956
114955388
114957765
114960159
114962616
114964892
114967069
114969376
114971524
114974049
114976606
114979025
114981356
114983650
114985970
114988170
114990574
114993128
114995504
114998105
115000637
115003012
115005331
115007762
115010065
115012277
115014514
115016416
115018307
115020138
115022412
115024803
115027076
115029402
115031748
115033973
115036220
115038548
115040814
115043188
115045546
115047815
115050264
115052636
115054924
115057349
115059593
115061958
115064298
115066688
115069124
115071460
115073646
115075980
115078458
115080915
115083501
115085946
115088482
115090510
115093000
115095532
115098076
115100686
115103122
115105635
115108040
115110469
115112802
115115247
115117488
115119926
115122327
115124873
115127363
115129751
115132031
115134548
115136942
115139240
115141714
115144183
115146700
115148797
115150646
115152415
115154236
115156500
115158941
115161182
115163425
115165660
115168055
115170334
115172626
115174881
115177274
115179602
115181897
115184161
115186347
115188597
115190968
115193235
115195447
115197822
115200142
115202546
115205150
115207471
115209764
115212098
115214320
115216643
115218863
115221083
115223373
115225616
115227882
115230129
115232426
115234722
115237013
115239207
115241606
115243983
115246248
115248577
115250861
115253224
115255629
115257859
115260145
115262503
115264783
115267067
115269386
115271638
115273809
115276134
115278564
115280987
115283445
115285713
115287578
115290025
115292271
115294793
115297193
115299645
115302078
115304497
115307046
115309506
115312073
115314523
115316928
115319223
115321548
115323848
115326288
115328918
115331271
115333729
115336105
115338168
115340386
115342755
115345012
115347328
115349569
115351715
115354024
115356257
115358484
115360386
115362266
115364572
115366883
115369037
115371337
115373696
115376006
115378311
115380523
115382812
115384921
115386897
115388875
115390944
115393353
115395430
115397882
115400138
115402367
115404669
115406924
115409232
115411525
115413867
115415967
115418162
115420490
115422813
115425026
115427298
115429576
115431863
115433890
115436014
115438328
115440575
115442763
115445031
115447357
115449637
115451885
115454128
115456411
115458633
115460759
115462928
115465040
115467264
115469558
115471831
115474041
115476225
115478111
115480053
115482187
115484407
115486587
115488979
115491114
115493359
115495695
115498021
115500324
115502637
115504781
115507167
115509451
115511530
115513649
115515958
115518296
115520570
115522866
115525149
115527507
115529912
115532425
115534864
115537155
115539525
115541834
115544283
115546531
115549024
115551433
115553790
115556205
115558568
115560996
115563520
115565823
115568398
115570928
115573362
115575636
115578082
115580216
115582407
115584613
115587006
115589399
115591961
115594338
115596600
115599202
115601628
115603892
115606549
115608864
115611266
115613678
115616037
115618361
115621015
115623476
115625880
115628177
115630654
115633331
115635527
115637694
115640041
115642167
115644440
115646981
115649497
115651843
115654154
115656430
115658858
115661230
115663189
115665258
115667525
115670041
115672360
115674634
115677025
115679379
115681610
115683963
115685976
115688154
115690668
115692767
115695099
115697484
115700009
115702250
115704657
115706749
115709198
115711421
115713688
115715935
115718180
115720498
115722708
115724853
115726956
115729046
115731241
115733356
115735688
115737801
115739809
115742189
115744328
115746615
115749004
115751166
115753584
115755896
115758241
115760668
115762937
115765348
115767707
115769947
115772202
115774603
115776976
115779274
115781470
115783961
115786221
115788609
115791029
115793422
115795769
115797916
115800274
115802649
115805028
115807266
115809446
115811593
115813703
115816107
115818362
115820706
115823096
115825528
115827914
115830157
115832798
115835239
115837666
115839327
115841522
115843879
115846176
115848749
115851011
115853342
115855713
115857683
115860069
115862502
115864762
115867249
115869521
115871983
115874514
115876897
115879217
115881572
115883856
115886382
115888666
115891110
115893282
115895633
115898057
115900326
115902650
115904977
115907392
115909752
115912061
115914477
115916842
115919044
115921521
115924024
115926571
115928793
115931365
115933686
115936202
115938731
115941135
115943560
115946164
115948531
115951089
115953588
115956149
115958697
115961256
115963868
115966501
115968911
115971389
115973877
115976293
115978298
115980942
115983556
115986010
115988481
115990904
115993315
115995756
115998403
116000784
116003422
116006051
116008463
116011044
116013506
116016083
116018552
116020845
116023365
116025972
116028400
116030950
116033333
116035815
116038430
116041047
116043449
116045965
116048384
116050894
116052981
116055157
116057274
116059330
116061790
116064277
116066644
116068962
116071457
116074013
116076573
116079038
116081367
116084016
116086353
116088812
116091300
116093728
116096165
116098883
116101311
116103777
116106376
116108718
116111123
116113425
116115817
116118159
116120452
116122879
116125219
116127621
116129817
116132294
116134534
116136776
116138888
116141143
116143622
116145869
116147944
116150548
116152595
116154874
116157206
116159687
116162013
116164400
116166714
116168855
116171316
116173628
116176066
116178357
116180603
116182704
116184932
116187212
116189511
116191739
116194017
116196399
116198646
116200780
116203026
116205361
116207716
116209992
116212094
116214121
116216150
116218228
116220421
116222712
116224905
116227150
116229375
116231453
116233686
116235998
116238406
116240591
116242776
116244922
116247173
116249512
116251675
116254046
116256372
116258576
116260936
116263163
116265401
116267776
116270129
116272525
116274766
116276957
116279381
116281598
116284042
116286187
116288565
116291000
116293445
116295670
116297477
116299527
116301707
116304161
116306459
116308960
116311307
116313692
116316120
116318519
116320787
116323139
116325583
116328016
116330372
116332888
116335241
116337642
116340074
116342454
116344752
116347025
116349316
116351773
116354136
116356407
116358915
116361443
116363804
116366141
116368592
116370906
116373188
116374696
116376932
116379416
116382032
116384516
116386661
116389039
116391227
116393642
116395930
116398264
116400633
116402766
116405010
116407117
116409438
116411825
116414425
116416942
116419108
116421277
116423943
116426405
116428805
116431162
116433611
116436053
116437828
116440105
116442349
116444606
116446973
116449179
116451572
116454059
116456319
116458658
116460962
116463318
116465644
116468086
116470531
116473007
116475405
116477639
116479920
116482307
116484596
116486885
116488815
116491342
116493698
116496026
116498429
116500724
116503153
116505473
116507922
116510489
116512845
116515422
116517997
116520573
116523182
116525830
116528383
116530996
116533496
116535836
116538238
116540926
116543480
116545725
116548155
116550615
116553243
116555936
116558506
116561190
116563806
116566177
116568693
116570844
116573001
116575640
116578024
116580273
116582596
116584965
116587272
116589531
116592095
116594517
116597033
116599610
116601842
116604238
116606799
116609063
116611513
116613914
116616192
116618481
116620808
116623225
116625710
116628288
116630822
116633248
116635831
116638257
116640699
116643093
116645570
116647846
116650407
116653224
116655788
116658266
116660750
116663311
116665797
116667721
116670003
116672377
116674774
116677180
116679523
116682083
116684288
116686676
116688876
116691228
116693581
116695924
116698156
116700623
116703073
116705577
116707894
116710187
116712414
116714503
116716807
116719875
116722079
116724571
116726826
116729174
116731459
116733742
116735864
116738118
116740441
116742542
116744750
116746860
116749109
116751315
116753622
116755668
116757749
116759898
116761951
116764130
116766268
116768422
116770423
116772739
116774958
116777223
116779594
116781953
116784174
116786466
116788919
116791178
116793429
116795767
116797979
116800058
116802429
116804568
116806939
116809249
116811805
116814369
116816941
116819319
116821662
116823899
116826297
116828716
116830889
116832936
116835284
116837383
116839573
116841700
116843997
116846200
116848465
116850675
116852894
116855380
116857688
116860020
116862343
116864690
116866890
116869204
116871312
116873854
116876043
116878568
116880900
116883226
116885635
116888098
116890607
116892899
116895367
116897529
116899717
116902250
116904688
116907166
116909502
116911131
116913412
116915664
116918138
116920717
116923094
116925585
116928062
116930523
116932918
116935423
116937988
116940425
116942723
116944977
116947291
116949536
116951796
116954121
116956342
116958830
116961149
116963353
116965904
116968060
116970568
116972944
116975116
116977256
116979336
116981452
116983840
116986026
116988264
116990570
116993040
116995444
116997808
117000124
117002544
117005175
117007878
117010202
117012673
117014926
117017322
117019614
117021948
117024492
117026823
117029251
117031619
117034048
117036403
117039042
117041531
117044000
117046683
117049253
117051596
117053856
117056125
117058716
117060763
117063210
117065640
117068007
117070509
117072952
117075389
117077474
117079734
117082233
117084608
117087158
117089349
117091806
117094262
117096339
117098925
117101611
117104133
117106727
117108968
117111194
117113536
117116195
117118535
117120851
117122721
117125006
117127251
117129877
117132435
117134829
117137200
117139799
117142409
117144943
117147716
117150202
117152503
117154757
117156980
117159443
117162137
117164755
117167235
117169777
117171976
117174181
117176599
117178929
117181563
117184001
117186468
117188860
117191266
117193688
117196147
117198607
117201042
117203431
117205742
117208182
117210493
117212737
117215058
117217287
117219363
117221489
117223521
117225665
117227910
117230413
117232889
117235264
117237736
117239891
117242201
117244747
117247209
117249606
117252031
117254067
117256585
117258909
117261419
117263862
117266149
117268514
117270885
117273327
117275897
117278475
117280730
117283143
117285731
117288020
117290428
117292900
117295298
117297548
117299986
117302158
117304631
117307063
117309606
117312018
117314294
117316359
117318600
117321050
117323477
117325808
117328174
117330634
117332902
117335286
117337683
117340347
117342863
117345287
117347604
117350055
117352300
117354247
117356198
117358241
117360470
117362912
117365318
117367230
117369146
117371702
117374111
117376558
117378962
117381488
117383661
117385885
117388160
117390641
117392983
117395454
117397887
117400284
117402612
117405060
117407605
117410133
117412570
117415109
117417573
117420096
117422497
117425081
117427389
117429518
117430980
117433127
117435568
117438100
117440619
117443179
117445711
117448090
117450580
117452959
117455478
117458080
117460458
117462816
117465293
117467905
117470548
117473009
117475474
117477651
117480140
117482617
117485057
117487599
117490070
117492520
117495079
117497721
117500148
117502599
117505200
117507984
117510635
117513108
117515562
117518027
117520417
117522937
117525442
117527900
117530411
117532942
117535285
117537766
117540114
117542660
117545287
117547876
117550462
117552988
117555547
117558090
117560481
117562980
117565360
117567611
117570141
117572603
117574821
117577192
117579390
117581709
117583888
117585959
117588183
117590687
117593068
117595392
117597715
117600329
117603123
117605586
117607444
117609840
117612181
117614574
117617125
117619728
117622223
117624009
117626381
117628878
117631166
117633781
117636061
117638469
117640864
117643469
117645979
117648352
117650776
117653262
117655629
117658089
117660628
117663134
117665592
117668028
117670455
117673002
117675480
117677832
117680310
117682866
117685251
117687546
117689938
117692503
117694800
117697264
117699797
117702444
117704728
117706858
117709208
117711579
117714060
117716254
117718456
117720666
117722601
117724475
117726275
117728248
117730586
117733034
117735459
117738037
117740590
117742967
117745353
117747701
117750081
117752392
117754972
117757371
117759706
117762236
117764620
117766790
117768995
117771213
117773507
117775931
117778392
117780758
117783140
117785559
117787965
117790383
117792791
117795347
117797751
117800146
117802421
117804684
117806988
117809428
117811750
117814178
117816503
117818804
117821258
117823988
117826633
117829036
117831451
117833574
117836081
117838646
117841058
117843536
117846047
117848590
117850911
117853540
117855879
117858428
117860754
117863214
117865742
117868007
117870414
117872822
117875337
117877747
117880174
117882748
117885127
117887518
117889953
117892367
117894842
117897332
117899752
117902079
117904465
117906887
117909340
117911905
117914083
117916540
117918806
117921093
117923451
117925794
117928215
117930269
117932713
117934857
117937181
117939589
117941918
117944153
117946534
117948808
117951055
117953289
117955678
117958299
117960546
117963068
117965380
117967890
117970240
117972655
117975038
117977414
117979753
117982074
117984405
117986877
117989108
117991517
117993840
117996188
117998382
118000684
118002818
118005040
118007356
118009757
118012219
118014635
118016876
118019346
118021807
118024309
118026767
118029060
118031362
118033667
118036169
118038580
118040808
118043116
118045498
118047985
118050451
118052717
118055098
118057392
118059861
118062228
118064164
118066429
118068890
118071380
118073840
118076361
118079025
118081351
118083591
118086054
118088472
118090939
118093258
118095695
118098046
118100488
118102811
118105177
118107620
118110040
118112704
118115260
118117663
118120252
118122836
118125287
118127601
118130028
118132554
118135021
118137409
118139972
118142560
118144964
118147118
118148632
118150914
118153310
118155747
118158170
118160798
118163197
118165677
118168115
118170645
118173080
118175459
118177918
118180476
118182988
118185177
118187267
118189401
118191975
118194375
118196884
118199454
118201900
118204284
118206770
118209116
118211524
118214013
118216470
118218947
118221429
118223942
118226131
118228224
118230339
118232469
118234464
118236607
118238774
118240927
118243195
118245483
118247920
118250510
118253000
118255654
118258103
118260573
118262986
118265446
118267711
118270086
118272427
118274786
118276962
118279161
118281194
118282970
118284763
118286537
118288365
118290680
118292949
118295299
118297442
118299593
118302052
118304489
118306801
118309268
118311754
118313852
118315980
118318356
118319935
118322446
118324722
118327054
118329242
118331507
118333784
118336074
118338357
118340582
118342951
118345168
118347359
118349499
118351335
118353085
118354883
118357057
118359375
118361761
118364090
118366448
118368868
118371159
118373386
118375445
118377514
118379536
118381825
118384170
118386512
118388579
118390744
118393146
118395633
118397906
118400264
118401944
118404099
118406350
118408530
118410788
118413190
118415508
118417821
118420159
118422452
118424681
118427028
118429344
118431529
118433722
118435865
118438050
118440131
118442415
118444540
118446830
118448941
118451005
118453088
118455218
118457488
118459762
118462120
118464284
118466486
118468711
118471152
118473514
118475813
118477404
118479556
118481998
118484272
118486635
118488880
118491135
118493385
118495715
118497903
118500284
118502663
118504838
118507218
118509633
118511833
118513734
118515564
118517584
118519473
118521091
118522650
118524677
118526825
118528974
118531206
118533447
118535617
118537773
118539928
118542182
118544190
118546073
118547966
118550110
118552198
118554372
118556640
118559055
118561445
118563749
118565980
118568139
118569748
118571367
118573020
118574614
118576262
118577852
118579601
118581849
118584122
118586472
118588710
118590928
118593176
118595526
118597769
118600161
118602568
118604851
118607245
118609509
118611814
118614105
118616343
118618439
118620776
118622881
118625141
118627576
118630032
118632219
118634454
118636424
118638260
118639999
118641680
118643290
118645298
118647676
118649697
118651893
118653841
118655716
118657886
118660187
118662507
118664743
118666889
118669053
118671401
118673585
118675794
118678093
118680045
118682131
118684368
118686721
118688852
118691048
118693398
118695341
118697260
118699388
118701634
118703795
118705594
118707253
118709163
118711484
118713759
118715937
118718246
118720427
118722250
118724152
118726359
118728558
118730729
118732814
118735210
118737291
118739479
118741674
118743995
118746438
118748768
118751106
118753447
118755791
118758189
118760526
118762583
118765057
118767373
118769747
118772184
118774487
118776705
118778869
118781056
118783232
118785530
118787836
118789968
118792121
118794456
118796778
118799096
118801355
118803691
118805912
118808080
118810221
118812588
118814823
118817162
118819407
118821690
118823822
118826176
118828584
118830829
118832477
118834063
118835782
118837567
118839710
118841841
118844234
118846441
118848756
118851134
118852909
118856904
118859133
118861475
118863750
118866078
118868365
118870666
118872854
118875199
118877426
118879633
118882001
118884147
118885807
118888224
118890556
118892971
118895003
118897424
118899600
118901990
118904366
118906556
118908817
118911156
118913599
118915903
118918213
118920524
118922896
118925254
118927523
118929751
118931935
118934183
118936655
118939027
118941357
118943787
118946116
118948641
118951143
118953651
118956141
118958499
118960885
118963287
118965841
118968326
118970652
118972979
118975426
118977971
118980184
118982593
118984709
118986758
118988707
118990729
118992931
118995191
118997609
118999897
119001955
119004401
119006776
119008777
119011333
119013930
119016405
119019139
119021355
119023332
119025241
119027319
119029924
119032381
119034506
119037132
119039861
119042280
119044810
119047177
119049624
119052050
119054721
119056976
119059079
119061515
119064051
119066426
119068906
119071496
119074054
119076497
119078972
119081456
119083989
119086315
119088888
119091454
119094062
119096790
119099183
119101683
119104093
119106622
119109115
119111490
119113997
119116526
119119087
119121673
119124111
119126753
119129084
119131483
119133966
119136378
119138911
119140856
119143018
119145550
119147825
119150115
119152129
119154022
119155845
119157854
119160205
119162611
119164885
119167260
119169549
119171658
119173489
119175559
119177709
119179557
119181441
119183547
119185861
119188182
119190499
119192997
119195294
119197747
119200145
119202228
119204858
119207338
119209944
119212529
119215083
119217586
119220195
119222705
119225331
119227948
119230316
119232684
119235217
119237806
119240434
119242744
119245249
119247768
119250124
119252246
119254681
119257086
119259291
119261870
119264344
119266370
119268879
119271512
119274030
119276559
119279019
119281507
119284017
119286526
119288874
119291180
119293565
119295825
119298049
119300287
119302734
119305022
119307394
119309723
119312138
119314567
119316834
119319238
119321664
119324042
119326342
119328559
119330873
119333185
119334947
119336630
119338959
119341350
119343705
119345953
119348173
119350456
119352855
119355143
119357504
119359694
119361847
119364047
119366283
119368647
119370869
119373173
119375440
119377705
119380011
119382097
119384173
119386345
119388508
119390688
119392792
119394870
119397034
119399249
119401159
119403143
119405220
119407450
119409657
119412165
119414437
119416633
119418939
119421247
119423016
119425209
119427586
119430041
119432396
119434820
119437325
119439872
119442096
119444164
119446359
119448675
119450720
119452961
119455124
119457596
119460008
119462231
119464456
119466665
119469040
119471270
119473454
119475530
119477611
119479752
119481879
119484186
119486596
119488845
119491199
119493380
119495544
119497571
119499153
119500978
119502831
119504895
119507142
119509148
119511297
119513367
119515068
119517181
119519427
119521425
119523302
119525187
119527213
119529531
119531794
119534065
119536472
119538911
119541108
119543540
119545932
119548281
119550413
119552621
119554784
119557049
119559272
119561601
119564014
119566140
119568406
119570410
119572479
119574787
119577059
119579279
119581486
119583589
119585609
119587681
119589967
119592291
119594782
119596945
119599440
119601745
119604086
119606349
119608567
119610686
119612883
119615003
119617219
119619450
119621890
119623461
119625154
119627469
119629919
119631963
119634452
119636987
119639525
119642132
119644636
119647066
119649052
119651451
119653944
119656471
119658859
119661425
119663796
119666394
119668741
119671146
119673710
119676105
119678435
119680929
119683487
119685960
119688463
119690879
119692999
119695198
119697511
119699945
119702419
119704783
119706872
119709066
119711343
119713278
119715670
119718020
119720576
119722797
119725092
119727247
119729479
119731868
119734074
119736107
119738325
119740495
119742621
119744690
119746863
119749253
119751458
119753713
119755936
119758130
119760322
119762588
119764666
119767168
119769319
119771814
119774265
119776701
119779019
119781353
119783696
119785993
119788278
119790683
119792987
119795077
119797382
119799653
119801778
119803986
119805939
119808167
119810480
119812813
119815153
119817704
119819783
119821949
119824133
119826315
119828624
119830760
119832758
119834854
119836699
119838596
119840447
119842290
119844120
119846061
119848068
119850049
119852245
119854429
119856630
119858807
119860840
119863115
119865431
119867744
119869889
119872050
119874409
119876555
119878798
119881082
119883271
119885577
119887822
119890148
119892390
119894329
119895909
119898055
119900424
119902953
119905476
119907960
119910484
119913111
119915339
119916419
119918416
119920296
119922387
119923677
119925540
119927408
119929691
119932042
119934464
119936813
119938836
119941143
119943338
119945801
119948352
119950342
119952613
119954886
119957006
119959395
119961876
119964003
119966442
119968367
119970619
119973064
119975478
119977753
119980040
119982312
119984785
119987071
119989439
119991748
119994346
119996453
119998037
119999821
120001744
120003698
120005671
120007786
120010374
120012438
120014453
120016160
120018473
120021273
120023703
120025760
120027629
120029486
120031435
120033541
120035441
120037682
120039651
120041512
120043453
120045818
120047792
120050108
120053499
120055739
120058256
120060500
120062838
120064938
120067016
120068999
120070363
120072337
120074427
120076442
120078490
120080965
120082911
120084862
120086645
120088616
120090510
120092250
120094179
120096274
120098288
120100069
120102167
120104510
120106578
120108399
120110522
120112584
120114731
120116897
120119104
120121234
120123200
120125382
120127894
120130126
120132330
120134150
120136233
120138330
120140520
120142841
120145055
120147212
120149303
120151299
120153293
120155665
120158240
120160935
120163565
120166032
120168556
120171131
120174391
120176979
120179543
120181741
120183892
120186500
120188945
120191404
120193577
120196122
120197963
120199879
120202239
120204626
120209324
120211954
120215649
120218489
120220648
120222755
120224985
120228174
120230747
120233375
120236778
120240544
120245631
120248342
120253825
120258055
120260123
120263669
120266830
120269818
120272084
120276804
120284457
120306152
120315307
120318134
120322379
120324419
120327688
120330727
120333396
120335439
120341594
120343625
120345559
120347448
120349238
120351247
120353333
120355370
120357112
120359767
120361602
120363618
120365552
120367418
120369320
120371136
120373032
120375013
120376848
120378907
120380617
120382540
120384502
120386471
120388259
120390277
120392193
120394089
120395820
120397967
120400373
120402388
120404078
120405854
120407600
120409390
120411216
120412902
120414691
120416102
120417755
120419444
120421124
120422930
120424876
120426631
120428496
120430111
120431689
120433495
120435201
120436732
120439466
120441555
120448708
120450277
120451918
120453637
120455454
120457234
120459838
120461640
120463910
120465930
120468337
120470326
120472340
120474551
120476453
120478552
120480577
120482586
120484609
120486714
120488905
120491081
120493317
120495887
120498117
120500735
120503507
120506297
120509040
120511829
120515044
120517984
120520904
120523610
120526384
120529383
120532324
120535536
120538722
120541323
120544236
120546792
120549323
120552558
120555683
120558226
120560191
120562724
120565365
120568393
120570790
120573362
120576046
120578855
120581431
120590058
120592225
120616886
120626379
120629611
120632530
120636379
120638996
120642049
120644756
120647508
120650688
120652776
120655044
120659667
120662110
120665277
120668234
120671039
120672985
120674863
120676917
120678983
120681287
120683726
120688660
120693137
120695993
120700823
120704310
120706414
120708730
120711274
120714440
120717317
120720129
120722748
120724829
120727846
120730466
120734006
120737710
120742707
120746045
120751120
120754293
120756762
120760072
120762607
120765159
120768008
120770243
120774467
120777926
120780303
120782915
120785492
120788657
120790825
120793360
120796650
120801209
120803207
120805329
120807106
120808814
120810392
120812156
120813966
120815745
120817853
120820115
120822932
120824382
120828436
120830336
120833185
120838405
120841053
120843246
120845049
120847163
120849049
120850911
120852736
120854878
120857396
120859765
120862062
120864259
120866628
120869038
120871015
120872935
120875401
120878064
120880101
120882517
120884620
120886715
120888947
120891339
120893619
120896040
120898153
120900304
120902527
120904692
120906860
120908921
120910965
120913000
120918870
120920981
120923236
120925754
120928235
120929963
120931736
120933484
120935234
120936961
120938687
120940512
120942341
120944026
120945830
120947652
120949373
120950985
120952796
120954622
120956444
120958124
120959806
120961696
120963590
120965569
120967618
120969448
120971456
120973388
120975086
120976842
120978644
120980505
120982318
120984184
120986231
120988437
120990454
120992299
120994165
120996274
120998250
121000285
121002171
121004296
121006240
121007936
121009622
121011392
121013378
121015312
121017148
121018966
121020796
121022605
121024911
121027625
121029673
121031666
121033673
121035587
121037627
121039622
121041570
121043552
121045710
121047732
121049560
121051534
121053515
121055473
121057353
121059163
121061092
121063031
121065103
121067100
121069129
121071091
121073151
121075139
121077311
121079379
121081341
121083404
121085526
121087623
121089817
121091848
121093759
121095711
121097509
121099228
121101356
121103424
121105507
121107417
121109337
121111291
121113301
121115380
121117128
121118888
121121018
121122817
121124672
121126501
121128379
121130217
121132216
121133857
121135731
121137550
121139408
121141593
121143552
121145721
121147479
121149411
121151416
121153533
121155704
121158139
121160805
121162887
121164932
121166994
121169134
121171486
121173476
121175846
121178059
121180318
121182555
121184583
121186701
121189085
121191422
121193657
121195671
121198275
121200343
121202559
121204624
121207304
121209369
121211586
121213446
121216182
121218387
121220922
121222980
121225116
121227336
121229464
121231645
121234017
121236137
121238355
121240285
121243141
121245919
121248436
121250749
121254038
121256083
121258112
121260182
121262695
121264851
121266914
121268899
121271082
121273239
121275420
121277779
121279803
121282224
121284369
121286563
121288748
121290931
121293384
121295646
121297911
121300389
121302615
121304707
121306811
121308816
121310603
121313173
121314858
121316799
121319621
121321827
121323890
121326187
121328544
121330681
121334370
121336455
121338968
121341114
121344165
121346830
121348944
121351177
121353270
121355391
121357526
121359799
121362021
121364093
121366545
121368266
121370393
121372256
121374306
121376034
121377775
121379663
121381724
121383482
121385526
121388304
121390641
121392292
121394168
121395797
121396861
121398334
121400015
121401260
121402766
121404350
121405971
121407585
121409747
121412091
121414361
121416965
121419073
121421313
121423588
121426178
121428704
121431187
121433717
121436152
121438666
121440972
121443371
121445714
121448209
121450475
121452981
121455456
121457920
121460247
121462607
121465141
121467452
121469883
121472151
121474262
121476253
121478081
121479777
121481408
121483026
121484935
121486975
121489124
121491162
121493303
121495482
121497489
121499456
121501266
121503076
121504934
121506667
121508582
121510443
121512330
121514197
121516260
121518402
121520111
121522115
121524335
121526633
121528764
121530880
121532545
121534496
121536330
121538398
121540135
121542028
121544051
121545953
121547820
121549898
121551950
121554119
121556159
121558335
121560641
121562877
121565039
121567195
121569340
121571546
121573612
121575267
121576812
121578290
121579761
121581318
121583051
121584792
121586541
121588269
121590116
121592058
121593834
121595774
121597656
121599316
121600900
121602404
121603915
121606451
121608847
121610289
121611484
121612760
121613928
121614930
121615894
121617008
121618070
121619120
121620174
121621159
121622255
121623164
121624071
121625207
121626106
121627101
121628039
121628933
121629862
121630808
121631843
121632790
121633723
121634607
121635480
121636391
121637318
121638198
121639200
121640206
121641257
121642461
121643464
121644449
121645423
121647362
121649461
121651521
121654419
121655890
121656961
121658202
121660119
121661206
121662196
121663210
121664296
121667222
121671153
121673475
121674480
121676474
121681768
121683615
121684583
121685652
121686778
121687868
121688919
121690144
121691739
121692880
121694017
121695169
121696255
121697760
121699510
121701578
121703528
121706068
121707259
121708298
121709767
121711089
121712562
121713815
121715481
121716856
121719279
121720314
121723057
121724312
121725383
121726562
121728797
121730018
121731180
121732123
121733049
121733967
121734880
121735811
121736722
121737611
121738512
121739490
121740447
121741345
121742239
121743088
121743973
121744901
121745822
121746784
121747746
121748759
121749655
121750608
121751534
121752516
121753503
121754406
121755365
121756367
121758367
121759513
121760896
121762032
121762943
121763851
121764862
121765812
121766737
121767635
121768940
121769845
121770810
121771817
121772722
121773636
121774664
121776154
121777571
121780842
121785320
121786325
121788970
121791452
121792371
121794305
121798212
121800866
121801831
121802776
121803729
121804690
121806942
121814772
121817798
121819991
121821335
121822644
121824784
121830141
121831605
121834818
121835888
121836852
121838031
121839022
121839885
121840787
121841696
121842721
121843803
121844745
121846852
121848081
121849304
121850530
121851411
121854111
121860833
121862589
121864330
121865705
121866716
121871341
121874424
121878233
121879253
121880154
121881067
121882442
121884084
121885378
121886250
121887160
121888053
121889303
121891924
121895765
121901541
121905381
121906736
121907697
121909106
121912109
121915223
121916318
121918550
121919700
121922148
121924744
121925798
121931721
121932719
121933788
121935758
121936931
121938349
121939271
121941519
121943055
121947968
121951467
121952479
121954441
121961734
121965324
121969243
121970327
121971575
121973740
122028874
122030979
122032435
122034605
122035854
122037173
122038171
122039906
122041955
122043262
122044277
122047562
122049107
122051741
122054489
122055516
122056662
122058658
122060616
122063104
122065698
122067268
122068625
122070049
122071566
122072736
122073947
122075019
122076682
122078466
122079597
122081984
122084296
122086214
122087462
122089323
122092713
122094848
122096419
122097950
122099336
122101651
122103798
122106641
122107744
122110415
122112133
122115998
122118635
122119848
122122056
122123393
122125839
122128055
122130379
122132651
122135739
122137255
122138561
122139990
122142397
122144660
122146707
122150311
122152474
122155160
122157131
122159074
122162357
122164067
122165869
122167074
122168487
122169744
122171940
122173340
122177665
122179519
122181752
122182973
122185354
122189819
122193014
122194497
122196386
122198193
122201006
122202280
122203503
122207971
122210076
122211451
122214279
122216547
122219090
122220595
122222725
122224990
122227904
122229825
122231252
122234151
122237900
122240274
122243780
122252267
122257318
122258787
122261327
122262502
122267185
122269657
122270530
122271414
122277607
122281775
122283521
122284616
122285993
122289604
122291399
122292471
122294303
122296406
122303523
122307160
122309036
122314781
122322218
122328117
122331682
122335030
122337699
122340252
122343394
122344753
122345778
122347099
122348495
122349640
122351883
122356259
122357136
122360715
122365556
122368943
122371219
122373350
122375900
122378546
122379435
122380831
122382130
122383286
122385329
122387079
122390013
122391004
122392901
122393977
122395587
122397306
122398202
122400078
122404403
122406263
122409757
122413248
122415749
122417312
122420062
122422662
122424876
122427365
122429698
122430641
122431857
122433084
122434045
122438390
122439607
122442457
122444015
122446626
122449111
122452161
122453778
122456186
122458570
122461090
122463137
122464878
122465887
122468219
122470568
122471696
122476812
122480365
122485846
122489276
122491281
122492112
122494407
122496315
122500154
122501089
122502857
122504052
122505058
122506055
122507194
122508275
122509811
122510925
122512132
122513249
122514254
122515249
122516246
122517271
122518239
122519176
122520060
122520958
122521974
122523039
122523966
122525237
122526393
122527647
122528694
122529580
122530429
122531492
122532579
122533549
122534685
122535633
122536663
122537734
122538865
122539789
122540647
122541823
122542874
122544002
122545070
122545991
122546893
122547763
122548628
122549508
122550350
122551203
122552063
122552918
122554350
122555467
122556597
122557969
122559269
122560181
122561237
122562365
122563608
122564700
122565962
122567147
122568446
122569610
122570551
122571776
122572972
122574055
122575097
122576220
122577512
122578826
122579986
122580869
122581861
122582952
122584187
122585284
122586390
122587673
122588621
122589935
122591058
122592069
122593197
122594327
122595342
122596430
122597606
122599309
122600344
122601412
122602513
122603791
122604956
122606117
122607262
122608096
122609089
122610113
122611543
122612576
122613674
122614950
122616083
122617459
122618544
122619526
122620551
122621863
122623098
122624370
122625427
122626782
122627759
122628704
122629606
122630770
122632247
122633285
122634124
122634961
122636029
122637131
122638288
122639187
122640235
122641094
122642290
122643372
122644574
122645698
122646645
122647654
122648512
122649695
122650806
122651849
122652990
122654053
122655163
122656522
122657541
122658474
122659632
122660796
122661995
122662871
122663861
122664975
122666174
122667259
122668193
122669395
122670499
122671380
122672288
122673184
122674149
122675086
122676142
122677208
122678173
122679075
122679964
122680904
122681762
122682653
122683841
122684825
122685957
122686968
122688050
122689059
122689891
122690883
122692040
122693213
122694119
122695298
122696478
122698022
122698986
122699845
122700830
122701741
122703021
122703996
122705094
122706237
122707333
122708271
122709297
122710123
122711170
122712258
122713723
122714722
122715732
122716852
122717751
122718646
122719830
122721076
122722561
122723621
122725061
122726250
122727171
122728297
122729284
122730194
122731129
122732073
122733413
122734564
122735721
122736699
122737870
122738995
122739930
122741536
122742641
122743580
122744803
122745965
122746910
122747950
122749138
122750530
122751608
122752671
122753571
122754582
122755613
122756563
122757886
122759284
122760616
122761651
122762794
122763777
122765063
122766035
122766933
122767823
122768995
122770479
122771435
122772731
122773747
122774827
122775749
122777015
122778109
122779409
122780444
122781542
122782697
122783776
122784899
122785782
122786729
122787673
122788595
122789566
122790565
122791719
122792786
122793888
122795327
122796340
122797552
122798601
122799612
122800816
122802054
122802958
122803964
122805191
122806064
122807379
122808310
122809285
122810529
122811650
122812624
122813844
122814939
122815962
122817396
122818483
122819566
122820577
122821526
122822813
122823950
122824992
122825929
122827081
122828029
122829132
122830111
122831178
122832145
122833178
122834259
122835276
122836341
122837652
122838745
122839624
122840978
122842320
122843548
122844456
122845344
122846684
122847989
122849109
122850075
122851099
122852128
122852947
122854075
122855163
122856133
122857184
122858131
122859425
122860444
122861423
122862387
122863355
122864504
122865611
122866878
122867852
122868909
122870143
122871056
122872063
122873206
122874317
122875499
122877055
122877923
122878781
122879708
122880649
122881605
122882790
122884001
122885095
122886068
122887141
122888155
122889444
122890596
122891642
122892910
122893965
122895210
122896275
122897227
122898282
122899497
122900476
122901437
122902413
122903385
122904697
122906233
122907546
122908789
122909787
122910701
122912085
122913273
122914254
122915432
122916499
122917491
122918528
122919940
122921537
122922984
122924402
122925624
122926527
122927445
122928486
122929711
122930942
122932323
122933394
122934651
122935828
122936834
122938072
122939415
122940547
122941714
122942840
122943690
122944609
122945804
122946952
122947837
122948777
122949980
122950886
122951982
122952958
122954004
122955034
122956129
122957638
122958703
122959854
122961086
122962176
122963136
122964172
122965218
122966221
122967571
122968867
122969931
122970977
122972011
122973117
122974479
122975587
122976539
122977745
122979237
122980314
122981703
122982968
122984083
122984940
122985900
122986910
122988024
122989104
122990091
122991107
122991995
122993665
122994637
122995740
122997011
122998227
122999335
123000471
123001450
123002493
123003454
123004623
123005549
123006482
123007773
123008974
123010160
123011552
123012604
123013717
123014813
123015812
123016748
123017995
123018952
123020234
123021470
123022446
123023380
123024268
123025171
123026090
123027274
123028450
123029484
123030496
123031483
123032440
123033421
123034459
123035316
123036290
123037177
123038083
123039359
123040395
123041379
123042308
123043337
123044319
123045263
123046288
123047423
123048747
123050042
123051247
123052416
123053659
123054815
123055987
123057164
123058238
123059148
123060066
123061203
123062265
123063285
123064309
123065253
123066253
123068023
123069288
123070393
123071447
123072790
123073887
123074876
123075926
123077030
123078269
123079386
123080322
123081514
123082589
123083631
123084945
123085878
123087191
123088185
123089227
123090254
123091427
123092660
123093508
123094754
123095601
123096622
123097850
123098782
123099769
123101076
123102216
123103482
123104571
123105476
123107062
123108190
123109175
123110337
123111370
123112648
123113617
123114659
123115736
123117001
123117874
123118949
123120004
123121175
123122135
123123086
123124128
123125282
123126374
123127386
123128657
123129982
123130901
123131863
123132940
123134065
123135123
123136253
123137279
123138169
123139186
123140416
123141335
123142423
123143393
123144287
123145266
123146215
123147364
123148361
123149416
123150400
123151599
123152731
123153921
123155338
123156343
123157317
123158389
123159392
123160454
123161754
123162756
123163867
123165037
123166071
123167133
123168555
123169528
123170553
123171818
123172709
123173629
123174521
123175831
123176828
123177845
123178809
123179915
123181194
123182533
123183409
123185076
123186174
123187961
123189055
123190324
123191297
123192325
123193267
123194462
123195461
123196629
123197671
123199242
123200193
123201356
123202544
123203606
123204672
123205737
123207121
123208137
123209218
123210505
123211465
123212424
123213785
123215157
123216322
123217300
123218254
123219459
123220608
123221757
123223026
123224192
123225283
123226453
123227532
123228703
123230037
123231305
123232732
123233613
123234488
123235855
123236807
123238002
123238955
123239988
123240961
123242014
123243139
123244250
123245224
123246300
123247467
123248472
123249761
123251148
123252176
123253099
123254054
123255224
123256227
123257456
123258601
123259839
123260802
123261761
123263104
123264309
123265425
123266449
123267428
123268423
123269392
123270927
123271805
123273000
123273899
123274954
123276081
123277250
123278409
123279313
123280485
123281504
123282512
123283516
123284370
123285416
123286554
123287634
123288891
123289893
123290881
123291793
123292792
123294069
123295000
123295966
123297025
123297965
123298987
123300001
123300918
123302376
123303809
123304810
123305907
123307093
123308084
123309584
123310457
123311452
123312588
123313970
123315367
123316285
123317498
123318915
123319850
123320981
123322079
123323099
123324191
123325276
123326196
123327396
123328599
123329593
123330556
123331607
123332574
123333868
123335041
123335906
123337063
123338022
123338936
123340229
123341276
123342735
123344000
123345119
123346536
123348006
123349150
123350022
123351063
123352182
123353111
123354350
123355368
123356438
123357418
123358468
123359654
123360721
123361597
123362672
123363742
123364868
123365841
123367342
123368263
123369316
123370252
123371116
123372304
123373751
123375195
123376409
123377506
123378504
123379704
123380708
123381777
123382978
123383908
123385169
123386233
123387416
123388502
123389486
123390561
123391952
123393088
123394273
123395725
123397351
123398261
123399564
123400523
123401689
123402701
123403746
123405203
123406261
123407382
123408284
123409419
123410361
123411291
123412217
123413230
123414189
123415107
123416018
123416983
123418329
123419260
123420120
123421519
123422620
123423619
123424558
123425436
123426585
123427583
123428747
123429669
123430603
123431599
123432726
123433821
123434773
123436106
123437259
123438649
123439759
123440830
123442402
123443404
123444599
123445441
123446604
123447710
123448683
123449900
123451123
123452041
123453063
123454477
123455420
123456481
123457484
123458749
123459780
123460875
123461761
123462766
123463820
123464788
123465773
123467104
123468237
123469342
123470403
123471276
123472277
123473486
123474526
123475638
123476621
123477577
123478750
123479811
123480849
123482140
123483318
123484195
123485210
123486422
123487676
123488778
123489766
123491273
123492383
123493701
123494992
123495992
123496954
123497976
123499174
123500409
123501562
123502736
123503754
123504940
123506248
123507739
123508729
123509622
123510822
123512068
123513096
123514157
123515105
123516127
123517232
123518285
123519308
123520306
123521370
123522470
123523655
123524844
123525796
123526872
123527874
123529158
123530239
123531258
123532250
123533302
123534396
123535332
123536491
123537471
123539383
123540507
123541738
123543349
123544459
123545614
123546867
123548135
123549222
123550804
123551846
123552961
123553958
123555224
123556380
123557522
123558845
123559808
123560714
123561714
123562798
123563815
123564799
123565789
123566708
123567901
123569041
123570356
123571387
123572500
123573798
123574828
123575879
123576863
123577802
123578798
123579779
123580821
123581762
123583138
123584274
123585279
123586183
123587086
123588351
123589368
123590451
123591565
123592620
123593591
123594937
123596477
123597404
123598517
123599470
123600574
123602310
123603355
123604434
123605466
123606366
123607722
123608978
123610019
123611039
123611994
123613137
123614337
123615368
123616549
123617540
123618458
123619791
123620663
123621653
123622705
123624104
123625114
123626414
123627433
123628478
123629642
123630644
123631656
123632647
123633866
123634829
123635857
123637007
123638009
123639600
123640563
123641830
123642956
123643899
123645667
123646905
123648238
123649071
123650372
123651611
123652746
123654170
123655120
123656061
123657584
123658604
123659552
123660429
123661381
123662422
123664148
123665418
123666599
123667522
123668746
123669920
123671327
123672390
123673338
123674193
123675397
123676651
123677692
123678650
123679964
123681206
123682547
123683468
123684591
123685618
123686556
123687534
123688438
123689428
123690458
123691602
123692630
123693570
123694515
123695461
123696371
123697240
123698195
123699236
123700095
123701140
123702167
123703314
123704261
123705418
123706322
123707372
123708464
123709460
123710424
123711297
123712299
123713223
123714330
123715205
123716270
123717494
123718713
123719731
123720812
123722167
123723088
123724266
123725262
123726426
123727531
123728600
123729697
123730821
123732083
123733043
123734246
123735453
123736527
123737629
123739049
123740198
123741216
123742423
123743550
123744483
123745790
123746817
123748247
123749177
123750308
123751506
123752496
123753542
123754445
123755407
123756689
123758298
123759332
123760270
123761096
123762232
123763135
123764133
123765569
123766967
123768106
123769057
123770710
123771836
123773199
123774191
123775314
123776599
123777736
123779017
123779933
123781196
123782378
123783286
123784235
123785390
123786385
123787405
123788638
123789630
123790506
123791667
123792728
123793933
123794988
123796064
123797088
123798179
123799431
123800533
123801551
123802527
123803590
123804821
123805990
123806983
123808112
123809369
123810679
123811874
123812868
123814101
123815418
123816518
123817542
123818612
123819574
123820514
123821494
123822692
123823646
123824598
123825761
123826652
123827562
123828623
123830015
123831051
123832039
123833047
123834480
123835583
123836774
123837726
123838632
123839738
123840892
123842148
123843018
123844013
123845003
123846088
123847114
123848021
123848982
123850249
123851211
123852356
123853359
123854303
123855637
123856860
123858320
123859462
123860493
123861577
123862563
123863615
123864850
123866064
123867337
123868326
123869390
123870664
123871666
123873006
123874020
123875013
123876025
123877334
123878719
123879763
123880723
123881673
123882613
123883601
123884851
123885941
123887268
123888663
123889782
123890830
123891814
123892727
123893674
123894679
123895841
123896862
123897891
123899185
123900160
123901337
123902496
123903458
123904408
123905704
123906778
123907718
123908753
123909827
123910905
123911769
123912987
123914029
123915013
123916130
123917508
123918881
123920133
123921478
123922589
123923759
123924640
123925867
123927047
123928001
123929193
123930100
123931229
123932435
123933377
123935107
123936191
123937208
123938040
123939561
123940588
123942233
123943494
123944402
123945694
123946609
123947828
123949032
123949997
123951257
123952348
123953265
123954314
123955639
123956553
123957494
123958831
123959921
123961272
123962396
123963528
123964912
123966135
123967099
123968076
123969006
123969938
123971053
123972173
123973364
123974487
123975825
123976884
123978065
123978895
123980191
123981111
123982140
123983103
123984128
123985324
123986455
123987341
123988337
123989391
123990493
123991581
123992625
123993803
123994837
123995687
123996813
123998020
123999212
124000270
124001268
124002254
124003268
124004435
124005509
124006381
124007260
124008313
124009192
124010144
124011214
124012453
124013739
124014981
124015945
124017168
124018365
124019769
124020717
124021701
124022709
124023589
124024487
124025900
124027103
124028370
124029409
124030322
124031359
124032428
124033358
124034369
124035497
124036568
124037662
124038731
124039652
124040634
124041656
124042681
124043597
124044473
124045750
124046730
124047848
124048932
124050290
124051341
124052362
124053395
124054296
124055430
124056715
124057673
124058659
124059894
124061049
124062515
124063470
124064824
124066000
124067025
124068120
124069058
124070221
124071146
124072327
124073247
124074207
124075395
124076640
124077884
124078858
124079860
124080932
124082219
124083163
124084162
124085594
124087278
124088236
124089537
124090787
124091743
124092724
124093935
124094981
124096614
124098111
124099090
124100205
124101294
124102439
124103479
124104696
124105771
124106976
124107881
124109185
124110718
124112051
124113105
124114116
124115083
124116025
124117016
124118200
124119152
124120412
124121547
124122532
124123633
124124695
124125599
124126682
124127853
124129011
124130452
124131666
124132747
124133778
124134827
124135828
124136751
124137979
124139486
124140408
124141454
124142616
124143503
124144534
124145915
124146967
124148114
124149060
124150063
124151215
124152269
124153534
124154678
124155925
124157254
124158208
124159278
124160212
124161329
124162197
124163453
124164732
124165803
124166681
124167680
124168727
124169796
124170847
124171779
124172931
124173943
124175380
124176739
124177744
124178739
124179738
124181226
124182315
124183214
124184368
124185263
124186219
124187458
124188711
124189848
124191175
124192231
124193155
124194343
124195266
124196188
124197527
124198408
124199334
124200782
124201998
124203123
124204338
124205916
124206966
124207832
124208803
124209811
124210848
124211892
124213071
124214003
124215130
124216207
124217188
124218038
124218906
124220154
124221105
124222161
124223090
124223995
124225051
124226368
124227572
124228875
124229853
124231204
124232352
124233730
124234780
124235783
124236925
124238188
124239156
124240303
124241220
124242164
124243274
124244340
124245153
124246595
124247547
124248572
124249600
124250676
124251752
124252736
124253612
124254764
124255711
124256963
124257994
124259188
124260369
124261427
124262387
124263570
124264653
124265816
124266854
124267727
124269059
124270027
124271134
124272611
124273488
124274799
124276005
124277058
124278274
124279727
124281046
124282252
124283269
124284590
124285576
124286756
124287939
124289161
124290065
124291071
124292257
124293297
124294291
124295721
124296804
124297765
124299179
124300650
124301884
124302931
124304191
124305273
124306283
124307543
124308645
124309755
124310913
124312014
124313099
124314102
124315208
124316167
124317199
124318477
124319414
124320423
124321633
124322795
124323949
124325386
124326406
124327537
124328612
124329833
124331024
124332402
124333734
124334858
124335799
124336722
124337897
124338909
124339987
124341042
124342169
124343075
124344317
124345544
124346472
124347629
124348613
124349643
124351046
124352244
124353173
124354134
124355326
124356269
124357337
124358364
124359517
124360513
124361711
124363158
124364079
124365006
124366159
124367391
124368292
124369563
124370784
124371726
124372858
124373831
124374822
124376066
124377592
124378508
124379765
124380742
124382031
124382986
124384063
124385243
124386353
124387458
124388593
124389711
124390597
124391822
124393004
124394298
124395404
124396368
124397443
124398767
124400159
124401258
124402344
124403521
124404557
124405567
124406563
124407620
124408737
124409761
124410918
124412745
124413699
124414619
124415887
124416955
124418042
124419016
124420009
124421457
124422567
124423785
124424963
124426399
124427509
124428572
124429499
124430496
124431711
124432853
124433891
124435254
124436646
124437728
124438920
124439966
124441178
124442311
124443496
124444847
124445798
124446813
124447965
124449304
124450458
124451464
124452498
124453737
124455205
124456305
124457559
124458588
124459652
124460810
124461835
124463167
124464195
124465114
124466160
124467252
124468144
124469463
124470719
124471716
124472839
124474030
124475255
124476352
124477520
124478612
124479658
124480611
124481471
124482475
124483565
124484844
124485875
124486956
124487868
124488814
124490091
124491233
124492155
124493242
124494177
124495050
124496001
124497169
124498265
124499439
124500389
124501322
124502511
124503386
124504640
124505568
124506600
124507456
124508414
124509743
124510686
124511688
124512783
124513914
124515011
124516244
124517534
124518606
124519574
124520792
124521762
124522892
124523992
124525038
124526492
124527457
124528389
124529542
124530744
124532022
124533139
124534470
124535396
124536507
124537597
124538558
124539489
124540518
124541514
124542610
124543729
124545051
124546099
124547026
124548129
124549077
124550059
124551257
124552510
124554135
124555328
124556529
124557765
124559028
124559977
124560993
124562134
124563253
124564343
124565481
124566458
124567455
124568481
124569514
124570789
124571926
124573222
124574415
124575312
124576273
124577471
124578382
124579335
124580469
124581479
124582480
124583492
124584515
124585460
124586731
124587864
124588801
124589682
124590715
124591631
124592854
124593869
124595070
124596251
124597390
124598516
124599615
124600909
124602062
124603307
124604309
124605852
124606859
124607948
124609039
124610153
124611106
124612374
124613516
124614451
124615835
124616801
124617812
124618906
124619905
124620938
124621888
124622856
124623904
124624765
124626033
124627070
124628161
124629188
124630311
124631550
124632643
124633916
124634948
124636253
124637638
124638840
124639800
124640827
124641904
124643197
124644062
124645217
124646184
124647137
124648098
124649030
124650060
124651207
124652422
124653533
124654737
124655759
124657018
124658106
124659097
124660376
124661507
124662576
124664040
124665252
124666591
124667725
124668823
124669872
124670788
124671864
124673128
124674318
124675791
124676843
124677981
124679023
124680235
124681399
124682381
124683345
124684293
124685428
124686602
124687577
124688663
124689996
124691181
124692103
124693116
124694213
124695157
124696224
124697268
124698292
124699126
124700230
124701278
124702411
124703628
124704799
124705765
124706732
124707775
124708823
124710148
124711558
124712669
124713790
124714969
124716423
124717592
124718748
124719974
124721037
124722080
124723257
124724354
124725839
124726740
124727955
124729043
124729953
124731028
124732042
124733286
124734227
124735208
124736390
124737753
124739133
124740405
124742013
124743091
124744264
124745220
124746292
124747295
124748398
124749377
124750451
124751388
124752289
124753419
124754618
124755612
124756703
124758233
124759398
124760577
124761802
124762878
124764012
124765067
124766062
124767289
124768294
124769510
124770422
124771781
124772685
124773701
124774805
124775962
124776966
124778111
124779513
124780515
124781406
124782681
124783594
124784676
124786032
124786923
124787768
124788735
124790282
124791265
124792319
124793191
124794014
124794914
124795808
124797289
124798130
124799036
124800235
124801518
124802346
124803494
124804488
124805411
124806262
124807759
124808854
124809892
124810875
124812411
124813596
124814449
124815340
124816190
124817633
124818569
124819423
124820266
124821082
124822242
124823324
124824256
124825258
124826351
124827568
124828556
124829533
124830586
124831900
124832938
124834131
124835309
124836247
124837532
124838782
124840459
124841655
124842622
124843893
124844873
124845784
124846820
124847738
124849455
124851015
124852106
124853047
124853929
124855060
124856256
124857220
124858210
124859136
124860129
124861020
124861991
124862919
124864050
124865005
124866393
124867463
124868664
124869553
124870686
124871615
124872537
124873390
124874259
124875490
124876646
124877478
124878582
124879513
124880482
124881414
124882697
124883568
124884466
124885630
124886800
124888003
124889154
124890623
124891940
124893119
124893997
124894868
124895798
124896733
124897907
124899300
124900646
124901942
124903350
124904336
124905993
124907094
124908615
124910005
124911450
124912507
124913576
124914462
124916334
124917341
124918583
124919530
124920491
124921412
124922283
124923222
124924452
124925626
124926775
124927666
124928756
124930178
124931077
124932180
124933409
124934379
124935424
124936512
124937540
124938522
124939500
124940432
124941341
124942310
124943348
124944452
124945596
124946731
124947875
124949004
124950123
124951259
124952482
124953672
124954922
124956095
124957310
124958528
124959853
124961083
124962223
124963397
124964547
124965696
124966837
124967908
124969048
124970270
124971405
124972605
124973800
124974951
124976098
124977306
124978950
124980192
124981392
124982605
124983827
124985087
124986280
124987463
124988664
124989981
124991210
124992471
124993713
124994951
124996186
124997586
124998929
125000206
125001511
125002759
125004018
125005266
125006521
125007726
125008883
125010028
125011152
125012312
125013674
125014887
125016059
125017240
125018378
125019498
125020648
125021848
125023136
125024409
125025809
125027095
125028392
125029771
125030983
125032282
125033589
125034788
125036022
125037223
125038410
125039666
125040995
125042244
125043453
125044674
125046007
125047331
125048596
125049961
125051227
125052481
125053701
125054947
125056287
125057605
125058876
125060146
125061450
125062714
125063877
125065091
125066244
125067263
125068314
125069418
125070661
125071907
125073028
125074202
125075411
125076604
125077895
125079230
125081578
125082961
125084264
125085763
125086881
125087932
125089414
125090905
125092358
125093662
125095120
125096462
125097773
125098989
125100315
125101465
125102732
125104277
125105539
125106908
125108242
125109594
125110985
125112330
125113737
125115132
125116471
125117994
125119118
125120357
125121709
125123013
125124287
125125563
125126800
125128027
125129297
125132276
125133615
125134941
125136272
125137570
125138856
125140185
125141461
125142673
125143839
125145046
125146263
125147413
125148545
125149755
125151073
125152374
125153640
125154813
125155966
125157150
125158282
125159419
125160518
125161612
125162615
125163744
125164895
125165957
125166905
125167955
125168938
125169877
125170808
125173974
125174983
125175940
125176854
125177968
125180699
125182661
125184362
143185787
143186907
143188115
143189318
143190550
143191798
143193784
143195349
143196419
143197563
143198640
143199834
143201112
143202255
143203726
143205088
143206093
143207273
143208359
143209272
143210177
143211179
143212322
143214092
143216324
143218597
143220536
143222163
143223817
143224743
143225649
143226629
143227761
143228926
143230338
143231508
143232776
143234245
143235363
143236629
143237831
143239126
143240805
143241919
143243522
143244643
143245907
143246939
143248109
143249204
143250424
143251561
143253320
143254821
143256659
143257847
143258937
143260262
143261313
143263075
143264731
143265951
143267416
143268536
143269577
143270500
143271432
143272307
143273236
143274780
143275711
143276693
143277780
143279126
143280487
143281778
143282998
143284286
143285527
143286841
143288163
143292025
143293564
143295392
143297147
143298828
143301096
143304070
143306143
143307508
143309510
143311053
143312626
143314384
143316457
143318960
143322456
143324792
143330827
143334547
143337846
143345728
143350409
143353821
143356714
143361787
143367240
143374078
143377910
143381736
143385736
143390717
143393522
143398940
143403282
143404753
143406630
143410072
143412385
143414493
143416461
143419247
143421748
143424779
143427984
143433081
143435811
143437342
143439162
143440998
143443422
143445948
143449327
143451443
143453595
143455128
143457452
143459955
143462425
143464994
143469484
143471524
143473270
143475213
143478892
143481032
143483639
143485492
143487280
143489190
143490741
143493209
143494890
143497026
143498218
143499913
143501568
143502974
143504198
143505484
143507955
143509753
143511589
143512650
143513642
143514624
143515668
143516666
143517692
143518689
143519703
143520695
143521831
143522852
143523868
143524915
143526009
143527115
143528141
143529167
143530159
143531127
143532090
143533123
143534151
143535133
143536383
143537659
143538884
143540072
143541203
143542738
143544346
143546067
143547709
143549325
143551038
143552667
143554282
143555923
143557530
143559006
143560466
143561990
143563477
143564982
143566630
143568242
143569825
143571426
143572949
143574613
143576130
143577812
143579461
143581128
143582721
143584375
143585951
143587507
143589125
143590844
143592456
143594187
143595771
143597352
143598923
143600510
143602186
143603900
143605652
143607441
143609181
143610845
143612676
143614463
143616104
143617787
143619592
143621201
143622880
143624531
143626203
143627967
143629738
143631463
143633181
143634827
143636449
143637913
143639059
143640676
143642401
143643881
143645586
143647262
143648902
143650630
143652200
143653740
143655426
143657169
143658968
143660834
143662469
143664332
143666022
143667694
143669456
143671259
143673068
143674901
143676573
143678306
143680088
143681836
143683690
143685486
143687144
143688969
143690753
143692170
143693877
143695653
143697321
143699035
143700666
143702298
143703474
143705037
143706806
143708433
143710031
143711679
143713224
143714787
143716383
143717851
143719498
143720977
143722552
143724259
143725866
143727421
143728889
143729952
143731484
143733082
143734751
143736384
143738192
143739888
143741784
143743379
143745122
143746894
143748660
143750392
143752057
143753664
143755306
143757047
143758780
143760524
143762254
143764021
143765715
143767266
143769220
143771332
143773115
143774885
143776859
143778668
143780687
143782423
143784364
143786517
143788413
143790107
143792051
143794513
143796757
143799071
143801829
143804186
143806086
143808146
143810142
143812081
143814345
143816251
143818449
143820811
143822627
143824838
143827231
143829522
143831683
143833357
143835659
143837688
143839426
143841188
143842981
143844585
143846338
143848504
143850480
143852484
143854482
143856314
143858244
143860274
143862246
143864086
143866385
143868152
143870227
143872278
143874252
143876684
143878877
143881029
143883098
143885093
143887081
143889387
143891715
143893861
143895954
143898073
143900015
143902300
143904327
143905832
143907922
143909839
143911759
143913660
143915453
143917363
143919429
143921181
143923600
143925673
143927861
143930253
143932218
143934563
143936574
143938515
143945715
143950933
143955123
143959295
143961481
143964840
143967330
143971224
143974906
143977865
143980639
143983568
143986315
143988730
143992816
143996113
143998731
144001319
144004180
144007509
144010293
144016756
144022055
144025273
144028365
144031599
144035803
144038317
144041497
144044682
144046895
144049180
144051588
144054319
144056704
144059481
144062234
144066457
144071408
144073734
144076197
144077329
144078622
144088928
144101095
144102417
144103896
144106000
144115320
144120594
144129033
144137764
144140598
144163059
144187281
144213657
144266946
144306689
144322602
144328141
144335417
144338064
144340797
144342810
144345079
144348387
144352172
144355463
144358888
144361851
144365698
144369655
144374770
144379610
144386528
144391388
144394793
144396379
144398064
144400396
144402191
144403750
144405357
144407101
144408804
144410426
144412107
144413275
144414698
144416055
144417882
144419266
144420608
144421922
144423445
144424765
144426395
144427702
144428911
144430387
144431974
144433502
144435144
144436573
144437935
144439379
144440856
144442416
144443955
144445490
144446912
144448339
144450102
144451615
144453308
144455087
144456546
144458202
144459826
144461309
144462661
144464098
144465490
144467114
144468849
144470482
144472256
144474471
144476147
144477908
144479764
144481512
144483114
144484531
144486141
144487746
144489460
144491186
144492851
144494494
144496241
144497818
144499421
144501024
144502688
144504309
144505935
144507705
144509483
144511325
144513092
144514849
144516719
144518522
144520306
144522052
144523698
144525422
144527197
144529012
144530774
144532432
144534091
144535864
144537655
144539347
144541041
144542701
144544305
144545989
144547432
144549113
144550647
144552078
144553653
144555244
144556814
144558561
144560174
144561402
144563027
144564589
144566002
144567524
144569190
144570938
144572342
144574801
144579303
144586152
144590325
144595880
144601562
144605836
144608646
144611481
144613886
144616441
144619031
144620523
144621942
144623920
144626111
144630645
144632406
144634732
144636288
144638825
144640091
144641275
144642342
144643459
144645319
144647873
144650689
144653634
144656421
144659150
144661193
144663668
144665867
144668579
144671493
144673836
144676669
144679336
144681738
144684546
144687269
144689924
144692737
144695133
144698328
144701148
144703718
144706638
144709513
144712298
144714883
144716987
144719049
144721455
144724253
144726716
144729311
144731074
144733541
144735961
144738434
144741203
144751188
144783196
144805326
144809896
144813291
144816508
144820575
144824868
144827157
144841241
144845622
144855151
144859241
144872324
144882393
144883583
144885248
144887962
144892441
144896508
144899627
144902694
144905352
144907719
144910132
144912455
144914635
144917383
144920329
144922700
144924997
144927076
144929477
144931893
144934064
144936401
144938763
144940890
144942946
144944699
144947323
144949610
144951640
144953599
144955663
144957670
144959607
144961840
144963703
144965397
144967270
144969312
144971159
144973067
144975175
144977374
144979408
144981277
144983736
144985745
144987627
144989573
144991253
144993028
144994958
144996984
144998876
145000787
145002642
145004523
145006603
145008717
145010447
145012716
145014935
145017137
145019864
145021935
145024149
145026213
145029136
145031315
145034458
145037143
145040152
145042168
145044770
145046966
145050277
145054756
145057908
145060229
145062813
145064891
145067001
145069028
145071348
145074042
145077041
145080296
145082819
145085029
145087474
145089532
145091958
145094736
145097171
145099964
145102024
145104619
145107295
145109813
145115041
145120854
145128524
145130556
145132959
145135354
145137942
145140443
145142830
145145827
145148184
145150361
145152745
145155725
145158160
145161787
145164396
145168440
145170437
145172598
145174870
145176999
145179480
145182046
145184344
145186705
145188843
145190850
145193141
145195018
145197142
145199318
145202195
145204765
145207215
145209495
145211998
145214503
145216120
145217833
145219691
145221680
145223337
145225020
145226878
145228641
145230547
145232190
145233923
145235932
145237660
145239035
145240671
145242140
145244034
145246633
145248444
145250209
145253451
145255637
145257599
145259410
145260909
145262625
145264537
145266691
145269355
145271369
145273379
145275658
145277759
145279428
145281123
145282539
145284153
145285689
145287339
145288730
145290063
145291407
145292414
145295142
145298468
145306386
145311009
145314316
145334960
145342696
145366214
145372294
145377845
145389035
145393438
145394601
145396082
145397562
145399176
145400768
145402311
145403938
145405488
145407244
145408827
145410536
145412246
145414333
145416142
145418333
145420372
145422619
145424784
145426397
145428398
145430822
145432574
145434869
145436981
145439016
145441246
145443542
145445997
145448326
145450431
145452589
145454630
145458062
145459954
145462073
145464393
145466025
145468177
145470471
145472950
145475312
145477097
145479563
145482172
145484626
145486974
145488914
145491292
145493756
145496242
145499420
145506249
145510165
145512502
145514959
145517283
145519584
145522502
145524846
145526854
145529458
145532096
145534577
145537207
145539761
145542345
145544632
145547325
145549706
145552686
145554756
145556773
145558660
145560655
145562759
145564654
145566684
145568640
145570646
145572520
145574182
145575672
145577263
145578850
145580447
145582431
145584243
145586425
145588205
145590186
145592201
145594445
145596738
145599168
145601570
145603969
145606376
145608256
145610436
145612885
145615326
145617594
145619947
145622575
145625209
145627746
145630357
145633190
145635804
145638398
145640770
145643450
145646237
145648632
145651024
145653419
145656019
145658393
145660554
145662829
145665413
145667855
145670184
145672663
145674714
145677049
145679439
145681807
145684197
145686560
145688819
145691359
145693791
145696192
145698655
145701132
145703530
145706071
145708596
145710958
145713247
145715524
145717935
145720424
145722726
145725326
145728036
145730320
145732659
145735131
145737381
145739745
145742189
145744535
145746821
145749067
145751442
145753619
145755945
145758350
145760699
145762846
145764665
145766430
145767763
145769893
145772174
145774571
145776792
145779305
145781464
145783851
145786269
145788503
145790441
145792579
145794524
145796418
145798835
145801161
145803624
145806145
145808501
145810814
145812848
145815013
145816985
145819225
145821326
145823537
145825287
145827245
145829476
145831836
145834064
145836114
145838278
145840437
145842801
145844859
145846477
145848346
145850417
145852531
145854727
145856688
145858798
145860711
145862811
145865235
145867648
145870095
145872259
145873730
145875735
145877867
145879995
145882245
145884626
145886941
145889472
145892141
145894573
145896828
145898925
145901017
145902993
145905169
145907371
145909515
145911831
145914133
145916405
145918622
145920651
145922857
145925114
145927134
145929001
145931167
145933424
145935461
145937732
145939998
145942296
145944947
145947391
145950077
145952609
145955285
145957807
145960241
145962005
145964293
145966499
145969193
145971377
145973626
145975954
145978049
145980614
145983277
145985784
145988059
145990405
145992403
145994128
145995623
145997172
145999336
146001629
146003879
146006199
146008443
146010921
146013209
146015474
146017974
146019640
146021922
146024444
146026938
146029103
146031518
146034080
146035866
146037863
146039613
146041722
146043655
146045523
146047640
146049752
146051800
146053098
146054663
146056305
146057800
146059469
146061177
146063017
146064575
146066253
146067428
146068777
146070030
146073357
146075457
146079071
146082513
146084448
146088136
146092344
146099515
146105399
146109341
146111423
146114042
146116062
146119258
146121331
146123571
146125581
146126655
146127911
146129440
146131154
146133646
146134991
146136445
146137761
146139253
146140484
146141879
146143303
146144693
146146641
146148612
146150669
146153012
146154951
146156716
146158296
146159838
146161808
146164305
146166165
146169117
146171274
146173109
146174950
146176996
146178919
146180841
146182987
146185246
146187185
146189343
146192686
146195416
146198075
146200436
146203413
146206232
146208299
146211121
146214577
146218331
146221637
146224220
146226500
146228700
146230738
146233302
146235949
146238070
146240882
146243823
146246472
146249131
146251430
146253874
146257015
146260147
146262841
146266252
146268694
146272230
146276732
146281095
146285856
146290971
146295650
146300610
146305146
146308609
146312752
146316034
146318067
146320098
146321749
146323314
146324929
146326542
146328139
146329943
146332123
146334522
146336637
146339273
146341658
146343996
146346202
146348602
146351104
146355070
146357966
146360636
146362949
146365264
146367075
146369359
146371340
146373205
146375448
146377029
146378718
146381119
146383082
146385187
146387159
146388872
146391022
146393238
146395366
146397816
146400095
146402295
146404665
146406986
146409342
146411087
146413311
146415391
146417831
146420209
146422601
146424975
146427552
146429848
146432329
146434606
146436948
146439244
146442045
146444409
146446805
146449155
146451262
146454043
146456590
146458455
146460857
146463205
146465437
146467959
146470352
146472506
146474808
146477375
146479980
146482550
146485303
146487892
146490373
146493637
146496464
146498894
146501311
146504256
146507323
146519344
146529077
146531826
146535135
146538892
146541601
146544422
146547079
146549995
146552872
146555823
146558548
146561394
146565292
146568266
146571004
146573367
146575912
146578633
146581671
146584330
146587015
146589997
146592669
146595161
146597930
146600553
146603163
146605928
146608374
146611311
146614057
146616865
146620223
146622818
146625540
146628058
146630650
146633315
146636034
146638659
146641154
146643525
146645861
146648579
146651124
146653654
146656611
146659315
146661941
146664655
146667281
146670083
146672801
146675495
146678271
146680649
146683286
146685815
146688389
146690805
146693855
146696384
146698743
146701134
146703395
146706131
146708823
146711557
146714120
146716680
146719115
146722890
146725187
146727829
146730806
146733508
146736004
146738677
146741381
146744203
146746917
146749763
146752528
146755294
146757796
146760555
146762980
146765701
146768199
146770348
146772869
146775484
146778007
146780809
146783383
146786102
146788865
146791692
146794257
146796827
146799441
146802184
146804953
146807500
146810051
146812645
146814853
146817476
146820013
146822582
146825209
146828096
146830680
146833281
146835780
146838559
146841344
146844200
146846812
146849376
146852224
146854934
146857296
146859937
146862607
146865143
146867746
146869970
146872206
146874488
146877278
146880070
146882572
146885070
146887650
146890362
146893359
146896154
146898463
146901142
146903955
146906634
146909810
146912161
146915092
146917917
146921345
146924859
146927924
146931202
146933755
146936159
146938507
146940185
146942382
146944562
146946564
146948677
146950735
146952840
146954845
146956834
146959142
146961115
146962657
146964273
146965805
146967414
146969087
146970654
146972220
146973873
146975727
146977255
146979028
146980993
146982692
146984319
146985880
146987579
146989259
146990984
146992591
146994454
146995848
146997450
146999173
147000736
147002334
147003900
147005335
147006906
147008424
147009857
147011338
147012745
147014299
147016125
147017990
147019775
147021657
147023399
147025200
147027002
147028885
147031078
147033188
147035385
147037612
147039893
147042121
147044175
147046527
147048862
147050939
147053103
147055251
147057325
147059378
147061326
147063109
147064967
147066734
147068521
147070344
147072519
147074423
147076599
147078609
147080411
147082531
147084542
147086390
147088552
147090679
147092535
147094699
147096892
147098963
147100995
147103033
147105163
147107028
147109178
147111244
147113168
147115020
147117018
147119003
147121069
147123206
147125061
147126751
147128593
147130693
147132942
147135079
147137406
147139756
147142211
147144810
147147330
147149840
147152225
147154635
147157371
147159821
147162424
147164903
147167262
147169765
147172024
147173993
147176717
147178953
147181400
147184346
147187071
147189526
147191785
147194063
147196368
147199144
147201833
147204474
147206838
147209191
147211883
147214283
147216885
147219523
147222153
147224678
147226837
147228996
147231221
147233190
147235077
147237475
147240114
147242319
147244069
147246486
147248942
147251282
147253613
147255837
147258294
147260587
147263012
147265173
147267387
147269440
147271610
147273673
147275761
147277831
147279928
147281948
147284041
147285934
147287809
147289849
147291853
147293904
147295934
147298139
147300065
147302355
147304584
147306559
147308368
147310362
147312448
147314668
147316918
147319088
147321169
147322778
147324396
147326026
147327637
147329564
147331830
147334139
147336371
147338718
147341032
147343213
147345101
147346953
147348791
147351067
147353412
147355656
147357826
147359936
147361878
147363895
147366233
147368390
147370565
147372792
147374878
147376608
147378699
147380929
147383190
147385555
147387699
147389988
147392142
147394104
147396329
147398591
147400800
147402871
147404504
147406224
147408000
147409932
147412102
147414079
147416067
147418209
147420192
147422196
147423817
147425516
147427156
147428902
147430661
147432683
147434776
147436975
147439005
147441125
147443160
147445023
147446984
147448844
147450910
147452901
147454909
147457007
147458971
147460714
147462429
147464286
147466216
147468064
147469910
147471775
147473736
147475701
147477616
147479576
147481671
147483653
147485604
147487665
147489540
147491422
147493504
147495386
147497370
147499387
147501143
147503021
147504737
147506471
147508297
147510126
147511835
147513542
147515179
147516684
147517971
147520127
147522617
147524936
147527214
147529502
147531693
147533922
147536580
147538948
147541225
147543639
147546117
147548644
147551177
147553793
147556442
147558938
147561366
147563951
147566534
147568820
147571335
147573729
147576297
147578888
147581309
147583915
147586477
147588651
147591306
147593912
147596514
147598965
147600573
147602783
147605152
147607317
147609825
147612252
147614506
147616872
147619104
147620689
147622785
147624702
147626735
147629178
147631726
147634305
147637108
147639945
147642409
147645121
147647609
147650114
147652597
147654856
147657425
147659874
147662408
147665116
147667849
147670198
147672417
147674909
147677637
147680074
147682132
147684607
147687193
147689664
147692110
147694475
147696872
147699273
147701716
147704171
147706454
147708668
147710971
147713282
147715624
147717949
147720226
147722707
147724993
147727465
147729825
147732228
147734458
147736718
147739061
147741395
147743707
147746078
147748500
147751021
147753115
147755625
147758056
147759808
147762217
147764753
147767178
147769505
147771821
147774035
147776383
147778757
147781236
147783695
147786294
147788783
147791361
147794011
147796532
147798960
147801457
147803846
147806251
147808692
147811204
147813705
147816268
147818690
147821221
147823804
147826181
147828597
147830923
147833317
147835731
147838352
147840337
147842723
147845307
147847836
147850315
147852964
147855513
147857847
147860133
147862407
147864680
147866865
147869210
147871794
147873877
147875972
147878466
147880910
147883576
147886222
147888736
147891197
147893697
147896151
147898596
147900980
147903468
147906012
147908252
147909701
147912281
147914862
147917461
147919441
147921411
147923595
147925968
147928394
147930524
147933010
147935520
147937909
147940356
147943150
147945670
147948162
147949903
147951690
147954357
147956901
147959405
147962151
147964373
147967285
147970244
147972586
147975170
147977695
147980389
147982655
147985012
147987752
147990331
147992665
147995496
147998132
148000557
148002851
148005305
148007544
148009993
148012101
148014085
148016116
148018409
148020732
148022903
148025318
148027695
148031132
148032985
148035185
148037189
148038852
148040619
148042807
148044872
148047078
148048980
148050836
148052905
148055093
148057235
148059536
148061324
148063300
148065464
148067435
148069488
148072765
148076465
148081901
148085331
148087234
148089383
148091197
148093153
148094949
148096754
148098546
148100401
148102030
148103624
148105112
148106664
148108090
148109459
148111164
148112841
148114728
148116372
148117950
148119568
148121234
148122824
148124376
148125945
148127791
148129490
148131437
148133352
148135294
148137342
148139216
148141391
148143127
148145190
148146770
148148475
148150271
148152022
148153993
148156223
148158168
148160143
148162001
148164273
148166716
148169268
148171509
148173640
148176104
148178575
148182135
148184760
148187073
148189982
148192473
148195158
148198529
148201365
148204161
148211820
148218456
148227363
148229528
148231884
148234018
148236208
148238366
148240728
148243168
148245246
148247471
148249739
148251930
148254159
148256208
148258400
148260384
148262383
148263978
148265552
148267482
148269518
148271538
148273608
148275572
148277605
148279517
148280984
148283690
148286185
148287972
148289785
148291910
148293866
148295788
148297398
148299725
148301919
148303592
148305200
148307183
148309116
148311118
148313348
148315564
148317670
148319687
148321736
148323824
148325753
148327807
148329655
148331619
148333696
148335285
148337162
148339028
148341026
148343139
148345131
148347095
148349219
148351270
148353213
148354970
148357008
148359034
148360743
148362551
148364505
148366407
148368284
148370181
148372105
148373933
148375825
148377788
148379336
148381002
148382738
148384463
148386287
148387950
148389587
148391537
148393301
148394972
148396845
148398662
148400574
148402391
148404211
148406079
148407913
148409719
148411678
148413793
148415819
148417685
148419723
148421745
148423693
148425676
148427564
148429484
148431479
148433581
148435305
148437392
148439270
148441043
148443065
148445695
148448234
148450078
148451960
148453911
148456079
148458395
148459833
148461838
148463508
148465471
148467193
148468871
148470589
148472528
148474312
148476066
148477859
148479595
148481336
148483070
148484633
148486294
148488162
148489891
148491886
148494154
148496015
148497716
148499667
148501331
148503054
148504799
148506643
148508690
148510646
148512768
148514605
148516713
148518684
148520622
148522430
148523617
148525130
148526562
148528177
148529539
148530838
148532235
148533296
148534324
148535350
148536726
148542053
148549912
148554421
148556966
148558794
148559948
148561867
148566088
148568436
148570734
148572840
148576270
148577429
148578653
148580287
148582051
148585239
148586656
148588331
148590118
148591751
148593379
148595125
148598910
148601142
148604031
148606711
148609155
148611601
148615187
148620706
148623263
148627443
148630493
148633410
148637156
148639201
148645922
148648901
148651412
148658916
148661405
148672717
148676430
148681073
148685608
148689344
148693498
148696992
148700954
148703364
148709580
148717121
148722674
148755866
148767545
148792280
148794861
148797936
148800741
148803669
148806331
148808638
148810980
148813498
148815395
148817149
148819404
148821072
148822759
148824498
148826781
148828629
148830515
148832119
148833959
148835968
148837657
148839754
148842101
148844342
148846377
148848639
148851066
148853434
148855921
148857860
148859685
148861810
148863620
148865330
148867297
148869230
148871013
148873687
148875866
148877537
148879788
148882009
148883740
148885409
148887334
148889155
148890713
148892992
148895292
148897400
148899448
148902018
148904961
148907015
148909893
148912346
148914446
148916291
148918389
148920326
148923110
148924915
148927091
148929429
148931237
148932733
148934704
148936878
148938780
148940905
148943081
148945413
148947563
148949823
148951750
148953142
148954696
148956754
148959285
148961285
148963114
148965072
148966992
148968999
148971193
148973148
148975272
148977446
148979885
148982426
148984991
148987451
148989843
148992013
148994004
148996144
148998240
149000280
149002126
149003988
149005849
149007736
149009834
149012108
149014053
149016297
149017928
149019924
149021667
149023444
149024873
149026748
149028433
149030024
149031649
149033317
149035124
149036757
149038361
149039885
149041287
149042808
149044339
149045914
149047485
149049049
149050617
149052231
149053858
149055348
149056946
149058784
149060408
149062120
149063327
149064505
149065864
149067600
149069243
149070957
149072389
149073836
149075344
149076648
149078182
149079809
149081345
149083051
149084772
149086632
149088408
149090126
149092199
149094355
149096415
149098447
149100478
149102414
149103968
149105827
149108009
149110260
149112449
149114753
149116643
149118830
149121164
149123158
149125102
149127325
149129555
149131508
149133750
149135687
149137431
149139109
149140942
149142683
149144493
149146113
149147635
149149373
149151072
149152699
149154399
149156093
149157609
149159429
149161001
149162618
149163925
149165514
149166985
149168567
149170031
149171831
149173539
149175422
149176838
149178834
149181562
149183586
149185668
149187806
149190928
149193704
149195875
149197675
149199797
149201303
149204131
149206627
149208849
149212923
149216463
149219205
149222019
149225744
149229088
149231537
149236398
149238409
149243138
149248036
149252833
149255466
149262242
149265490
149270239
149272909
149278475
149284109
149289687
149294100
149297768
149302265
149305807
149309616
149313156
149316411
149329163
149363446
149365778
149368024
149369854
149371675
149374490
149377267
149379570
149382009
149384321
149386762
149389328
149391321
149393734
149396191
149399389
149402080
149405790
149408646
149411245
149413565
149416222
149418362
149420554
149423123
149425540
149428045
149430507
149433157
149435795
149438338
149441049
149444361
149446725
149449128
149451657
149454730
149457738
149460451
149462545
149464819
149468034
149470406
149472563
149475424
149477159
149479072
149480828
149482849
149484714
149486777
149487958
149491208
149494072
149497882
149511874
149515073
149516889
149520900
149527486
149529569
149549724
149554919
149556505
149558176
149560007
149561787
149563515
149565350
149567290
149569595
149571513
149575096
149578012
149580029
149582059
149583817
149586027
149587965
149590354
149592244
149594261
149596166
149598030
149599876
149601796
149603987
149605942
149607608
149609639
149611892
149613933
149615778
149617723
149619966
149622492
149624926
149626822
149628650
149630581
149632601
149634304
149636109
149637648
149639526
149641338
149643194
149644895
149646986
149649372
149651566
149653875
149655994
149658423
149660704
149663385
149665612
149667541
149669617
149671602
149673704
149675608
149677714
149679876
149681836
149683776
149685416
149687186
149689120
149690985
149692737
149694372
149696007
149697783
149699987
149702535
149704921
149706918
149708773
149710479
149712653
149714565
149716779
149718887
149720936
149722962
149724947
149727136
149729239
149731211
149733181
149735414
149737579
149739970
149742046
149744887
149747492
149749870
149752103
149754171
149756145
149758178
149760210
149762452
149764820
149767066
149769542
149771685
149773958
149776264
149778468
149780550
149782880
149785560
149788100
149790302
149792508
149794315
149796975
149799607
149801988
149804337
149806633
149809103
149811452
149812980
149814697
149816996
149819069
149821198
149824453
149837998
149844282
149846574
149848917
149850829
149866349
149872531
149874931
149877739
149880374
149882790
149885331
149886972
149888227
149890421
149892857
149895431
149897968
149900238
149902376
149904787
149906939
149909141
149911257
149913523
149915992
149918166
149920637
149922921
149925017
149927206
149929044
149930890
149932975
149935039
149936977
149939282
149941840
149944140
149946046
149948380
149950717
149952908
149955435
149957862
149960194
149962683
149965189
149967867
149970360
149972947
149975472
149978145
149980839
149983147
149985937
149988601
149991204
149993738
149996377
149999096
150001802
150004346
150006866
150009608
150011809
150014075
150016638
150019325
150022026
150024653
150027058
150029757
150032368
150035109
150037672
150040474
150043110
150045733
150048292
150050828
150053491
150055992
150058874
150061265
150063779
150066607
150068836
150071113
150073609
150076071
150078523
150081148
150083447
150086126
150088790
150091392
150093870
150096505
150099055
150101499
150103788
150106439
150108889
150111473
150113970
150116580
150119005
150121670
150124215
150126631
150129197
150131660
150134594
150137145
150139786
150142588
150144996
150147740
150149997
150151617
150153814
150156026
150158135
150159831
150162030
150164177
150166655
150169095
150171534
150174028
150176621
150179109
150181671
150184207
150186668
150188851
150191246
150193681
150195978
150198398
150200920
150203250
150205744
150208205
150210889
150213184
150215466
150217886
150220492
150222652
150225013
150227604
150229916
150232336
150234694
150236937
150239188
150241454
150243729
150246007
150248208
150250716
150253220
150255547
150258012
150260369
150262546
150264423
150266556
150268748
150270924
150273154
150275511
150277789
150280424
150282559
150284605
150286871
150289324
150291698
150294056
150296026
150298372
150300619
150302648
150304946
150307236
150309258
150311222
150313562
150316094
150318541
150320774
150322833
150324981
150327505
150329930
150332103
150334606
150336833
150339057
150341308
150343452
150345923
150348210
150350530
150352924
150355162
150357341
150359574
150361841
150363938
150365740
150368215
150370300
150372606
150375002
150377319
150379442
150381686
150383915
150386178
150388391
150390808
150393084
150395317
150397621
150399773
150401947
150404119
150406571
150408965
150411561
150413817
150416328
150418603
150421144
150423507
150425869
150428249
150430528
150432717
150434882
150437225
150439481
150441995
150444506
150446897
150449180
150451520
150453864
150456468
150458738
150460959
150463232
150465737
150468163
150470751
150472552
150474497
150476877
150479161
150481636
150483737
150486125
150488302
150490684
150492847
150494921
150496981
150499078
150501352
150503612
150505770
150508022
150510094
150511874
150514024
150516152
150518727
150520965
150523255
150525703
150527839
150530289
150532884
150535144
150537768
150539997
150541972
150544049
150546181
150548404
150550496
150552703
150554445
150556333
150557998
150559723
150561676
150564174
150566548
150568851
150570913
150572663
150574519
150576551
150578206
150579322
150580969
150583306
150585430
150587803
150589922
150592197
150594380
150596565
150598863
150601317
150603600
150605984
150608371
150610687
150613129
150615440
150617672
150619941
150622359
150624826
150626955
150629192
150631267
150633651
150635847
150638261
150640430
150642789
150645154
150647752
150650280
150652747
150655027
150657901
150660526
150663182
150665485
150667894
150670350
150672743
150675095
150677436
150679903
150682357
150684664
150687214
150689921
150692512
150694793
150697171
150699677
150702471
150704855
150707357
150709749
150712146
150714751
150717141
150719850
150721928
150724275
150726735
150728806
150730617
150733239
150735882
150738777
150741267
150743697
150746107
150748774
150751358
150753902
150756338
150758852
150761335
150764117
150766841
150769613
150772084
150774582
150777223
150779897
150781755
150783850
150786178
150788779
150791423
150793634
150796336
150798905
150801191
150803787
150805991
150808153
150810464
150812848
150815154
150817377
150819785
150822349
150824589
150826993
150829634
150832355
150834823
150837421
150839907
150842461
150845009
150847395
150849662
150851331
150853589
150855892
150858264
150860441
150862823
150865119
150867518
150869844
150872218
150874511
150876708
150878782
150881183
150883854
150886193
150888739
150891344
150894075
150896717
150899117
150900810
150902567
150905006
150907266
150909587
150911967
150914751
150917100
150919554
150921869
150924006
150925932
150927850
150930013
150931983
150934201
150936670
150938881
150941127
150943396
150945787
150948001
150950077
150952418
150954599
150957015
150959257
150961380
150963459
150965501
150967488
150969341
150971663
150973886
150975601
150977901
150980312
150982669
150984824
150987169
150989477
150991700
150994062
150996336
150998369
151000571
151002770
151005485
151007896
151010047
151012656
151015093
151017531
151019922
151022135
151024179
151026436
151028558
151030676
151033170
151035330
151037576
151039594
151042078
151044488
151046684
151048553
151050726
151053175
151055664
151058035
151060126
151062543
151064911
151067323
151069564
151071237
151073195
151075214
151077362
151079318
151081356
151083445
151085426
151087715
151090086
151092147
151094497
151097036
151099353
151101621
151104096
151106447
151108785
151111043
151113093
151115472
151117882
151120135
151122583
151124998
151127242
151129757
151132004
151133391
151135442
151137378
151139399
151141397
151143708
151146262
151148691
151151177
151153514
151156074
151158384
151160610
151162856
151165191
151167123
151169212
151171501
151173573
151175774
151178001
151180276
151182778
151185104
151187613
151190101
151192255
151194521
151196750
151198669
151200642
151202809
151204903
151207127
151209109
151211242
151213166
151215292
151217391
151219659
151221849
151224091
151226114
151228324
151230534
151232656
151234926
151237220
151239521
151241755
151243925
151246210
151248405
151250565
151252649
151254838
151257049
151259482
151261857
151264224
151266315
151268670
151270812
151273001
151275314
151277702
151280094
151281970
151283753
151286023
151287809
151289719
151291336
151293340
151295716
151298106
151300622
151302768
151304930
151307306
151309925
151312465
151314899
151317155
151319485
151321924
151324306
151326859
151328898
151331217
151333569
151335992
151338519
151341068
151343084
151345140
151347262
151349528
151351708
151354071
151356749
151359142
151361428
151363842
151365787
151367736
151369783
151372116
151374505
151377032
151379546
151382015
151384446
151387039
151389452
151391758
151394244
151396777
151399190
151401234
151403298
151405369
151407237
151409377
151411718
151414014
151416194
151418111
151420146
151422451
151424655
151426936
151429147
151431468
151433710
151435956
151437993
151440196
151442476
151444606
151446687
151448699
151450778
151452757
151454923
151456995
151458660
151459956
151462287
151464717
151467315
151469805
151472389
151474577
151477282
151479775
151482017
151484366
151486929
151489471
151491892
151494303
151496748
151498821
151501374
151503928
151506653
151509116
151511441
151513958
151516616
151518861
151520857
151523482
151525723
151527981
151529996
151532170
151534295
151536645
151539099
151541339
151543888
151546365
151548969
151551606
151554131
151556337
151558971
151561463
151563794
151565995
151568063
151570406
151572940
151575129
151577660
151580098
151582486
151584891
151587354
151590059
151592702
151595118
151597748
151599816
151601094
151603319
151605724
151608313
151611053
151612934
151615097
151617702
151620258
151622780
151625208
151627628
151630042
151632407
151634917
151637500
151640047
151642466
151644789
151647374
151649736
151651687
151653700
151656183
151658553
151661058
151663571
151666213
151668510
151671032
151673669
151676031
151678613
151681194
151683625
151686252
151688734
151691341
151693534
151695844
151698189
151701047
151703348
151705644
151707680
151709876
151712100
151714453
151716586
151718874
151721471
151723689
151726296
151728729
151731228
151733631
151736088
151738671
151741264
151744050
151746867
151749593
151752421
151755164
151757834
151760031
151762137
151763730
151766068
151768389
151770226
151772589
151775002
151777242
151779736
151781931
151784399
151787048
151789324
151791442
151793995
151796559
151799320
151801510
151803335
151805867
151808265
151810685
151813118
151815139
151817304
151819722
151822226
151824636
151826991
151829260
151831549
151833845
151836455
151838505
151840556
151843310
151845767
151848051
151850623
151852891
151855172
151857727
151860288
151862657
151865219
151867716
151870174
151872657
151875128
151877718
151880218
151882563
151884851
151887567
151889917
151892442
151894819
151897247
151899758
151902429
151905020
151907059
151909227
151911278
151913477
151916208
151918950
151921602
151924255
151926981
151929546
151932287
151934933
151937498
151940063
151942659
151945431
151947966
151950362
151952786
151955429
151958093
151960689
151963305
151966054
151968644
151971176
151973746
151976244
151978929
151981318
151983682
151986263
151988517
151991011
151993430
151995279
151997703
152000228
152002893
152005506
152007989
152010626
152013126
152015567
152018070
152020501
152023104
152025564
152028169
152030678
152033223
152035776
152037886
152040607
152043405
152046311
152048690
152051289
152053662
152056334
152059155
152061684
152064313
152066658
152069380
152072096
152074747
152077223
152079345
152081395
152083729
152085731
152087199
152089437
152091815
152094220
152096739
152099413
152101807
152104335
152106750
152108249
152109484
152110786
152111964
152113445
152115919
152118684
152121438
152124061
152126562
152129252
152131841
152134399
152136974
152139483
152141962
152144364
152146235
152148561
152151082
152153494
152155368
152156776
152158975
152161523
152164124
152166653
152169209
152171924
152174544
152177096
152179465
152181946
152184453
152186949
152189228
152191502
152193904
152196204
152197815
152200134
152202573
152205017
152207685
152209914
152212171
152213736
152215080
152216172
152218210
152219243
152220321
152221604
152223791
152226091
152228418
152230835
152233244
152235477
152237789
152239837
152242023
152244178
152246645
152248894
152251110
152253415
152255605
152257263
152259275
152261085
152262747
152264516
152266020
152267551
152269352
152272186
152273733
152275428
152277396
152279457
152281526
152283573
152285672
152287677
152289442
152291531
152293387
152295054
152296679
152298105
152299643
152301560
152303263
152304450
152305607
152306699
152307865
152308971
152310051
152311152
152312224
152313314
152314507
152316524
152319001
152321484
152324078
152326501
152329249
152331856
152334188
152336866
152339568
152342069
152344820
152347423
152350078
152351695
152353044
152354453
152355820
152357320
152359504
152362084
152364682
152367219
152369770
152372163
152374684
152377164
152379602
152381865
152384348
152386846
152389320
152391814
152394360
152396835
152399327
152401541
152403696
152405994
152408456
152410363
152412208
152414631
152416947
152419328
152421620
152423932
152426224
152428585
152430765
152432623
152434491
152436486
152438727
152440996
152443285
152445691
152448030
152450487
152453064
152455343
152457560
152459848
152462025
152464252
152466458
152468732
152471124
152473014
152475206
152477276
152479327
152481520
152483996
152486287
152488675
152491143
152493293
152495448
152497496
152499969
152502127
152504407
152506725
152509112
152511527
152513579
152515720
152518121
152520731
152523213
152525726
152528226
152530716
152533155
152535367
152537853
152540294
152542790
152544950
152547218
152549296
152551272
152553232
152555483
152557810
152559988
152562345
152564629
152566349
152568801
152571198
152573537
152575816
152578224
152580267
152582501
152586323
152590572
152594831
152599162
152602871
152606686
152610554
152614090
152616466
152618400
152620689
152622882
152625128
152627477
152629806
152632016
152634292
152636741
152639112
152641443
152643924
152646300
152648692
152651206
152653704
152656028
152658291
152660620
152662734
152664586
152666754
152668750
152670882
152673056
152675088
152676820
152678809
152680824
152682907
152685037
152686868
152688538
152690588
152692583
152694603
152696744
152698987
152701070
152703378
152705729
152708038
152710032
152712295
152714591
152717003
152719372
152721382
152723778
152725953
152728278
152730373
152732625
152734805
152737125
152739270
152741657
152744018
152746222
152748526
152750712
152753036
152755279
152757453
152759618
152761021
152762960
152765123
152767455
152769772
152771948
152773919
152776020
152777991
152780242
152782628
152784927
152787194
152789380
152792157
152794938
152797757
152799948
152802176
152804571
152806506
152808801
152811276
152813321
152815581
152817818
152820012
152822221
152824623
152826807
152828835
152830958
152832879
152834726
152836751
152838961
152841400
152843685
152846046
152848459
152850951
152853171
152855425
152857794
152860107
152862411
152864706
152867021
152869376
152871777
152874234
152876543
152878857
152881067
152883272
152885337
152887466
152889781
152892215
152894604
152896966
152899291
152901557
152903807
152905969
152908257
152910204
152911339
152913312
152915567
152917855
152919842
152922056
152924508
152926711
152928768
152931285
152933619
152935834
152937745
152939541
152941866
152943908
152946068
152948243
152950277
152952638
152954778
152956794
152958937
152961140
152963441
152965522
152967791
152969981
152972074
152974239
152976503
152978814
152981086
152983352
152985492
152987681
152989962
152992289
152994751
152997111
152999677
153002026
153003789
153005634
153007535
153009640
153011437
153013868
153016154
153018418
153020796
153023189
153025576
153027839
153030192
153032404
153034580
153036790
153039050
153041026
153043279
153045637
153048013
153050169
153052554
153054985
153057117
153059437
153061931
153064402
153066885
153069192
153071353
153073640
153075963
153078207
153080290
153082564
153084694
153087069
153089117
153091374
153093524
153095569
153097834
153100144
153102558
153104647
153106930
153108897
153110737
153112647
153114847
153117206
153119712
153122105
153124352
153126709
153129103
153131601
153134039
153136440
153138724
153141036
153143350
153145860
153148321
153150394
153152946
153155427
153157879
153160283
153162737
153165121
153167386
153169690
153172052
153174528
153176965
153179480
153181881
153183987
153186237
153188619
153190981
153193375
153195669
153197932
153200393
153202844
153205023
153207306
153209487
153211902
153214512
153216948
153219161
153221575
153223899
153226385
153228822
153231174
153233565
153236278
153238870
153241294
153243566
153245339
153247771
153250318
153252615
153255208
153257491
153259967
153261696
153263918
153266386
153268719
153271264
153273711
153276404
153278772
153281207
153283557
153286092
153288554
153290892
153293174
153295452
153297611
153299668
153302087
153304215
153306626
153308670
153311036
153313424
153315829
153318084
153320345
153322657
153325017
153327517
153329929
153332202
153334657
153336801
153339117
153341258
153343483
153345645
153347932
153350172
153352519
153354785
153357166
153359273
153361347
153363714
153365818
153367943
153370284
153372669
153374707
153376851
153379156
153381237
153383537
153385813
153388184
153390455
153392645
153394900
153397202
153399456
153401653
153403904
153406104
153408227
153410421
153412634
153414914
153416956
153418715
153420640
153422826
153425025
153427313
153429505
153431521
153433745
153436058
153438182
153440325
153442365
153444492
153446566
153448863
153450939
153453104
153455053
153457171
153458980
153460894
153463064
153465305
153467355
153469708
153472090
153474393
153476657
153479212
153481730
153484098
153486580
153489141
153491420
153493629
153496173
153498695
153501313
153503769
153505955
153508376
153510792
153513373
153515825
153518336
153520588
153522701
153524974
153527285
153529678
153532175
153534657
153536756
153539056
153541220
153543613
153545772
153547976
153550295
153552658
153555138
153557472
153559894
153562167
153564243
153566574
153569033
153571471
153574048
153575798
153577955
153580331
153582567
153584315
153586710
153589084
153591475
153593923
153596483
153598839
153601225
153603421
153605776
153607810
153609859
153612266
153614580
153616611
153618748
153621092
153623454
153625931
153627952
153630181
153632225
153634204
153635958
153638054
153640257
153642449
153644807
153646705
153648602
153650922
153653243
153655745
153657926
153659873
153661817
153664013
153666261
153668603
153670838
153672837
153675092
153677359
153679495
153681487
153683680
153685886
153687916
153689760
153691791
153694162
153696226
153698288
153700727
153702729
153704859
153707125
153709202
153711373
153713590
153715638
153717771
153720049
153722273
153724885
153727331
153729185
153731603
153733609
153735954
153738264
153740526
153742917
153745475
153747589
153750187
153752743
153755079
153757548
153759784
153762162
153764642
153766931
153769391
153771525
153773547
153775424
153777054
153778710
153780437
153782610
153784623
153787163
153789804
153792322
153794690
153797210
153799518
153801913
153804324
153806817
153809257
153811537
153814059
153816406
153818589
153820703
153822797
153824922
153827097
153829166
153831474
153833820
153836178
153838428
153840582
153842710
153844931
153847060
153849220
153851283
153853520
153855790
153858046
153860189
153862358
153864454
153866567
153868763
153870894
153873146
153875473
153877486
153879671
153881902
153884267
153886390
153888670
153890628
153892681
153894666
153896854
153898980
153901197
153903304
153905482
153907757
153909862
153912148
153914235
153916389
153918503
153920924
153922798
153924730
153926923
153929115
153931216
153933214
153935109
153937470
153939589
153941749
153943856
153946063
153948062
153950039
153952164
153954192
153956284
153958503
153960483
153962637
153964727
153966995
153968933
153971032
153973131
153975153
153977236
153979383
153981633
153983631
153986070
153988035
153989849
153991581
153993302
153995114
153997010
153999425
154001816
154004291
154006532
154008660
154011044
154013291
154015914
154018403
154021018
154023496
154025722
154028146
154030566
154032986
154035460
154037766
154040348
154042679
154045166
154047714
154050270
154052721
154055136
154057408
154059934
154062504
154065048
154067308
154069862
154072141
154074317
154076706
154079329
154081623
154083692
154086116
154088723
154091239
154093656
154096276
154098891
154101143
154103642
154105953
154108470
154111039
154113480
154115827
154118169
154120553
154123112
154125485
154127528
154130165
154132589
154134923
154137097
154139596
154141769
154144321
154146817
154149192
154151557
154153831
154155983
154158237
154160631
154163007
154165381
154167740
154170007
154172254
154174362
154176531
154178936
154181481
154183441
154185653
154188391
154190645
154193011
154195478
154197789
154200269
154202581
154204639
154206779
154208981
154210989
154212717
154214848
154216798
154218978
154220788
154222616
154225015
154227173
154229352
154231650
154234012
154236146
154238425
154240757
154243197
154245374
154247658
154249827
154251990
154254014
154256153
154258405
154260679
154263094
154265492
154267780
154270164
154272205
154273964
154276018
154278097
154280512
154282884
154285284
154287446
154289347
154291760
154294114
154296620
154298880
154300956
154303148
154305260
154307864
154310200
154312413
154314675
154317170
154319563
154321864
154323860
154325805
154327966
154330062
154332310
154334580
154337023
154339321
154341715
154343950
154346011
154348208
154350338
154352507
154354824
154357117
154359393
154361866
154364155
154366471
154368768
154371134
154373479
154375745
154378089
154380271
154382489
154384875
154387286
154389722
154392066
154394529
154397111
154399535
154402079
154404580
154406913
154409427
154411801
154413932
154416277
154418555
154420852
154423057
154425593
154428032
154430319
154432521
154434692
154436867
154439181
154441716
154444245
154446429
154448668
154451059
154453309
154455677
154458006
154460385
154462835
154465257
154467546
154470212
154472547
154475013
154477338
154479526
154481884
154484241
154486554
154488663
154490811
154493221
154495437
154497717
154499862
154501825
154503358
154505726
154508113
154510481
154512838
154515393
154517644
154520108
154522422
154525140
154527609
154529986
154532204
154534560
154537109
154539352
154541879
154544007
154546011
154548135
154550338
154552397
154554514
154556702
154558711
154560734
154563202
154565576
154568051
154570296
154572050
154574218
154576307
154578359
154580319
154582488
154584635
154586473
154588557
154590389
154592679
154594901
154597053
154599143
154601174
154602933
154605404
154607504
154609445
154611954
154614261
154616903
154619619
154622327
154624988
154627319
154629688
154632314
154634776
154637448
154639990
154642499
154644947
154647150
154649592
154652041
154654703
154657211
154659765
154662381
154665068
154667582
154670146
154672211
154674535
154676928
154678986
154681268
154683579
154685682
154688156
154690804
154693202
154695778
154698324
154700761
154703279
154705729
154708140
154710639
154712954
154714959
154717655
154720101
154722421
154724858
154727048
154729450
154731874
154734243
154736606
154738894
154741569
154743913
154746432
154748855
154751274
154753660
154755878
154758067
154760440
154762795
154765506
154767818
154770297
154772489
154774864
154777263
154779893
154782159
154784650
154787168
154789707
154792016
154794624
154796982
154799585
154802091
154804714
154807270
154809717
154812138
154814333
154816496
154818981
154821442
154823814
154826307
154828669
154831080
154833685
154836138
154838535
154841027
154843669
154846023
154848255
154850654
154853131
154855503
154857935
154860365
154862798
154865131
154867552
154869601
154871579
154874132
154876740
154879184
154881683
154884233
154886909
154889445
154891930
154894693
154897302
154899738
154902296
154904980
154907415
154910050
154912897
154915494
154918001
154920328
154922670
154925194
154927628
154930064
154932413
154934723
154936821
154939233
154941635
154944112
154946231
154948244
154950749
154953022
154955506
154957697
154959586
154961523
154963293
154965343
154967336
154969401
154971399
154973614
154975361
154977783
154980321
154982501
154984477
154986478
154988625
154990614
154992768
154994963
154997186
154999333
155001141
155003016
155005213
155007704
155009980
155012325
155014736
155016560
155018500
155020841
155023332
155025454
155027553
155029874
155031814
155033729
155035906
155038339
155040545
155042660
155044704
155046800
155048816
155050961
155052801
155054948
155057174
155059025
155061147
155063118
155065142
155067263
155069536
155071726
155074252
155076886
155079165
155081213
155083331
155085443
155087429
155090014
155092320
155094761
155097364
155099555
155101784
155104159
155106740
155109308
155111826
155114122
155116627
155118791
155121189
155123617
155125957
155128055
155130115
155132193
155134312
155136281
155138441
155140499
155142814
155145025
155147361
155149636
155151990
155154297
155156929
155159271
155161685
155164082
155166386
155168672
155170832
155173060
155174940
155177187
155179301
155181438
155183509
155185764
155187797
155191662
155193273
155195280
155197415
155199416
155201495
155203566
155205838
155207999
155209828
155211904
155214492
155216341
155218458
155220700
155223090
155225460
155227669
155229999
155232324
155235111
155236785
155238683
155240747
155243069
155245334
155247828
155249852
155251638
155253767
155255680
155257676
155259728
155261856
155263687
155265971
155268246
155270347
155272618
155274565
155276912
155279053
155281175
155283368
155285706
155287795
155290134
155292221
155294252
155295732
155297985
155300077
155302152
155304463
155306995
155309263
155311459
155313936
155316237
155318640
155320774
155322349
155324291
155325971
155328224
155330391
155332490
155334670
155337108
155339504
155341739
155344152
155346365
155348688
155350741
155352945
155355286
155357535
155359641
155361795
155364073
155366383
155368655
155370885
155373091
155375561
155377846
155380159
155382282
155384714
155387193
155389530
155391984
155394556
155396983
155399322
155401647
155404010
155406225
155408654
155411079
155413481
155415809
155418002
155420329
155422402
155424462
155426619
155428830
155431261
155433541
155435572
155437918
155440047
155442396
155444873
155447050
155449461
155451861
155454083
155456690
155459077
155461410
155463788
155466126
155468661
155471080
155473424
155475725
155477943
155479812
155481643
155483994
155486259
155488619
155490643
155492814
155495132
155497314
155499502
155501928
155504431
155506826
155509206
155511598
155513730
155516033
155518348
155520429
155522556
155524770
155527063
155529316
155531511
155533647
155535849
155538218
155540446
155542822
155544907
155546928
155549064
155551264
155553287
155555375
155557442
155559701
155562074
155563314
155565457
155567679
155569689
155572152
155574649
155576919
155578921
155581242
155583716
155586089
155588234
155590787
155593244
155595540
155598097
155600442
155602564
155605056
155607382
155609453
155611356
155613149
155615102
155617041
155619370
155621397
155623644
155625932
155628147
155630223
155632483
155634918
155637156
155639275
155641560
155643909
155646285
155648360
155650705
155653170
155655796
155657950
155659967
155661570
155663764
155665815
155668035
155670237
155672506
155674613
155676731
155679068
155681458
155683712
155685909
155688101
155689645
155691919
155693848
155696321
155698662
155700781
155702855
155705117
155707402
155709659
155711895
155714473
155716867
155719295
155721576
155724151
155726252
155728622
155730692
155733059
155735404
155737657
155739883
155742085
155744456
155746122
155748077
155750356
155752408
155754513
155756877
155759276
155761495
155763541
155765556
155767351
155769390
155771749
155774161
155776436
155778781
155780942
155783328
155785648
155788009
155790246
155792337
155794860
155797323
155799474
155801734
155804129
155806590
155808871
155811020
155813190
155815556
155817962
155820251
155822481
155824754
155826930
155829149
155831347
155833450
155835564
155838050
155840554
155842827
155845194
155847454
155849630
155851720
155853721
155856004
155858167
155860368
155862886
155865520
155867797
155869831
155872423
155874944
155877121
155879366
155881752
155884414
155886893
155889377
155891945
155894445
155896614
155898929
155901280
155903445
155905564
155907857
155909884
155911709
155914020
155916228
155918671
155920746
155922876
155924815
155926799
155928754
155931049
155933360
155935226
155937615
155940290
155942373
155944658
155946992
155949472
155951545
155953763
155956127
155958569
155960991
155963125
155965428
155967732
155969970
155972278
155974767
155977201
155979114
155981754
155984291
155986488
155988946
155991330
155993458
155995833
155998130
156000471
156003114
156005546
156008010
156010238
156012978
156015417
156017583
156019583
156021843
156024196
156026649
156028832
156031210
156033625
156035975
156038304
156040440
156042639
156045131
156047469
156049876
156052342
156054227
156056404
156058671
156060817
156063178
156065756
156067962
156070099
156072618
156074953
156077134
156079500
156081722
156083563
156086198
156088678
156091117
156093462
156095896
156098491
156101164
156103653
156106076
156108559
156111294
156114002
156115788
156118152
156120779
156123296
156125745
156127973
156130526
156132876
156134979
156136658
156138524
156140502
156142689
156145311
156147711
156150071
156152402
156154676
156156887
156159230
156161298
156163462
156165913
156168411
156170627
156172817
156174917
156176886
156179093
156181233
156183438
156185576
156188013
156190513
156193039
156195265
156197736
156200283
156202833
156205189
156207703
156210236
156212470
156214427
156216661
156218957
156221290
156223848
156226120
156228618
156231043
156233344
156235598
156237549
156239744
156241922
156243846
156245661
156247362
156249192
156251272
156253438
156255772
156258255
156260488
156262644
156264797
156266604
156268745
156270922
156272948
156275158
156277525
156279780
156282174
156284357
156286292
156288490
156290898
156292967
156294866
156296945
156299116
156301239
156303526
156305610
156307670
156309981
156312044
156314161
156316450
156318634
156320782
156322957
156324944
156327012
156328592
156330714
156332828
156334998
156337177
156338834
156340945
156343251
156345583
156347868
156350309
156352863
156355444
156357726
156360264
156362663
156365036
156367534
156369760
156372180
156374746
156377186
156379246
156381527
156383625
156385748
156388057
156390336
156392670
156395227
156397448
156399558
156401936
156404320
156406664
156408668
156410898
156413152
156415283
156417851
156420239
156422391
156424719
156426967
156429308
156431361
156433698
156435912
156437994
156440371
156442805
156445209
156447565
156449981
156452475
156455114
156457287
156459445
156461902
156463980
156466146
156468069
156470139
156472499
156474823
156476959
156479245
156481117
156483287
156485653
156488055
156490273
156492604
156494842
156497134
156499234
156500875
156502745
156505127
156507422
156509989
156512397
156514582
156517124
156519548
156522127
156524747
156527124
156529256
156531429
156533813
156535985
156538314
156540684
156543329
156545862
156548186
156550440
156552904
156555229
156557463
156559483
156561816
156563879
156566373
156568883
156571187
156573693
156576391
156578842
156581285
156583183
156585211
156587376
156589998
156592059
156593975
156595955
156598344
156600766
156603124
156605580
156608092
156610439
156612867
156615552
156618039
156620466
156622995
156624758
156626864
156629366
156631861
156634336
156636764
156639053
156641458
156643642
156645989
156647755
156649889
156652005
156653924
156656325
156658172
156660239
156662677
156665151
156667318
156669419
156670968
156672667
156674724
156676720
156678751
156681285
156683820
156686259
156688573
156690912
156693028
156694994
156696813
156699378
156701501
156703879
156706105
156708259
156710859
156713380
156715569
156718039
156720366
156722812
156725121
156727287
156729133
156731406
156733517
156735478
156737628
156739867
156741989
156744160
156746145
156748228
156750540
156752259
156754572
156757078
156759313
156761790
156764035
156766178
156768159
156770377
156772987
156775160
156777732
156780055
156782630
156785002
156787217
156789315
156791850
156794208
156796659
156799202
156801888
156804291
156806902
156809304
156811646
156814110
156816280
156818542
156821041
156823382
156825848
156828297
156830612
156833185
156835526
156838092
156840536
156842195
156844201
156845850
156848030
156850108
156852048
156854015
156856285
156858577
156860691
156862567
156864561
156866717
156868281
156870008
156872002
156873707
156874586
156875472
156876521
156878646
156880043
156881633
156883904
156886302
156888404
156890880
156893026
156895210
156897610
156899961
156902229
156904491
156906472
156908292
156910159
156912042
156913726
156915653
156918034
156920318
156922394
156924514
156926662
156928485
156930394
156932462
156934620
156936758
156938829
156940969
156943078
156945267
156947405
156949578
156951962
156954374
156956557
156958943
156961238
156963342
156965853
156968371
156970767
156973233
156975832
156978255
156980634
156983151
156985570
156988040
156990558
156992859
156995331
156997541
157000113
157002779
157005335
157007909
157010408
157012887
157015272
157017660
157020055
157022607
157025032
157027451
157029906
157032276
157034895
157037103
157039584
157042199
157044606
157046600
157048963
157051394
157053957
157056513
157059271
157061839
157064436
157067087
157069616
157072243
157074725
157077181
157079597
157082047
157084497
157086871
157089417
157091772
157093962
157096295
157098296
157100287
157102750
157105156
157107391
157109735
157112099
157114493
157116862
157119258
157121604
157123997
157126084
157128419
157130995
157133292
157135572
157137703
157139435
157141811
157144401
157146868
157149364
157152012
157154496
157156682
157159186
157161512
157163998
157166380
157168740
157171160
157173526
157175829
157178477
157180882
157183487
157185817
157188175
157190488
157192886
157195104
157197484
157199992
157202400
157205045
157207414
157209898
157212401
157214749
157216967
157219218
157221436
157223773
157226219
157228796
157231136
157233410
157235879
157238467
157240905
157243097
157245139
157247470
157249809
157252114
157254360
157256248
157258188
157260071
157262396
157264849
157267225
157269411
157271652
157273888
157275935
157278105
157280274
157282579
157284722
157287075
157289300
157291650
157293882
157296075
157298332
157300476
157302745
157305030
157307472
157309432
157311779
157314095
157316348
157318393
157320527
157322632
157325068
157327468
157329955
157332397
157334875
157337266
157339546
157341547
157343606
157345595
157347769
157349809
157352131
157354360
157356819
157359439
157361740
157364299
157366735
157369185
157371481
157373892
157376232
157378445
157380934
157383433
157385939
157388567
157391044
157393515
157396062
157398739
157401285
157403971
157406761
157409445
157411853
157414490
157417045
157419528
157421949
157424447
157426923
157429510
157431412
157433517
157436010
157438556
157441138
157443714
157445817
157447952
157450635
157453325
157455907
157458494
157460953
157463589
157466119
157468592
157471127
157473753
157476388
157478881
157481537
157484102
157486709
157489220
157491248
157493763
157496180
157498718
157501142
157503726
157506166
157508423
157510693
157513192
157515604
157517929
157520252
157522377
157524648
157527144
157529342
157531932
157534364
157536440
157538872
157541124
157543277
157545315
157547371
157549495
157551710
157553852
157556401
157558833
157561324
157563752
157566223
157568647
157571080
157573463
157575756
157578347
157580419
157582683
157585113
157587084
157589217
157591221
157593475
157595834
157597989
157600280
157602722
157605118
157607512
157609620
157611679
157613828
157616144
157618584
157620996
157623265
157625710
157628142
157630655
157633125
157635371
157637717
157639937
157642123
157644126
157646369
157648818
157651172
157653628
157656148
157658596
157660960
157663273
157665609
157667660
157669905
157672313
157674581
157676850
157678981
157681107
157683308
157685670
157688085
157690316
157692566
157694881
157696751
157698450
157700538
157702905
157705220
157707487
157709883
157712201
157714492
157716956
157719451
157721841
157724083
157726529
157728738
157731022
157733249
157735660
157738067
157740242
157742649
157744958
157747156
157749195
157751556
157753919
157756213
157758559
157760728
157762982
157765164
157767249
157769027
157770799
157773107
157775509
157777830
157780172
157782536
157784774
157786912
157789207
157791455
157793781
157795914
157797870
157800033
157802039
157803974
157806099
157808284
157810612
157813077
157815458
157817811
157820169
157822456
157824785
157827077
157829402
157831803
157833810
157835874
157837880
157840124
157842340
157844780
157846843
157849072
157851389
157853728
157856086
157858484
157860817
157863242
157865380
157868020
157870513
157872982
157875378
157877761
157880238
157882603
157884863
157887175
157889703
157892051
157894444
157896982
157899286
157901586
157903824
157905968
157908097
157910282
157912648
157915164
157917489
157919778
157922093
157924312
157926537
157929038
157931409
157933869
157936188
157938574
157940948
157943399
157945855
157948184
157950518
157952962
157955483
157957825
157960128
157962563
157964798
157967131
157969508
157971988
157974321
157976616
157979026
157981260
157983564
157986052
157988472
157990934
157993188
157995191
157997441
158000128
158002634
158005120
158007556
158010002
158012370
158014714
158017180
158019536
158022186
158024548
158026977
158029604
158032223
158034433
158036924
158039253
158041734
158043968
158046488
158048994
158051480
158054063
158056304
158058617
158060971
158063440
158065841
158068298
158070589
158073022
158075375
158077656
158079948
158082306
158084754
158087268
158089222
158091406
158093570
158095387
158097585
158099836
158102268
158104685
158107268
158109659
158112094
158114374
158116669
158118956
158121452
158123922
158126159
158128702
158131162
158133700
158136016
158138455
158140827
158143298
158145769
158148218
158150651
158153125
158155708
158158162
158160594
158163241
158165837
158168236
158170894
158173543
158176205
158178484
158180877
158182449
158184331
158186644
158188956
158191429
158193680
158196055
158198522
158200664
158203212
158205781
158208029
158210641
158213130
158215418
158217376
158219317
158221136
158223020
158225141
158227262
158229420
158231589
158233459
158235197
158236798
158238440
158240074
158241734
158243571
158245915
158248358
158250571
158252788
158254976
158256789
158258598
158260957
158263268
158265761
158268035
158270047
158272327
158274654
158276952
158278941
158281039
158283185
158285601
158287772
158290028
158292011
158293549
158295642
158297714
158299563
158301432
158303383
158305127
158306796
158308431
158310008
158311927
158313829
158315413
158316953
158318506
158320049
158321632
158323610
158325597
158327530
158329378
158330944
158332710
158334808
158336801
158338648
158340482
158342272
158344343
158346385
158348291
158350080
158352031
158354163
158355897
158357513
158359608
158361669
158363889
158366011
158368092
158370325
158372509
158374387
158376612
158378800
158381166
158383642
158385781
158387738
158389616
158392020
158394460
158396744
158398803
158400678
158403167
158405395
158407842
158410120
158412399
158414758
158416966
158419299
158420858
158422972
158425379
158427564
158429642
158431773
158433977
158436368
158438615
158440924
158443296
158445487
158447800
158450129
158452406
158454656
158456999
158459415
158461689
158463803
158465828
158467444
158469354
158471578
158473775
158475914
158478019
158480103
158481826
158484106
158486504
158488788
158491093
158493338
158495663
158497947
158500326
158502451
158504816
158507113
158509318
158511509
158513573
158515678
158517919
158520305
158522590
158524878
158527281
158529517
158531823
158534237
158536696
158538896
158541180
158543303
158545369
158547400
158549174
158551491
158553715
158555803
158558129
158560307
158562593
158564234
158566410
158568341
158570543
158572871
158575243
158577436
158579338
158581188
158583465
158585713
158587882
158590036
158592351
158594562
158596702
158598713
158600916
158603176
158605528
158607156
158609110
158611331
158613477
158615332
158617476
158619556
158621524
158623516
158625742
158627715
158629791
158632075
158634163
158636037
158638032
158639876
158641699
158643427
158645309
158647282
158649217
158651305
158653217
158655283
158657487
158659587
158661758
158663804
158666196
158668126
158670072
158672137
158674266
158676250
158678362
158680501
158682407
158684495
158686548
158688662
158690908
158693339
158695432
158697525
158699744
158701413
158703436
158705705
158707928
158709654
158711815
158714228
158716422
158718053
158720265
158722443
158724871
158727141
158729364
158731709
158733870
158736361
158738756
158741178
158743527
158745921
158748251
158750641
158752915
158755103
158757009
158759404
158761513
158763469
158765634
158767209
158769500
158771795
158774200
158776505
158778152
158780390
158782816
158785122
158787561
158789843
158792156
158794576
158796815
158799171
158801521
158803795
158806252
158808576
158810904
158813406
158815788
158818296
158820531
158823050
158825355
158827728
158830111
158832450
158834780
158837238
158839716
158842200
158844128
158846048
158848274
158850648
158853018
158855433
158857848
158860176
158862414
158864714
158866920
158869060
158871149
158873691
158876091
158878525
158880829
158883241
158885601
158887521
158889503
158891397
158893462
158895873
158899557
158902365
158904707
158907028
158909397
158911697
158914014
158916524
158918940
158921148
158923541
158925666
158928075
158930669
158933043
158935080
158937154
158939252
158941417
158943431
158945585
158947933
158950056
158952165
158953840
158955781
158957633
158959385
158961784
158963991
158966237
158968476
158970813
158973186
158975349
158977567
158979848
158982198
158984609
158986866
158989152
158991437
158993717
158996059
158998480
159000810
159003376
159005678
159007929
159010420
159012859
159015066
159017266
159019439
159021710
159024013
159026291
159028956
159031442
159033828
159036344
159038731
159041149
159043256
159045439
159047356
159049540
159051496
159053632
159055837
159058165
159060491
159062869
159065123
159067309
159069695
159072183
159074491
159077152
159079583
159082158
159084566
159087033
159089412
159092010
159094439
159096857
159099287
159101826
159104187
159106354
159108603
159110954
159113240
159115432
159117667
159120083
159122717
159125102
159127467
159129919
159132262
159134619
159137065
159139453
159141782
159144197
159146687
159149058
159151249
159153538
159155729
159157965
159160526
159162849
159165330
159167779
159170233
159172112
159174295
159176850
159179305
159181843
159184257
159186800
159188928
159191196
159193367
159195528
159197707
159200001
159201937
159204058
159205862
159207799
159210122
159212467
159214813
159217290
159219598
159222035
159224586
159227023
159229445
159232098
159234606
159236839
159239066
159241448
159243916
159246570
159248990
159251438
159253761
159256313
159258814
159260982
159263337
159265463
159267718
159270172
159272260
159274322
159276716
159279182
159281651
159284169
159286532
159288843
159291231
159293548
159295754
159298209
159300495
159302820
159304837
159306957
159309066
159311353
159313477
159314953
159317172
159319473
159321691
159323787
159325622
159327307
159329194
159331409
159333568
159335926
159338182
159340596
159342826
159345119
159347327
159349383
159351663
159353912
159356138
159358542
159360925
159363334
159365660
159367890
159370373
159372748
159374983
159377217
159379495
159381637
159383735
159385854
159387832
159389747
159391533
159393454
159395561
159397564
159399664
159401856
159403932
159405937
159408148
159410099
159411842
159413504
159415330
159417412
159419399
159421540
159423476
159425498
159427690
159429918
159432063
159433891
159436121
159438355
159440165
159441876
159443926
159445970
159448077
159449865
159451795
159453502
159455088
159456625
159458184
159459861
159461908
159464226
159466500
159468912
159471013
159473340
159475610
159477960
159480124
159482372
159484768
159487037
159489277
159491556
159493755
159495810
159498098
159500656
159503091
159505403
159507931
159510414
159512892
159515378
159517705
159520313
159522534
159524868
159526747
159528662
159530990
159533282
159535433
159537270
159539215
159541054
159542837
159544743
159547027
159549384
159551741
159554088
159556175
159558477
159560682
159563001
159565314
159567530
159569447
159571051
159572756
159574390
159576217
159578195
159580476
159582733
159584893
159587150
159588769
159591042
159593286
159595466
159597661
159599769
159601865
159603892
159605444
159607038
159608681
159610508
159612693
159614842
159616963
159619022
159621020
159623137
159625197
159627635
159629993
159632424
159634758
159637204
159639701
159642044
159644269
159646564
159649063
159651415
159653757
159656262
159658732
159661223
159663631
159666089
159668304
159670478
159672910
159675340
159677694
159680532
159682809
159685167
159687482
159689934
159692410
159694743
159697225
159699758
159702245
159704677
159706828
159709198
159711373
159713602
159715469
159717723
159719900
159722060
159724166
159726394
159728557
159730775
159732673
159734464
159736305
159738578
159740984
159743223
159745585
159747976
159750342
159752598
159754978
159757151
159759398
159761276
159763043
159765150
159767528
159769802
159772032
159774424
159777097
159779549
159781491
159783594
159785839
159788258
159790689
159793013
159795323
159797658
159800019
159802358
159804558
159806844
159808802
159810453
159812733
159814899
159817039
159819184
159821503
159823863
159826100
159828163
159830077
159832322
159834400
159836691
159839113
159841519
159843903
159846264
159848679
159851097
159853679
159855578
159857690
159859682
159861968
159864164
159866601
159869084
159871636
159873785
159876474
159878738
159881148
159883657
159886072
159888319
159890677
159893121
159895470
159897913
159900199
159902575
159905189
159907632
159910091
159912573
159914865
159917218
159919491
159921756
159924007
159926063
159928188
159929743
159931402
159933594
159935762
159937867
159940383
159942742
159944808
159947118
159949626
159951914
159953862
159956416
159958736
159961096
159963505
159965929
159968385
159970889
159973278
159975694
159978183
159980787
159983199
159985637
159988122
159990755
159993269
159995687
159998083
160000613
160003131
160005485
160008166
160010879
160013481
160015979
160018518
160021069
160023608
160026160
160028821
160031031
160032925
160035567
160038275
160040946
160042828
160045348
160047972
160050377
160052997
160055465
160057952
160060391
160062632
160065088
160067654
160069969
160072212
160074728
160077312
160079726
160082165
160084437
160086748
160089120
160091666
160093516
160095506
160098144
160100297
160102722
160105264
160107760
160110203
160112448
160114672
160116848
160119074
160121135
160123250
160125248
160127503
160129367
160131439
160133741
160135637
160137506
160139790
160142039
160144436
160146758
160149127
160151467
160153501
160155729
160158019
160160153
160162552
160164831
160166919
160169105
160171413
160173603
160175577
160177597
160180003
160182127
160184504
160186581
160188910
160190954
160193188
160195055
160197112
160199285
160201754
160204370
160206557
160208973
160211338
160213639
160216013
160218467
160221033
160223602
160226103
160228788
160231313
160233881
160236341
160238735
160240906
160243326
160245641
160248087
160250413
160252834
160255147
160257646
160259971
160262245
160264429
160267032
160269276
160271604
160274171
160276520
160278763
160280809
160283028
160285069
160287283
160289661
160291959
160294407
160296939
160299435
160302028
160304518
160306945
160309303
160311690
160313880
160316379
160318842
160321240
160323805
160326291
160328675
160331298
160333595
160336096
160338495
160341245
160343432
160345555
160347941
160349978
160352156
160354495
160356835
160359010
160361130
160363504
160366030
160368525
160370964
160373277
160375766
160378155
160380588
160383118
160385371
160387763
160390198
160392652
160395145
160397762
160400372
160402452
160404972
160407424
160409891
160412271
160414854
160417107
160419437
160421517
160424038
160426228
160428617
160431188
160433534
160436055
160438550
160441060
160443529
160445682
160448059
160450386
160452748
160455223
160457719
160460270
160462703
160465194
160467397
160469816
160472299
160474712
160476775
160478734
160480696
160482899
160485259
160487586
160489797
160491729
160494123
160496377
160498715
160500911
160503134
160505347
160507650
160509893
160512276
160514645
160516989
160519321
160521790
160524192
160526564
160528896
160531307
160533085
160535488
160537873
160540205
160542642
160545028
160547483
160549854
160551991
160554110
160556340
160558796
160561145
160563398
160565669
160568139
160570547
160572887
160575217
160577593
160580030
160582365
160584564
160587012
160589231
160591502
160593780
160596037
160598248
160600604
160602936
160605482
160607873
160610131
160612478
160614892
160617382
160619744
160622095
160624552
160627078
160629652
160632034
160634523
160636641
160638924
160641236
160643363
160645591
160647741
160650046
160652410
160654476
160656880
160659255
160661770
160664058
160666517
160668976
160671306
160673738
160676041
160678270
160680465
160682323
160684653
160686860
160689293
160691424
160693446
160695555
160697563
160699602
160701861
160704074
160706493
160708795
160711235
160713247
160715617
160717993
160720464
160722991
160725376
160727700
160730001
160732254
160734723
160737029
160739469
160741762
160744203
160746700
160748957
160751005
160753134
160755466
160757876
160760274
160762688
160764995
160767370
160769781
160772093
160774728
160777150
160779468
160781738
160783784
160785816
160787962
160790180
160792707
160795103
160797361
160799778
160801864
160803969
160806243
160808534
160810756
160813042
160814868
160817142
160819512
160821770
160823885
160826157
160828459
160830725
160832956
160835272
160837516
160839705
160841820
160844330
160846734
160849218
160851644
160854016
160856375
160858878
160861274
160863589
160865908
160868561
160871013
160873563
160875946
160878219
160880541
160882486
160884819
160887253
160889657
160892123
160894435
160896608
160898842
160901209
160903704
160906285
160908926
160911280
160913702
160916180
160918704
160921254
160923838
160926305
160928754
160931227
160933324
160935168
160937287
160939516
160941795
160943898
160946224
160948459
160950681
160952733
160954945
160957306
160959825
160962150
160964515
160966837
160969094
160971357
160973722
160976105
160978375
160980672
160982850
160984631
160986878
160989290
160991437
160993637
160995886
160998415
161000599
161002794
161004992
161007375
161009893
161012218
161014688
161016922
161019393
161021448
161023690
161026082
161028375
161030260
161032883
161035167
161037511
161039336
161041452
161043593
161045732
161047788
161049257
161051333
161053140
161055389
161057549
161059666
161061965
161064152
161066330
161068696
161071062
161073261
161075399
161077674
161079790
161082198
161084550
161086818
161089200
161091424
161093746
161096009
161098521
161100222
161102513
161105056
161107599
161109895
161112314
161115078
161117374
161119106
161120802
161123016
161124936
161127334
161129854
161132230
161134255
161136661
161139366
161141456
161143820
161145899
161148267
161150566
161152765
161154844
161157151
161159344
161161170
161163389
161165489
161167284
161169154
161171132
161173284
161175369
161177432
161179669
161182219
161184928
161187581
161189979
161192057
161194123
161196451
161198406
161200755
161202838
161205162
161207506
161209661
161211890
161213958
161215869
161217990
161220241
161222378
161224338
161226592
161228519
161230717
161232710
161234688
161236814
161239094
161241622
161244143
161246510
161249106
161251583
161253843
161256244
161258629
161260903
161263454
161265830
161268515
161270978
161273454
161276022
161278596
161281270
161283213
161285845
161288370
161290962
161293238
161295761
161298446
161300757
161303481
161305883
161307402
161309886
161312126
161314358
161316304
161318595
161321050
161323501
161325730
161328128
161330374
161332786
161335378
161337954
161340152
161342512
161344994
161347343
161349748
161352543
161355115
161357295
161359595
161362025
161363933
161366195
161368439
161370973
161373102
161375602
161378052
161380671
161383112
161385753
161388293
161390498
161392964
161395582
161397897
161399853
161402354
161404958
161407341
161409769
161412211
161414439
161416748
161418764
161421016
161422913
161424360
161426667
161428759
161431119
161433585
161435975
161438413
161440325
161442397
161444499
161454168
161457586
161459062
161461052
161472649
161474065
161476165
161478395
161480643
161482793
161485427
161487933
161490488
161492983
161495786
161498515
161501242
161503601
161505947
161508070
161510316
161512477
161514798
161517404
161519673
161522141
161524099
161525589
161527264
161529859
161531306
161533365
161535748
161537877
161539894
161541895
161543893
161546048
161548047
161549750
161551609
161553928
161556007
161558103
161560233
161562642
161564908
161567195
161569409
161571667
161574796
161579193
161583382
161587223
161589838
161591920
161594065
161596158
161598648
161601075
161603488
161605634
161607277
161609404
161611584
161613357
161615837
161617734
161619989
161621956
161624161
161626269
161628236
161630516
161632376
161634663
161637253
161639449
161642134
161644581
161646879
161649192
161651602
161653927
161656334
161661278
161664740
161669517
161671980
161673977
161676138
161678133
161680423
161682958
161685509
161687932
161690403
161692898
161695238
161697643
161700050
161702520
161704984
161707229
161709643
161711672
161713565
161716034
161718450
161720849
161723190
161725254
161726978
161729113
161731595
161734329
161736755
161739426
161741907
161744406
161746638
161749281
161751320
161753608
161756103
161758769
161761234
161763804
161766233
161768397
161770809
161773246
161775797
161778298
161780788
161783282
161785894
161788464
161790952
161793290
161795844
161798283
161800879
161803193
161805591
161807970
161810358
161812495
161814889
161817331
161819661
161821864
161824425
161826996
161829299
161831491
161833487
161835657
161838161
161840689
161843255
161845870
161848393
161850845
161853145
161855545
161858167
161860774
161863431
161866024
161868514
161871059
161873864
161876543
161879268
161881864
161884525
161887159
161889684
161892084
161894441
161896832
161899386
161901922
161904553
161907040
161909583
161912066
161914619
161917030
161919477
161921893
161924383
161927016
161929721
161932397
161935022
161937690
161940218
161942640
161945140
161947604
161950214
161952710
161955358
161957989
161960206
161962840
161965362
161967799
161970117
161972100
161974304
161976725
161979021
161981461
161983683
161985435
161988027
161990520
161993088
161995501
161997836
161999947
162002427
162004741
162006714
162009189
162011659
162014186
162016688
162019194
162021492
162023662
162025926
162028680
162031218
162033684
162036242
162038689
162041384
162043827
162046276
162048673
162050981
162053471
162055892
162058342
162060820
162063365
162065823
162068372
162070468
162072923
162075394
162077966
162080693
162083272
162085848
162088379
162091010
162093543
162096044
162098760
162101179
162103561
162106002
162108673
162111332
162113818
162116344
162118846
162121241
162123855
162126460
162128958
162131412
162133993
162136486
162139095
162141665
162144270
162146747
162149285
162151908
162154337
162156514
162159099
162161522
162164037
162166540
162169053
162171606
162173866
162176412
162178956
162181428
162184042
162186657
162189397
162191885
162194366
162196963
162199507
162201954
162204506
162207137
162209768
162212188
162214582
162217184
162219585
162222002
162224729
162227191
162229874
162232437
162234907
162237370
162239673
162242112
162244621
162247224
162249730
162252151
162254576
162257076
162259586
162262255
162264808
162267229
162269852
162272516
162275109
162277607
162280097
162282589
162285072
162287468
162289734
162292275
162294841
162297146
162299662
162302146
162304608
162306978
162309469
162311919
162314217
162316718
162319168
162321468
162323944
162326334
162328888
162331331
162333658
162336254
162338832
162341342
162343857
162346287
162348874
162351416
162353570
162355879
162358256
162360736
162363272
162365630
162367715
162370104
162372370
162374458
162376668
162379058
162381583
162383642
162386013
162388414
162390758
162393437
162396043
162398558
162400962
162403307
162405808
162408410
162410871
162413216
162415649
162418111
162420674
162423318
162425983
162428062
162430284
162432816
162434622
162437250
162439839
162442585
162444888
162447359
162449656
162451739
162453740
162455910
162458138
162460498
162462565
162464991
162466766
162469086
162471418
162473632
162476008
162478346
162480702
162483074
162485346
162487409
162489656
162492138
162494707
162497073
162498985
162501201
162503485
162505731
162507894
162510267
162512631
162514971
162517385
162519526
162521858
162524165
162526691
162529387
162531954
162534286
162536694
162539350
162541546
162544070
162546386
162548841
162551286
162553800
162556484
162558930
162561318
162563236
162565659
162567871
162570343
162572724
162575123
162577355
162579554
162581855
162584107
162586672
162589025
162591081
162593450
162595977
162598484
162600910
162603348
162605694
162607946
162610091
162612391
162614732
162617259
162619825
162622385
162624868
162627473
162629999
162632456
162635053
162637548
162639991
162642314
162644736
162647153
162649638
162652129
162654643
162657187
162659518
162662035
162664538
162667025
162669571
162672162
162674502
162677008
162679438
162681901
162684493
162686908
162689285
162691658
162694159
162696607
162699085
162701616
162704136
162706478
162709014
162711508
162714088
162716565
162719012
162721360
162723991
162726439
162728397
162730795
162733155
162735659
162737958
162740299
162742689
162745153
162747347
162749407
162751517
162753614
162755348
162757676
162759946
162761905
162764390
162766832
162769133
162771272
162773493
162775690
162777226
162779057
162781036
162783587
162786456
162788985
162791308
162793756
162796511
162799032
162801552
162804151
162806644
162808898
162811184
162813672
162816331
162819147
162821772
162824010
162826410
162828892
162831250
162833805
162836204
162838602
162840875
162843115
162845599
162847986
162850481
162852925
162855193
162857511
162859913
162862352
162864902
162867558
162869935
162872421
162874971
162877480
162879964
162882232
162884679
162887161
162889544
162892015
162894429
162896794
162899203
162901599
162904174
162906566
162909022
162911480
162913958
162916466
162918858
162921231
162923675
162926106
162928561
162930969
162933367
162935824
162938039
162940445
162942816
162945240
162947639
162950081
162952519
162954663
162957035
162959421
162961799
162964199
162966481
162968886
162971243
162973577
162976029
162978447
162980766
162983199
162985599
162988008
162990387
162992708
162995150
162997669
163000174
163002533
163004981
163007408
163009574
163011819
163013973
163016256
163018749
163021002
163023365
163025602
163027899
163030282
163032607
163034998
163037417
163039241
163041567
163044028
163046365
163048792
163051117
163053462
163055747
163058128
163060126
163062548
163064831
163067057
163069231
163071449
163073473
163075502
163077676
163079610
163081743
163084077
163086597
163088994
163091212
163093610
163095876
163098098
163100276
163102566
163104909
163107232
163109461
163111854
163114120
163116487
163118808
163121280
163123596
163126006
163128273
163130644
163132950
163135358
163137549
163139815
163142029
163144446
163146858
163149060
163151664
163154042
163156487
163158909
163161301
163163629
163166070
163168447
163170842
163173113
163175359
163177863
163180336
163182558
163185191
163187543
163189937
163192438
163194942
163197438
163200005
163202624
163205120
163207666
163209887
163212418
163215093
163217562
163219982
163222470
163224975
163227527
163229810
163232343
163234854
163237455
163240002
163242491
163244961
163247288
163249853
163252564
163254688
163256856
163259381
163261930
163264301
163266781
163269368
163271850
163274334
163276757
163279303
163281694
163284210
163286622
163289261
163291623
163294087
163296646
163299146
163301796
163304471
163306891
163309344
163311809
163314133
163316643
163319013
163321378
163323574
163326036
163328551
163331052
163333563
163336086
163338576
163341030
163343498
163345858
163348250
163350671
163353126
163355568
163357856
163360094
163362380
163364536
163366835
163369225
163371645
163373847
163375949
163378282
163380720
163383030
163385286
163387471
163389788
163391925
163394105
163396440
163398627
163400790
163402928
163405064
163407281
163409284
163411580
163413950
163416181
163418391
163420641
163422989
163425361
163427744
163430135
163432492
163434996
163437325
163439751
163442099
163444566
163446879
163449389
163451811
163454325
163456750
163459145
163461586
163464018
163466431
163469013
163471509
163473899
163476247
163478585
163480955
163483300
163485688
163488088
163490350
163492509
163494753
163497383
163499188
163501474
163504041
163506458
163508924
163511470
163513883
163516264
163518429
163520648
163522976
163525364
163527767
163530172
163532608
163534892
163537014
163539422
163541792
163544264
163546419
163548455
163550850
163553255
163555716
163558176
163560714
163563098
163565526
163568010
163570376
163572685
163575165
163577565
163579857
163582144
163584459
163586749
163589004
163591259
163593193
163595233
163597258
163599503
163601718
163604057
163606370
163608746
163610991
163613424
163615649
163618020
163620159
163622325
163624581
163626828
163628760
163630955
163633231
163635437
163637610
163639761
163641473
163643151
163644897
163646646
163649109
163651678
163654267
163656820
163659252
163661828
163664464
163667076
163669498
163672057
163674410
163676990
163679442
163681989
163684444
163687065
163689669
163692034
163694399
163696836
163699352
163701762
163704116
163706609
163709059
163711342
163713459
163715363
163717281
163719538
163721804
163724192
163726687
163728981
163731518
163733922
163736271
163738720
163741064
163743348
163745807
163748192
163750423
163752345
163754268
163756134
163758133
163760322
163762568
163764751
163767142
163769482
163771852
163774213
163776538
163778924
163781358
163783676
163785937
163788396
163790723
163793072
163795420
163797892
163800275
163802646
163804903
163807278
163809824
163812148
163814610
163816913
163819479
163821870
163824226
163826600
163829109
163831511
163833751
163836187
163838485
163841010
163843483
163845801
163847893
163849616
163851499
163853392
163855363
163857662
163860008
163862360
163864698
163867053
163869524
163871830
163874146
163876463
163878891
163881190
163883552
163886025
163888473
163890783
163892949
163895180
163897535
163899829
163902149
163904330
163906704
163908933
163911105
163913378
163915700
163917882
163920247
163922654
163924909
163927213
163929668
163931930
163934389
163936667
163938808
163941092
163943498
163945889
163948405
163950722
163953100
163955402
163957685
163959915
163962229
163964556
163966820
163969290
163971673
163974129
163976474
163978786
163981160
163983635
163986107
163988502
163990837
163993155
163995267
163997638
163999882
164002251
164004316
164006276
164008431
164010838
164013039
164015423
164017742
164020103
164022607
164025043
164027376
164029860
164032199
164034576
164036855
164039112
164041426
164043763
164046231
164048406
164050655
164052936
164055259
164057569
164059945
164062311
164064635
164066984
164069232
164071591
164073886
164076228
164078649
164080955
164083320
164085696
164088097
164090553
164092792
164095087
164097533
164099924
164102298
164104724
164107284
164109731
164112117
164114587
164116601
164118383
164120084
164121937
164123783
164125633
164127757
164130027
164132357
164134743
164137070
164139444
164141948
164144385
164146691
164149098
164151463
164153803
164156504
164159123
164161590
164164048
164166312
164168383
164170478
164172661
164175077
164177229
164179715
164182216
164184786
164187282
164189710
164192172
164194671
164196971
164199205
164201328
164203669
164206112
164208536
164210842
164213356
164215561
164217478
164219277
164221111
164223083
164225464
164227805
164230284
164232699
164235231
164237752
164240137
164242554
164244913
164247275
164249621
164251888
164254281
164256608
164258857
164261234
164263636
164266024
164268383
164270694
164273071
164275403
164277539
164279830
164282047
164284361
164286599
164288585
164290513
164292740
164295237
164297543
164299973
164302458
164304788
164307169
164309660
164312136
164314648
164317181
164319573
164321833
164324293
164326623
164328915
164331372
164333708
164336240
164338532
164340936
164343354
164345747
164348075
164350258
164352463
164354823
164357230
164359447
164362112
164364458
164366854
164369139
164371598
164374100
164376731
164379192
164381729
164384177
164386624
164389201
164391688
164394100
164396428
164398866
164401367
164403769
164406189
164408481
164410869
164413316
164415820
164418144
164420447
164422964
164425444
164427851
164430339
164432748
164435325
164437557
164439954
164442446
164444805
164447345
164449647
164451981
164454240
164456648
164458816
164460530
164462426
164464339
164466386
164468760
164471086
164473543
164475722
164478110
164480619
164482989
164485397
164487819
164490186
164492629
164494899
164497108
164499421
164501640
164503999
164506438
164508520
164510835
164513219
164515481
164517893
164520266
164522624
164524819
164527060
164529522
164531915
164534297
164536566
164539012
164541154
164543324
164545628
164547966
164550203
164552505
164554670
164556957
164559263
164561205
164563521
164565901
164568410
164570876
164573299
164575751
164577796
164580323
164582669
164585159
164587701
164589767
164592012
164594382
164596918
164599339
164601688
164604009
164606478
164609167
164611499
164613908
164616262
164618554
164620979
164623172
164625457
164627892
164630092
164632612
164634888
164637035
164639595
164641948
164644430
164646855
164649152
164651348
164653500
164655941
164658361
164660773
164663195
164665631
164668101
164670553
164672941
164675196
164677505
164679868
164682099
164684306
164686735
164688853
164690877
164693191
164695547
164698198
164700489
164702946
164705367
164707956
164710414
164712457
164714863
164717200
164719729
164722242
164724695
164727139
164729571
164731998
164734538
164736942
164739428
164741783
164744340
164746693
164749221
164751632
164754258
164756516
164759065
164761385
164763954
164766520
164768819
164771223
164773747
164776233
164778779
164781094
164783522
164786009
164788457
164790799
164793057
164795459
164798077
164800203
164802760
164805210
164807772
164810311
164812737
164815159
164817810
164820162
164822537
164825033
164827396
164829841
164832246
164834466
164836846
164839399
164841999
164844398
164846792
164849285
164851573
164853962
164856453
164858964
164861399
164863804
164866299
164868785
164870946
164873410
164875725
164877964
164880425
164882687
164885088
164887561
164889853
164891954
164894166
164896354
164898557
164900733
164902808
164905141
164907353
164909660
164912041
164914322
164916737
164919197
164921439
164923875
164926328
164928688
164931084
164933605
164935844
164938240
164940444
164942533
164944809
164947126
164949446
164951875
164954390
164956777
164958892
164961273
164963650
164965912
164968247
164970518
164972792
164975107
164977467
164979809
164982172
164984406
164986611
164988804
164990962
164993195
164995430
164997757
165000121
165002376
165004646
165007087
165009291
165011530
165013824
165015774
165017722
165019530
165021483
165023485
165025695
165027864
165030038
165032259
165034469
165036768
165039128
165041393
165043759
165045996
165048211
165050382
165052682
165054978
165057283
165059631
165061830
165064014
165066207
165068417
165070728
165072943
165075251
165077670
165079784
165081952
165084074
165085888
165087588
165089389
165091134
165093141
165095108
165097157
165099241
165101365
165103463
165105476
165107309
165109282
165111413
165113736
165116058
165118107
165120270
165122613
165124864
165127153
165129432
165131660
165133986
165136203
165138364
165140526
165142733
165144936
165147239
165149411
165151643
165153912
165156263
165158598
165160834
165162971
165165229
165167546
165169841
165172139
165174383
165176503
165178794
165181020
165183216
165185475
165187643
165190027
165192208
165194497
165196918
165199181
165201528
165203849
165206072
165208517
165210843
165213245
165215507
165218000
165220354
165222653
165225105
165227405
165229885
165232184
165234551
165236706
165239408
165242075
165244490
165247023
165249390
165251713
165254239
165256633
165259088
165261549
165264160
165266592
165268915
165271348
165273722
165276019
165278419
165280838
165283382
165285744
165288448
165290885
165293338
165295893
165298485
165300977
165303394
165305888
165308353
165310625
165313230
165315579
165318005
165320389
165322770
165325365
165327792
165330363
165332854
165335252
165337824
165340238
165342718
165345214
165347525
165349979
165352336
165354438
165356311
165358369
165360733
165363251
165365559
165367848
165370166
165372393
165374809
165377040
165379361
165381712
165384181
165386647
165389164
165391630
165394059
165396272
165398696
165401167
165403222
165405818
165408128
165410552
165412839
165415174
165417653
165420077
165422489
165424882
165427290
165429345
165431747
165434166
165436717
165439084
165441463
165443956
165446179
165448542
165450916
165453377
165455779
165458198
165460427
165462800
165465230
165467497
165469728
165472008
165474192
165476528
165478863
165481232
165483630
165486126
165488553
165490997
165493612
165495843
165498054
165500444
165502992
165505540
165507965
165510566
165512962
165515462
165517775
165520136
165522644
165525100
165527311
165529774
165532258
165534721
165537116
165539684
165542197
165544439
165546574
165549019
165551568
165553900
165556380
165558856
165561293
165563674
165565947
165568332
165570677
165573171
165575692
165578221
165580723
165582771
165584722
165587416
165589835
165592266
165594749
165597328
165599831
165602195
165604673
165607093
165609553
165611941
165614514
165617032
165619369
165621774
165624402
165627115
165629596
165631615
165634115
165636713
165639200
165642014
165644813
165647408
165649899
165652402
165655129
165657462
165659897
165662329
165664694
165667272
165669649
165672241
165674530
165676889
165679196
165681428
165683774
165686498
165688861
165691078
165693390
165695601
165698025
165700036
165702649
165705128
165707754
165710252
165712805
165715222
165717817
165720550
165722989
165725414
165727681
165730015
165732358
165735012
165737492
165740066
165742806
165745300
165747778
165750308
165752622
165755055
165757844
165760409
165763196
165765838
165768303
165770179
165772369
165774827
165777313
165779500
165781696
165783805
165786152
165788744
165791455
165793999
165796583
165799008
165801534
165803945
165806209
165808376
165810935
165813463
165816002
165818271
165820447
165822682
165825079
165827473
165829151
165831430
165833766
165836177
165838388
165840748
165843046
165845513
165847936
165850473
165852719
165855181
165857474
165859857
165862148
165864685
165867234
165869561
165872127
165874506
165876877
165879255
165881545
165884058
165886511
165888887
165891135
165893613
165896018
165898374
165900829
165903100
165905580
165907831
165910189
165912512
165914801
165917346
165919929
165922279
165924855
165927266
165929812
165932381
165934622
165937227
165939650
165941814
165944255
165946674
165949148
165951649
165954057
165956438
165958948
165961265
165963689
165966015
165968180
165970133
165972954
165975266
165977407
165979838
165982037
165984234
165986656
165989219
165991627
165994125
165996676
165999041
166001607
166003956
166006440
166008841
166011261
166013514
166015913
166018160
166020649
166023126
166025536
166027866
166030388
166032714
166035095
166037505
166039908
166042362
166044724
166047114
166049547
166051881
166054326
166056579
166058916
166061359
166063766
166066120
166068520
166070607
166072983
166075335
166077711
166079829
166082080
166084350
166086728
166088931
166091231
166093506
166095822
166098045
166100501
166102549
166104482
166106356
166108566
166110768
166113054
166115299
166117634
166119879
166122160
166124383
166126750
166129127
166131394
166133647
166135986
166138220
166140580
166142863
166145193
166147662
166149948
166152294
166154457
166156766
166158991
166161254
166163508
166165570
166166914
166169125
166171704
166174199
166176658
166178960
166181485
166183949
166186586
166188739
166191145
166193500
166195660
166198125
166200540
166203015
166205382
166207891
166210416
166212492
166214429
166216598
166218986
166221498
166223740
166225790
166227791
166229885
166232170
166234511
166236819
166239324
166241098
166242913
166245063
166246905
166248997
166250763
166252474
166254619
166256873
166259015
166261455
166263707
166266078
166267979
166269680
166271643
166274005
166276252
166278509
166281058
166283363
166285765
166288235
166290605
166293036
166295370
166297719
166300205
166302743
166305147
166307649
166310007
166312020
166313915
166315767
166318136
166320541
166322991
166325387
166328021
166330579
166333112
166335596
166338032
166340500
166342701
166344685
166347178
166349725
166352166
166354429
166356758
166359127
166361458
166363917
166366297
166368739
166371060
166373340
166375720
166378196
166380569
166383127
166385558
166387859
166390071
166392402
166394733
166396915
166399348
166401834
166404058
166405948
166408126
166410242
166412223
166413937
166415746
166417567
166419724
166421941
166424046
166426138
166428329
166430495
166432456
166434677
166437127
166439615
166441971
166444372
166446685
166449200
166451757
166454252
166456825
166459219
166461738
166464002
166466533
166468987
166471562
166474186
166476701
166479187
166481770
166484370
166487144
166489733
166491891
166494111
166496165
166498522
166500689
166502744
166504769
166507151
166509362
166511639
166514200
166516627
166519024
166521350
166523858
166526218
166528699
166531236
166533670
166536002
166538299
166540589
166542781
166545193
166547411
166549452
166551650
166553846
166556075
166558433
166560891
166563102
166565361
166567671
166569889
166571998
166574350
166576710
166579178
166581670
166584030
166586551
166588976
166591289
166593552
166595807
166598241
166600569
166602797
166605197
166607288
166609613
166611888
166614229
166616713
166619010
166621262
166623653
166625883
166628122
166630447
166632811
166635121
166637394
166639694
166641726
166644000
166646476
166648929
166651351
166653475
166655446
166657607
166659816
166662011
166664189
166666494
166668435
166670763
166673195
166675608
166677861
166680241
166682615
166685029
166687336
166689719
166692188
166694625
166696770
166699013
166701375
166703868
166706303
166708319
166710223
166712464
166714884
166717193
166719634
166721888
166724153
166726375
166728640
166730849
166733183
166735476
166737724
166739922
166741936
166744174
166746525
166748910
166750994
166753169
166755683
166757922
166760262
166762532
166764971
166767453
166769811
166772261
166774728
166777139
166779375
166781547
166783609
166785814
166788083
166790353
166792673
166794992
166797236
166799455
166801527
166803695
166806240
166808634
166811051
166813222
166815582
166817855
166820142
166822474
166824660
166827179
166829631
166831945
166834328
166836698
166839080
166840719
166843034
166845403
166847886
166850149
166852614
166854902
166857187
166859525
166861885
166864442
166866802
166869382
166871862
166874261
166876309
166878564
166880721
166883250
166885571
166887952
166890463
166892855
166895251
166897593
166899970
166902489
166905134
166907445
166909791
166912218
166914686
166917088
166919354
166921205
166923400
166926090
166928591
166931335
166934203
166936577
166939135
166941882
166944416
166947233
166949730
166952416
166955224
166957797
166960301
166962805
166965410
166967965
166970609
166973133
166975418
166977746
166980361
166982886
166985482
166988079
166989928
166992267
166994625
166996983
166999373
167001697
167004055
167006278
167008544
167011003
167013515
167016015
167018298
167020922
167023112
167025547
167028059
167030123
167032804
167035337
167037760
167040202
167042731
167045036
167047491
167050107
167052634
167054973
167056962
167059425
167061726
167063743
167066061
167068333
167070452
167072744
167074859
167077189
167079481
167081710
167083986
167086301
167088609
167090850
167093245
167095282
167097531
167099932
167102292
167104490
167106771
167109260
167111550
167113778
167116042
167118135
167120314
167122522
167124926
167126642
167128125
167130052
167132369
167134757
167137146
167139747
167142337
167144612
167146992
167149467
167151951
167154499
167157091
167159524
167162002
167164428
167166886
167169259
167171586
167173877
167176347
167178779
167181274
167183728
167186041
167188387
167190778
167193074
167195499
167197920
167200363
167202566
167204858
167207444
167210046
167212454
167214813
167217348
167219772
167221229
167222957
167225299
167227708
167230137
167232626
167234978
167237340
167239707
167242025
167244208
167246626
167249094
167251548
167253902
167256306
167258714
167261027
167263429
167265794
167268093
167270531
167272977
167275345
167277769
167280201
167282384
167284800
167287192
167289718
167292130
167294445
167296924
167299201
167301380
167303731
167306126
167308446
167310878
167313023
167315406
167317668
167319892
167322264
167324475
167326802
167329211
167331711
167334229
167336597
167338959
167341298
167343674
167346033
167348409
167350796
167353112
167355372
167357706
167359906
167362362
167364624
167367088
167369564
167371965
167374250
167376600
167378909
167381344
167383828
167386164
167388669
167391032
167393315
167395717
167398196
167400392
167402977
167405503
167407865
167410338
167412547
167415104
167417233
167419833
167422208
167424701
167427116
167429115
167431273
167433538
167435661
167438260
167440373
167442657
167444977
167447367
167449730
167452190
167454542
167456788
167459313
167461653
167464067
167466690
167469038
167471292
167473678
167476112
167478596
167481151
167483677
167486126
167488423
167490686
167493082
167495198
167497519
167499886
167502197
167504465
167506728
167509075
167511412
167513930
167516448
167518597
167521269
167523847
167526339
167528751
167531242
167533696
167536118
167538693
167540911
167543473
167546000
167548197
167550692
167553211
167555307
167557955
167560484
167562848
167565208
167567695
167570231
167572555
167575143
167577585
167580237
167582761
167585153
167587665
167590222
167592594
167595112
167597362
167599725
167602197
167604655
167606921
167609420
167612055
167614730
167617280
167619690
167622188
167624861
167627252
167629712
167631972
167634464
167636820
167639091
167641360
167643825
167646185
167648401
167650872
167653285
167655757
167658258
167660797
167663188
167665490
167667912
167670260
167672566
167674706
167676851
167679160
167681567
167683868
167685999
167688330
167690569
167692855
167695094
167697326
167699409
167701764
167704214
167706927
167709425
167711819
167713962
167715595
167717910
167720360
167722461
167724918
167727412
167729799
167732184
167734554
167736974
167739272
167741504
167743905
167746372
167748917
167751557
167754049
167756408
167758867
167761306
167763840
167766276
167768675
167771098
167773135
167775634
167778110
167780494
167783257
167785868
167788351
167790899
167793267
167795713
167798244
167800527
167802888
167805212
167807193
167809886
167812353
167815085
167817749
167820011
167822302
167824633
167827129
167829421
167831870
167833928
167836315
167838525
167840972
167843387
167845698
167847970
167850427
167852737
167855089
167857364
167859750
167862100
167864319
167866622
167869044
167871328
167873737
167876085
167878500
167880779
167883149
167885294
167887600
167890002
167892333
167894806
167897221
167899591
167901855
167904180
167906541
167909139
167911607
167914052
167916534
167918924
167921400
167924042
167926418
167928870
167931298
167933751
167936016
167937581
167939686
167941837
167943927
167946213
167948597
167950950
167953199
167955467
167957885
167960360
167962755
167965252
167967666
167969977
167972309
167974708
167976882
167979188
167981521
167983915
167986138
167988452
167990850
167993234
167995570
167997929
168000315
168002796
168005065
168007593
168009539
168011926
168014420
168016798
168019231
168021653
168024064
168026490
168029007
168031212
168033439
168035686
168037922
168040389
168042793
168045001
168047447
168049790
168052130
168054698
168056487
168058908
168061488
168063899
168066337
168068783
168071426
168073713
168076175
168078481
168080722
168083085
168085357
168087536
168089775
168092144
168094732
168096942
168099310
168101729
168104312
168106513
168109149
168111585
168114147
168116570
168119061
168121502
168123963
168126613
168129361
168131917
168134324
168136521
168138581
168141320
168143712
168146204
168148481
168151050
168153435
168155762
168158303
168160868
168163403
168165968
168168423
168170795
168173301
168175818
168178257
168180499
168182668
168185170
168187649
168190188
168192528
168195048
168197494
168200038
168202660
168205185
168207654
168209490
168211718
168214017
168216345
168218639
168221173
168223493
168225786
168227684
168230013
168232187
168234648
168236908
168239174
168241412
168243647
168246022
168248358
168250654
168253133
168255477
168257972
168260610
168263124
168265445
168267869
168270306
168272819
168275519
168278214
168280878
168283319
168285731
168288558
168291175
168293233
168295515
168297919
168300086
168302532
168305098
168307592
168309940
168312373
168314702
168317178
168319654
168322201
168324882
168327507
168329874
168332215
168334886
168337291
168339555
168342276
168344726
168347089
168349260
168351296
168353406
168355465
168357756
168360025
168362509
168365002
168367325
168369777
168372309
168374799
168377127
168379538
168382130
168384675
168386995
168389394
168391829
168394314
168396763
168399209
168401517
168404037
168406418
168408977
168411426
168413765
168416205
168418839
168421334
168423871
168426254
168428623
168430955
168433250
168435665
168437943
168440340
168442670
168444988
168447210
168449723
168452163
168454593
168457031
168459085
168461525
168463964
168466212
168468658
168470993
168472531
168474812
168477152
168479415
168481798
168484365
168486766
168489113
168491574
168494204
168496698
168499216
168501567
168504002
168506458
168508836
168511182
168513612
168515911
168518336
168520821
168523316
168525765
168527723
168530065
168532591
168534909
168537200
168539142
168541044
168542937
168545195
168547137
168548886
168550916
168553148
168555443
168557960
168560261
168562444
168564749
168567186
168569643
168571928
168574223
168576466
168578540
168580638
168582741
168584943
168587175
168589365
168591618
168593877
168596092
168598237
168600415
168602595
168604820
168607146
168609507
168611662
168614065
168616350
168618588
168620966
168623236
168625503
168627805
168630033
168632368
168634688
168637142
168639282
168641619
168644003
168646260
168648474
168650855
168653103
168655410
168657796
168660020
168662061
168664241
168666604
168668861
168671013
168673404
168675693
168677965
168680153
168682383
168684549
168687000
168689324
168691719
168694084
168696392
168698640
168700996
168703061
168705277
168707576
168709840
168711973
168714189
168716337
168718489
168720705
168722865
168725060
168727071
168729085
168731272
168733600
168735873
168738176
168740319
168742619
168744799
168746768
168748844
168750978
168753265
168755426
168757744
168760150
168762384
168764781
168767153
168769471
168771753
168774107
168776420
168778716
168780977
168783276
168785510
168787578
168790017
168792174
168794609
168796821
168799113
168801493
168803898
168806214
168808540
168811028
168813336
168815577
168817858
168820111
168822432
168824793
168827239
168829684
168832065
168834390
168836866
168838769
168841130
168843497
168845887
168848183
168850538
168852889
168855142
168857451
168859692
168862040
168864441
168866920
168869420
168871674
168873934
168876335
168878529
168880894
168883273
168885268
168887309
168889571
168892033
168894403
168896909
168899372
168901921
168904116
168906546
168909000
168911329
168913744
168916237
168918736
168921270
168923778
168926284
168928542
168930837
168933133
168935406
168937820
168940240
168942623
168945000
168947425
168949833
168952025
168954254
168956567
168958824
168961165
168963595
168965883
168968421
168970836
168973194
168975631
168978100
168980381
168982834
168985166
168987490
168989797
168992328
168994635
168996903
168999157
169001452
169003865
169006326
169008833
169011195
169013757
169016180
169018579
169020863
169023300
169025514
169027834
169030209
169032542
169035048
169037573
169039981
169042399
169044861
169047298
169049830
169052208
169054537
169056847
169059151
169061511
169063854
169066200
169068559
169071088
169073279
169075469
169078008
169080444
169082614
169085185
169087688
169089937
169092335
169094831
169097300
169099612
169102087
169104633
169106480
169108265
169110515
169112881
169115253
169117392
169119930
169122387
169124708
169127023
169129418
169131894
169134130
169136635
169139242
169141891
169144594
169147341
169149953
169152551
169155178
169157648
169160243
169162843
169165437
169168222
169170602
169172988
169175667
169178130
169180546
169183205
169185908
169188321
169190916
169193508
169196131
169198789
169201463
169203990
169206641
169209169
169211828
169214305
169216811
169219333
169221967
169224588
169227068
169229401
169231763
169234146
169236776
169239187
169241752
169244166
169246576
169249120
169251336
169253159
169254946
169256909
169259127
169262170
169265125
169268003
169270936
169273535
169275530
169277540
169279366
169281306
169283214
169285412
169287751
169290328
169292719
169295296
169297833
169300162
169302616
169305036
169307621
169310036
169312580
169315001
169317388
169319848
169322335
169324592
169327078
169329681
169332259
169334712
169336748
169339147
169341657
169343576
169346269
169348874
169351288
169353750
169355586
169358323
169361169
169363740
169366231
169368465
169370724
169373345
169375878
169378189
169380661
169383027
169385588
169388005
169390442
169392955
169395394
169397870
169400346
169402587
169404693
169406870
169409180
169411602
169414027
169416616
169419124
169421737
169424102
169426882
169429111
169431719
169434320
169437070
169439521
169442030
169444724
169447384
169449972
169452650
169455294
169458021
169460511
169462919
169465508
169468046
169470300
169472912
169475638
169477797
169480386
169483003
169485546
169487647
169490288
169492682
169495129
169497832
169500144
169502380
169504852
169507185
169509740
169512387
169514827
169517307
169519752
169522120
169524444
169526793
169529166
169531658
169534216
169536757
169539342
169541184
169542691
169544872
169547339
169549807
169552122
169554306
169556535
169558888
169561065
169563684
169566230
169568841
169571456
169573952
169576458
169578824
169581295
169583846
169586288
169588813
169591342
169593778
169596135
169598553
169600971
169603275
169605542
169607820
169609865
169611904
169614062
169616511
169618603
169620943
169623197
169625702
169628190
169630597
169632979
169635471
169637854
169640265
169642643
169645028
169647462
169650128
169652496
169655123
169657501
169659848
169661854
169664041
169666440
169668537
169670650
169673225
169675671
169678044
169680597
169682864
169685177
169687425
169689697
169692096
169694630
169697167
169699547
169701848
169704199
169706635
169708849
169711119
169713289
169715407
169717657
169720033
169722426
169724967
169727186
169729221
169731169
169733287
169735565
169738093
169740737
169743115
169745497
169747979
169750322
169752689
169755247
169757755
169760220
169762413
169764936
169767383
169769798
169772215
169774783
169777163
169779436
169781785
169784185
169786714
169789258
169791737
169793796
169795940
169798271
169800532
169802824
169805064
169807667
169810011
169812017
169814514
169817087
169819592
169821971
169824415
169826828
169829226
169831655
169834213
169836928
169839353
169841825
169844141
169846554
169848927
169851212
169853193
169855032
169857148
169859610
169862005
169864388
169866841
169869223
169871725
169874098
169876638
169878778
169881246
169883301
169885738
169888237
169890571
169892983
169894791
169897324
169899934
169902728
169905289
169907790
169910146
169912767
169915343
169917661
169920254
169922842
169925456
169928097
169930655
169933122
169935732
169938450
169940960
169943515
169945740
169948375
169951043
169953626
169956126
169958627
169961190
169963684
169966212
169968805
169971394
169973845
169976246
169978838
169981391
169983681
169986227
169988756
169991321
169993751
169996156
169998560
170001133
170003548
170005505
170007624
170009938
170012351
170014691
170017089
170019419
170021761
170024174
170026599
170028957
170031438
170033855
170036324
170038652
170041044
170043316
170045700
170047906
170050230
170052483
170054813
170057153
170059420
170061366
170063519
170065921
170068342
170070856
170073417
170075389
170077807
170080304
170082806
170085300
170087603
170089569
170091363
170093065
170094832
170096995
170099268
170101661
170104134
170106240
170108127
170109838
170111551
170113246
170115234
170117571
170119893
170122295
170124631
170126861
170129316
170131770
170134186
170136714
170138995
170141306
170143641
170146056
170148297
170150931
170153301
170155786
170158343
170160825
170163316
170165852
170167883
170170446
170173090
170175473
170177900
170180393
170182927
170185480
170187952
170190206
170192696
170195241
170197671
170200154
170202598
170204983
170207386
170209809
170212386
170214808
170217090
170219735
170222125
170224582
170226915
170229252
170231919
170234344
170236546
170238640
170241183
170243654
170246206
170248713
170250832
170253203
170255391
170257787
170260278
170262645
170265243
170267736
170270207
170272708
170275281
170277752
170279998
170282032
170283827
170286064
170288607
170291091
170293625
170296220
170298517
170301022
170303539
170306230
170308610
170311084
170313582
170316014
170318291
170320644
170323004
170325298
170327733
170330253
170332731
170335315
170337805
170340219
170342586
170345012
170347390
170349804
170352286
170354722
170357412
170359765
170362173
170364546
170367039
170369469
170371694
170373768
170376113
170378649
170381093
170383567
170386091
170388370
170390849
170393306
170395861
170398454
170401036
170403537
170406126
170408650
170411044
170413590
170415979
170418432
170420444
170423036
170425492
170427806
170430205
170432524
170434996
170437466
170440199
170442767
170445401
170447903
170450320
170452727
170454938
170457194
170459739
170462284
170464700
170466825
170468800
170471058
170473697
170476349
170478748
170481326
170483806
170486436
170488909
170491539
170494283
170496873
170499486
170502194
170504856
170507291
170509826
170512222
170514554
170517405
170519997
170522797
170525306
170527940
170530472
170532472
170534634
170536967
170539258
170541393
170543553
170545907
170548164
170550735
170552853
170555002
170557521
170560112
170562624
170565197
170567591
170570033
170572339
170574626
170577345
170579888
170582437
170584706
170587222
170589666
170591988
170594426
170596850
170599392
170601757
170604085
170606537
170608897
170611037
170613213
170615533
170618002
170620482
170622908
170625464
170627733
170630124
170632317
170634605
170637186
170639400
170641669
170644069
170646436
170648890
170650917
170653368
170655607
170658022
170660250
170662233
170664230
170666146
170668099
170670143
170672312
170674644
170676972
170679282
170681500
170683785
170686161
170688307
170690457
170692533
170694770
170696993
170699276
170701679
170703803
170706022
170708326
170710595
170712875
170715175
170717400
170719706
170721872
170724136
170726429
170728735
170731063
170733528
170735976
170738118
170740449
170742651
170744880
170747155
170749624
170751933
170754283
170756796
170759170
170761392
170763518
170765836
170768107
170770373
170772617
170774898
170777304
170779616
170781935
170784399
170786807
170789206
170791642
170794054
170796423
170798885
170801280
170803568
170805915
170808266
170810653
170812824
170814961
170816960
170819387
170821760
170824101
170826532
170828958
170831208
170833439
170835553
170837668
170840054
170842304
170844527
170846994
170849517
170851960
170854471
170856836
170859152
170861100
170863458
170866022
170868333
170870661
170873094
170875557
170877865
170880053
170882524
170884994
170887322
170889595
170891945
170894234
170896646
170899177
170901375
170903684
170906078
170908201
170910721
170913149
170915210
170917549
170919980
170922410
170924612
170927053
170929511
170931949
170934277
170936650
170938927
170941277
170943537
170945771
170948067
170950419
170952611
170954905
170957083
170959252
170961552
170963798
170965998
170968538
170970870
170973131
170975340
170977675
170980011
170982273
170984593
170986815
170989225
170991603
170993920
170996226
170998375
171000807
171003224
171005423
171007764
171010210
171012572
171014626
171016821
171019093
171021379
171023751
171026031
171028409
171030652
171032931
171035259
171037509
171039779
171042139
171044689
171046940
171049384
171051789
171054112
171056326
171058496
171060843
171063169
171065480
171067985
171070340
171072725
171074929
171077182
171079251
171081516
171084029
171086454
171088749
171091284
171093495
171095600
171096924
171099058
171101278
171103684
171105976
171108174
171110478
171112713
171114903
171117223
171119496
171121884
171124308
171126687
171129133
171131584
171134049
171136368
171138796
171141295
171143778
171146066
171148586
171151052
171153446
171155802
171158136
171160479
171162934
171165424
171167983
171170230
171172766
171175166
171177732
171180022
171182620
171185034
171187396
171189707
171192264
171194656
171197145
171199485
171201853
171204204
171206457
171208906
171211499
171214055
171216675
171219177
171221663
171224359
171226830
171229309
171232032
171234693
171237124
171239420
171241906
171244497
171246891
171249257
171251656
171254004
171256178
171258400
171260917
171263320
171265503
171267997
171270421
171272778
171275056
171277433
171279657
171282102
171284317
171286548
171289083
171291570
171293763
171296250
171298628
171301112
171303480
171305688
171307851
171310068
171312349
171314474
171316961
171319585
171321898
171324181
171326638
171328950
171331494
171333723
171336220
171338651
171341238
171343473
171346015
171348332
171350802
171353292
171355689
171357958
171360166
171362432
171364615
171366813
171369049
171371145
171373348
171374990
171376689
171378539
171380291
171381722
171383841
171386317
171388670
171390983
171393299
171395703
171397995
171400515
171402678
171405075
171407513
171409935
171412362
171414768
171417168
171419621
171422131
171424590
171426737
171429207
171431527
171433830
171436279
171438668
171440797
171443012
171445453
171447703
171450203
171452297
171454605
171456849
171459232
171461405
171463601
171466202
171468593
171470853
171473200
171475771
171478042
171480594
171482891
171484997
171486864
171489230
171491657
171493846
171496230
171498497
171500952
171503298
171505561
171507823
171510077
171512307
171514603
171516987
171519114
171521465
171523749
171526107
171528210
171530403
171532729
171535036
171537274
171539509
171541452
171543459
171545768
171548041
171550265
171552401
171554568
171556674
171558790
171560987
171563416
171565833
171568139
171570438
171572888
171575194
171577610
171579738
171582215
171584495
171586720
171589033
171591397
171593506
171595691
171598079
171600301
171602759
171605061
171607468
171609834
171612461
171614830
171617210
171619745
171621711
171624238
171626604
171629018
171631460
171633895
171636168
171638137
171640476
171643035
171645370
171647994
171650360
171652512
171655065
171657509
171659788
171662307
171664865
171667448
171669988
171672128
171674780
171677364
171679772
171682376
171684917
171687517
171689741
171692114
171694075
171696223
171698379
171700651
171703330
171705915
171708359
171710846
171713474
171716096
171718837
171721352
171723680
171726084
171728672
171731111
171733792
171736205
171738776
171741343
171743408
171746019
171748625
171750983
171753461
171756141
171758788
171761110
171763697
171766326
171768952
171771496
171774100
171776772
171779418
171781685
171783839
171785896
171788124
171790464
171792641
171795136
171797463
171799817
171802269
171804704
171807346
171809849
171812471
171815091
171817578
171819975
171822589
171825044
171827523
171829820
171832413
171834768
171837224
171839670
171841952
171844626
171847205
171849854
171852457
171854989
171857704
171860325
171862857
171865428
171867994
171870685
171873206
171875769
171878281
171880858
171883375
171885908
171888397
171890917
171893375
171895724
171898039
171900458
171902892
171905448
171907957
171910466
171912926
171915467
171917990
171920446
171922850
171925404
171927841
171930255
171932551
171935197
171937666
171940256
171942754
171945162
171947791
171950260
171952717
171955317
171957722
171960116
171962619
171965157
171967716
171970214
171972759
171975328
171977784
171980351
171982972
171985427
171987868
171990457
171992987
171995472
171998022
172000460
172002958
172005640
172008269
172010429
172012842
172015481
172018110
172020528
172023042
172025378
172027751
172030009
172032343
172034841
172037108
172039431
172041799
172044363
172046639
172048965
172051405
172053869
172056090
172057989
172059729
172061661
172063756
172066315
172068745
172071097
172073441
172075626
172077880
172080105
172082406
172084946
172087359
172089783
172092233
172094718
172097273
172099720
172102094
172104710
172107125
172109579
172111909
172114278
172116771
172119203
172121637
172124103
172126700
172129144
172131578
172133933
172136444
172138909
172141562
172144194
172146551
172149040
172151653
172154035
172156588
172159010
172161636
172164063
172166502
172168911
172171374
172173881
172176341
172178921
172181443
172183898
172186483
172189085
172191234
172193203
172195110
172197270
172199573
172201826
172204267
172206893
172209412
172211969
172214420
172216836
172219222
172221649
172223931
172226319
172228717
172231070
172233161
172235152
172237249
172239608
172241998
172244314
172246593
172249093
172251703
172254129
172256766
172259095
172261574
172263787
172266282
172268780
172271420
172273970
172276349
172279042
172281615
172284018
172286513
172289035
172291585
172294261
172296884
172299372
172301880
172303935
172305801
172307954
172310350
172312961
172315142
172317036
172318922
172320889
172323361
172325918
172328495
172331128
172333712
172336179
172338764
172341373
172343942
172346354
172348900
172351593
172354229
172356786
172359392
172362075
172364637
172367101
172369490
172372009
172374613
172377328
172379879
172382450
172385264
172387710
172390126
172392728
172395231
172397926
172400596
172403415
172406193
172408939
172411565
172413819
172416382
172419151
172421751
172424310
172426949
172429569
172431968
172434267
172436483
172438728
172441271
172443306
172445388
172448024
172450508
172452937
172455385
172457813
172460579
172463268
172465787
172468261
172470601
172473293
172475873
172478376
172480868
172483394
172485963
172488473
172490995
172493541
172496088
172498585
172501012
172503628
172506166
172508677
172511034
172513639
172516112
172518468
172520974
172523570
172525937
172528562
172531160
172533228
172535289
172537774
172540190
172542666
172545315
172547761
172550377
172552872
172555094
172557430
172559853
172562256
172564583
172567167
172569665
172571677
172573698
172576034
172578388
172580815
172583311
172585941
172588480
172590451
172592684
172594773
172596848
172599122
172601397
172603829
172606314
172608858
172611034
172613286
172615691
172617974
172620388
172622602
172624789
172627283
172629707
172632079
172634516
172637049
172639386
172641779
172644053
172646359
172648787
172651202
172653572
172655890
172658206
172660225
172662575
172664861
172666978
172669334
172671707
172674041
172676476
172678830
172681286
172683663
172686045
172688300
172690589
172692925
172694730
172696924
172699308
172701685
172704103
172706411
172708996
172711477
172714022
172716635
172718887
172721443
172724017
172726536
172728928
172731642
172733768
172736351
172738799
172741107
172743519
172745964
172748389
172750497
172752988
172755573
172757931
172760429
172762912
172765289
172767712
172770106
172772618
172775051
172777529
172779902
172782286
172784758
172787182
172789689
172792144
172794611
172797095
172799504
172801781
172804043
172806389
172808482
172810753
172813085
172815399
172817759
172820242
172822871
172825274
172827880
172830365
172832883
172835414
172837923
172840391
172842901
172845638
172848205
172850978
172853232
172855686
172858104
172860615
172863106
172865766
172868289
172870968
172873381
172875805
172878227
172880178
172882729
172885467
172888186
172890829
172893379
172895878
172898356
172900959
172903579
172906244
172908710
172911250
172913640
172916079
172918782
172921138
172923387
172926002
172928498
172930984
172933563
172936084
172938518
172941082
172943594
172946181
172948673
172950996
172953610
172956127
172958758
172961375
172963765
172966084
172968611
172971301
172974006
172976334
172978852
172981289
172983073
172985653
172987478
172989335
172991411
172993892
172996306
172998688
173001262
173003725
173006473
173009113
173011704
173014210
173016941
173019520
173022016
173024621
173027163
173029622
173032171
173034550
173037021
173039511
173041805
173044496
173047113
173049786
173052234
173054716
173057367
173059852
173062395
173064898
173067242
173069506
173071497
173073400
173075431
173077623
173080032
173082427
173084834
173087393
173089824
173092368
173095044
173097509
173099765
173102327
173104713
173107286
173109886
173112306
173114819
173117182
173119680
173121992
173124465
173126806
173129029
173131278
173133432
173135969
173138540
173140872
173143177
173145456
173147831
173149939
173152270
173154379
173156289
173158104
173160076
173162240
173164791
173167152
173169688
173171954
173174214
173176699
173179003
173181438
173183902
173186431
173188722
173191088
173193480
173196000
173198501
173200963
173203550
173205950
173208516
173211082
173213717
173216206
173218715
173221196
173223808
173226318
173228596
173230679
173232669
173234852
173237395
173239857
173242277
173244629
173247061
173249432
173251952
173254732
173257377
173259844
173262338
173264919
173267541
173270283
173272823
173275484
173278210
173280926
173283404
173286127
173288596
173291222
173293856
173296449
173299073
173301531
173304211
173306767
173309268
173311699
173314267
173316877
173319443
173321784
173323875
173325840
173327796
173329948
173332536
173335085
173337692
173340288
173342736
173345295
173347986
173350468
173352925
173355444
173357988
173360435
173362976
173365473
173368069
173370326
173372594
173375092
173377348
173379501
173381722
173384224
173386584
173389205
173391869
173394532
173396909
173399552
173402254
173404776
173407317
173409843
173412349
173414837
173417318
173419776
173422175
173424679
173427330
173429672
173432080
173434742
173437351
173440082
173442637
173445162
173447579
173449982
173452380
173455042
173457515
173459911
173462396
173464822
173467381
173469899
173472306
173474835
173477142
173479078
173481669
173484126
173486444
173488792
173491041
173493581
173496080
173498785
173501465
173504066
173506753
173509283
173511651
173514108
173516498
173518971
173521432
173523937
173526475
173529197
173531661
173534122
173536575
173539046
173541287
173543573
173545864
173548503
173550904
173553677
173556223
173558706
173561280
173563831
173566231
173568879
173571580
173574211
173576541
173579161
173581800
173584212
173586855
173589347
173592008
173594588
173597234
173599636
173602087
173604518
173607254
173609731
173612146
173613794
173616135
173618730
173621171
173623730
173626298
173628869
173631492
173634179
173636779
173639301
173642061
173644776
173647352
173650009
173652248
173654438
173656735
173659102
173661781
173664413
173667029
173669479
173671822
173674395
173677143
173679853
173682402
173684937
173687621
173689715
173692024
173694712
173697282
173699393
173701724
173704174
173706823
173709548
173712285
173714890
173717233
173719606
173722347
173724814
173727069
173729051
173731053
173733270
173735599
173738133
173740458
173742947
173745511
173748092
173750791
173753265
173755952
173758636
173761214
173763774
173766117
173768658
173771390
173774029
173776533
173779114
173781682
173784459
173787154
173789388
173791845
173794443
173797069
173799858
173802406
173804997
173807416
173809791
173812101
173814324
173816547
173818896
173821279
173823657
173825553
173827809
173830343
173832875
173835334
173837643
173840009
173842397
173844767
173847143
173849578
173851911
173854304
173856747
173859236
173861566
173863312
173865176
173866852
173868412
173870390
173872336
173874465
173876475
173878804
173881054
173883099
173885499
173887792
173890322
173892731
173895239
173897717
173900085
173902676
173904876
173907198
173909375
173911231
173913509
173915627
173918052
173920534
173922961
173925318
173927759
173929945
173932473
173935275
173937890
173940249
173942418
173944804
173947168
173949831
173952121
173954491
173956743
173959363
173961753
173964143
173966458
173969050
173971529
173974014
173976235
173978667
173980999
173983494
173985846
173988334
173990569
173993034
173995285
173997779
174000280
174002883
174005310
174007631
174010152
174012671
174015067
174017583
174020256
174022403
174024630
174027074
174029394
174031695
174034132
174036684
174039067
174041677
174043989
174046299
174049056
174051453
174053706
174055652
174057464
174059909
174062135
174064464
174066914
174069466
174071894
174074303
174076743
174079123
174081392
174083706
174086211
174088683
174091191
174093639
174096053
174098719
174101267
174103581
174106006
174108478
174111167
174113724
174116289
174118963
174121587
174124262
174126678
174129218
174131763
174134351
174136480
174138927
174141418
174143936
174146556
174148765
174151115
174153726
174156222
174158595
174160402
174162727
174165106
174167410
174169793
174172023
174174323
174176683
174178989
174181438
174183687
174186037
174188382
174190773
174193295
174195599
174197787
174200133
174202290
174204515
174206893
174209412
174211798
174214174
174216528
174218882
174221159
174223474
174225964
174228369
174230604
174232644
174234648
174236727
174238495
174240123
174242067
174244456
174246727
174249094
174251384
174253825
174256107
174258508
174260895
174263460
174265911
174268393
174270689
174273153
174275607
174278171
174280507
174282721
174285080
174287595
174290013
174292374
174294770
174297164
174299509
174301865
174304308
174306439
174308625
174311046
174313289
174315537
174317839
174320140
174322223
174324483
174326955
174329282
174331626
174333881
174336433
174338856
174341280
174343721
174346261
174348530
174349916
174351380
174353546
174355748
174358088
174360357
174362599
174364837
174367035
174369304
174371440
174373683
174375943
174377913
174379792
174381633
174383436
174384840
174386731
174389059
174391474
174393939
174396268
174398632
174400927
174403265
174405770
174408130
174410489
174412838
174415260
174417733
174420197
174422404
174424720
174427162
174429663
174431904
174434194
174436414
174438212
174440307
174442466
174444802
174447075
174449093
174451378
174453736
174455944
174458342
174460666
174462992
174465285
174467592
174469938
174472363
174474740
174477049
174479439
174481874
174484175
174486563
174488945
174491134
174493328
174495652
174498048
174500391
174502643
174504970
174507308
174509705
174512070
174514450
174516805
174519169
174521574
174523824
174526285
174528466
174530761
174532920
174534920
174537368
174539496
174541369
174543120
174544830
174546708
174548654
174550935
174553085
174555605
174558005
174560427
174562659
174564880
174567207
174569609
174572006
174574298
174576633
174578982
174581153
174583510
174585846
174587933
174589864
174591713
174595440
174596896
174598504
174600414
174602498
174604951
174607162
174609254
174610902
174612502
174614059
174615479
174616872
174618506
174620108
174621648
174623191
174624991
174627229
174629447
174631070
174632790
174634282
174635645
174637317
174639184
174641306
174643500
174645619
174647662
174649602
174651493
174653228
174655394
174657687
174660030
174662329
174664759
174667168
174669555
174672025
174674234
174676172
174678381
174680672
174682980
174685338
174687526
174689955
174692428
174694757
174697017
174699358
174701784
174704093
174706697
174709186
174711396
174713193
174715613
174717880
174720281
174722647
174725019
174727529
174729891
174732320
174734797
174737217
174739802
174742119
174744452
174746989
174749342
174751872
174754645
174757106
174759644
174762089
174764318
174766829
174769299
174771672
174774048
174776437
174778890
174781180
174783290
174785497
174787949
174790364
174792691
174795215
174797681
174799997
174802550
174804913
174807243
174809579
174812024
174814624
174816904
174819384
174821945
174824347
174827025
174829747
174832436
174834851
174837301
174839677
174842095
174844037
174846224
174848383
174850100
174852344
174854765
174857121
174859565
174862109
174864404
174866699
174868984
174871477
174873797
174876269
174878671
174880910
174883295
174885819
174888092
174890540
174892815
174895182
174897373
174899716
174902224
174904617
174907032
174909355
174911781
174914329
174916719
174919143
174921640
174924304
174926468
174929002
174931379
174933803
174936092
174938505
174941125
174943662
174946035
174948405
174951007
174953440
174955903
174958203
174960817
174963091
174965591
174968250
174970860
174973484
174975905
174978579
174981309
174983838
174986557
174988857
174991327
174993803
174996187
174998461
175000206
175002146
175004407
175006679
175008948
175011135
175013066
175015180
175017604
175020084
175022624
175024829
175026961
175029255
175031801
175034247
175036734
175039070
175041385
175043823
175045849
175048030
175050250
175052501
175054886
175057241
175059646
175062011
175064340
175066773
175069082
175071526
175073876
175076196
175078329
175080248
175082647
175084870
175087185
175089653
175092159
175094411
175096790
175098727
175100946
175103050
175105383
175107694
175109620
175111771
175113970
175116428
175118535
175120471
175122903
175125235
175127149
175129470
175131920
175134410
175136622
175138976
175141465
175143902
175146167
175148401
175150694
175152965
175155070
175157355
175159692
175162068
175164606
175167042
175169498
175171850
175174554
175176858
175179198
175181699
175184089
175186541
175188920
175191438
175193703
175196003
175198239
175200728
175203267
175205608
175208160
175210559
175212954
175215252
175217679
175220041
175222308
175224515
175226838
175229108
175231181
175232769
175234850
175237018
175239165
175241111
175243150
175245364
175247521
175249766
175252082
175254475
175256591
175258756
175260889
175263106
175265427
175267698
175270052
175272354
175274776
175277187
175279480
175281666
175284170
175286565
175289054
175291222
175292889
175295360
175297709
175300140
175302640
175305022
175307390
175309783
175312183
175314484
175316836
175319443
175321984
175324335
175326544
175329031
175331133
175333626
175336055
175338402
175340813
175343219
175345624
175348092
175350546
175353028
175355287
175357562
175359847
175362312
175364441
175366398
175368804
175371127
175373373
175375651
175378040
175380314
175382544
175385075
175387253
175389973
175392290
175394550
175396752
175399105
175401504
175403477
175405640
175407589
175410009
175412340
175414704
175416905
175418876
175421213
175423748
175425987
175427931
175430258
175432468
175434782
175436919
175438987
175441029
175443458
175445755
175447985
175450338
175452576
175454756
175457122
175459236
175461457
175463889
175466239
175468501
175470668
175472967
175475106
175477437
175479771
175481946
175484360
175486644
175488923
175491177
175493333
175495624
175497974
175500374
175502700
175504855
175507185
175509433
175511769
175514073
175516386
175518622
175520888
175523059
175525281
175527664
175529956
175532256
175534594
175536755
175539069
175541316
175543616
175546112
175548232
175550472
175552801
175555228
175557614
175559668
175562031
175564430
175566818
175569113
175571446
175573720
175575970
175578221
175580465
175582764
175585073
175587384
175589691
175591936
175594147
175596555
175598983
175601234
175603490
175605839
175608164
175610629
175612804
175615033
175617320
175619604
175621894
175624029
175626287
175628585
175630880
175633190
175635468
175637888
175640272
175642535
175644907
175647324
175649842
175651752
175654081
175656186
175658318
175660738
175663100
175665403
175667907
175670089
175672328
175674597
175676878
175679158
175681414
175683509
175685856
175688053
175690355
175692611
175695064
175697234
175699407
175701663
175704002
175706308
175708615
175710762
175712959
175715082
175717428
175719631
175721878
175724004
175726170
175728494
175730726
175732981
175735221
175737543
175739715
175742030
175744198
175746715
175748945
175751157
175753434
175755707
175757996
175760403
175762768
175765054
175767035
175769320
175771608
175773737
175775933
175778328
175780602
175782962
175785357
175787638
175789853
175792044
175794446
175796915
175799330
175801616
175804023
175806421
175808810
175811245
175813672
175816009
175818534
175820947
175823200
175825704
175828017
175830419
175832818
175835258
175837558
175839961
175842392
175844790
175847241
175849716
175851901
175854228
175856588
175859034
175861470
175863907
175866210
175868596
175870979
175873439
175875856
175878258
175880744
175883005
175885491
175887932
175890321
175892568
175895110
175897605
175900018
175902420
175905041
175907476
175909898
175912471
175915074
175917647
175920116
175922427
175924930
175927450
175929984
175932452
175934966
175937168
175939448
175941761
175943959
175946314
175948764
175951072
175953331
175955735
175958149
175960561
175962861
175965261
175967499
175969727
175972211
175974503
175976703
175979215
175981662
175984062
175986392
175988653
175990911
175992728
175994362
175996040
175997918
175999732
176001774
176003390
176005170
176006706
176008234
176010254
176012572
176015006
176017399
176019617
176021859
176024126
176026448
176028573
176030925
176033459
176035845
176038179
176040563
176042609
176044868
176047186
176049448
176051742
176054164
176056469
176058194
176060417
176062805
176065066
176067309
176069699
176071946
176074325
176076636
176079079
176081452
176083771
176085983
176088095
176090271
176092621
176094986
176097223
176099462
176101665
176103927
176106388
176108683
176110990
176113265
176115477
176117715
176119995
176122178
176124426
176126685
176128998
176131409
176133503
176135767
176138170
176140488
176142727
176145185
176147623
176149923
176152018
176154241
176156537
176158831
176161142
176163310
176165528
176167900
176170084
176172334
176174548
176176808
176179080
176181315
176183603
176185867
176188041
176190265
176192729
176195068
176197342
176199632
176201929
176203970
176206153
176207648
176209661
176211993
176214383
176216627
176219061
176221433
176224051
176226469
176229031
176231311
176233592
176235789
176238105
176240580
176243178
176245701
176248321
176250802
176253306
176255781
176258034
176261671
176263560
176266053
176268309
176270894
176273256
176275749
176278173
176280643
176282873
176285293
176287637
176290217
176292632
176295024
176297312
176299806
176302201
176304617
176306833
176309071
176310987
176312908
176314671
176317080
176319634
176322198
176324650
176327053
176329538
176332099
176334332
176336565
176339019
176341332
176343965
176346413
176348922
176350973
176353473
176356069
176358435
176360648
176362965
176365520
176368068
176370602
176373090
176375501
176378066
176380711
176383276
176385822
176388278
176390575
176393096
176395651
176396987
176399237
176401698
176403969
176406400
176408966
176411391
176413518
176415796
176418158
176420586
176422845
176425306
176427726
176430246
176432558
176435117
176437505
176440008
176442516
176444831
176447296
176449726
176452181
176454594
176456979
176459346
176461636
176464161
176466513
176468875
176471262
176473529
176475962
176478314
176480682
176482950
176485336
176487718
176490162
176492588
176495026
176497308
176499812
176502351
176504780
176507113
176509905
176512257
176514680
176517179
176519642
176522172
176524760
176527131
176529582
176532010
176534594
176537108
176539504
176541963
176544561
176547029
176549583
176551995
176554296
176556574
176558545
176560935
176563398
176565700
176568209
176570631
176572996
176575487
176577897
176580400
176582682
176585023
176587506
176589849
176592292
176594678
176596403
176599010
176601220
176603538
176605869
176608286
176610736
176613187
176615667
176618024
176620452
176622989
176625182
176627624
176630008
176632474
176634721
176636949
176639025
176641062
176643382
176645702
176647974
176650352
176652629
176655054
176657460
176659954
176662422
176664881
176667200
176669497
176671658
176674027
176676387
176678737
176681093
176683432
176685827
176688161
176690409
176692543
176694871
176697152
176699382
176701632
176703928
176706327
176708753
176710995
176713262
176715655
176717902
176720370
176722807
176725232
176727565
176729979
176732150
176734573
176736858
176739184
176741258
176743746
176746231
176748775
176751049
176753275
176755710
176757977
176760362
176762665
176764884
176767116
176769425
176771464
176773887
176776305
176778741
176781110
176783464
176785851
176788279
176790557
176792812
176795064
176797377
176799937
176802360
176804809
176807278
176809660
176812206
176814770
176817011
176819482
176821896
176824451
176826985
176829348
176831794
176834354
176836852
176839255
176841688
176844049
176846549
176848913
176851160
176853397
176855676
176858012
176860245
176862441
176864517
176866908
176869028
176871316
176873603
176876103
176878326
176880464
176882760
176884857
176887288
176889601
176891978
176894257
176896387
176898561
176901087
176903481
176905792
176908138
176910637
176913017
176915356
176917708
176920150
176922577
176924996
176927334
176929826
176932300
176934651
176936854
176939204
176941615
176943986
176946258
176948705
176951035
176953409
176955882
176958134
176960436
176962787
176965244
176967748
176969966
176972401
176974777
176977124
176979506
176981946
176984295
176986645
176989082
176991484
176993755
176996149
176998417
177000783
177003183
177005529
177007821
177009996
177012408
177014805
177017118
177019430
177021753
177024013
177026198
177028413
177030463
177032568
177034622
177036896
177039069
177041543
177043862
177046066
177048281
177050650
177053040
177055356
177057711
177060108
177062373
177064782
177067154
177069409
177071805
177074201
177076386
177078739
177081120
177083539
177085885
177088321
177090582
177093029
177095314
177097747
177100150
177102494
177104945
177107325
177109520
177111888
177114011
177116263
177118683
177120988
177123213
177125703
177128145
177130443
177132966
177135437
177137809
177140113
177142516
177144814
177147251
177149321
177151295
177153783
177156286
177158719
177161169
177163436
177165409
177167847
177170228
177172218
177174662
177176974
177179588
177181863
177184040
177186490
177188881
177191335
177193724
177196229
177198552
177200971
177203204
177205422
177208019
177210485
177212919
177215358
177217813
177220293
177222709
177225066
177227665
177230021
177232431
177234886
177237191
177239764
177242241
177244754
177247186
177249692
177252258
177254676
177257021
177259315
177261870
177264176
177266562
177268786
177271097
177273518
177276062
177278340
177280488
177282130
177284609
177287047
177289436
177292016
177294532
177296923
177299248
177301700
177304200
177306713
177309128
177311486
177313894
177316386
177318745
177321025
177323229
177325495
177327771
177330284
177332677
177335166
177337612
177339927
177342311
177344621
177347044
177349394
177351774
177354033
177356426
177358829
177361120
177363537
177365879
177368224
177370572
177372745
177374922
177377171
177379387
177381582
177384040
177386392
177388813
177391222
177393637
177396125
177398399
177400121
177401930
177403705
177405551
177407270
177409311
177411508
177413909
177416191
177418807
177421123
177423473
177425852
177428224
177430616
177433045
177435463
177438022
177440547
177443086
177445535
177448142
177450625
177453163
177455701
177458165
177460530
177462927
177465147
177467481
177469921
177472376
177474868
177477441
177479835
177482145
177484330
177486677
177489142
177491493
177493771
177496282
177498828
177501261
177503703
177506162
177508640
177510936
177513375
177515866
177518335
177520728
177523105
177525552
177527838
177530140
177532459
177534726
177536855
177539150
177541470
177543936
177546334
177548646
177550725
177552937
177555302
177557642
177560075
177562319
177564291
177566357
177568752
177571075
177573531
177575953
177578410
177580876
177583327
177585707
177588047
177590361
177592697
177594957
177597324
177599575
177601914
177603960
177606401
177609065
177611652
177614177
177616686
177619129
177621488
177623873
177626274
177628801
177631204
177633381
177635094
177636858
177638682
177640539
177642940
177645338
177647714
177650107
177652703
177654896
177657536
177659924
177662311
177664776
177667159
177669702
177671898
177673597
177675358
177677107
177679016
177681254
177683594
177685460
177687817
177690080
177692109
177693997
177695789
177697558
177699686
177702158
177704617
177707031
177709460
177711830
177714222
177716484
177718889
177721198
177723489
177725709
177728054
177730410
177732881
177735246
177737759
177740107
177742446
177744927
177747266
177749633
177751866
177754194
177756362
177758563
177760348
177762197
177764047
177766001
177768304
177770572
177772936
177775324
177777722
177780066
177782171
177784496
177786736
177789001
177791393
177793715
177796195
177798542
177800946
177803314
177805423
177807281
177809360
177811646
177814042
177816394
177818758
177821034
177823332
177825790
177828121
177830313
177832684
177834895
177837294
177839535
177841817
177843854
177845902
177848199
177850633
177852874
177855155
177857336
177859736
177862139
177864520
177866942
177869118
177871409
177873726
177876155
177878383
177880698
177883064
177885532
177887891
177890327
177892709
177895133
177897524
177899702
177901932
177904329
177906846
177909283
177911675
177914086
177916593
177918905
177921326
177923910
177926479
177928981
177931330
177933436
177935999
177938191
177940582
177943081
177945440
177947790
177950128
177952529
177954986
177957302
177959492
177961768
177963976
177966273
177968336
177970700
177973425
177976020
177978574
177981044
177983497
177986087
177988345
177990621
177992945
177995350
177997723
178000252
178002767
178005249
178007858
178010419
178012969
178015356
178017902
178020440
178023089
178025542
178027801
178030387
178032961
178035488
178037820
178039887
178042160
178044538
178046838
178049385
178051643
178054051
178056418
178058599
178061165
178063503
178066080
178068465
178070965
178073454
178075968
178078576
178081028
178083380
178085752
178088268
178090785
178093240
178094869
178097211
178099726
178102352
178104853
178107359
178109888
178112036
178114242
178116683
178119156
178121617
178124071
178126691
178129227
178131634
178134043
178136481
178138905
178141295
178143660
178146039
178148477
178150899
178153237
178155682
178158132
178160572
178162581
178164879
178167410
178169651
178172047
178174602
178177093
178179712
178182006
178184502
178186880
178189415
178191928
178194470
178197075
178199231
178201594
178203961
178206381
178208602
178211119
178213473
178215959
178218364
178220817
178223330
178225926
178228310
178230753
178233260
178235853
178238123
178240671
178243145
178245339
178247818
178250065
178252528
178254783
178257170
178259324
178261603
178264037
178266464
178268696
178271144
178273668
178276177
178278583
178281129
178283588
178285960
178288325
178290644
178293242
178295662
178297882
178300264
178302798
178305318
178307605
178310081
178312462
178314817
178317311
178319314
178321278
178323592
178326008
178328462
178331053
178333236
178335756
178338220
178340717
178343166
178345825
178348434
178350713
178353071
178355527
178357867
178360300
178362755
178365367
178367891
178370436
178372955
178375584
178378152
178380734
178383180
178385591
178387954
178390440
178393054
178395591
178397923
178400411
178402852
178405272
178407925
178410375
178412855
178415248
178417685
178420072
178422578
178425060
178427776
178430296
178432746
178435336
178438033
178440587
178442907
178445324
178447707
178450165
178452639
178455074
178457498
178459567
178462013
178464643
178466937
178469406
178471962
178474386
178477017
178479708
178482125
178484512
178486818
178488966
178491300
178493606
178495919
178497960
178500307
178502676
178504955
178507116
178509484
178511743
178514010
178516244
178518720
178520949
178522972
178525479
178528002
178530418
178532783
178535480
178538048
178540433
178542796
178545163
178547441
178550086
178552649
178555173
178557678
178560070
178562600
178565294
178567927
178570533
178572969
178575758
178578507
178580911
178583527
178585940
178588511
178591067
178593514
178596149
178598658
178601295
178603827
178606192
178608652
178611152
178613756
178616069
178618556
178621158
178623690
178626109
178628506
178631140
178633693
178636305
178638833
178641302
178643842
178646486
178648961
178651402
178653831
178656259
178658615
178660994
178663404
178665999
178668657
178670965
178673290
178675820
178678312
178680739
178683390
178685612
178688185
178690766
178693241
178695623
178697098
178699715
178702267
178704843
178707264
178709583
178711929
178713870
178716481
178718914
178721449
178723971
178725918
178727934
178730313
178732473
178734900
178737089
178739341
178741772
178744105
178746449
178748697
178751076
178753499
178755858
178758318
178760714
178763160
178765474
178767771
178770050
178772277
178774538
178776817
178778904
178781118
178783546
178786019
178788418
178790676
178793071
178795544
178797942
178800153
178802555
178804827
178806928
178809522
178811854
178814213
178816638
178818951
178821321
178823734
178826134
178828402
178830828
178833233
178835550
178837926
178839938
178841913
178844145
178846484
178848840
178851208
178853457
178855682
178858077
178860445
178862606
178865014
178866981
178869501
178872016
178874486
178876895
178879323
178881666
178884060
178886485
178889047
178891639
178894093
178896493
178898833
178901308
178903734
178906169
178908500
178910836
178913286
178915711
178918237
178920697
178923138
178925668
178927950
178930495
178932907
178935509
178937850
178940158
178942490
178944833
178947172
178949460
178951988
178954324
178956716
178959019
178961216
178963674
178966183
178968715
178971127
178973516
178975654
178977956
178980454
178983047
178985429
178987568
178989720
178991981
178993986
178996419
178999133
179001499
179003853
179006457
179009027
179011590
179014183
179016743
179019440
179021978
179024568
179026418
179028549
179030864
179033388
179035764
179038057
179040361
179041936
179044201
179046670
179049080
179051400
179053880
179056467
179058987
179061508
179063857
179066221
179068746
179071037
179073406
179075962
179078309
179080389
179082376
179084434
179086568
179088671
179090733
179092906
179094900
179096657
179098766
179101127
179103384
179105872
179108144
179109523
179111512
179113813
179116229
179118155
179120488
179122574
179124903
179127502
179129823
179132028
179134338
179136009
179138059
179140361
179142810
179145265
179147615
179149958
179152504
179154903
179157351
179159757
179162275
179164722
179167127
179169520
179171943
179174305
179176662
179178958
179181398
179183842
179186203
179188635
179190886
179193319
179195677
179197944
179200075
179202373
179204904
179207232
179209866
179212152
179214397
179216805
179218962
179221494
179223742
179225916
179228060
179229798
179232109
179234391
179236898
179239189
179241349
179243810
179246085
179248384
179250630
179253097
179255636
179257953
179260297
179262840
179265464
179267942
179270428
179272738
179275063
179277394
179279639
179282012
179284328
179286776
179289125
179291604
179293902
179296162
179298433
179300825
179303051
179305592
179308080
179310334
179312995
179315394
179317800
179320155
179322550
179324876
179327112
179329607
179332077
179334591
179336823
179339391
179341696
179343871
179346104
179348526
179350923
179353194
179355731
179358250
179360809
179363445
179365635
179367535
179369763
179372289
179374640
179376902
179379277
179381516
179383858
179386250
179388773
179391139
179393653
179395990
179398601
179400891
179403144
179405575
179408032
179410443
179412891
179415416
179417944
179419724
179422067
179424523
179427103
179429635
179432214
179434687
179437019
179439585
179442185
179444740
179447149
179449608
179452130
179454468
179456787
179459328
179461528
179463680
179465857
179468158
179470595
179473179
179475547
179478062
179480368
179482763
179485077
179487632
179489947
179492265
179494842
179497512
179500032
179502499
179504890
179507360
179509905
179512458
179514997
179517488
179519931
179522347
179524834
179527296
179529721
179532380
179534780
179536839
179539073
179541228
179543748
179546266
179548787
179551282
179553647
179556172
179558602
179561162
179563677
179566055
179568382
179570595
179573076
179575586
179577880
179580430
179582903
179585426
179587614
179590035
179592347
179594448
179596851
179599409
179601957
179604510
179607126
179609652
179612121
179614529
179617080
179619535
179622089
179624631
179627068
179629481
179631803
179634138
179636454
179639196
179641554
179644088
179646403
179648416
179650808
179653073
179655485
179658092
179660607
179663239
179665953
179668690
179671099
179673672
179676126
179678693
179681262
179683758
179685972
179687925
179689959
179691995
179694301
179696651
179699069
179701572
179704516
179707279
179709810
179712337
179715020
179717725
179720434
179722891
179725280
179728027
179730689
179733087
179735554
179738037
179740579
179743130
179745184
179747718
179750251
179752940
179755407
179757996
179760612
179763210
179765811
179768418
179770793
179773418
179775859
179778453
179781072
179783408
179785930
179788550
179790935
179793448
179795980
179798353
179800794
179803426
179805771
179808044
179810422
179812815
179814677
179816892
179819261
179821706
179824147
179826496
179829001
179831377
179833852
179836397
179838444
179840800
179843339
179845913
179848090
179850694
179853041
179855734
179858162
179860772
179863081
179865394
179867757
179870137
179872714
179875298
179877685
179880007
179882161
179883743
179886045
179888638
179891097
179893356
179895691
179898136
179900477
179902785
179905155
179907545
179909671
179912128
179914653
179917072
179919207
179921630
179924263
179926843
179929332
179931957
179934488
179937047
179940026
179942504
179944855
179947411
179950021
179952426
179954784
179957074
179959545
179961843
179964344
179966726
179969192
179971647
179974083
179976384
179978781
179981334
179983806
179986228
179988664
179991061
179993436
179996009
179998322
180000772
180003282
180005683
180008086
180010562
180012848
180015175
180017475
180019979
180022061
180024454
180026938
180029495
180031733
180034078
180036728
180039046
180041436
180044047
180046381
180048804
180051244
180053645
180056043
180058367
180061005
180063399
180065896
180068586
180071111
180073483
180075817
180078292
180080715
180083294
180085701
180088256
180090724
180093069
180094903
180097235
180099798
180102242
180104675
180107212
180109696
180112257
180114902
180117409
180119879
180122369
180124711
180126974
180129189
180131708
180134057
180136422
180138987
180141401
180143937
180146533
180148978
180151514
180153780
180155525
180157960
180160449
180163049
180165433
180167646
180170006
180172493
180174840
180176861
180179096
180181281
180183458
180185684
180187884
180190194
180192363
180194383
180196458
180198395
180200519
180202921
180205497
180208086
180210578
180213021
180215504
180217977
180220279
180222724
180225222
180227675
180229834
180231521
180233638
180235681
180238086
180240550
180242967
180245433
180248102
180250409
180252823
180255090
180257031
180259070
180261200
180263670
180266131
180268261
180270548
180272702
180274841
180277180
180279365
180282038
180284486
180286909
180289265
180291842
180294135
180296476
180298964
180301499
180303731
180305936
180308173
180310700
180313193
180315702
180318223
180320584
180323017
180325740
180328241
180330670
180332967
180335158
180337132
180339122
180341385
180343997
180346470
180348725
180351093
180353570
180356032
180358419
180360878
180363422
180365831
180368303
180370755
180373337
180376007
180378371
180380973
180383293
180385692
180388084
180390280
180392601
180395023
180397536
180399940
180402326
180404723
180407149
180409655
180412156
180414602
180416872
180419257
180421530
180424034
180426644
180429117
180431567
180433969
180436346
180438748
180441140
180443469
180445947
180448394
180450737
180453014
180455189
180457509
180459941
180462254
180464734
180467182
180469555
180472114
180474476
180476977
180479485
180481825
180484210
180486590
180489102
180491330
180493666
180496020
180498435
180500717
180502603
180504679
180507052
180509360
180511613
180513917
180516335
180518773
180521307
180523924
180526450
180528816
180531238
180533687
180536207
180538799
180541234
180543665
180546044
180548448
180550843
180553375
180555721
180558218
180560572
180563075
180565622
180568174
180570664
180573252
180575665
180578015
180580614
180583110
180585345
180587896
180590457
180592802
180595123
180597447
180599767
180602198
180604441
180606782
180609024
180611338
180613631
180615993
180618286
180620602
180623036
180625395
180627927
180630213
180632301
180634614
180637060
180639416
180641946
180644485
180646855
180649268
180651674
180654073
180656393
180658339
180660292
180662402
180664715
180667040
180669326
180671676
180674094
180676501
180678987
180681101
180683260
180685287
180687252
180689411
180691813
180694349
180696589
180698898
180701857
180703784
180706098
180708601
180710752
180712550
180714763
180717149
180719537
180721976
180724429
180726652
180728770
180731227
180733555
180736026
180738530
180740955
180743369
180745718
180748143
180750387
180753052
180755441
180757855
180759703
180761686
180763892
180766065
180768384
180770686
180773190
180775533
180778044
180780332
180782716
180785144
180787498
180789894
180792285
180794765
180797302
180799880
180802284
180804603
180807141
180809477
180811802
180814154
180816507
180819018
180821306
180823722
180826029
180828394
180830908
180833326
180835634
180838049
180840391
180842691
180845140
180847415
180849938
180852518
180854804
180857206
180859610
180862010
180864422
180866684
180869580
180873179
180875532
180877924
180880239
180882602
180885018
180887567
180889970
180892412
180894657
180896993
180899244
180901536
180903992
180906654
180909184
180911682
180913588
180915961
180917627
180919647
180921974
180924343
180926751
180928937
180931318
180933695
180935623
180937532
180939993
180942189
180944482
180946651
180948957
180951277
180953638
180955466
180957866
180960384
180962884
180965168
180967514
180969915
180972177
180974618
180977121
180979728
180981938
180984262
180986655
180989092
180991433
180993917
180996321
180998762
181001236
181003561
181005892
181008396
181010708
181013022
181015219
181017540
181019764
181022094
181023551
181026001
181028517
181030961
181033469
181035874
181038435
181041149
181043618
181045914
181047731
181049535
181051724
181053903
181056218
181058642
181061212
181063754
181066072
181068514
181071107
181073449
181075971
181078446
181081029
181083593
181086043
181088539
181089901
181091895
181094268
181096594
181099072
181101414
181103765
181105526
181107709
181110079
181112467
181114918
181117370
181119915
181122356
181124791
181127308
181129873
181132269
181134735
181137047
181139724
181142375
181144948
181147398
181150038
181152692
181155214
181158000
181160539
181163056
181165657
181168162
181170807
181173397
181175757
181178084
181180619
181182990
181185482
181188085
181190384
181192840
181195405
181197876
181200211
181202728
181205324
181207794
181210562
181212959
181215538
181218136
181220831
181223439
181225810
181228162
181230501
181233185
181235719
181238077
181240669
181243253
181245519
181247677
181249699
181251784
181254053
181256407
181258823
181261213
181263615
181266215
181268494
181270705
181273060
181275455
181277536
181279484
181281434
181283773
181286016
181288351
181290704
181293117
181295609
181298180
181300651
181303280
181305900
181308524
181311053
181313539
181315970
181318236
181320647
181323038
181325583
181328089
181330557
181332942
181335449
181337927
181340589
181343155
181345439
181347825
181350166
181352668
181355341
181357818
181360390
181362902
181365374
181367853
181370347
181372977
181375364
181377998
181380596
181383076
181385464
181387960
181390323
181392914
181395610
181398143
181400610
181403200
181405905
181408481
181411199
181413564
181416016
181418568
181421195
181423693
181426023
181427789
181430230
181432975
181435581
181438184
181440620
181442800
181445437
181448174
181450635
181453263
181455898
181458448
181461130
181463843
181466523
181469219
181471809
181474349
181476781
181479077
181481617
181483520
181485654
181488194
181490768
181493246
181495777
181498160
181500729
181503079
181505529
181507928
181510265
181512395
181514840
181517346
181519984
181522680
181525165
181527700
181530104
181532682
181535264
181537712
181540232
181542628
181545060
181547405
181549807
181552089
181554520
181556956
181559283
181561686
181564308
181566832
181569231
181571612
181574044
181576432
181578836
181581223
181583735
181586135
181588531
181591019
181593494
181595886
181598190
181600552
181602974
181605311
181607787
181610204
181612703
181615200
181617636
181620147
181622631
181625125
181627582
181630210
181632526
181635076
181637531
181639840
181642232
181644745
181647190
181649690
181652118
181654651
181657130
181659573
181662048
181664631
181667270
181669868
181672389
181674659
181677260
181679759
181682135
181684505
181686889
181689367
181691798
181694189
181696749
181699353
181701796
181704226
181706603
181709188
181711411
181713860
181716201
181718427
181720798
181723354
181725664
181727940
181730005
181732261
181733883
181736266
181738335
181740641
181743054
181745436
181747983
181750433
181752833
181755342
181757639
181759977
181762508
181764884
181767414
181769879
181772093
181774385
181776537
181779115
181781423
181783842
181785984
181788396
181790731
181792907
181795053
181797285
181799227
181801282
181803698
181806313
181808763
181811189
181813653
181816051
181818592
181821165
181823663
181826164
181828654
181831088
181833234
181835614
181838174
181840670
181843069
181845504
181847895
181850127
181852444
181854831
181857201
181859555
181861753
181864235
181866363
181868782
181871201
181873485
181875701
181877981
181880306
181882659
181884806
181886788
181888944
181891212
181893505
181895863
181898305
181900851
181903281
181905758
181908088
181910446
181912802
181915097
181917498
181919819
181922128
181924456
181926913
181929288
181931705
181934132
181936533
181938726
181941052
181943423
181945628
181947803
181950090
181952491
181954669
181956842
181958902
181961020
181963214
181965558
181967924
181970144
181972612
181974987
181977379
181979727
181982014
181984469
181986804
181989219
181991814
181994329
181996923
181999293
182001883
182004295
182006719
182009347
182011307
182013841
182016437
182018987
182021412
182024018
182026659
182029195
182031260
182033792
182036403
182039095
182041520
182044193
182046719
182049443
182052191
182054880
182056947
182058468
182060956
182063558
182066309
182068970
182071412
182074053
182076354
182078739
182081383
182083810
182086408
182088913
182091556
182094164
182096661
182099183
182101792
182104018
182106756
182109374
182111807
182114394
182116996
182119436
182121997
182124703
182127501
182130104
182132670
182135178
182137789
182140306
182142795
182145120
182147731
182150482
182153031
182155597
182158311
182160871
182163515
182166027
182168500
182171081
182173573
182176142
182178704
182181334
182183873
182186266
182188843
182191221
182193655
182196287
182198979
182201384
182203884
182206472
182208953
182211587
182214052
182216551
182219027
182221335
182223663
182226056
182228525
182230932
182233399
182235777
182238247
182240936
182243598
182246275
182248481
182251020
182253491
182256073
182258502
182260930
182263529
182266156
182268600
182271085
182273546
182276023
182278495
182280924
182283329
182285930
182288408
182290929
182293409
182295901
182298329
182300705
182303098
182305786
182308283
182310926
182313188
182315681
182317844
182320245
182322556
182325060
182327642
182329730
182332119
182334498
182336847
182339413
182341949
182344429
182347120
182349611
182352247
182354666
182357107
182359614
182361933
182364272
182366632
182368976
182371380
182373781
182376161
182378749
182380894
182382980
182384943
182386901
182388991
182391020
182392626
182395093
182397556
182399886
182401926
182404458
182406892
182409469
182412226
182414803
182417307
182419656
182422250
182424809
182427308
182429783
182432209
182434737
182437306
182439767
182441889
182444528
182446941
182449251
182451663
182454077
182456333
182458736
182461062
182463511
182465781
182468224
182470528
182472845
182474901
182477505
182480177
182482717
182485207
182487867
182490086
182492506
182494870
182497366
182499843
182502270
182504644
182507262
182509323
182510764
182513175
182515475
182517839
182520214
182522608
182524920
182527435
182529706
182532022
182534324
182536691
182539233
182541745
182544269
182546741
182548896
182551299
182553569
182555826
182558312
182560793
182563263
182565768
182568286
182570799
182573102
182575533
182577601
182580008
182582170
182584489
182586228
182588033
182590562
182592864
182595156
182597667
182600223
182602370
182604499
182606895
182609515
182611915
182614474
182616713
182619159
182621537
182623885
182626297
182628831
182631309
182633695
182635856
182638096
182640474
182642901
182645314
182647729
182649878
182652280
182654849
182657317
182659793
182662260
182664802
182667091
182669521
182671762
182674115
182676629
182679208
182681641
182684043
182686303
182688911
182691230
182693540
182695898
182698358
182700581
182703132
182705560
182707941
182710271
182712713
182715280
182717738
182720172
182722418
182724672
182727152
182729734
182732256
182734694
182737200
182739587
182741395
182742785
182745243
182747677
182750226
182752494
182754964
182757372
182759728
182762230
182764697
182767365
182769835
182772386
182774880
182777390
182780078
182782579
182785222
182787482
182789784
182792010
182794635
182797054
182799587
182801983
182804618
182807024
182809317
182812008
182814664
182817173
182819609
182822205
182824779
182827622
182830209
182832875
182835747
182838285
182839946
182841789
182843886
182845926
182848011
182850107
182852163
182854084
182856465
182858500
182860473
182862655
182864880
182867020
182869164
182871209
182873393
182875708
182878063
182880206
182882448
182884525
182886647
182888658
182890733
182893232
182895819
182898264
182900375
182902660
182904987
182907382
182909842
182912389
182914769
182917188
182919544
182922121
182924726
182926886
182929235
182931531
182933998
182936426
182938946
182941138
182943563
182945832
182948337
182950877
182952918
182954855
182957199
182959482
182962035
182964581
182966989
182969450
182971993
182974542
182977133
182979403
182981570
182983936
182986535
182989183
182991778
182994350
182996819
182999422
183001942
183004701
183007173
183009682
183012123
183014586
183016968
183019612
183022015
183023782
183025969
183028430
183030862
183033314
183035759
183038079
183040564
183043014
183045589
183048262
183050581
183052945
183055336
183057814
183060398
183062920
183065320
183067779
183070281
183072795
183075415
183077828
183080208
183082511
183085081
183087490
183089914
183092412
183094896
183097399
183099672
183102114
183104564
183107106
183109520
183111934
183114316
183116529
183118682
183121013
183123148
183125551
183127967
183130346
183132500
183134754
183137065
183139497
183141964
183144252
183146645
183148973
183150713
183153097
183155641
183158172
183160577
183162671
183165226
183167584
183169995
183172586
183175111
183177525
183180204
183182925
183185731
183188126
183190883
183193604
183196336
183198850
183201328
183203884
183206511
183208782
183211458
183213966
183216571
183218949
183221445
183223789
183226430
183228615
183231110
183233545
183235717
183237940
183240199
183242739
183245213
183247681
183250081
183252382
183254734
183257208
183259704
183262034
183264541
183266903
183269301
183271746
183273991
183276429
183278804
183280991
183283312
183285397
183287773
183290197
183292418
183294744
183297141
183299642
183302137
183304538
183307013
183309347
183311876
183314448
183316830
183319176
183321596
183323972
183326419
183328840
183331233
183333816
183336339
183338911
183341384
183343683
183345945
183348293
183350782
183353150
183355543
183357769
183360187
183362619
183364842
183367223
183369561
183371755
183374110
183376468
183378826
183381165
183383367
183385643
183388113
183390207
183392585
183394866
183397088
183399201
183401449
183403615
183405893
183408170
183410537
183412867
183415122
183417330
183419254
183421570
183423904
183426537
183428622
183431006
183433242
183435483
183437790
183440129
183442469
183445006
183447381
183449818
183452480
183455068
183457451
183459978
183462513
183465155
183467861
183470476
183472533
183474646
183477228
183479153
183481644
183484100
183486658
183488979
183491342
183493677
183495874
183498316
183500923
183503440
183505944
183508403
183511114
183513449
183515671
183517982
183520479
183522891
183525393
183527908
183530318
183532925
183535445
183537808
183540110
183542353
183544617
183546721
183549271
183551500
183553638
183555839
183558041
183560219
183562581
183564839
183567223
183569586
183572133
183574614
183577019
183579427
183581691
183583950
183586405
183588627
183590954
183593412
183596083
183598683
183601121
183603608
183606007
183608601
183611226
183613796
183616082
183618247
183620699
183623227
183625551
183627995
183630552
183632932
183635192
183637299
183640073
183642761
183645364
183647916
183650285
183652947
183655560
183657963
183660251
183662409
183664683
183667165
183669679
183672309
183675019
183677749
183680149
183682546
183684866
183687387
183690029
183692783
183695388
183698119
183700621
183703187
183705741
183708138
183710547
183712972
183715489
183718118
183720463
183723212
183725857
183728595
183731200
183733778
183736268
183738856
183741344
183743791
183746540
183748920
183751516
183753924
183756590
183759267
183762011
183764613
183767270
183770008
183772537
183774744
183777156
183779809
183782454
183785145
183787861
183790358
183793076
183795398
183797990
183800529
183803134
183805611
183807998
183810636
183813227
183815783
183818304
183820600
183823091
183825526
183827810
183830262
183832727
183835333
183837868
183840443
183842979
183845557
183847856
183850209
183852830
183855450
183857917
183860337
183862909
183865476
183867868
183870269
183872686
183875161
183877614
183880086
183882554
183884929
183887511
183890065
183892398
183895028
183897432
183899766
183902125
183904623
183906941
183909349
183911919
183914257
183916667
183919123
183921673
183924109
183926439
183928892
183931380
183933758
183936175
183938624
183940821
183943264
183945521
183947967
183950600
183953095
183955558
183958029
183960384
183962665
183964788
183967165
183969575
183972115
183974385
183976877
183979277
183981988
183984413
183987126
183989586
183992133
183994517
183996982
183999514
184001934
184004520
184006847
184009506
184011976
184014350
184016943
184019459
184022014
184024638
184027214
184029688
184032134
184034639
184036921
184038956
184041513
184044115
184046795
184049320
184051724
184053986
184056574
184059083
184061631
184064232
184066718
184069339
184071979
184074248
184076794
184079203
184081843
184084293
184086841
184089374
184091942
184094316
184096865
184099535
184102122
184104749
184107170
184109705
184111849
184114190
184116856
184119533
184121929
184124259
184126813
184129343
184131676
184133634
184135605
184137829
184140236
184142671
184145180
184147792
184150388
184152890
184155330
184157952
184160664
184163117
184165697
184168157
184170598
184173093
184175409
184177803
184180197
184182448
184184821
184187308
184189708
184192136
184194239
184196499
184198949
184201381
184203821
184206255
184208627
184211006
184213393
184215330
184217764
184220235
184222776
184225114
184227451
184229792
184231933
184234098
184236218
184238617
184241165
184243572
184245896
184248294
184250757
184253060
184255367
184257790
184260109
184262536
184265055
184267532
184269897
184272319
184274553
184277153
184279608
184282138
184284641
184286951
184289195
184291609
184294065
184296611
184299074
184301623
184304160
184306721
184309110
184311411
184313817
184316283
184318711
184321084
184323343
184325821
184328140
184330508
184332925
184335221
184337361
184339369
184341375
184343778
184346166
184348640
184351007
184353254
184355591
184358038
184360473
184362910
184365189
184367547
184369999
184372353
184374702
184377124
184379564
184381956
184384370
184386702
184388691
184391125
184393516
184396061
184398370
184400745
184403310
184405917
184408527
184411087
184413482
184415803
184418255
184420597
184423115
184425501
184427992
184430301
184432632
184435020
184437490
184439975
184442478
184444986
184447362
184449689
184452136
184454824
184457298
184459940
184462299
184464717
184467127
184469488
184471946
184474497
184476907
184479438
184481778
184484242
184486690
184488982
184491380
184493940
184496294
184498709
184501250
184503651
184505893
184508407
184511046
184513426
184515954
184518547
184520917
184523325
184525850
184528437
184530895
184533364
184535738
184538106
184540546
184543158
184545774
184548295
184550741
184553164
184555717
184558179
184560565
184563072
184565674
184568213
184570813
184573080
184575543
184577977
184580165
184582663
184585099
184587376
184589889
184592301
184594843
184597259
184599747
184602267
184604795
184607454
184610003
184612535
184614910
184617347
184619770
184622313
184624745
184627081
184629482
184631968
184634302
184636756
184639266
184641502
184643997
184646344
184648847
184651117
184653635
184656035
184658477
184660974
184663637
184666061
184668633
184671104
184673641
184675977
184678362
184680637
184682977
184685344
184687651
184690112
184692697
184694978
184697432
184700076
184702704
184705106
184707629
184710279
184712517
184714920
184717473
184719839
184722214
184724791
184727404
184729935
184732349
184734787
184737286
184739924
184742444
184745100
184747735
184750105
184752488
184754608
184756662
184759282
184761892
184764509
184767018
184769422
184771916
184774419
184776900
184779271
184781693
184784230
184786885
184789336
184791804
184794251
184796018
184798281
184800294
184802562
184804818
184806895
184809146
184811695
184814242
184816545
184818910
184821363
184823727
184826191
184828578
184830874
184833153
184835320
184837825
184840241
184842662
184845101
184847561
184851437
184853776
184856366
184858966
184861477
184863957
184866381
184868898
184871313
184873739
184876309
184878799
184881180
184883646
184885907
184888251
184890757
184893173
184895640
184898037
184900328
184902669
184904897
184907231
184909678
184912139
184914529
184917005
184919172
184921677
184924196
184926788
184929415
184931901
184934398
184936746
184939270
184941705
184943894
184946499
184949062
184951563
184953983
184956335
184958859
184961100
184963455
184965728
184968197
184970763
184973184
184975232
184977637
184979906
184982388
184984764
184987052
184989366
184991776
184994084
184996428
184998647
185000785
185002501
185004343
185006165
185008132
185010483
185012799
185015113
185017508
185019745
185022125
185024334
185026383
185028629
185031010
185033290
185035775
185038101
185040474
185042849
185045226
185046864
185049171
185051600
185053911
185055837
185058029
185060297
185062447
185064731
185067043
185069198
185071406
185073675
185075880
185077847
185080129
185082324
185084517
185086612
185088973
185091223
185093524
185095822
185098154
185100316
185102666
185104986
185107089
185109435
185111904
185114223
185116691
185119023
185121340
185123893
185126347
185128734
185131213
185133663
185136216
185138814
185141092
185143590
185146024
185148534
185150938
185153333
185155815
185157464
185159649
185161915
185164353
185166746
185169094
185171382
185173599
185175563
185177824
185180202
185182608
185184897
185187240
185189624
185191911
185194213
185196529
185198824
185201183
185203507
185205812
185208212
185210481
185212589
185214934
185217400
185219732
185221999
185224298
185226798
185229179
185231457
185233845
185236095
185238289
185240890
185243415
185245862
185248329
185250777
185252804
185254674
185256447
185258078
185260399
185262886
185265355
185267693
185270078
185272553
185274856
185277323
185279732
185282276
185284853
185287392
185290047
185292432
185294723
185297186
185299718
185301926
185304630
185307284
185309773
185312515
185315207
185317201
185319264
185321201
185323353
185326010
185328682
185331346
185333897
185336557
185339155
185341645
185344235
185346734
185349331
185352003
185354504
185357114
185359411
185361987
185364400
185366949
185369463
185371846
185374386
185376822
185378954
185380986
185382942
185384781
185387074
185389473
185392043
185394501
185397134
185399862
185402534
185404843
185407200
185409752
185412167
185414588
185416964
185419540
185421910
185424223
185426553
185429024
185431238
185433614
185435938
185438294
185440644
185442985
185445340
185447803
185450337
185452803
185455184
185457361
185459806
185462022
185464518
185466963
185469360
185471768
185474129
185476536
185478951
185481319
185483599
185485971
185488408
185490738
185493352
185495744
185498101
185500445
185502817
185505056
185507420
185509921
185512064
185514461
185516772
185519044
185521360
185523658
185525965
185528503
185530915
185533328
185535784
185538289
185540584
185542885
185545235
185547711
185550034
185552344
185554817
185557252
185559712
185562209
185564713
185567035
185569403
185571860
185574143
185576416
185578715
185580908
185583131
185585333
185587392
185589508
185591526
185593825
185596234
185598778
185601353
185603757
185606244
185608581
185610902
185613200
185615564
185617887
185620123
185622332
185624780
185627102
185629544
185631888
185634186
185636433
185638489
185640277
185642127
185643983
185646262
185648444
185650608
185652975
185655493
185657750
185660147
185662432
185664896
185667292
185669665
185672111
185674564
185677203
185679987
185682393
185684883
185687497
185689861
185692376
185694787
185697389
185699804
185702174
185704841
185707121
185708994
185710813
185712691
185714679
185717002
185719357
185721860
185724625
185726769
185729262
185731958
185734370
185736480
185738919
185741422
185743965
185746316
185748805
185751251
185753838
185756295
185758834
185761347
185763926
185766465
185769046
185771444
185774006
185776437
185778633
185780611
185782481
185784403
185786817
185789186
185791779
185794236
185796580
185798931
185801335
185803881
185806357
185808697
185811198
185813683
185816120
185818595
185821005
185823472
185825953
185828233
185830529
185832966
185835444
185837973
185840493
185842792
185845172
185847440
185849971
185852387
185854875
185857311
185859472
185861967
185864505
185866667
185868999
185871323
185873910
185876451
185878831
185881056
185883447
185885909
185887940
185889768
185891715
185893487
185895743
185898209
185900600
185902896
185905302
185907750
185910168
185912437
185914847
185917306
185919760
185922392
185924541
185926889
185929238
185931748
185933980
185936560
185938871
185941313
185943705
185946115
185948490
185950464
185952427
185954437
185956682
185958959
185961266
185963660
185965899
185968411
185970848
185973253
185975662
185977947
185980466
185982730
185985019
185987608
185989684
185992022
185994301
185996592
185998823
186001023
186003411
186005463
186007648
186010125
186012460
186014864
186016984
186019374
186021830
186024157
186026662
186029028
186031343
186033559
186036026
186038291
186040409
186042762
186045078
186047365
186049613
186051965
186054191
186056431
186058876
186061246
186063430
186065595
186067897
186070114
186072551
186074876
186077189
186079454
186081769
186084183
186086574
186088376
186090652
186092871
186095061
186097371
186099731
186102012
186104321
186106855
186109031
186111314
186113747
186115890
186118106
186120303
186122749
186124938
186127209
186129417
186131749
186133950
186136482
186138542
186140926
186143343
186145481
186147635
186150007
186152276
186154357
186156643
186158642
186160444
186162213
186164169
186166216
186168395
186170568
186172782
186175009
186177324
186179613
186182100
186184508
186186875
186189170
186191197
186193486
186195752
186198128
186200328
186202652
186205024
186207256
186209704
186211992
186214379
186216604
186218663
186221015
186223279
186225569
186227986
186230430
186232834
186235196
186237583
186239806
186242212
186244512
186246832
186249263
186251654
186253909
186256336
186258396
186260390
186262333
186264462
186266828
186269300
186271409
186273813
186276319
186278659
186281050
186283498
186286057
186288616
186290929
186293429
186295786
186298240
186300419
186302734
186304940
186306916
186308073
186309937
186312047
186314170
186316571
186318895
186321233
186323721
186325879
186327574
186329923
186332093
186334194
186336122
186338286
186340558
186342793
186344778
186346925
186349025
186351081
186353273
186355467
186357656
186359961
186362037
186364295
186366544
186368769
186371017
186373173
186375197
186377158
186379431
186381675
186383847
186386099
186388464
186390717
186392946
186395174
186397471
186399692
186401700
186403851
186406224
186408632
186410881
186413265
186415519
186417800
186420069
186422134
186424465
186426874
186429395
186431766
186434239
186436799
186439208
186441812
186444252
186446574
186449036
186451431
186454002
186456141
186458749
186460939
186463610
186465911
186468298
186470776
186473540
186475976
186478526
186481074
186483617
186486253
186488948
186491218
186493724
186496217
186498534
186501122
186503648
186506085
186508329
186510559
186512876
186515154
186517505
186519977
186522437
186524860
186527044
186529547
186531852
186534176
186536608
186539079
186541282
186543469
186545732
186547949
186550086
186552293
186554536
186556816
186559204
186561433
186563879
186566213
186568751
186571184
186573579
186575949
186578221
186580607
186582866
186585070
186587355
186589551
186591767
186594108
186596448
186598591
186600729
186602816
186605251
186607523
186609988
186612434
186614852
186617148
186619513
186621911
186624223
186626362
186628893
186631300
186633472
186635920
186638046
186640107
186642094
186644280
186646696
186649130
186651446
186653466
186655678
186657939
186660219
186662395
186664409
186666550
186668825
186670808
186673117
186675297
186677373
186679501
186681589
186684082
186686394
186688722
186691005
186693264
186695450
186697629
186699754
186702021
186704372
186706830
186709096
186711149
186713365
186715493
186717779
186720037
186722338
186724526
186726581
186728752
186730805
186732968
186735213
186737516
186739732
186741821
186744047
186746315
186748299
186750450
186752548
186754701
186756803
186759073
186761151
186763290
186765398
186767566
186769782
186772075
186774224
186776348
186778501
186780630
186782827
186784977
186787163
186789466
186791708
186793887
186796326
186798477
186800697
186802853
186805023
186807313
186809495
186811592
186813581
186815873
186818026
186820256
186822450
186824755
186826973
186828830
186831084
186833481
186835851
186837898
186840071
186842318
186844637
186846909
186849235
186851673
186854078
186856434
186858348
186860514
186862737
186864994
186867280
186869542
186871546
186873856
186876216
186878326
186880591
186883076
186885246
186887662
186889938
186892203
186894356
186896774
186899142
186901515
186903742
186906120
186908456
186910615
186912731
186914919
186917116
186919364
186921545
186923851
186926038
186928379
186930817
186933085
186935389
186937714
186940072
186942415
186944776
186947091
186949435
186951802
186954247
186956634
186959026
186961583
186963929
186966228
186968568
186970882
186973201
186975709
186978133
186980351
186982919
186985355
186987802
186990275
186992763
186995271
186997631
186999977
187002266
187004513
187006594
187008842
187011260
187013821
187016405
187018907
187021421
187023661
187025898
187028189
187030554
187033051
187035481
187037929
187040516
187043029
187045179
187047537
187049862
187052278
187054565
187056867
187059198
187061525
187063932
187066337
187068582
187070856
187072925
187074797
187077369
187079774
187082156
187084584
187086939
187089396
187091628
187093923
187096259
187098786
187101227
187103627
187106223
187108578
187110991
187113240
187115539
187118045
187120429
187122850
187125194
187127565
187130074
187132386
187134727
187137031
187139182
187141214
187143037
187145119
187147223
187149603
187151861
187154249
187156593
187159017
187161418
187163779
187166027
187168442
187170674
187172951
187175131
187177342
187179418
187181731
187183907
187186242
187188555
187190933
187193347
187195690
187197856
187200127
187202382
187204745
187207015
187209321
187211559
187213990
187216449
187218715
187221111
187223462
187225726
187228213
187230696
187232927
187235236
187237606
187239886
187242403
187244626
187246892
187249088
187251340
187253713
187255982
187258302
187260536
187262883
187265379
187267707
187270069
187272304
187274543
187276669
187279097
187281437
187283596
187285944
187288325
187290757
187292918
187295122
187297383
187299793
187302025
187304092
187306352
187308550
187310904
187313215
187315544
187317730
187319884
187322237
187324579
187326973
187329339
187331708
187333742
187335882
187338261
187340645
187342941
187345666
187349381
187351153
187353390
187355617
187357976
187360449
187362717
187365041
187367046
187369484
187371667
187374160
187376646
187379102
187381546
187383953
187386377
187388723
187391129
187393493
187395879
187398159
187400306
187402612
187404929
187407325
187409730
187412249
187414688
187416950
187419293
187421616
187423984
187426147
187428531
187430947
187433239
187435539
187438017
187440320
187442729
187445099
187447540
187449975
187452488
187455008
187457317
187459643
187462152
187464648
187467035
187469374
187471679
187474011
187476504
187478825
187481158
187483413
187485780
187488213
187490462
187492717
187494926
187498378
187500828
187503056
187505372
187507602
187509927
187512214
187514612
187516713
187518967
187521307
187523507
187525886
187528298
187530486
187532826
187534978
187537231
187539488
187541411
187543269
187545433
187547766
187549989
187552088
187554347
187556615
187558796
187561096
187563536
187565917
187568389
187570662
187573066
187575445
187577807
187580224
187582428
187584939
187587195
187589602
187591945
187594333
187596496
187598319
187603257
187605272
187607588
187609740
187612050
187614301
187616101
187617688
187619964
187622110
187624428
187626642
187628968
187631286
187633455
187635456
187637579
187639854
187642064
187644513
187646917
187649243
187651699
187654089
187656615
187658970
187661321
187663677
187665987
187668356
187670777
187673253
187675598
187677914
187680089
187682632
187684969
187687393
187689658
187692111
187694469
187696795
187699298
187701616
187703857
187705902
187708192
187710433
187712761
187714855
187717137
187719226
187721414
187723716
187725928
187728094
187730234
187732522
187734746
187736905
187739076
187741362
187743615
187745984
187748555
187751367
187754209
187756516
187758395
187760457
187762653
187764864
187767042
187769121
187771394
187773680
187776030
187778499
187780965
187783490
187785877
187788192
187790417
187792595
187795012
187797514
187799871
187802176
187804316
187806134
187807944
187809861
187812193
187814426
187816835
187819113
187821408
187823498
187825344
187827327
187829558
187831500
187833715
187836007
187838287
187840794
187843179
187845502
187847893
187850249
187852163
187854514
187856733
187858995
187861280
187863519
187865669
187867972
187870206
187872718
187874943
187877242
187879569
187881873
187884160
187886473
187888926
187890966
187893344
187895606
187897927
187900398
187902776
187905202
187907478
187909749
187912038
187914453
187916839
187919271
187921713
187923997
187926408
187928794
187931197
187933482
187935602
187937896
187940212
187942484
187944730
187947016
187949243
187951479
187953785
187955907
187958240
187960408
187962637
187964702
187967068
187969170
187971495
187973705
187975877
187978170
187980382
187982529
187984723
187986908
187989195
187991479
187993733
187995968
187998395
188000796
188002960
188005236
188007456
188009861
188012124
188013755
188015959
188018235
188020469
188022759
188024994
188027175
188029460
188031581
188033372
188035377
188037522
188039802
188042154
188044424
188046746
188049119
188051390
188053788
188056130
188058351
188060621
188062913
188065120
188067436
188069641
188071973
188074235
188076426
188078762
188080980
188083259
188085353
188087399
188089551
188091794
188094117
188096308
188098490
188100755
188102968
188105198
188107418
188109733
188112000
188114233
188116312
188118719
188120926
188123162
188125539
188127833
188130107
188132264
188134579
188136846
188139270
188141588
188143789
188146131
188148394
188150639
188152890
188155069
188157338
188159624
188161940
188164193
188166465
188168689
188170992
188173197
188175446
188177503
188179659
188181777
188183960
188186200
188188490
188190841
188193050
188195219
188197403
188199647
188201936
188204271
188206644
188208716
188210794
188212877
188215134
188217479
188219889
188222289
188224520
188226663
188228985
188231173
188233282
188235476
188237651
188239599
188242023
188244368
188246564
188248798
188250825
188253041
188255183
188257473
188259581
188261739
188263769
188266077
188268344
188270580
188272931
188275065
188277344
188279586
188281878
188284046
188286390
188288727
188290961
188293192
188295516
188297923
188300356
188302601
188304958
188307040
188309492
188311581
188314018
188316270
188318492
188320849
188323010
188325250
188327425
188329684
188332024
188334457
188336771
188339037
188341317
188343475
188345429
188347649
188349941
188352258
188354422
188356569
188358951
188361275
188363555
188365987
188368275
188370647
188372983
188375087
188377250
188379347
188381731
188384057
188386404
188388602
188390793
188392954
188395310
188397562
188399769
188401946
188404192
188406517
188408765
188410991
188413208
188415448
188417673
188419750
188421861
188424234
188426341
188428602
188430927
188433216
188435538
188437687
188439866
188442244
188444482
188446805
188448931
188450960
188453206
188455488
188457714
188459936
188462059
188464530
188466919
188469318
188471549
188473707
188475932
188478203
188480475
188482667
188484865
188487091
188489265
188491499
188493649
188495820
188497993
188500016
188502151
188504237
188506316
188508453
188510694
188512760
188515035
188517227
188519303
188521316
188523459
188525589
188527681
188529822
188531935
188534086
188536430
188538636
188540900
188543107
188545285
188547334
188549554
188551705
188553985
188556141
188558222
188560207
188562287
188564347
188566491
188568660
188571514
188573783
188576048
188578229
188580432
188582556
188584838
188586902
188589088
188591161
188593296
188595271
188597365
188599581
188601709
188603832
188605884
188607925
188610000
188612061
188614160
188616275
188618531
188620747
188622883
188624849
188626948
188628949
188631109
188633158
188635407
188637455
188639689
188641974
188644247
188646447
188648672
188650806
188652975
188654971
188657222
188659412
188661615
188663832
188666015
188668288
188670361
188672565
188674659
188676892
188679020
188681063
188683221
188685377
188687533
188689842
188691942
188693906
188696019
188697942
188700177
188702380
188704656
188706884
188709020
188711213
188713595
188715757
188717973
188720109
188722201
188724538
188726819
188728880
188731187
188733353
188735726
188738053
188740258
188742451
188744666
188746950
188749304
188751366
188753035
188754707
188756434
188758177
188760377
188762691
188764983
188767275
188769472
188771785
188774027
188776245
188778401
188780658
188783048
188785306
188787713
188789968
188792187
188794425
188796618
188798766
188801006
188803243
188805447
188807687
188809951
188812122
188814039
188815698
188817776
188820103
188822412
188824806
188827211
188829421
188831601
188833882
188836044
188838198
188840112
188841898
188844258
188846578
188848363
188850505
188852764
188855103
188857309
188859029
188861055
188863274
188865349
188867575
188869736
188871973
188874066
188876228
188878441
188880753
188882974
188885208
188887211
188889444
188891669
188893802
188895903
188897723
188899851
188901759
188904100
188906373
188908645
188910871
188913146
188915387
188917560
188919684
188921955
188924175
188926200
188928346
188930684
188932899
188935131
188937229
188939301
188941469
188943601
188945795
188947998
188950096
188952373
188954447
188956623
188958902
188961143
188963277
188965496
188967749
188969860
188971998
188974141
188976075
188978241
188980234
188982351
188984432
188986444
188988519
188990804
188993078
188995372
188997348
188999471
189001282
189003394
189005567
189007577
189009664
189011732
189013922
189016119
189018250
189020326
189022565
189024451
189026501
189028604
189030823
189032695
189034782
189037015
189039302
189041486
189043628
189045723
189047822
189049830
189051963
189054190
189056245
189058410
189060517
189062627
189064634
189066638
189068731
189070862
189072852
189074904
189077067
189079052
189081102
189083223
189085444
189087489
189089664
189091628
189093399
189095480
189097559
189099601
189101675
189103751
189105778
189107860
189110022
189112160
189114330
189116475
189118518
189120663
189122798
189125081
189127315
189129334
189131540
189133772
189135982
189138023
189139969
189141904
189144041
189146351
189148599
189150708
189152996
189155261
189157571
189159830
189162036
189164236
189166402
189168677
189170881
189173190
189175399
189177738
189179960
189182253
189184539
189186851
189189122
189191238
189193246
189195353
189197734
189199993
189202295
189204344
189206505
189208562
189210397
189212355
189214475
189216592
189218959
189221271
189223472
189225471
189227160
189229468
189231698
189233810
189236069
189238282
189240494
189242551
189244693
189246959
189249160
189251294
189253598
189255707
189257917
189260171
189262312
189264408
189335684
189337838
189340128
189342405
189344636
189346716
189348912
189351248
189353531
189355668
189357955
189360144
189362336
189364376
189366204
189368194
189370469
189372627
189374742
189376779
189378839
189381063
189383310
189385571
189387660
189389964
189392154
189394386
189396619
189398646
189400613
189402783
189404981
189407131
189409332
189411480
189413367
189415288
189417398
189419608
189421963
189424092
189426291
189428465
189430673
189432845
189434948
189437101
189439481
189441760
189443911
189446041
189448161
189450377
189452652
189454847
189457052
189459400
189461492
189463735
189465885
189468001
189469811
189471513
189473087
189474826
189476937
189479191
189481390
189483419
189485449
189487710
189489930
189492165
189494333
189496505
189498630
189500890
189503180
189505336
189507530
189509773
189512027
189514185
189516354
189518482
189520709
189522712
189525005
189527198
189529571
189531964
189534195
189536436
189538677
189540753
189542949
189545339
189547667
189549895
189552243
189554509
189556836
189559218
189561249
189562831
189564904
189567063
189569207
189571409
189573455
189575577
189577828
189580144
189582522
189584745
189587056
189589207
189591451
189593621
189595857
189598034
189600236
189602460
189604592
189606860
189609213
189611402
189613671
189615890
189618075
189620295
189622526
189624671
189626883
189629163
189631311
189633530
189635606
189637824
189640057
189642510
189644850
189646992
189649276
189651406
189653660
189655939
189658358
189660723
189662965
189665281
189667558
189669799
189672180
189674507
189676950
189679395
189681732
189684106
189686377
189688535
189690918
189693230
189695531
189697532
189699732
189702129
189704493
189706789
189708924
189711168
189713369
189715661
189717900
189719750
189721974
189724327
189726503
189728613
189730832
189733154
189735285
189737356
189739597
189741924
189744204
189746349
189748646
189750938
189753110
189755245
189757041
189758903
189760659
189762582
189764703
189766978
189769234
189771515
189773687
189775900
189778223
189780441
189782558
189784887
189787041
189789132
189791429
189793686
189795909
189798031
189800219
189802375
189804755
189806971
189809345
189811616
189813796
189815946
189818288
189820367
189822640
189824800
189827072
189829114
189831112
189833338
189835567
189837788
189840087
189842131
189844424
189846599
189848744
189850933
189853165
189855231
189857312
189859501
189861699
189863961
189866144
189868358
189870481
189872682
189874884
189877170
189879347
189881337
189883483
189885535
189887694
189889772
189891967
189894118
189896126
189898267
189900516
189902754
189904885
189907107
189909330
189911220
189913361
189915426
189917456
189919553
189921754
189923872
189925931
189928040
189930194
189932420
189934555
189936622
189938623
189940777
189942964
189945120
189947207
189949350
189951517
189953632
189955876
189958199
189960398
189962588
189964786
189966839
189968922
189971059
189973152
189975226
189977367
189979406
189981561
189983707
189985865
189987940
189990092
189992202
189994307
189996537
189998753
190001084
190003264
190005359
190007466
190009528
190011624
190013688
190015799
190017902
190019742
190021756
190023868
190025865
190027854
190029844
190032049
190034049
190036164
190038262
190040287
190042311
190044442
190046452
190048540
190050686
190052727
190054782
190056978
190058971
190061034
190063128
190065198
190067290
190069501
190071346
190073258
190075221
190077153
190079193
190081299
190083383
190085401
190087583
190089681
190091741
190094003
190096219
190098218
190099584
190101707
190103874
190106042
190108170
190110394
190112582
190114760
190117006
190119148
190121244
190123270
190125535
190127820
190129993
190132071
190134188
190136313
190138444
190140580
190142661
190144794
190146865
190148814
190150918
190152926
190155047
190157197
190159285
190161214
190163402
190165453
190167443
190169751
190171896
190173902
190175961
190177981
190180117
190182402
190184584
190186583
190188666
190190740
190192829
190195018
190197077
190198998
190200989
190203005
190205074
190207173
190209231
190211393
190213658
190215918
190218181
190220366
190222398
190224508
190226465
190228502
190230619
190232838
190234806
190237042
190239372
190241431
190243503
190245697
190247864
190249910
190252085
190254081
190256068
190258107
190260120
190262329
190264434
190266392
190268477
190270503
190272420
190274287
190276203
190278049
190279994
190281958
190284086
190286283
190288410
190290471
190292582
190294756
190296881
190298970
190300840
190302858
190304934
190307036
190309005
190311129
190313125
190315277
190317396
190319635
190321737
190323819
190326039
190328015
190330100
190332221
190334254
190336348
190338366
190340409
190342518
190344621
190346767
190348928
190350980
190353078
190355243
190357428
190359312
190361339
190363511
190365664
190367602
190369714
190371808
190373930
190376051
190378225
190380350
190382396
190384379
190386198
190388300
190390415
190392570
190394706
190396888
190398929
190401173
190403226
190405316
190407418
190409399
190411468
190413496
190415638
190417760
190419876
190421989
190424346
190426482
190428609
190430749
190432972
190435064
190437188
190439365
190441575
190443654
190445525
190447613
190449693
190451811
190453700
190455718
190457654
190459558
190461527
190463669
190465736
190467741
190469714
190471674
190473726
190475717
190477632
190479657
190481723
190483504
190485576
190487609
190489627
190491764
190493942
190496170
190498303
190500376
190502568
190504717
190506739
190509000
190511023
190513075
190515141
190517360
190519454
190521476
190523579
190525670
190527803
190529883
190531961
190534065
190536166
190538156
190540317
190542339
190544448
190546529
190548550
190550668
190552832
190554976
190556881
190559012
190561065
190563099
190565106
190567101
190569147
190571103
190573100
190575104
190577181
190579153
190581271
190583377
190585452
190587655
190589720
190591785
190593954
190595962
190598106
190600270
190602342
190604505
190606448
190608536
190610471
190612460
190614479
190616556
190618529
190620539
190622618
190624661
190626813
190628999
190630997
190633079
190635147
190637320
190639447
190641548
190643598
190645525
190647560
190649600
190651524
190653500
190655587
190657763
190659876
190662125
190664246
190666559
190668669
190670673
190672702
190674734
190676874
190678970
190681145
190683357
190685431
190687512
190689632
190691513
190693413
190695370
190697535
190699711
190701919
190704110
190706306
190708233
190710366
190712486
190714634
190716797
190718815
190720883
190723117
190725196
190727366
190729407
190731220
190733129
190734908
190736824
190738759
190740724
190742835
190744942
190747035
190749159
190751291
190753348
190755462
190757663
190759801
190762031
190764154
190766444
190768578
190770762
190772731
190774942
190777221
190779424
190781627
190783733
190785828
190787893
190789969
190792128
190794249
190796337
190798567
190800671
190802899
190804875
190806975
190809135
190811220
190813333
190815378
190817455
190819585
190821828
190823938
190826252
190828411
190830533
190832611
190834712
190836876
190839032
190841101
190843269
190845413
190847590
190849919
190852070
190854178
190856370
190858340
190860329
190862513
190864595
190866805
190869118
190871425
190873583
190875942
190878213
190880450
190882716
190884994
190887222
190889513
190891673
190893718
190896098
190898293
190900497
190902869
190905168
190907425
190909737
190911871
190913955
190915952
190917892
190919802
190922058
190924264
190926411
190928654
190930841
190932966
190935088
190937317
190939620
190941558
190943693
190945751
190947934
190950202
190952407
190954712
190956887
190959206
190961327
190963512
190965659
190967892
190970015
190972109
190974059
190976188
190978443
190980516
190982699
190984690
190986897
190989150
190991198
190993529
190995709
190998086
191000328
191002392
191004576
191006778
191009136
191011411
191013584
191015822
191018066
191020358
191022614
191024816
191026489
191028664
191030780
191032948
191035263
191037484
191039469
191041331
191043447
191045773
191047967
191050208
191052610
191054921
191057167
191059238
191061236
191063228
191065117
191067266
191069337
191071309
191073262
191075465
191077726
191079638
191081878
191083997
191086194
191088379
191090107
191092516
191094724
191096847
191099075
191101265
191103673
191106034
191108380
191110661
191112931
191115308
191117618
191119976
191122241
191124393
191126695
191128853
191131109
191133361
191135706
191138224
191140641
191143116
191145482
191147926
191150319
191152236
191154715
191157101
191159286
191161377
191163616
191165838
191168103
191170365
191172560
191174733
191176997
191179256
191181497
191183703
191185965
191188170
191190512
191192657
191194990
191197144
191199379
191201532
191203576
191205712
191208011
191210152
191212434
191214625
191216922
191219066
191221205
191223407
191225653
191227894
191230085
191232309
191234562
191236726
191238935
191241263
191243348
191245579
191247678
191249892
191252128
191254315
191256486
191258637
191260671
191262872
191265217
191267460
191269753
191271981
191274199
191276399
191278666
191280842
191283143
191285341
191287515
191289670
191291874
191294090
191296468
191298643
191300850
191303141
191305469
191307671
191309968
191312399
191314793
191317053
191319218
191321433
191323592
191325848
191328130
191330392
191332680
191334866
191337114
191339363
191341593
191343831
191345994
191348359
191350522
191352925
191355069
191357360
191359660
191362045
191364042
191366389
191368571
191370848
191373055
191375069
191377146
191379317
191381530
191383738
191385957
191388176
191390541
191392816
191395092
191397291
191399516
191401705
191404057
191406249
191408518
191410992
191413311
191415436
191417619
191419825
191422131
191424470
191426824
191429210
191431646
191433728
191435851
191438072
191440245
191442414
191444332
191446321
191448296
191450236
191452612
191454879
191457215
191459429
191461635
191463768
191465972
191468163
191470596
191472788
191474842
191476939
191479301
191481442
191483812
191486103
191488479
191490706
191493025
191495168
191497589
191499894
191502314
191504505
191506843
191508933
191511211
191513233
191515527
191517677
191520041
191522431
191524817
191526948
191529291
191531619
191533823
191536112
191538390
191540561
191542832
191544954
191547236
191549664
191551809
191554244
191556613
191558919
191561239
191563522
191565788
191568045
191570256
191572341
191574574
191576864
191579028
191581191
191583178
191585341
191587734
191590081
191592422
191594802
191596814
191599076
191601466
191603903
191606388
191608768
191610990
191613317
191615460
191617701
191620144
191622374
191624342
191626649
191628765
191631200
191633650
191635885
191638128
191640509
191642935
191645193
191647574
191649686
191651908
191654233
191656483
191658733
191660882
191663213
191665490
191667801
191670087
191672575
191674949
191677214
191679454
191681631
191683873
191686222
191688641
191690961
191693475
191695688
191698024
191700401
191702720
191704936
191707261
191709709
191712019
191714490
191716898
191719143
191721465
191723852
191726222
191728595
191730944
191732787
191735203
191737703
191740066
191742399
191744779
191747176
191749451
191751798
191753996
191756358
191758497
191760726
191763117
191765348
191767522
191769701
191772001
191774305
191776488
191778803
191781193
191783548
191785937
191788463
191790912
191793444
191795643
191797992
191800184
191802272
191804544
191806900
191809218
191811516
191813832
191816081
191818421
191820807
191823275
191825336
191827548
191829539
191831698
191833673
191835877
191838180
191840397
191842808
191845382
191847496
191849789
191851989
191854362
191856784
191859132
191861430
191863827
191866150
191868494
191870949
191873286
191875780
191878124
191880421
191882822
191885358
191887854
191890317
191892592
191895155
191897458
191899940
191902292
191904609
191907009
191909015
191911282
191913567
191915994
191918204
191920617
191923051
191925173
191927328
191929626
191931830
191933983
191935999
191938219
191940545
191942689
191945001
191947259
191949787
191952029
191954244
191956632
191958865
191961068
191963357
191965680
191967980
191970339
191972612
191974769
191977155
191979392
191981682
191983999
191986307
191988548
191990798
191993102
191995404
191997771
192000133
192002213
192003695
192005852
192008186
192010407
192012685
192015061
192017339
192019353
192021567
192023768
192025968
192028136
192030328
192032474
192034760
192036940
192039054
192041269
192043435
192045527
192047832
192049822
192052132
192054474
192056508
192058961
192061182
192063469
192065804
192068042
192070423
192072593
192074906
192077166
192079473
192081902
192084111
192086226
192088535
192090875
192093013
192094937
192097021
192099079
192101270
192103265
192105532
192107769
192109999
192112301
192114654
192116722
192119069
192121344
192123742
192125922
192128377
192130793
192133143
192135311
192137510
192139700
192142136
192144351
192146529
192148750
192150872
192153164
192155631
192157912
192160005
192162073
192164351
192166620
192169011
192171378
192173590
192175963
192178170
192180463
192182646
192184717
192187105
192189433
192191532
192193836
192196130
192198505
192200738
192202821
192205090
192207253
192209543
192211741
192213934
192216182
192218392
192220555
192222892
192224871
192227095
192229406
192231709
192234088
192236481
192238727
192241091
192243417
192245544
192247797
192249938
192252091
192254393
192256708
192258829
192261221
192263448
192265668
192267885
192270223
192272649
192275044
192277448
192279767
192282136
192284321
192286479
192288679
192290966
192293184
192295296
192297595
192300004
192302501
192304898
192307218
192309444
192311721
192314091
192316425
192318700
192321005
192323415
192325704
192328043
192330296
192332557
192334801
192337161
192339494
192341780
192343969
192346322
192348661
192350985
192353148
192355455
192357767
192360158
192362628
192364949
192367101
192369462
192371877
192374213
192376673
192378959
192381311
192383660
192386109
192388355
192390709
192393052
192395361
192397927
192400434
192402943
192405190
192407675
192410030
192412277
192414306
192416398
192418792
192421064
192423460
192425681
192427936
192430319
192432530
192434811
192437216
192439586
192441994
192444413
192446705
192449014
192451395
192453869
192456295
192458750
192461195
192463599
192465916
192468424
192470881
192473339
192475788
192478297
192480710
192482514
192484446
192486664
192488893
192491211
192493677
192495929
192498235
192500192
192502086
192504037
192505815
192507491
192509714
192512171
192514731
192517011
192519481
192522048
192524414
192526833
192529289
192531679
192533794
192536240
192538607
192541200
192543706
192546174
192548759
192551357
192553905
192556397
192558727
192561153
192563643
192566257
192568787
192571240
192573832
192576287
192578374
192580690
192583067
192585334
192587834
192590195
192592487
192595028
192597415
192599883
192602339
192604798
192607115
192609518
192612183
192614623
192617186
192619583
192621788
192623854
192626081
192628544
192631195
192633773
192636242
192638782
192641311
192643693
192645951
192648370
192650952
192653395
192655793
192658176
192660384
192662679
192664778
192666894
192669140
192671628
192674194
192676626
192679169
192681671
192683930
192686014
192688223
192690712
192693162
192695507
192697885
192700283
192702918
192705494
192707771
192710505
192713140
192715627
192717885
192720399
192722870
192725210
192727648
192730203
192732841
192735343
192737861
192740180
192742631
192745360
192747814
192750363
192752222
192753851
192756308
192758841
192761586
192764255
192766805
192769488
192772082
192774575
192777094
192779382
192781923
192784367
192786958
192789659
192792206
192794919
192797364
192799798
192802695
192805339
192807856
192809824
192812030
192814429
192817082
192819581
192821977
192824184
192826812
192829327
192831788
192834062
192836625
192839141
192841596
192844087
192846527
192849182
192851647
192854382
192856567
192858066
192860574
192863062
192865678
192868162
192870844
192873392
192875976
192878583
192881089
192883298
192885835
192888485
192890948
192893341
192895543
192897970
192900453
192902999
192905498
192907915
192910246
192912475
192914903
192917556
192920108
192922601
192925136
192927505
192930007
192932519
192935036
192937532
192940139
192942695
192945259
192947690
192950139
192952767
192955052
192957555
192960069
192962234
192964758
192967476
192969985
192972543
192975045
192977527
192979911
192982404
192984773
192987070
192989342
192991892
192994412
192997078
192999634
193002104
193004596
193007153
193009579
193011927
193014464
193016956
193019455
193021876
193024235
193026762
193029071
193031394
193033811
193036292
193038601
193040965
193043313
193045807
193048287
193050727
193053213
193055795
193058496
193060123
193062357
193064775
193067210
193069542
193071738
193073976
193076170
193078537
193080903
193083197
193085544
193088113
193090436
193092974
193095386
193097841
193100283
193102738
193105088
193106923
193109373
193111759
193114275
193116724
193119052
193121470
193122809
193124938
193127128
193129340
193131390
193133659
193135688
193137888
193140077
193142118
193144335
193146490
193148647
193150836
193152925
193155335
193157724
193160071
193162106
193163893
193166190
193168498
193170730
193173009
193175427
193177521
193179779
193181826
193184231
193186599
193188818
193191138
193193325
193195603
193197894
193200149
193202415
193204513
193206744
193209017
193211332
193213501
193215692
193217961
193220236
193222455
193224595
193226775
193229195
193231436
193233605
193235814
193237852
193240039
193242301
193244571
193246829
193249203
193251186
193253510
193255943
193258254
193260327
193262460
193264818
193267184
193269571
193271999
193274529
193276932
193279263
193281538
193283825
193286149
193288444
193290938
193293581
193295997
193298545
193300807
193303255
193305707
193308100
193310675
193313128
193315550
193318083
193320614
193323097
193325505
193328048
193330538
193333022
193335529
193337965
193340442
193343027
193345522
193348075
193350532
193353243
193355629
193358178
193360628
193363098
193365621
193367912
193370271
193372630
193375087
193377641
193380126
193382416
193384743
193387010
193389430
193392051
193394806
193396980
193399507
193401932
193404650
193407224
193409709
193412222
193414950
193417529
193420010
193422642
193425230
193427711
193430142
193432570
193434794
193437033
193439169
193441546
193443872
193445916
193447928
193450211
193452452
193454904
193457313
193459828
193462429
193464866
193467209
193469617
193472228
193474564
193476764
193478889
193481136
193483519
193485773
193487931
193490148
193492487
193494931
193497395
193499755
193502090
193504377
193506712
193509020
193511240
193513492
193515793
193518000
193520192
193522359
193524637
193526954
193529219
193531446
193533432
193535663
193537769
193539681
193541870
193543934
193546174
193548433
193550686
193552758
193555078
193557312
193559456
193561619
193563780
193565386
193567502
193569622
193571802
193573950
193576201
193578395
193580624
193582840
193584978
193587149
193589219
193591383
193593672
193595943
193598286
193600503
193602674
193604911
193607028
193609099
193611318
193613571
193615844
193618027
193620129
193622268
193624476
193626670
193629046
193631316
193633566
193635849
193638014
193640264
193642311
193644451
193646642
193648836
193650922
193653165
193655381
193657410
193659605
193661848
193664075
193666337
193668429
193670695
193672875
193674956
193677144
193679247
193681419
193683583
193685727
193687951
193690014
193692081
193694316
193696624
193698822
193701078
193703404
193705818
193708101
193710295
193712403
193714551
193716473
193718266
193721017
193724225
193726095
193728196
193730408
193732620
193734855
193737142
193739308
193741706
193743854
193746182
193748551
193750487
193752755
193754986
193757097
193759308
193761349
193763538
193765776
193767973
193770169
193772452
193774704
193776753
193778792
193781010
193783194
193785439
193787671
193789925
193792199
193794400
193796523
193798832
193801055
193803051
193805061
193807223
193809467
193811698
193814030
193816264
193818416
193820568
193822808
193825075
193827122
193829246
193831348
193833283
193835475
193837496
193839646
193841791
193843875
193846097
193848264
193850407
193852491
193854599
193856828
193859096
193861359
193863192
193865383
193867489
193869446
193871340
193873188
193874969
193876768
193878648
193880705
193882841
193885111
193887467
193889618
193891847
193894094
193896467
193898827
193901114
193903591
193905791
193908148
193910430
193912758
193914954
193917282
193919168
193921269
193923681
193926009
193928213
193930539
193932773
193935063
193937470
193939804
193941907
193944121
193946454
193948583
193950785
193952919
193955108
193957407
193959393
193961620
193963833
193966041
193968315
193970709
193972832
193975035
193977423
193979748
193982167
193984695
193986829
193989120
193991264
193993469
193995768
193998109
194000332
194002364
194004473
194006785
194009122
194011312
194013431
194015544
194017315
194019131
194021096
194023127
194025333
194027423
194029557
194031761
194033962
194036119
194037880
194039890
194042188
194044529
194046896
194049133
194051439
194053768
194056295
194058680
194061006
194063396
194065599
194068100
194070438
194072694
194075147
194077440
194079778
194082136
194084490
194086831
194089122
194091459
194093917
194096299
194098616
194100243
194102560
194104855
194107278
194109644
194111977
194114532
194116699
194118711
194121169
194123603
194125968
194128431
194130800
194133190
194135594
194137744
194140064
194142395
194144677
194147054
194149307
194151775
194154147
194156582
194158743
194161004
194163370
194165776
194168179
194170463
194172861
194175365
194177892
194180258
194182634
194184871
194187185
194189552
194191931
194194341
194196705
194199054
194201211
194203239
194205240
194207392
194209574
194211928
194214201
194216735
194218915
194221013
194223463
194225826
194228198
194230273
194232403
194234596
194236868
194239128
194241533
194243982
194246388
194248670
194251014
194253429
194255721
194257918
194259824
194261856
194264045
194266310
194268723
194271129
194273117
194275364
194277465
194279746
194281975
194284160
194286513
194288826
194291133
194293389
194295655
194297940
194300313
194302626
194304626
194307011
194309151
194311373
194313255
194315113
194317036
194319244
194321463
194323809
194326033
194328189
194330418
194332435
194334719
194336900
194339141
194341464
194343560
194345869
194348107
194350382
194352614
194354841
194357012
194358682
194361037
194363382
194365668
194367937
194370394
194372637
194375016
194377444
194379674
194381974
194384248
194386573
194388907
194391030
194393222
194395428
194397683
194399639
194401750
194403987
194406099
194408311
194410616
194412775
194415046
194417229
194419345
194421487
194423487
194425439
194427476
194429643
194431479
194433576
194435571
194437679
194439776
194441975
194444153
194446335
194448559
194450725
194452805
194454869
194456962
194459109
194461373
194463455
194465674
194467957
194470184
194472264
194474371
194476512
194478619
194480678
194481987
194484918
194486821
194488919
194490930
194492866
194494863
194496886
194499001
194501214
194503268
194505494
194507609
194509667
194511726
194513833
194515962
194518107
194520302
194522380
194524514
194526648
194528902
194531029
194533210
194535551
194537874
194540081
194542078
194544190
194546448
194548824
194550929
194553240
194555290
194557323
194559614
194561936
194564070
194566250
194568451
194570645
194572859
194575184
194577499
194579505
194581759
194583905
194586167
194588410
194590586
194592696
194594907
194597186
194599498
194601665
194603910
194606066
194608094
194610060
194612292
194614573
194616549
194618155
194620134
194622289
194624374
194626506
194628588
194630654
194632827
194635083
194637204
194639322
194641305
194643341
194645467
194647713
194649833
194651908
194654144
194656489
194658514
194660720
194662700
194664710
194666826
194668867
194670904
194673057
194675054
194677224
194679291
194681459
194683530
194685669
194687858
194690033
194692185
194694297
194696563
194698677
194700812
194702974
194705159
194707419
194709631
194711727
194713906
194716081
194718148
194720261
194722413
194724636
194726694
194728853
194730967
194733173
194735398
194737449
194739576
194741711
194744038
194746228
194748439
194750699
194752877
194754781
194756916
194758894
194760938
194763143
194765350
194767540
194769587
194771804
194774013
194776320
194778658
194780804
194783083
194785241
194787287
194789570
194791850
194793854
194796189
194798505
194800784
194803014
194805284
194807556
194809844
194812041
194814299
194816526
194818762
194821031
194823301
194825493
194827656
194829870
194832108
194834229
194836530
194838811
194841152
194843539
194845624
194847918
194850207
194852484
194854690
194856859
194859079
194861058
194863274
194865559
194867703
194869722
194871944
194874086
194876295
194878469
194880691
194883102
194885378
194887640
194889908
194892118
194894400
194896755
194898995
194901301
194903676
194905783
194907763
194909915
194912329
194914488
194916876
194919301
194921638
194923927
194926214
194928423
194930825
194933004
194935253
194937580
194939876
194942157
194944459
194946768
194949025
194951316
194953486
194955759
194957885
194959970
194962193
194964296
194966508
194968576
194970689
194972845
194974955
194977226
194979248
194981455
194983576
194985677
194987662
194989834
194992073
194994284
194996280
194998355
195000484
195002478
195004551
195006739
195008908
195011107
195013315
195015355
195017524
195019761
195021821
195023951
195026157
195028262
195030401
195032355
195034608
195036736
195038839
195040864
195042986
195044935
195047070
195049154
195051432
195053685
195055441
195057400
195059529
195061643
195063836
195065916
195068007
195070126
195072434
195074658
195076916
195079082
195081339
195083481
195085555
195087815
195090126
195092357
195094476
195096586
195098700
195100728
195102738
195104879
195106961
195108933
195110748
195112717
195114832
195116987
195119166
195121427
195123650
195125933
195128089
195130149
195132314
195134515
195136569
195138847
195140865
195142991
195145064
195147234
195149557
195151610
195153986
195156063
195157962
195160135
195162314
195164465
195166576
195168765
195171069
195173286
195175411
195177565
195179482
195181537
195183796
195186072
195188290
195190453
195192831
195195036
195197367
195199354
195201576
195203818
195205883
195207901
195209929
195211953
195214052
195216248
195218409
195220534
195222561
195224623
195226763
195228860
195230964
195233053
195235217
195237234
195239266
195241390
195243494
195245583
195247741
195249938
195252157
195254362
195256577
195258842
195260986
195263125
195265335
195267441
195269657
195271850
195273986
195276129
195278333
195280606
195282766
195284905
195286898
195289163
195291525
195293764
195295995
195298283
195300493
195302627
195304924
195307057
195309226
195311566
195313800
195316051
195318209
195320313
195322390
195324492
195326605
195328933
195331193
195333496
195335752
195337841
195340143
195342397
195344692
195346874
195349020
195351239
195353454
195355709
195357822
195360037
195362092
195364239
195366419
195368716
195371027
195373321
195375422
195377545
195379799
195382007
195383934
195386005
195388348
195390551
195392723
195394895
195397208
195399469
195401666
195403794
195405979
195408267
195410456
195412757
195415077
195417240
195419439
195421619
195423740
195425986
195428257
195430466
195432707
195434834
195437012
195439287
195441522
195443911
195446104
195448317
195450537
195452780
195454973
195457179
195459396
195461644
195463816
195465959
195468166
195470277
195472511
195474758
195476906
195479095
195481339
195483641
195486046
195488416
195490869
195493221
195495404
195497644
195499970
195502393
195504758
195507037
195509318
195511563
195514028
195516448
195518793
195521093
195523315
195525550
195527765
195530035
195532345
195534577
195536908
195539211
195541568
195543818
195546059
195548399
195550576
195552434
195554321
195556612
195558675
195560693
195562830
195565095
195567391
195569599
195571683
195573819
195576004
195578378
195580690
195582879
195585194
195587431
195589522
195591660
195593998
195596279
195598385
195600516
195602651
195604911
195607093
195609332
195611305
195613466
195615486
195617697
195619930
195621976
195624145
195626373
195628773
195630871
195633103
195635455
195637662
195639909
195642081
195644180
195646390
195648480
195650674
195652825
195655059
195657319
195659584
195661792
195664075
195666454
195668727
195670885
195673161
195675581
195677825
195680104
195682395
195684752
195686974
195689141
195691499
195693715
195695937
195698203
195700428
195702733
195704924
195707192
195709459
195711863
195714230
195716575
195718919
195721018
195722880
195724931
195727239
195729630
195731996
195734298
195736533
195738882
195741083
195743266
195745347
195747659
195749884
195752066
195754241
195756418
195758609
195760678
195762918
195765085
195767238
195769330
195771408
195773567
195775698
195777807
195779837
195782049
195784207
195786467
195788486
195790639
195792702
195794909
195796934
195799099
195801094
195802980
195805233
195807539
195809734
195811911
195814128
195816340
195818594
195820712
195822794
195825078
195827191
195829366
195831647
195833500
195835720
195838057
195840378
195842578
195844691
195846831
195848988
195851109
195853343
195855674
195857839
195860035
195862337
195864724
195867127
195869564
195871626
195873953
195876114
195878131
195880138
195882303
195884403
195886581
195888763
195891033
195893057
195895223
195897344
195899599
195901747
195903874
195906166
195908356
195910511
195912624
195914789
195916899
195919146
195921171
195923142
195925076
195928859
195930844
195933072
195935277
195937492
195939744
195942025
195944214
195946404
195948678
195950889
195953120
195955174
195957239
195959535
195961698
195963772
195966032
195968208
195970288
195972489
195974644
195976751
195978908
195981057
195983214
195985413
195987597
195989805
195991630
195993682
195995726
195997813
195999856
196001966
196003997
196006181
196008105
196010151
196012143
196014222
196016322
196018541
196020650
196022816
196025095
196027261
196029253
196031384
196033510
196035704
196037802
196039852
196041894
196043963
196046121
196048188
196050262
196052560
196054804
196056888
196058937
196061064
196063113
196065315
196067455
196069714
196071925
196074203
196076624
196078928
196081117
196083343
196085585
196087857
196090210
196092382
196094644
196096945
196099283
196101405
196103457
196105487
196107565
196109570
196111634
196113698
196115837
196118007
196120181
196122420
196124716
196126874
196129084
196131374
196133615
196135810
196137775
196139713
196141897
196144106
196146393
196148494
196150797
196153054
196155223
196157435
196159537
196161740
196163813
196165933
196168027
196170217
196172577
196174749
196176768
196178691
196180896
196183124
196185226
196187247
196189318
196191145
196193042
196195093
196197206
196199344
196201549
196203915
196205842
196207937
196210065
196212331
196214430
196216745
196218925
196221103
196224667
196226572
196228682
196230960
196233198
196235354
196237492
196239748
196241908
196244050
196246202
196248428
196250554
196252706
196254720
196256930
196259059
196261234
196263497
196265583
196267799
196270091
196272384
196274544
196276730
196278941
196281087
196283101
196285093
196287264
196289378
196291649
196293873
196296068
196298258
196300387
196302553
196304835
196306988
196309198
196311327
196313470
196315663
196317829
196319965
196322093
196324345
196326534
196328655
196330771
196332898
196334951
196337041
196339271
196341386
196343471
196345648
196347919
196349829
196351712
196353572
196355824
196358075
196360307
196362490
196364857
196367031
196369202
196371204
196373328
196375564
196377697
196379662
196381851
196383982
196386082
196388203
196390402
196392553
196394847
196397077
196399222
196401534
196403765
196406070
196408266
196410473
196412476
196414675
196416889
196419098
196421153
196423310
196425487
196427698
196429787
196432083
196434200
196436301
196438126
196440170
196442361
196444534
196446715
196449011
196451240
196453313
196455450
196457590
196459821
196461999
196464123
196466272
196468484
196470686
196472924
196475199
196477389
196479555
196481683
196483865
196485968
196488167
196490424
196492667
196494907
196497214
196499458
196501590
196503718
196505807
196507959
196510248
196512349
196514655
196516893
196519180
196521349
196523364
196525702
196527825
196530218
196532578
196535204
196537450
196539706
196541883
196544273
196546599
196548746
196550796
196552954
196555130
196557220
196559613
196561897
196564097
196566203
196568441
196570597
196572867
196575230
196577572
196579786
196582070
196584406
196586723
196589070
196591253
196593339
196595540
196597747
196600046
196602332
196604488
196607006
196609065
196611368
196613540
196615879
196618037
196620323
196622522
196624783
196626974
196629112
196631271
196633398
196635534
196637746
196639828
196642117
196644312
196646532
196648842
196651056
196653219
196655370
196657508
196659631
196661794
196664045
196666243
196668284
196670453
196672460
196674347
196676493
196678650
196680731
196682973
196685043
196687107
196689212
196691204
196693210
196695163
196696852
196698729
196700815
196702825
196704894
196707014
196709105
196711339
196713447
196715284
196717420
196719596
196721830
196724068
196726152
196727980
196730135
196732401
196734483
196736668
196738617
196740707
196742691
196744509
196746383
196748295
196750357
196752397
196755769
196757976
196760175
196762321
196764386
196766828
196769055
196771458
196774044
196776571
196778934
196781086
196783194
196785146
196787272
196789587
196791692
196793943
196796250
196798716
196801201
196803509
196806127
196808700
196810784
196813380
196815882
196818283
196820886
196823394
196825720
196828156
196830517
196832524
196835024
196837698
196840596
196842955
196845305
196847472
196849525
196851611
196853712
196855755
196857880
196860079
196862043
196864204
196866240
196868336
196870421
196872634
196874877
196876971
196879081
196881064
196883024
196885164
196887101
196889233
196891512
196893954
196896180
196898331
196900511
196902609
196904860
196906946
196908865
196910902
196913061
196914891
196916731
196918511
196920592
196922698
196924627
196926690
196928684
196930548
196932602
196934371
196936567
196938436
196940401
196942355
196944657
196946760
196948669
196950688
196952785
196954970
196957154
196959104
196961388
196963642
196965786
196968176
196970427
196972786
196975142
196977296
196979544
196981748
196983885
196985962
196987911
196989974
196992059
196994127
196996006
196998062
197000214
197002448
197004610
197006724
197008702
197010797
197013134
197015575
197017988
197020276
197022633
197024946
197027208
197029526
197031742
197033991
197036320
197038605
197040782
197043028
197045275
197047419
197049804
197052001
197054163
197056535
197058634
197060856
197062931
197065346
197067807
197069874
197072249
197074552
197076981
197079267
197081678
197084133
197086530
197088692
197090921
197093172
197095451
197097892
197100241
197101807
197103337
197104905
197107208
197109596
197112161
197114495
197116940
197119288
197121789
197123923
197126136
197128474
197130695
197133026
197135237
197137743
197140133
197142475
197144091
197146359
197148385
197150909
197153468
197156093
197158752
197161211
197163776
197165861
197168264
197170881
197173495
197175897
197178330
197180753
197183232
197185733
197188265
197190663
197193121
197195501
197197980
197200225
197202092
197204448
197206916
197209390
197211819
197214285
197216640
197219281
197221791
197224118
197226705
197228987
197231477
197233874
197236346
197238850
197241152
197243440
197245673
197248081
197250574
197253030
197255395
197257740
197260204
197262662
197265112
197267619
197269896
197272348
197274808
197277400
197279805
197282364
197284673
197287044
197289338
197291578
197293677
197295837
197298209
197300609
197302999
197305409
197307760
197309970
197312169
197314502
197316882
197319154
197321432
197323751
197326079
197328418
197330427
197332597
197334996
197337340
197339756
197341988
197344217
197346316
197348479
197350612
197352911
197354638
197356584
197358798
197361206
197363542
197365759
197368022
197370244
197372526
197374890
197377118
197379480
197381756
197384232
197386620
197388949
197391246
197393634
197395940
197398295
197400528
197402928
197405165
197406941
197409435
197411726
197414164
197416344
197418597
197420819
197422296
197424690
197426964
197428748
197430925
197433175
197435132
197437110
197439302
197441708
197443818
197446094
197448252
197450497
197452570
197454426
197456784
197459097
197461358
197463699
197466042
197468431
197470786
197473167
197475466
197477696
197479798
197482223
197484504
197486847
197489113
197491416
197493716
197496220
197498544
197501037
197503234
197505727
197508178
197510569
197512861
197515219
197517640
197520011
197522499
197524979
197527408
197529586
197532340
197536049
197538360
197540692
197543142
197545275
197547676
197550114
197552391
197554684
197556987
197559484
197561969
197564230
197566299
197568462
197570904
197573053
197575194
197577425
197579750
197582081
197584527
197587003
197589491
197591871
197594259
197596663
197599114
197601471
197604088
197606403
197608784
197611167
197613560
197615969
197618329
197620759
197623103
197625175
197626961
197628831
197631008
197633375
197635731
197638098
197640381
197642761
197645103
197647544
197649840
197651994
197654290
197656571
197658937
197661510
197664007
197666454
197668733
197671273
197673687
197676075
197678456
197680742
197683210
197685553
197688027
197690333
197692822
197695299
197697690
197699947
197702242
197704710
197707004
197709203
197712585
197714573
197716838
197719139
197721457
197723881
197726433
197728863
197731425
197733856
197736155
197738707
197741261
197743845
197746286
197748721
197751148
197753440
197755580
197758123
197760459
197762779
197765226
197767856
197770103
197772029
197774440
197776363
197778879
197781394
197784049
197786431
197788740
197790927
197793263
197795500
197797811
197800103
197802295
197804210
197806246
197808423
197810733
197813025
197815400
197817812
197820240
197822888
197825317
197827785
197830104
197832143
197834039
197836083
197838542
197840857
197843285
197845836
197847967
197850436
197852906
197855300
197857710
197860133
197862615
197865051
197867394
197869755
197872056
197874448
197876708
197879010
197881146
197883297
197885498
197887909
197890375
197892827
197895262
197897838
197900469
197902675
197904677
197907166
197909536
197911537
197913580
197915870
197917716
197919576
197921536
197923777
197926268
197928702
197930929
197933451
197935955
197938386
197940586
197942867
197945318
197947771
197950226
197952585
197955020
197957372
197959897
197962306
197964495
197966984
197969247
197971529
197973903
197976233
197978685
197981048
197983554
197985985
197988304
197990453
197992947
197995069
197997609
198000004
198002590
198004921
198007410
198009759
198012179
198014519
198016927
198019227
198021537
198023888
198026167
198028623
198031046
198033523
198035724
198037806
198040078
198042351
198044618
198046962
198049431
198051840
198054298
198056600
198059048
198061402
198063789
198066446
198068925
198071332
198073920
198076381
198078529
198080866
198083326
198085744
198088243
198090941
198093438
198096184
198098519
198101053
198103673
198106254
198108976
198111569
198114122
198116540
198119141
198121665
198124277
198126934
198129345
198131777
198133953
198136592
198139230
198141606
198144155
198146465
198148835
198151316
198153959
198156218
198157818
198159856
198162335
198164740
198167195
198169604
198171978
198174483
198177166
198179767
198182255
198184735
198187243
198189905
198192584
198194996
198197626
198200002
198202522
198204897
198207311
198209668
198211849
198214015
198216410
198218715
198221027
198223652
198226116
198228171
198230221
198232522
198234869
198237423
198239953
198242453
198244881
198247212
198249433
198251336
198253112
198255424
198257728
198260292
198262843
198265276
198267825
198270226
198272697
198275275
198277776
198280219
198282659
198285190
198287600
198290098
198292600
198295095
198297442
198300075
198302330
198304871
198307357
198309675
198311621
198313524
198315442
198317789
198320257
198322738
198325064
198327456
198329875
198332271
198334757
198337157
198339837
198342202
198344564
198346882
198349240
198351632
198354117
198356462
198358943
198361510
198363928
198366345
198368786
198371353
198373854
198376338
198378798
198381357
198383968
198386381
198388866
198391473
198393962
198396291
198398655
198400945
198403515
198405846
198408286
198410918
198413474
198415888
198418276
198420668
198423067
198425641
198428089
198430522
198432787
198435072
198437375
198439720
198442171
198444507
198447004
198449431
198451759
198454105
198456311
198458733
198461076
198463442
198466059
198468597
198470968
198473548
198475913
198478243
198480640
198482959
198485423
198487877
198490557
198493016
198495323
198497849
198500252
198502787
198505378
198507999
198510256
198512650
198515083
198517423
198519995
198522520
198524727
198527281
198529496
198531817
198534243
198536706
198539094
198541623
198544169
198546495
198548961
198551264
198553814
198556136
198558505
198560874
198563486
198565969
198568425
198570820
198573144
198575727
198578283
198580605
198582954
198585049
198587529
198589963
198592281
198594637
198596984
198599446
198601864
198604310
198606723
198609225
198611689
198614009
198616310
198618651
198621057
198623495
198625921
198628328
198630859
198633386
198635701
198638280
198640727
198642983
198645220
198647745
198650100
198652587
198655053
198657508
198659805
198662154
198664558
198666804
198669283
198671805
198674127
198676557
198678958
198681013
198683468
198685960
198688300
198690918
198693400
198695590
198697852
198700179
198702638
198705002
198707264
198709614
198712053
198714512
198716891
198719098
198721440
198723936
198726347
198728799
198731254
198733438
198735656
198738002
198740365
198742622
198744889
198747304
198749601
198751950
198754173
198756068
198757782
198759834
198761957
198764274
198766689
198768941
198771276
198773657
198776179
198778641
198781055
198783379
198785719
198788280
198790812
198793220
198795675
198798110
198800499
198802886
198805383
198807966
198810339
198812741
198814969
198817251
198819780
198822250
198824796
198827208
198829318
198831615
198834096
198836434
198838768
198841229
198843458
198845728
198847974
198850370
198852736
198854991
198857430
198859809
198862393
198864859
198867411
198869806
198871960
198873941
198876164
198878686
198881011
198883410
198885629
198888206
198890564
198893056
198895612
198898116
198900465
198902917
198905541
198908150
198910572
198912853
198915233
198917576
198919973
198922398
198924652
198926999
198929408
198931894
198934345
198936711
198939333
198941507
198943854
198946125
198948586
198950935
198953234
198955619
198957827
198960103
198962287
198964568
198966813
198969229
198971493
198973833
198976254
198978612
198981184
198983618
198986044
198988356
198990756
198993128
198995437
198997601
199000002
199002470
199004909
199007344
199009682
199011962
199014465
199016814
199019108
199021506
199023675
199026032
199028263
199030584
199032932
199035419
199037825
199040312
199042869
199045342
199047553
199049933
199052278
199054800
199056904
199059285
199061651
199063970
199066322
199068774
199071235
199073792
199076150
199078526
199080950
199083416
199085841
199088169
199090527
199092685
199094959
199097151
199099363
199101689
199104154
199106382
199108651
199110959
199113288
199115553
199117783
199120299
199122807
199125380
199127531
199129891
199132190
199134717
199137041
199139378
199141916
199144666
199147048
199149434
199151912
199154304
199156766
199159146
199161548
199164014
199166439
199168869
199171288
199173723
199175994
199178632
199180882
199183411
199185751
199188220
199190687
199192986
199195190
199197593
199200021
199202172
199204704
199207139
199209464
199211938
199214276
199216546
199218897
199221180
199223567
199226087
199228454
199230915
199233356
199235673
199238144
199240567
199242979
199245359
199247902
199250345
199252846
199255080
199257437
199259862
199262293
199264627
199267042
199269397
199271646
199274074
199276509
199278910
199281295
199283617
199286027
199288409
199290692
199293157
199295354
199297803
199300375
199302696
199305164
199307689
199310042
199312491
199315027
199317471
199319629
199321975
199324447
199326725
199329128
199331332
199333843
199336212
199338447
199340688
199342924
199345474
199347939
199350318
199352643
199355086
199357378
199359714
199362073
199364249
199366215
199368260
199370671
199373123
199375461
199377936
199380389
199382701
199385073
199387484
199389882
199392319
199394704
199397070
199399517
199402041
199404452
199406755
199409206
199411764
199414162
199416583
199418852
199421163
199423738
199426074
199428419
199430893
199433166
199435450
199437861
199440299
199442568
199444743
199446957
199449355
199451675
199454112
199456517
199458870
199461430
199463765
199466274
199468484
199471105
199473566
199476007
199478495
199480637
199482981
199485412
199487923
199490393
199492906
199495173
199497494
199499755
199502177
199504617
199506980
199509387
199511756
199514126
199516458
199518993
199521280
199523673
199526054
199528509
199530836
199533216
199535606
199537921
199540273
199542550
199544863
199547310
199549624
199552052
199554341
199556856
199559217
199561621
199563753
199566275
199568729
199571162
199573523
199576133
199578560
199580975
199583403
199586040
199588639
199591140
199593576
199595880
199598406
199600686
199603003
199605103
199607066
199609398
199611786
199614108
199616466
199618930
199621427
199623919
199626391
199628915
199631433
199633883
199636201
199638501
199640821
199643426
199645959
199648271
199650389
199652399
199654875
199657392
199659922
199662383
199665181
199667664
199670275
199672904
199675371
199677829
199680392
199682961
199685454
199688113
199690591
199693208
199695885
199698463
199701131
199703813
199706431
199708957
199711434
199713880
199716399
199718840
199721364
199723962
199726734
199729241
199731592
199733978
199736359
199739022
199741731
199744188
199746675
199749086
199751609
199754477
199756989
199759533
199762007
199764623
199767144
199769685
199772078
199774568
199776978
199779528
199782188
199784874
199787520
199790038
199792666
199795319
199797870
199800336
199802676
199805251
199808012
199810636
199813146
199815709
199818296
199820718
199823068
199825449
199827995
199830606
199833080
199835617
199838189
199840651
199843303
199845913
199848324
199850805
199853271
199855790
199858405
199860793
199863381
199865789
199868463
199871016
199873628
199876099
199878645
199881024
199883093
199885236
199887454
199889936
199892477
199895088
199897463
199899705
199902130
199904278
199906129
199908774
199910938
199913427
199915857
199918512
199921080
199923430
199925876
199928347
199930791
199933238
199935692
199938200
199940648
199942897
199945357
199947836
199950112
199952393
199954769
199957354
199959661
199961782
199964260
199966653
199969185
199971498
199973872
199976339
199978842
199981296
199983773
199986355
199988790
199991171
199993681
199996285
199998713
200000926
200003579
200006148
200008709
200011222
200013682
200016155
200018688
200021148
200023637
200025951
200028434
200030611
200033263
200035382
200037629
200039645
200041581
200043676
200046165
200048445
200050869
200053038
200055477
200057901
200060273
200062496
200064983
200067464
200070065
200072598
200074808
200077190
200079810
200082424
200084982
200087466
200089853
200092205
200094452
200096475
200098928
200101424
200103874
200106274
200108627
200111176
200113496
200115823
200118199
200120597
200123270
200125732
200128145
200130631
200133192
200135535
200138028
200140727
200143127
200145554
200147924
200150177
200152713
200155404
200158000
200160635
200163288
200165667
200168089
200170514
200173084
200175473
200177954
200180229
200182699
200185028
200187146
200189140
200191205
200193367
200195763
200198073
200200489
200202798
200205302
200207821
200210203
200212665
200214556
200217074
200219518
200221896
200224515
200227081
200229650
200232159
200234491
200236884
200239250
200241728
200244227
200246734
200249259
200251703
200254121
200256449
200258781
200261188
200263539
200266129
200268552
200271024
200273486
200275906
200278287
200280699
200283100
200285260
200287641
200289951
200292597
200295031
200297539
200299870
200302221
200304564
200307022
200309639
200312209
200314688
200317237
200319848
200322365
200325008
200327320
200329754
200332347
200334765
200337299
200339863
200342168
200344522
200346831
200349038
200351498
200354032
200356484
200358923
200361730
200364330
200366898
200369492
200372111
200374757
200377424
200380012
200382562
200385165
200387628
200390120
200392825
200395023
200397300
200399669
200402190
200404628
200406843
200408777
200410345
200412849
200415701
200418194
200420567
200423133
200425597
200427935
200430513
200432892
200435435
200437890
200440381
200442794
200445249
200447786
200450326
200452822
200455269
200457767
200460171
200462561
200465242
200467981
200470806
200473396
200476058
200478557
200480951
200483359
200485821
200488045
200490304
200492848
200495342
200497780
200499805
200502285
200504721
200507003
200509288
200511617
200514060
200516465
200518949
200521271
200523539
200526107
200528534
200531041
200533351
200535474
200537777
200540133
200542335
200544541
200546825
200549017
200551436
200553758
200556412
200559035
200561352
200563922
200566255
200568636
200571054
200573354
200575794
200578162
200580489
200582931
200585653
200588293
200590827
200593403
200595814
200598322
200600874
200603452
200605898
200608396
200610866
200613430
200615950
200618242
200620489
200622648
200625097
200627670
200630222
200632676
200635629
200637977
200640285
200642699
200644866
200647292
200649573
200651818
200654140
200656407
200658848
200661306
200663667
200665838
200667837
200669811
200672092
200674305
200676886
200679297
200681964
200684583
200687162
200689596
200692113
200694721
200697056
200699492
200701996
200704357
200706944
200709322
200711768
200714062
200716531
200718774
200721039
200723164
200725614
200728168
200730682
200733122
200735667
200738252
200740129
200742735
200745331
200747660
200750079
200752434
200754833
200757428
200760000
200762442
200764964
200767319
200769712
200772267
200774833
200777477
200780024
200782612
200785179
200787577
200790142
200792600
200795203
200797585
200799855
200802385
200804807
200807399
200809856
200812237
200814664
200816745
200818660
200821121
200823603
200826084
200828576
200831012
200833419
200835892
200838548
200841326
200843781
200846222
200848580
200850676
200853016
200855601
200858140
200861019
200863426
200865984
200868643
200871348
200873492
200875557
200878049
200880330
200882683
200885042
200887270
200889506
200891624
200893903
200896114
200898464
200900490
200902670
200904988
200907516
200909665
200911826
200913978
200916674
200919152
200921581
200924067
200926487
200928982
200931644
200934358
200936676
200938895
200941515
200944047
200946556
200948992
200951550
200953879
200956241
200958540
200960851
200963392
200965830
200968433
200970810
200972988
200975013
200977268
200979556
200981818
200984062
200986446
200988682
200990846
200993049
200995463
200997896
200999986
201002092
201004464
201006598
201008211
201010430
201012841
201015400
201017924
201020482
201022929
201025038
201027721
201030142
201032524
201034984
201037298
201039673
201041552
201043601
201046014
201048304
201050486
201052642
201054633
201056958
201059038
201061233
201062985
201065259
201067323
201069220
201071273
201073606
201075605
201077645
201079644
201082088
201084334
201086377
201088606
201090584
201092632
201094864
201097003
201099186
201101276
201103271
201105532
201107686
201109954
201112130
201114220
201116202
201118537
201120966
201123460
201125791
201128083
201130357
201132679
201134705
201136953
201139152
201141289
201143604
201145823
201148070
201150543
201152915
201154864
201157405
201159828
201162265
201164845
201167290
201169913
201172029
201174477
201176776
201179020
201181468
201183826
201186060
201188568
201190757
201192869
201195002
201197268
201199583
201201702
201203842
201205900
201207600
201209272
201210858
201212422
201214198
201216145
201217904
201220064
201222239
201224355
201226247
201228209
201230376
201232428
201234654
201236538
201238413
201240438
201242875
201245275
201247734
201250207
201252367
201254699
201256428
201257709
201259398
201261585
201263943
201266314
201268552
201270761
201272939
201275162
201277288
201279315
201281674
201283770
201285857
201288209
201290431
201292662
201294893
201297282
201299803
201302103
201304464
201306860
201309123
201311282
201313359
201315555
201317707
201319864
201322013
201324075
201326001
201328245
201330581
201332832
201335241
201337437
201339612
201341907
201344295
201346521
201348660
201350973
201353346
201355591
201357706
201359788
201361963
201363964
201365974
201368107
201370200
201372591
201374950
201377357
201379621
201381716
201383592
201385853
201387878
201390065
201392402
201394716
201397057
201399272
201401282
201403791
201406116
201408449
201410711
201413095
201415376
201417660
201419886
201422160
201424415
201426752
201428965
201431276
201433608
201435995
201438309
201440662
201443245
201445926
201448338
201451003
201453458
201455939
201458286
201460495
201462910
201464905
201466960
201468744
201470578
201472790
201475125
201477667
201480093
201482211
201484593
201486989
201489457
201491861
201494372
201496826
201499302
201501842
201504434
201507005
201509585
201512322
201514931
201517293
201519792
201522131
201524590
201527150
201529808
201532099
201534760
201537394
201539534
201541926
201544394
201546939
201549359
201551804
201554252
201556564
201558847
201561348
201563838
201566306
201568686
201571066
201573615
201576038
201578652
201581104
201583420
201585944
201588429
201590827
201593112
201595592
201597961
201600306
201602750
201605045
201607459
201609857
201612301
201614586
201616955
201619396
201621736
201624036
201626529
201628889
201631301
201633652
201636334
201638979
201641444
201643335
201645779
201648264
201650022
201652202
201654810
201657243
201659703
201662002
201664435
201666780
201669218
201671433
201673917
201676421
201678825
201681342
201683858
201686277
201688856
201691028
201693594
201695980
201698492
201700969
201703523
201705935
201708422
201710881
201713336
201715725
201718289
201720534
201723126
201725784
201728284
201730653
201733159
201735501
201738003
201740323
201742822
201745377
201747993
201750806
201753353
201755994
201758580
201761392
201764073
201766700
201769212
201771609
201774219
201776764
201779491
201781963
201784028
201786151
201788526
201791118
201793694
201796039
201798694
201801097
201803402
201805922
201808429
201810746
201813407
201816027
201818585
201821429
201824017
201826559
201829070
201831156
201833467
201835894
201838407
201840836
201843397
201845943
201848391
201850947
201853212
201855445
201857794
201860040
201862458
201864774
201867062
201869463
201871790
201873933
201876178
201878401
201880635
201882941
201885393
201887710
201889784
201891903
201894289
201896684
201899150
201900937
201903315
201905896
201908442
201910764
201913205
201915562
201918069
201920290
201922507
201924477
201926646
201929029
201931442
201933696
201936161
201938579
201940841
201943105
201945604
201947804
201950248
201952601
201954812
201956757
201958928
201961052
201963200
201965318
201967547
201969848
201972020
201974420
201976997
201979437
201981978
201983844
201986473
201988859
201991294
201993772
201996065
201998241
202000616
202002716
202004887
202007103
202009459
202011536
202013291
202015294
202017619
202019990
202022326
202024781
202027227
202029213
202031743
202034163
202036499
202039130
202041312
202043800
202046220
202048596
202050805
202053147
202055411
202057564
202059903
202062284
202064669
202066957
202069420
202071876
202074182
202076532
202078975
202081205
202083637
202085803
202088179
202090589
202092867
202095364
202097781
202100160
202102707
202104882
202107070
202109514
202111857
202114157
202116686
202119029
202121505
202123693
202126063
202128178
202130373
202132697
202134963
202137284
202139621
202142175
202144489
202146871
202149346
202151763
202153964
202156373
202158662
202160606
202162916
202165352
202167584
202169730
202171938
202173418
202175631
202177704
202179903
202182234
202184442
202186573
202188645
202190670
202192414
202194528
202196887
202199167
202201592
202204103
202205456
202207349
202209787
202212251
202214560
202216889
202219455
202221989
202224443
202226933
202229486
202231954
202234446
202236759
202238886
202240983
202243437
202245763
202247643
202250009
202252405
202254472
202256991
202259695
202262044
202264496
202266976
202269421
202271883
202274225
202276561
202278905
202281381
202283733
202286172
202288791
202291363
202293904
202296307
202298690
202300979
202303222
202305447
202307657
202309949
202312363
202314836
202317367
202319101
202321696
202324128
202326595
202328913
202331537
202333691
202336134
202338478
202340878
202342881
202345612
202348377
202350508
202352842
202355210
202357705
202360170
202362453
202364921
202367359
202369940
202372313
202374774
202377294
202379416
202381927
202384445
202387024
202389490
202392146
202394601
202397011
202399672
202402254
202404769
202407449
202409962
202412680
202415294
202417842
202420738
202423155
202425770
202428271
202431044
202433658
202436201
202438461
202440705
202443226
202445920
202448486
202450694
202452647
202455203
202457726
202460576
202463222
202465970
202468358
202470955
202473556
202476137
202478831
202481512
202484184
202486714
202489437
202492200
202494862
202497224
202499886
202502614
202505262
202507920
202510630
202512947
202515582
202518314
202521089
202523877
202526408
202529068
202531814
202534485
202537129
202539744
202542434
202545238
202548033
202550657
202553495
202556034
202558773
202561356
202563841
202566417
202568876
202571289
202573855
202576319
202578792
202581406
202584058
202586518
202588748
202590911
202593405
202595981
202598397
202600689
202603033
202605394
202607827
202610204
202612781
202615233
202617505
202619723
202622245
202624615
202626447
202628892
202631232
202633639
202636305
202638729
202641201
202643353
202645443
202647817
202650342
202652777
202655240
202657666
202660019
202662392
202664709
202667052
202669468
202671904
202674299
202676831
202679202
202681679
202683966
202686242
202688588
202690948
202693210
202695495
202697901
202700204
202702729
202705080
202707505
202709740
202711768
202714178
202716697
202719271
202721509
202723692
202725991
202728404
202730663
202732938
202735090
202737258
202739567
202741421
202743625
202746012
202748443
202750643
202753000
202755172
202757316
202759689
202762031
202764344
202766590
202768766
202770824
202772976
202775121
202777220
202779349
202781541
202783741
202785970
202788312
202790458
202792885
202795174
202797365
202799635
202801948
202804156
202806476
202808161
202809999
202811797
202814309
202816745
202819072
202821530
202823975
202826282
202828763
202831002
202833559
202836009
202838425
202840603
202843084
202845539
202847959
202850530
202852887
202855252
202857752
202860164
202862054
202864662
202867130
202869314
202871858
202874237
202876724
202879071
202881460
202883876
202886151
202888298
202890065
202892491
202894867
202897194
202899642
202902079
202904384
202906726
202909048
202911517
202913926
202916266
202918509
202920855
202923181
202925673
202927516
202929601
202932073
202934425
202936642
202939133
202941477
202943772
202946118
202948428
202950628
202953140
202955629
202958008
202960481
202962912
202965285
202967215
202969474
202971737
202974162
202976511
202978949
202981452
202983884
202986106
202988354
202990774
202993337
202995934
202998618
203001035
203003547
203006036
203007874
203010023
203012255
203014631
203016964
203019430
203021733
203024006
203026209
203028260
203030720
203033155
203035396
203037756
203039861
203042485
203044709
203046677
203048845
203051019
203053310
203055441
203057533
203059871
203062158
203064424
203067106
203069543
203072037
203074562
203076562
203078976
203081589
203083732
203085756
203088015
203090368
203092739
203095289
203097861
203100484
203103101
203105611
203108405
203110841
203113462
203116033
203118396
203120996
203123373
203125807
203128148
203130374
203132906
203135386
203137950
203140456
203142850
203145317
203147855
203150236
203152660
203155191
203157776
203160451
203162873
203165310
203167385
203169389
203171487
203173779
203175729
203177957
203180133
203182242
203184344
203186465
203188803
203191356
203193793
203196188
203198602
203200980
203203243
203205673
203208064
203210701
203213103
203215495
203217448
203219529
203221773
203223671
203225821
203228056
203230005
203232289
203234618
203236878
203239297
203241615
203244118
203246754
203249160
203251624
203254175
203256615
203258897
203261217
203263690
203266122
203268314
203270882
203273345
203275880
203278384
203280805
203283323
203285797
203288269
203290652
203292938
203295404
203297687
203300072
203302297
203304645
203306141
203307516
203309971
203312552
203314896
203317302
203319677
203322112
203324727
203327017
203329047
203331303
203333865
203336356
203338564
203340936
203343305
203345730
203347824
203349958
203352252
203354559
203356849
203359073
203361278
203363590
203365709
203367935
203370401
203372727
203374704
203377124
203379590
203382108
203384609
203386607
203388966
203391326
203393589
203395830
203398227
203400634
203403153
203405552
203407878
203410191
203412561
203414899
203417186
203419522
203421931
203424335
203426756
203429070
203431425
203433764
203436074
203438279
203440716
203442989
203445422
203447887
203450205
203452531
203454852
203457144
203459561
203461983
203464245
203466549
203468843
203471144
203473530
203475913
203478205
203480581
203482785
203484799
203487075
203489260
203491711
203493980
203496138
203498501
203500282
203502636
203504766
203506996
203509267
203511624
203514055
203516267
203518629
203521136
203523273
203525631
203527668
203529878
203532333
203534613
203536952
203539358
203541810
203544142
203546512
203548845
203551220
203553549
203555929
203558168
203560422
203562794
203565194
203567404
203569638
203571888
203574101
203576123
203578448
203580679
203583150
203585442
203587668
203590099
203592359
203594723
203597087
203599716
203602211
203604528
203607087
203609469
203611874
203614421
203616908
203619314
203621960
203624327
203626592
203628812
203631286
203633726
203636228
203638571
203641217
203643959
203646589
203649104
203651483
203654106
203656771
203659348
203661795
203664170
203666777
203669555
203672028
203674420
203677078
203679471
203681789
203684205
203686896
203689513
203692041
203694585
203697017
203699548
203701962
203704330
203706821
203709281
203711575
203713955
203716645
203719263
203721619
203723892
203726273
203728737
203731058
203733275
203735577
203738141
203740496
203743198
203745534
203747901
203750466
203752791
203754704
203757084
203759375
203761654
203764039
203766421
203768683
203770887
203773083
203775160
203777695
203780156
203782165
203784631
203787078
203789375
203791774
203794007
203795993
203797963
203800028
203802557
203804752
203806948
203809245
203811278
203813645
203815978
203818286
203820274
203822416
203824830
203827246
203829710
203831876
203833978
203836172
203838458
203840640
203842355
203844460
203846871
203849103
203851434
203853874
203856398
203858685
203860937
203862963
203864895
203867148
203869309
203871719
203874036
203876657
203879244
203881804
203884332
203886785
203889380
203891797
203894355
203896762
203899187
203901124
203903159
203905630
203908184
203910755
203913177
203915652
203918305
203919981
203922080
203924754
203927150
203929568
203932145
203934477
203937019
203939225
203941962
203944477
203947193
203949852
203952519
203955144
203957621
203959812
203962350
203964854
203967276
203969657
203972125
203974506
203976918
203979262
203981645
203984172
203986591
203989170
203991569
203993979
203996419
203998723
204001324
204003687
204005979
204008538
204010698
204012866
204015296
204017645
204020254
204022645
204025062
204027654
204029977
204032358
204034795
204036674
204038870
204041189
204043675
204045985
204048300
204050459
204052862
204055132
204057725
204060006
204062531
204064781
204067170
204069688
204072309
204074313
204076544
204079034
204081269
204083745
204086140
204088423
204090736
204093273
204095812
204098302
204100908
204103462
204105777
204108279
204110625
204113016
204115368
204117569
204119902
204122106
204124294
204126387
204128960
204131020
204133511
204135786
204138254
204140619
204142703
204145179
204147483
204149883
204152011
204154201
204156375
204158636
204160700
204162945
204165335
204167660
204170054
204172388
204174755
204177094
204179450
204181803
204184162
204186412
204188907
204190939
204193477
204195618
204197991
204200260
204202736
204205231
204207738
204210187
204212654
204214890
204217538
204219990
204222413
204224818
204227419
204229509
204231910
204234347
204236814
204239485
204241942
204244224
204246419
204248698
204251042
204253566
204255864
204257936
204259986
204262263
204264632
204266920
204269268
204271941
204274352
204276943
204279417
204281758
204284137
204286691
204289165
204291680
204294140
204296655
204299230
204301745
204304408
204306982
204309300
204311766
204314229
204316733
204319327
204321773
204324275
204326760
204329133
204331716
204334049
204336519
204339046
204341587
204344121
204346487
204348796
204351151
204353643
204356327
204358822
204361046
204363435
204365892
204368306
204370719
204373067
204375489
204377791
204380118
204382690
204385406
204388183
204390625
204393252
204395893
204398359
204400811
204403025
204405410
204407845
204409985
204411541
204413536
204416112
204418270
204420931
204423265
204425317
204427663
204430043
204432309
204434626
204437255
204439757
204442209
204444497
204446836
204449231
204451556
204453877
204455895
204458134
204460523
204462764
204465131
204467326
204469347
204471913
204474255
204476764
204479213
204481607
204483966
204486351
204488793
204491356
204493879
204495883
204498180
204500673
204503088
204505296
204506962
204508845
204511202
204513684
204515856
204517729
204519830
204521976
204524123
204526060
204527904
204529997
204532243
204534473
204536627
204538819
204540805
204543111
204545224
204547532
204549460
204551480
204553555
204555818
204557877
204560104
204562573
204564901
204567230
204569673
204571936
204574431
204576782
204579296
204581765
204584075
204586350
204588602
204591095
204593517
204596153
204598508
204600817
204603351
204605774
204608224
204610915
204613542
204615976
204618221
204619941
204622475
204624884
204627358
204629779
204632081
204634571
204637156
204639394
204641990
204644514
204647112
204649850
204652292
204654922
204657345
204660105
204662721
204665317
204667850
204670382
204672932
204675341
204677931
204680463
204683073
204685334
204687546
204689930
204692263
204694423
204696827
204699249
204701574
204703861
204706176
204708541
204710902
204713098
204715417
204717697
204720213
204722467
204724974
204727368
204729850
204732232
204734674
204737285
204739847
204742355
204744803
204747197
204749751
204752194
204754513
204756894
204759299
204761752
204764365
204766778
204768885
204771234
204773559
204775898
204778267
204780664
204783044
204785361
204787677
204790077
204792664
204795235
204797394
204799787
204802194
204804639
204807144
204809382
204811728
204814252
204816688
204819222
204821773
204824548
204827168
204829419
204831872
204834451
204836935
204839443
204841970
204844423
204846818
204849296
204851782
204854214
204856824
204859189
204861589
204864040
204866591
204868954
204871218
204873760
204876145
204878559
204881057
204883466
204885956
204888468
204890963
204893523
204896126
204898663
204901255
204903668
204906250
204908502
204911046
204913707
204916290
204918884
204921314
204923734
204926291
204928568
204930982
204933552
204936041
204938622
204941231
204943760
204946041
204948371
204950869
204953192
204955358
204957865
204960392
204962933
204965534
204967946
204970110
204972490
204974733
204976917
204979135
204981537
204983810
204986128
204988503
204990879
204993333
204995779
204997871
205000416
205002717
205005064
205007573
205009844
205012261
205014508
205016671
205019020
205021426
205023763
205026173
205028578
205030976
205033251
205035601
205038083
205040651
205043067
205045259
205047799
205050147
205052530
205054862
205057356
205059519
205061755
205064074
205066186
205068369
205070564
205073014
205075250
205077601
205080173
205082528
205084578
205087046
205089440
205091835
205094290
205096621
205099134
205101583
205103832
205106079
205108446
205110925
205113397
205115908
205117977
205120262
205122415
205124771
205127225
205129832
205132547
205135229
205137563
205140176
205142776
205145484
205147884
205150455
205152983
205155589
205158089
205160670
205163026
205165488
205168025
205170397
205172961
205175249
205177698
205180153
205182534
205185052
205187660
205190270
205192749
205195182
205197634
205200027
205202348
205204622
205206981
205209346
205211369
205213735
205216253
205218747
205221223
205223802
205226555
205228624
205230816
205233264
205235593
205238067
205240600
205242639
205245151
205247649
205250121
205252688
205255200
205257565
205260006
205262581
205265230
205267594
205269641
205271817
205274111
205276502
205278858
205281137
205283435
205285780
205288259
205290431
205292728
205295124
205297528
205299672
205301749
205303785
205305930
205308331
205310693
205313196
205315493
205318007
205320402
205322429
205324983
205327496
205329942
205332313
205334866
205337432
205339656
205342186
205344186
205346633
205349263
205351711
205354087
205356497
205358886
205361367
205363953
205366439
205368939
205371514
205373895
205376340
205378877
205381402
205383790
205386294
205388698
205391108
205393450
205395739
205398273
205400868
205403265
205405691
205407893
205410388
205412370
205414783
205417240
205419388
205421809
205424351
205426771
205429241
205431597
205434005
205436387
205438722
205441180
205443471
205445621
205447962
205450238
205452391
205454674
205456893
205459051
205461396
205463718
205466221
205468728
205471115
205473368
205475909
205478283
205480630
205483028
205485265
205487518
205489901
205492201
205494728
205497231
205499800
205502349
205504761
205507039
205509314
205511852
205514415
205517046
205519319
205521822
205523909
205526058
205528090
205530090
205532328
205534727
205537190
205539916
205542528
205544933
205547542
205550277
205552629
205555218
205558022
205560540
205563108
205565457
205568036
205569843
205572383
205574943
205577544
205579897
205582240
205584654
205587014
205589636
205592060
205594117
205596541
205598870
205601320
205603570
205605729
205607736
205610383
205612920
205615340
205617672
205619913
205621814
205624030
205626275
205628412
205630448
205632036
205634173
205636495
205639121
205641688
205644164
205646827
205649223
205651697
205654087
205656710
205659123
205661287
205663212
205665533
205668132
205670481
205672576
205675090
205677635
205679935
205682092
205684355
205686813
205689406
205691977
205694594
205697085
205699530
205702093
205704490
205706812
205709458
205712286
205714721
205717080
205719351
205721787
205724317
205726805
205729238
205731517
205733741
205736156
205738679
205741101
205743179
205745232
205747399
205749403
205751040
205753313
205756081
205758662
205761170
205763721
205766237
205768751
205771165
205773551
205775684
205778215
205780541
205783034
205785517
205788127
205790508
205793053
205795441
205797836
205800034
205802492
205804823
205807313
205809686
205811976
205813815
205816334
205819226
205821889
205824555
205827154
205829700
205832182
205834615
205837267
205839834
205842112
205844245
205846289
205848646
205850902
205853190
205855403
205857666
205860119
205862506
205865020
205867284
205869575
205871695
205873846
205876031
205878271
205880558
205882866
205885027
205887155
205889140
205891282
205893519
205895861
205898081
205900209
205902649
205904974
205907281
205909773
205912178
205914545
205916443
205918859
205921123
205923210
205925363
205927608
205929640
205931805
205933858
205936122
205938450
205940728
205943001
205945253
205947765
205950185
205952597
205955127
205957506
205960223
205962655
205965138
205967607
205970212
205972706
205974239
205976120
205978653
205981021
205983607
205985854
205988157
205990304
205992873
205995506
205998213
206000776
206003335
206005352
206007936
206010262
206012471
206014637
206017147
206019732
206021799
206023626
206025829
206028324
206030795
206033353
206035757
206038256
206040667
206043086
206045615
206048163
206050699
206052969
206054881
206056810
206058783
206060917
206063299
206064833
206067094
206069652
206072061
206074416
206076857
206079318
206081731
206084354
206086857
206089446
206091935
206094421
206096848
206099431
206101740
206104118
206106320
206108767
206110774
206113141
206115557
206117239
206119393
206121819
206123948
206126380
206128703
206131191
206133618
206136012
206138455
206140914
206143316
206145548
206147772
206150173
206152358
206155170
206157576
206160834
206163368
206165527
206167744
206170141
206173228
206175868
206178590
206181449
206184314
206187696
206190729
206193262
206196255
206198526
206201488
206203896
206205940
206208542
206211122
206213834
206216443
206218992
206221782
206224817
206227548
206229994
206232552
206235517
206238762
206241269
206243874
206247342
206249811
206252579
206255008
206257711
206260540
206263102
206266327
206268741
206272691
206275529
206278306
206281002
206283904
206286805
206289964
206292616
206295829
206298934
206302109
206304919
206307281
206309598
206312126
206314470
206317062
206319630
206322356
206324549
206326867
206329202
206331638
206333736
206336216
206338782
206341382
206343668
206346094
206348554
206351366
206353993
206356639
206358976
206361447
206364240
206366886
206369795
206372711
206375157
206377871
206380856
206383840
206386321
206388566
206390625
206392828
206394827
206397252
206399581
206401907
206404233
206407153
206409659
206411915
206414501
206416981
206419216
206421635
206424143
206426692
206429132
206431692
206434189
206436734
206439117
206441472
206444011
206446458
206449057
206451439
206453815
206456081
206458447
206460787
206462928
206465329
206467652
206469903
206472124
206474278
206476014
206477804
206479677
206481551
206483955
206485955
206487956
206490198
206492362
206494198
206496540
206499097
206501493
206504210
206506758
206508519
206510922
206513504
206516045
206518373
206520923
206523375
206524878
206527312
206529683
206532404
206534971
206537352
206539939
206542511
206545033
206547534
206550271
206552887
206555469
206557740
206560532
206563072
206565709
206568354
206570738
206573376
206575938
206578596
206581252
206583710
206585960
206588272
206590720
206593251
206595707
206598094
206600348
206602852
206605130
206607704
206610018
206612336
206614372
206616994
206619305
206621456
206623782
206626184
206628629
206631081
206633610
206635686
206637755
206640008
206642414
206644911
206647406
206649065
206651401
206653849
206656285
206658727
206661145
206663624
206666147
206668758
206671290
206673742
206676305
206678692
206681386
206683939
206685834
206688277
206690648
206693083
206695488
206697872
206700303
206702915
206705363
206707731
206710235
206712704
206715038
206717585
206719974
206722541
206724843
206727342
206729528
206731674
206733654
206736025
206738410
206740965
206743343
206745567
206748123
206750500
206752739
206755293
206757737
206760107
206762341
206764358
206766814
206769195
206771479
206773687
206776150
206778184
206780633
206782691
206785076
206787547
206789907
206792186
206794493
206796939
206799081
206801372
206803677
206806274
206808599
206810985
206813316
206815619
206817994
206820371
206822825
206825021
206827399
206829672
206831986
206834381
206836679
206838835
206841124
206843367
206845659
206847930
206850215
206852661
206855205
206857611
206860126
206862455
206865176
206867361
206869478
206871996
206874467
206877046
206879406
206881745
206884073
206886518
206889097
206891549
206894273
206896824
206899095
206901383
206903541
206905948
206908242
206910373
206912673
206914716
206917141
206919464
206921911
206924199
206926086
206928357
206930668
206932749
206934759
206937046
206939068
206941313
206943714
206946149
206948550
206950870
206953283
206955631
206957899
206960016
206961967
206964115
206966255
206968508
206970563
206972894
206975343
206977758
206980456
206982941
206985328
206987718
206990219
206992509
206994792
206997167
206999502
207001902
207004297
207006755
207009099
207011427
207013750
207016143
207018557
207020747
207022738
207024751
207027068
207029318
207031735
207034325
207036863
207039321
207041658
207044029
207046562
207049019
207050948
207053122
207055287
207057650
207060248
207062526
207064789
207067123
207069372
207071733
207074210
207076908
207079416
207081992
207084702
207087058
207089521
207091739
207094040
207096418
207098695
207100978
207103595
207105996
207108462
207111033
207113494
207115840
207118242
207120996
207123645
207125956
207128362
207130992
207133441
207135870
207138319
207140927
207143307
207145532
207148061
207150556
207153085
207155795
207158409
207161080
207163721
207166391
207168776
207171292
207173897
207176437
207179075
207181674
207184339
207186677
207189090
207191687
207194115
207196502
207198721
207200953
207203340
207205663
207207873
207209949
207212020
207213942
207216222
207218773
207221244
207223891
207226595
207229172
207231832
207234215
207236809
207239413
207242124
207244757
207247384
207249748
207252321
207254838
207257283
207259951
207262495
207264762
207267407
207269935
207272512
207274895
207277397
207279786
207282298
207284899
207287569
207290147
207292643
207295118
207297667
207300290
207302761
207305159
207307626
207309989
207312487
207315233
207317241
207319726
207321783
207323789
207326059
207328510
207331000
207333599
207336161
207338543
207340952
207343459
207346001
207348302
207350707
207353203
207355782
207358318
207360756
207363506
207366046
207368491
207371820
207374586
207377183
207379715
207382245
207384724
207387227
207389695
207392211
207394671
207397063
207399477
207401978
207404549
207406894
207409137
207411443
207413898
207416321
207418878
207421285
207423563
207425803
207428157
207430543
207432955
207435335
207437764
207440053
207442399
207444861
207447319
207449636
207452179
207454468
207456897
207459559
207462136
207464613
207466884
207468996
207471003
207473149
207475211
207477551
207479748
207482137
207484494
207486952
207489489
207491950
207494395
207496547
207498831
207501123
207503482
207505831
207507984
207510327
207512562
207514962
207517209
207519674
207521856
207524009
207526084
207542735
207552874
207562909
207565396
207567390
207572328
207574538
207576589
207578469
207580687
207582776
207585056
207587450
207589738
207592085
207594310
207596757
207599114
207601695
207604177
207606656
207609193
207611378
207613457
207615715
207617861
207620045
207622512
207624767
207627169
207629582
207632182
207634384
207636756
207639077
207641462
207644014
207645939
207648212
207650718
207653378
207656004
207658502
207660774
207663096
207665367
207667738
207669980
207672301
207674775
207677167
207679210
207681660
207683925
207686270
207688776
207691363
207693824
207695916
207698051
207700464
207702765
207705163
207707452
207709732
207711928
207714238
207716649
207718828
207721243
207723542
207725856
207728135
207730359
207732351
207734385
207736361
207738203
207740751
207743133
207745795
207748387
207751052
207752975
207755277
207757597
207760091
207762550
207764898
207767355
207769836
207772170
207774543
207776904
207779402
207782068
207784471
207787165
207789570
207792182
207794747
207797121
207799560
207801959
207804398
207806886
207809299
207811862
207814261
207816496
207818626
207820782
207822759
207825093
207827548
207830271
207832819
207835404
207837906
207840323
207842847
207845429
207847814
207850217
207852631
207854901
207857542
207860086
207862536
207864961
207867321
207869192
207871785
207874387
207876911
207879344
207881865
207884491
207886913
207889010
207891197
207893629
207896187
207898671
207900990
207903565
207906277
207908678
207910987
207913273
207915666
207918129
207920432
207922803
207925192
207927703
207930353
207932894
207935525
207938140
207940767
207943301
207945921
207948538
207951264
207953980
207956555
207959076
207961201
207963627
207966102
207968728
207971131
207973525
207976071
207978487
207980932
207983292
207985728
207987937
207990224
207992486
207994932
207997213
207999582
208001968
208004326
208006672
208009044
208011158
208013553
208015921
208018291
208020484
208022602
208024967
208027246
208029431
208031702
208033936
208036264
208038622
208040907
208043112
208045193
208047418
208049833
208052083
208054471
208056799
208059242
208061544
208063935
208066241
208068699
208071149
208073578
208075964
208078324
208080698
208083012
208085211
208087432
208089972
208092442
208094932
208097186
208099583
208101919
208104260
208106697
208109002
208111311
208113640
208116139
208118564
208121034
208123497
208125930
208128422
208130747
208133029
208135484
208137872
208140350
208142654
208145177
208147696
208150120
208152693
208155097
208157564
208159898
208162304
208164702
208167041
208169321
208171817
208174279
208176705
208179095
208181389
208183806
208186216
208188569
208190927
208193216
208195630
208198075
208200348
208202700
208205037
208207373
208209791
208211826
208214235
208216706
208218581
208220867
208223333
208225729
208228162
208230513
208232886
208235101
208237363
208239507
208241768
208243969
208245989
208248409
208250594
208252725
208254951
208257210
208259446
208261783
208264067
208266185
208268418
208270730
208272989
208275284
208277472
208279732
208281999
208284260
208286450
208288647
208290910
208293268
208295586
208297867
208300156
208302273
208304574
208306950
208309177
208311507
208313788
208316290
208318554
208320937
208323351
208325648
208328012
208330326
208332623
208334955
208337280
208339585
208342000
208344354
208346604
208349113
208351377
208353662
208356113
208358543
208360919
208363229
208365625
208368002
208370292
208372738
208375083
208377405
208379740
208381987
208384289
208386700
208388988
208391169
208393529
208395934
208398329
208400487
208402905
208405426
208407708
208410204
208412611
208414795
208417082
208419519
208421707
208424015
208426529
208428909
208431219
208433556
208435811
208438194
208440749
208443065
208445468
208447757
208450199
208452636
208455179
208457336
208459651
208461940
208464252
208466668
208469212
208471591
208474013
208476415
208478878
208481425
208483804
208486443
208488470
208490583
208493099
208495533
208497845
208500393
208502942
208505354
208507733
208510160
208512611
208515145
208517641
208520196
208522675
208525236
208527778
208530109
208532386
208534905
208537197
208539592
208542078
208544472
208546769
208549182
208551651
208554121
208556595
208558909
208561358
208563773
208566375
208568700
208571080
208573715
208576327
208578732
208581090
208583540
208585944
208588275
208590616
208593090
208595505
208598081
208600385
208602718
208605212
208607683
208610274
208612658
208615260
208617777
208620020
208622375
208624833
208627288
208629783
208632212
208634724
208636996
208639355
208641758
208644113
208646531
208648271
208650864
208653242
208655740
208658259
208660387
208662795
208665230
208667748
208670218
208672632
208675031
208677336
208679682
208682159
208684483
208686927
208689183
208691529
208693937
208696489
208699021
208701418
208703633
208705730
208707893
208710186
208712742
208715334
208717946
208720290
208722605
208725280
208727733
208730132
208732816
208735432
208737710
208739857
208741821
208744224
208746519
208748947
208751331
208753577
208755997
208758400
208760804
208763259
208765636
208768145
208770467
208772806
208775095
208777429
208779719
208782030
208784334
208786402
208788786
208791353
208793865
208796379
208798989
208801455
208803875
208806284
208808716
208811145
208813314
208815821
208818189
208820569
208822900
208825372
208827697
208830188
208832557
208834868
208837176
208839489
208841742
208843993
208846044
208848312
208850730
208852935
208855366
208857828
208860131
208862611
208865106
208867479
208869792
208872237
208874720
208877236
208879537
208881842
208884228
208886632
208889101
208891525
208893886
208896207
208898689
208901134
208903563
208906000
208908418
208910766
208913187
208915473
208917951
208920391
208922623
208924902
208927256
208929509
208931803
208934153
208936434
208938807
208941257
208943688
208945931
208948131
208950520
208952894
208955196
208957586
208959978
208962246
208964444
208966633
208968988
208971245
208973589
208975935
208978265
208980678
208983034
208985293
208987550
208989799
208991906
208994044
208996130
208998305
209000747
209003116
209005273
209007755
209010159
209012504
209014748
209017085
209019463
209021750
209024085
209026464
209028680
209031006
209033390
209035753
209038146
209040508
209042887
209045315
209047795
209050157
209052379
209054671
209056940
209059327
209061659
209063961
209066422
209068750
209071216
209073507
209075839
209078096
209080446
209082847
209085172
209087435
209089817
209092280
209094631
209097025
209099559
209101825
209104152
209106405
209108778
209111295
209113873
209116384
209118689
209120931
209123501
209125766
209128031
209129679
209131662
209133731
209135951
209138267
209140689
209142804
209145181
209147703
209150075
209152592
209155021
209157295
209159832
209162142
209164408
209166798
209169317
209171735
209173813
209176223
209178421
209180678
209183087
209185422
209187709
209190126
209192664
209194961
209197377
209199887
209202478
209204805
209207187
209209519
209212014
209214666
209217205
209219716
209221773
209224222
209226780
209229209
209231698
209233937
209236588
209239276
209241789
209244251
209246728
209248982
209251288
209253585
209256124
209258699
209261262
209263462
209265872
209268291
209270865
209273223
209275666
209278020
209280164
209282261
209284547
209286960
209289358
209291960
209294251
209296619
209299075
209301389
209303673
209305935
209308203
209310483
209312897
209315213
209317557
209319819
209322029
209324157
209326604
209329135
209331511
209333754
209336127
209338533
209340903
209343338
209345696
209348037
209350339
209352744
209355198
209357621
209360016
209362507
209364945
209367304
209369732
209372113
209374516
209376922
209379222
209381631
209383981
209386359
209388679
209391053
209393440
209395824
209398250
209400685
209402961
209405326
209407635
209409907
209412235
209414770
209417007
209419395
209421760
209424166
209426486
209428785
209431175
209433381
209435841
209438295
209440602
209442887
209445396
209447616
209449906
209452068
209454308
209456774
209459221
209461557
209464028
209466414
209468818
209471163
209473667
209476009
209478452
209480851
209483270
209485678
209488114
209490494
209492980
209495435
209498014
209500254
209502615
209505000
209507396
209509645
209511953
209514211
209516573
209519071
209521456
209523762
209526027
209528451
209530689
209532987
209535278
209537654
209540067
209542399
209544665
209546932
209549215
209551330
209553676
209556213
209558560
209560922
209563338
209565678
209568007
209570396
209572733
209575185
209577765
209580013
209582320
209584596
209586883
209589146
209591457
209593858
209596103
209598451
209600712
209603118
209605476
209607745
209609814
209611941
209614042
209616263
209618160
209620492
209622735
209624491
209626533
209628353
209630664
209632885
209634956
209637415
209639646
209641939
209644305
209646464
209648897
209651165
209653451
209656062
209658405
209660549
209663157
209665439
209667851
209670323
209672940
209675328
209677503
209680195
209682683
209685237
209687775
209690368
209692922
209695431
209697966
209700392
209703066
209705394
209707621
209710085
209712700
209715345
209717922
209720436
209723045
209725651
209728084
209730724
209733196
209735613
209738185
209740661
209743365
209745879
209748429
209751230
209753727
209756244
209758706
209761075
209763539
209766062
209768509
209770648
209771769
209773812
209776189
209778628
209781068
209783243
209785222
209787855
209790124
209792363
209794839
209796974
209799463
209801887
209804567
209806741
209809057
209811721
209814532
209817129
209819940
209822464
209825262
209827801
209829776
209832494
209835054
209837511
209839896
209842322
209844649
209847223
209849651
209851978
209854505
209856637
209858450
209860361
209862837
209865232
209867634
209870050
209872646
209875241
209877622
209880012
209882460
209885083
209887478
209889319
209891792
209894510
209897020
209899083
209901631
209904269
209908405
209912677
209915110
209918731
209921443
209923901
209926452
209928830
209931363
209933890
209936620
209938555
209940742
209943050
209945294
209947708
209949896
209952255
209954627
209956947
209959335
209961727
209964080
209966321
209968797
209971064
209973327
209975380
209977343
209979212
209981318
209983611
209985800
209988242
209990622
209992745
209995124
209997521
210000024
210002288
210004832
210007213
210009687
210012058
210014395
210016926
210019176
210021522
210023884
210026231
210028723
210031145
210033622
210035922
210038331
210040661
210042967
210045428
210047835
210050221
210052491
210054838
210057209
210059497
210062012
210064399
210066632
210069057
210071426
210073835
210075929
210078179
210080496
210082983
210085262
210087552
210089714
210092106
210094493
210096901
210099399
210101672
210103897
210106378
210108756
210110985
210113201
210115449
210117857
210120340
210122570
210125048
210127553
210130003
210132286
210134575
210136913
210139264
210141615
210143789
210146219
210148412
210150830
210153229
210155681
210157929
210160499
210162702
210165017
210167559
210169965
210172341
210174625
210177094
210179541
210181997
210184314
210186706
210189111
210191429
210193650
210195861
210198329
210200735
210203055
210205586
210207779
210210056
210212466
210214767
210217028
210219311
210221672
210224320
210226724
210229117
210231457
210233395
210235467
210237891
210240291
210242454
210244965
210247411
210250000
210252148
210254594
210256906
210259337
210261794
210264245
210266578
210268938
210271468
210273943
210276467
210278882
210281469
210284123
210286707
210289033
210291758
210293921
210296566
210299054
210301621
210304295
210306749
210309330
210311695
210314234
210316788
210319455
210322103
210324604
210326965
210329075
210331240
210333590
210335924
210338358
210340724
210343235
210345432
210347984
210350286
210352634
210355044
210357409
210359883
210362368
210364834
210367080
210369576
210371939
210374081
210376007
210378268
210380707
210383008
210385351
210387546
210389953
210392265
210394555
210396988
210399349
210401770
210404177
210406365
210408748
210410831
210413056
210415335
210417606
210419760
210422101
210424327
210426547
210428672
210431014
210433244
210435491
210437725
210440076
210442215
210444323
210446500
210448627
210450781
210453129
210455344
210457537
210459897
210462250
210464427
210466475
210468984
210471346
210473838
210476275
210478942
210481274
210483610
210485771
210488172
210490532
210492804
210495019
210497203
210499500
210501989
210504302
210506549
210508869
210511240
210513477
210515896
210518214
210520598
210523139
210525519
210527722
210530150
210532488
210534695
210536934
210539318
210541493
210543750
210545983
210548347
210550980
210553298
210555613
210557925
210560349
210562581
210564856
210567086
210569306
210571564
210573769
210575942
210577970
210580306
210582627
210584906
210587223
210589351
210591773
210593990
210596202
210598561
210600997
210603330
210605746
210608043
210610491
210612850
210615065
210616964
210619178
210621410
210623591
210626041
210628497
210630896
210633171
210635469
210637827
210640238
210642729
210645173
210647571
210650130
210652519
210654799
210657073
210659267
210661484
210663698
210666078
210668361
210670702
210673164
210675410
210677864
210680330
210682566
210684397
210686767
210689235
210691675
210694072
210696330
210698760
210701155
210703722
210706100
210708559
210711018
210713411
210715637
210717796
210719673
210722186
210724825
210727517
210730056
210732741
210735114
210737528
210740065
210742627
210745063
210747686
210750056
210752633
210755028
210757690
210760220
210762700
210765212
210767553
210770035
210772620
210775229
210777785
210780276
210782659
210785214
210787673
210789859
210792385
210794972
210797357
210799754
210802357
210804703
210807135
210809478
210811898
210814396
210817059
210819640
210822119
210824598
210827142
210829600
210832114
210834451
210836687
210839077
210841496
210843786
210845832
210847841
210850093
210852589
210854898
210857152
210859565
210861887
210864138
210866429
210868784
210871085
210873259
210875687
210878036
210880665
210882925
210885290
210887597
210889621
210891884
210894251
210896566
210898956
210901402
210903830
210906209
210908419
210910730
210913120
210915635
210917869
210920220
210922580
210925071
210927546
210930053
210932599
210934951
210937307
210939748
210942250
210944790
210947296
210949684
210952037
210954300
210956213
210958282
210960453
210962727
210964705
210966808
210968948
210971115
210973490
210975691
210977717
210979977
210982193
210984029
210985788
210987571
210989757
210992154
210994579
210996554
210998337
211000177
211002101
211004325
211006704
211009181
211011565
211014033
211016421
211018823
211021260
211023716
211026262
211028756
211031150
211033169
211035360
211037743
211040061
211042340
211044823
211047277
211049583
211052005
211054506
211056911
211059255
211061541
211064019
211066449
211068800
211071122
211073634
211076023
211078292
211080395
211082765
211085293
211087665
211090156
211092519
211094923
211097382
211099845
211102332
211104831
211107417
211109819
211112007
211114466
211116806
211119130
211121639
211124000
211126502
211128891
211131584
211133960
211136347
211138944
211141530
211143950
211146533
211149040
211151576
211154207
211156707
211159306
211161698
211164205
211166770
211169282
211171592
211174206
211176794
211179481
211181873
211184454
211186886
211189438
211191953
211194437
211196896
211199315
211201694
211203858
211206349
211208654
211211161
211213474
211215884
211218339
211220684
211222803
211225077
211227354
211229476
211231776
211234183
211236512
211238910
211241294
211243771
211246102
211248373
211250654
211252987
211255223
211257436
211259307
211260839
211262844
211265093
211267482
211269600
211271750
211274047
211276655
211279038
211281363
211283788
211286206
211288553
211290906
211293397
211295778
211298559
211301042
211303745
211306530
211309081
211311778
211314259
211316785
211319252
211321869
211324529
211326838
211329233
211331858
211334339
211336901
211339404
211341823
211344357
211346818
211349278
211351867
211354158
211356556
211359042
211361372
211363867
211366338
211369006
211371504
211373821
211376490
211378943
211381552
211383587
211385825
211388176
211390529
211392974
211395323
211397915
211400145
211402471
211404662
211406658
211408626
211410967
211413489
211416019
211418052
211420456
211422985
211425555
211427942
211430694
211433213
211435520
211437720
211439961
211442161
211444652
211447086
211449494
211451897
211454012
211456172
211458199
211460163
211461775
211464354
211467080
211469689
211472087
211474572
211477081
211479315
211481559
211483901
211486159
211488459
211490768
211492942
211495307
211497378
211499691
211501997
211504511
211506763
211509073
211511262
211513699
211515890
211518351
211520842
211523360
211525754
211527976
211530475
211533011
211535258
211537548
211539932
211542267
211544643
211547067
211549624
211552010
211554292
211556644
211559004
211561375
211563725
211566042
211568453
211570775
211573414
211575975
211578288
211580158
211582715
211585207
211587778
211590468
211593013
211595111
211597476
211599984
211602570
211605307
211607765
211610023
211612471
211614779
211617109
211619620
211622079
211624642
211627001
211629487
211631910
211634158
211636455
211638786
211641260
211643762
211646052
211648551
211650767
211653076
211655417
211657788
211660237
211662912
211665482
211667918
211670297
211673002
211675328
211677573
211679947
211682544
211685138
211687657
211690166
211692721
211695213
211697834
211700154
211702580
211705130
211707665
211710221
211712772
211715155
211717601
211720079
211722465
211724945
211727334
211729737
211732326
211734967
211737411
211739935
211742319
211744831
211747466
211749921
211752446
211754851
211757147
211759681
211762322
211764911
211767519
211770218
211772797
211775414
211777772
211780131
211782872
211785161
211787762
211790535
211792962
211795463
211797981
211800511
211802973
211805645
211808204
211810783
211813259
211815801
211818336
211820881
211823576
211826135
211828826
211830785
211833368
211835937
211838508
211841265
211843954
211846390
211848840
211851131
211853857
211856363
211858806
211861223
211863563
211866110
211868803
211871356
211873546
211875573
211877978
211880441
211882985
211885487
211887888
211889918
211891392
211893538
211896003
211898319
211900652
211902959
211905657
211908058
211910460
211912968
211915531
211918091
211920436
211922956
211925374
211928036
211930683
211932989
211935364
211937615
211940133
211942624
211945276
211947910
211950561
211952999
211955191
211957670
211960119
211962587
211965229
211967664
211969719
211972175
211974814
211977397
211979975
211982656
211985120
211987645
211990022
211992714
211995227
211997626
212000054
212002538
212005035
212007471
212009997
212012370
212014553
212016466
212018970
212021427
212023925
212026479
212028943
212031474
212033803
212035823
212038000
212040458
212042791
212044893
212047345
212049657
212051917
212054263
212056391
212058824
212060952
212063344
212065694
212068197
212070582
212073038
212075505
212077977
212080379
212082841
212085236
212087590
212090081
212092465
212094642
212097074
212099583
212101639
212104165
212106588
212109106
212111654
212114296
212116470
212118693
212121208
212123831
212126265
212128513
212131124
212133874
212136567
212139215
212141832
212144396
212146813
212149181
212151387
212154005
212156516
212159145
212161528
212164177
212166883
212169252
212171782
212174089
212176391
212179077
212181693
212184130
212186326
212188712
212191044
212193683
212196170
212198280
212200354
212202645
212205231
212207722
212210265
212212575
212215085
212217421
212220139
212222499
212224938
212227585
212230134
212232763
212235241
212237805
212240463
212242965
212245514
212248098
212250415
212253025
212255553
212258246
212260731
212263533
212266057
212268707
212271547
212274086
212276700
212279160
212281697
212284112
212285988
212288139
212290502
212292931
212295425
212297757
212300007
212302634
212304925
212307286
212309673
212311861
212314404
212316847
212319400
212321076
212322734
212324987
212327673
212330151
212332668
212335246
212337817
212340336
212342879
212345422
212347798
212350304
212352431
212354813
212357166
212359338
212361661
212363914
212366283
212368796
212371091
212373712
212376209
212378594
212380840
212383119
212385415
212387808
212390134
212392273
212394513
212396826
212399384
212401855
212404314
212406615
212409047
212411402
212413760
212415781
212418392
212421105
212423903
212426564
212429274
212431889
212433950
212436461
212439110
212441489
212443865
212446181
212448697
212451181
212453896
212456283
212458848
212461274
212463786
212465979
212468343
212470611
212472881
212475201
212477625
212480115
212482526
212484855
212487117
212489706
212492466
212494986
212497450
212499849
212502354
212504868
212507447
212509959
212512420
212514831
212517180
212519759
212522133
212524566
212527075
212529705
212532229
212534878
212537334
212539691
212542247
212544794
212547242
212549627
212552223
212554836
212557304
212559117
212561591
212564082
212566716
212569245
212571719
212574174
212576708
212579204
212581582
212584041
212586372
212588769
212591180
212593660
212596096
212598556
212601099
212603657
212606159
212608419
212610451
212613138
212615589
212618167
212620480
212623028
212625220
212626747
212629171
212631628
212633987
212636701
212639273
212641751
212644087
212646700
212649118
212651660
212654362
212657013
212659503
212662056
212664576
212666866
212669382
212671819
212674475
212676902
212679447
212682021
212684465
212686907
212689219
212691856
212694277
212696756
212699266
212701074
212703783
212706434
212708991
212711553
212714186
212716722
212719411
212722012
212724473
212726413
212728840
212731318
212733907
212736617
212739025
212741663
212744238
212746874
212749343
212751766
212754412
212756826
212759589
212761965
212764421
212766707
212769232
212771708
212774168
212776494
212778768
212780220
212782564
212785063
212787547
212789938
212791905
212794110
212796581
212799027
212801603
212804212
212806574
212808723
212811063
212813495
212816077
212818586
212821228
212823708
212826108
212828504
212830850
212833339
212835793
212837969
212840571
212842900
212845283
212847850
212850237
212852837
212855173
212857461
212859183
212861506
212863863
212866308
212868719
212871441
212873811
212876106
212878460
212881009
212883652
212885904
212888409
212890621
212893124
212895405
212897664
212900198
212902747
212905238
212907721
212909908
212912554
212914801
212916894
212919181
212921535
212923952
212925854
212928080
212930496
212932989
212935361
212937907
212940306
212942833
212945269
212947726
212950135
212952008
212954319
212956558
212958971
212961152
212963469
212965876
212968366
212970633
212972962
212975282
212977737
212980172
212982553
212985029
212987266
212989595
212992123
212994573
212996723
212998942
213001342
213003839
213006024
213008254
213010599
213013121
213015335
213017206
213019632
213022123
213024658
213026936
213029278
213031468
213033741
213035998
213038314
213040668
213043177
213045671
213047992
213050470
213052456
213054799
213057135
213059460
213061775
213064333
213066544
213068837
213071198
213073643
213076031
213078405
213080822
213083231
213085622
213088167
213090609
213092985
213095378
213097667
213100061
213102552
213104865
213107286
213109803
213112403
213114511
213116427
213118335
213120577
213122923
213125465
213128010
213130382
213132891
213135491
213137893
213140396
213142783
213145169
213147452
213149917
213151649
213152956
213155116
213157439
213159864
213162308
213164842
213167258
213169543
213171927
213174435
213176715
213178942
213181376
213183670
213186060
213188521
213190846
213193185
213195522
213197840
213200232
213202579
213205013
213207255
213209667
213212033
213214238
213216247
213218127
213220001
213222271
213224843
213227216
213229692
213232067
213234318
213236853
213239310
213241512
213243650
213246170
213248584
213251150
213253625
213256198
213258506
213260745
213263057
213265797
213268089
213270599
213272881
213275337
213277975
213280357
213282866
213285227
213287719
213290168
213292790
213295462
213298178
213300755
213303218
213305532
213307976
213310409
213312823
213315393
213318036
213320556
213323027
213325494
213327892
213330219
213332652
213335036
213337640
213339994
213342662
213345125
213347864
213350512
213353086
213355371
213357807
213360070
213362266
213364667
213367312
213369956
213372533
213374996
213377274
213379826
213382169
213384548
213387006
213389318
213391640
213394239
213396743
213399327
213401643
213403920
213406316
213408554
213410924
213413315
213415756
213418132
213420565
213423194
213425573
213427891
213430146
213432646
213435196
213437744
213440202
213442779
213445137
213447663
213449942
213452404
213454995
213457561
213460132
213462542
213465060
213467532
213470131
213472648
213475310
213477848
213480444
213482983
213485486
213487852
213490323
213492607
213495080
213497452
213499824
213502319
213504810
213507342
213509813
213512106
213514396
213516531
213518644
213520959
213523325
213525776
213528234
213530726
213533243
213535743
213538165
213540676
213543184
213545518
213547994
213550245
213552825
213555234
213557795
213560161
213562629
213565113
213567344
213569707
213572120
213574591
213576954
213579423
213581845
213584160
213586494
213588797
213591128
213593563
213596147
213598513
213600961
213603105
213605521
213607837
213610141
213612561
213615105
213617503
213620141
213622620
213624810
213626905
213628844
213630830
213632879
213634977
213636931
213639233
213641773
213644278
213646751
213649232
213651538
213654144
213656593
213659039
213661500
213663879
213666390
213668902
213671392
213673787
213676332
213678847
213681321
213683955
213686437
213689108
213691584
213693929
213696361
213698827
213701394
213703894
213706149
213708433
213710643
213712905
213715427
213717788
213720195
213722663
213725088
213727614
213729995
213732523
213734877
213737209
213739550
213741859
213744233
213746521
213748934
213751346
213753711
213756122
213758551
213760867
213763199
213765524
213767916
213770256
213772701
213775043
213777502
213779901
213782185
213784455
213786945
213789486
213791756
213794204
213796656
213799188
213801548
213803988
213806327
213808260
213810482
213812914
213815240
213817650
213819973
213822289
213824649
213827192
213829669
213832079
213834589
213837136
213839622
213842154
213844553
213846947
213849407
213851901
213854373
213856664
213859197
213861597
213864066
213866419
213868865
213871338
213873770
213876207
213878721
213881243
213883560
213886107
213888546
213891183
213893647
213896142
213898573
213901150
213903619
213906001
213908549
213910974
213913547
213915921
213918145
213920466
213922984
213925277
213927698
213930145
213932467
213934785
213937143
213939629
213942092
213944530
213947090
213949464
213951946
213954195
213956661
213959085
213961451
213963861
213966329
213968658
213970980
213973180
213975405
213977685
213979939
213981853
213983797
213985808
213987845
213989711
213991844
213994250
213996531
213998212
214000529
214002910
214005372
214007784
214010336
214012821
214015234
214017615
214020053
214022489
214024931
214027268
214029757
214032006
214034374
214036753
214039081
214041581
214044044
214046456
214048727
214051193
214053674
214056014
214058237
214060762
214063155
214065477
214067898
214070262
214072657
214074995
214077311
214079702
214081986
214084513
214086996
214089380
214091756
214094204
214096576
214099047
214101456
214103960
214106356
214108655
214111139
214113444
214115901
214118450
214120876
214123405
214125874
214128289
214130428
214132887
214135210
214137511
214140022
214142430
214144884
214147368
214149885
214152201
214154603
214157024
214159309
214161714
214163989
214166267
214168670
214171029
214173513
214176022
214178358
214180812
214183403
214185682
214188006
214190417
214192891
214195366
214197812
214200211
214202613
214204986
214207511
214209863
214212299
214214617
214217283
214219731
214222274
214224704
214227171
214229683
214232285
214234813
214237446
214239871
214242476
214244869
214247375
214249986
214252601
214255141
214257572
214260125
214262709
214265130
214267515
214269819
214272046
214274353
214276326
214278510
214280579
214282189
214284706
214286956
214289336
214291806
214294136
214296538
214299046
214301523
214303882
214306303
214308925
214311538
214313963
214316381
214318926
214321584
214324196
214326591
214329070
214331288
214333650
214336031
214338308
214340511
214343046
214345562
214347882
214350470
214352825
214355260
214357616
214360002
214362570
214364889
214367437
214369838
214372210
214374628
214377146
214379480
214382062
214384048
214386178
214388424
214390922
214393106
214395438
214397943
214400340
214402644
214404676
214406896
214409400
214411818
214414447
214417009
214419627
214422128
214424520
214426791
214429139
214431679
214434039
214436362
214438818
214441265
214443753
214446352
214448621
214450851
214453204
214455769
214458321
214460628
214463135
214465214
214467670
214470211
214472547
214475108
214477602
214480031
214482405
214484761
214487088
214489537
214491745
214494132
214496510
214498879
214501281
214503563
214505938
214508380
214511005
214513440
214515748
214518186
214520543
214522934
214525443
214527835
214530266
214532566
214534597
214536910
214539489
214542055
214544356
214546793
214549330
214551497
214553628
214555994
214558420
214560943
214563536
214565954
214568384
214570693
214573075
214575484
214577784
214579958
214582479
214584918
214587326
214589825
214592304
214594831
214597255
214599594
214601954
214604012
214606340
214608439
214610407
214612766
214615121
214617339
214619688
214622058
214624492
214626949
214629416
214631664
214634061
214636476
214638960
214641114
214642935
214645039
214646877
214649122
214651561
214653413
214655874
214658127
214660607
214663067
214665505
214668026
214670591
214673030
214675160
214677562
214679849
214682452
214685105
214687533
214689924
214692448
214694917
214697459
214699816
214702204
214704561
214706966
214709327
214711672
214714106
214716760
214719252
214721838
214724215
214726670
214729051
214731632
214734342
214736672
214739175
214741623
214744196
214746869
214749370
214751948
214754200
214756589
214759069
214761501
214763886
214766228
214768630
214771066
214773435
214775807
214778085
214780447
214782671
214784923
214787216
214789684
214792186
214794711
214797192
214799724
214802179
214804643
214807119
214809600
214812329
214814864
214817513
214819966
214822561
214824723
214827230
214829868
214832329
214834414
214836658
214839248
214841945
214844593
214847243
214849793
214852404
214855184
214857918
214860558
214863315
214865881
214868206
214869918
214871830
214874218
214876701
214879231
214881481
214883971
214886339
214888766
214891233
214893707
214896345
214898871
214901287
214903800
214906286
214908874
214911452
214913878
214916495
214918930
214921446
214923988
214926513
214929082
214931295
214933619
214936265
214938895
214941316
214943920
214946370
214948989
214951581
214954121
214956499
214958759
214961220
214963776
214966255
214968870
214971420
214973847
214976343
214978726
214981219
214983710
214985982
214988443
214990894
214993334
214995792
214998280
215000820
215003528
215005987
215008276
215010722
215012926
215015445
215017880
215020335
215022870
215025319
215027840
215030223
215032593
215035095
215037617
215040246
215042904
215045216
215047731
215050192
215052634
215055067
215057291
215059767
215062313
215064631
215067034
215069527
215071858
215074398
215077017
215079389
215081855
215083536
215085953
215088261
215090650
215093086
215094936
215097377
215099905
215102290
215104656
215107080
215109415
215111837
215114091
215116579
215119165
215121586
215123977
215126276
215128791
215131215
215133853
215136265
215138743
215141194
215143555
215146215
215148550
215150998
215153641
215156004
215158339
215160756
215163052
215165460
215167911
215170149
215172537
215174851
215177163
215179546
215182135
215184589
215187046
215189545
215191917
215194510
215196881
215199382
215201943
215204284
215206794
215209090
215210448
215212825
215215251
215217848
215220231
215222628
215225118
215227508
215229877
215232069
215234363
215236458
215238817
215241273
215243660
215246222
215248791
215251013
215253464
215255744
215258150
215260460
215262715
215264939
215267258
215269643
215271826
215274048
215276308
215278695
215280989
215283310
215285785
215288104
215290565
215292956
215295258
215297500
215299860
215302170
215304418
215306714
215309099
215311470
215313731
215316019
215318305
215320663
215323046
215325254
215327647
215330010
215332564
215334923
215337133
215339484
215341735
215344069
215346317
215348630
215350799
215353127
215355269
215357463
215359608
215361761
215363814
215365826
215368055
215370228
215372217
215374047
215376168
215378208
215380191
215382156
215384328
215386448
215388450
215390472
215392320
215394227
215395946
215398190
215400666
215402972
215405331
215407671
215409911
215411821
215413685
215415458
215417581
215420027
215422493
215424874
215427201
215429344
215431494
215433590
215436079
215438342
215440549
215442677
215444920
215447202
215449415
215451627
215453887
215456338
215458642
215461040
215463320
215465721
215468132
215470510
215472855
215475175
215477487
215479807
215482101
215484453
215486787
215489158
215491479
215493691
215496074
215498427
215500815
215503324
215505790
215508089
215510474
215512758
215514989
215517394
215519850
215522192
215524662
215526817
215529170
215531524
215533785
215535938
215538088
215540263
215542600
215544827
215547294
215549710
215552117
215554284
215556652
215559099
215561567
215563991
215566452
215568374
215570619
215573183
215575571
215577753
215579940
215582195
215584555
215586942
215589328
215591708
215594125
215596547
215599033
215601576
215604023
215606435
215608823
215611328
215613756
215615967
215618410
215620599
215622633
215624461
215626549
215628623
215630491
215632849
215635056
215637352
215639641
215641871
215644287
215646556
215648651
215650813
215653220
215655604
215657840
215660231
215662608
215664826
215667137
215669390
215671464
215673823
215675232
215677115
215679398
215681511
215683792
215686013
215688438
215690841
215693151
215695245
215697482
215699630
215701928
215704273
215706693
215709241
215711524
215713976
215716317
215718696
215721034
215723195
215725633
215727975
215730047
215732414
215734628
215737100
215739592
215741798
215744127
215746559
215748973
215751501
215753671
215756078
215758354
215760363
215762687
215764947
215767310
215769721
215771739
215774068
215776423
215778760
215780903
215782905
215785235
215787435
215789701
215791822
215794160
215796308
215798646
215800781
215803013
215805045
215807250
215809570
215811986
215814142
215816400
215818597
215820969
215823496
215825818
215828175
215830566
215833126
215835407
215837637
215839890
215842268
215844472
215846487
215848706
215851155
215853411
215855602
215857881
215860114
215862537
215864820
215867114
215869369
215871803
215874082
215876386
215878738
215880821
215883077
215885317
215887521
215889413
215891807
215894283
215896635
215899045
215901220
215903530
215905885
215908342
215910646
215912843
215915218
215917511
215919826
215922211
215924590
215926827
215929338
215931612
215934093
215936201
215938423
215940852
215943210
215945703
215948174
215950614
215952679
215954680
215956901
215959167
215961501
215963982
215966013
215968250
215970573
215972782
215975221
215977544
215979717
215981999
215984317
215986584
215989020
215991311
215993489
215995731
215997947
216000200
216002559
216004858
216007054
216009068
216011044
216013032
216015208
216017476
216019826
216022221
216024407
216026690
216028985
216030877
216033134
216035451
216037701
216039800
216042080
216044406
216046597
216048697
216050909
216053316
216055715
216058097
216060399
216062781
216065156
216067259
216069387
216071445
216073418
216075729
216077977
216080031
216082193
216084391
216086572
216088788
216090947
216093299
216095543
216097822
216100062
216102449
216104574
216106867
216109270
216111546
216113977
216116185
216118441
216120651
216123028
216125324
216127652
216129981
216132241
216134599
216136957
216139188
216141390
216143841
216145973
216147821
216149701
216151885
216153855
216156238
216158413
216160834
216163105
216165363
216167543
216169792
216172135
216174452
216176494
216178758
216181080
216183424
216185654
216187910
216190168
216192390
216194632
216196694
216198654
216200650
216202803
216205093
216207390
216209580
216211720
216214058
216216500
216218645
216220907
216223285
216225608
216227788
216230026
216232025
216234161
216236478
216238751
216240886
216243088
216245349
216247144
216249339
216251445
216253674
216255952
216258269
216260500
216262732
216265055
216267344
216269570
216271877
216274105
216276437
216278595
216280772
216282974
216285209
216287202
216289388
216291527
216293653
216295932
216298127
216300433
216302805
216305265
216307572
216309744
216312113
216314381
216316734
216319219
216321572
216323579
216325517
216327678
216329808
216332004
216334377
216336602
216338746
216340831
216343085
216345260
216347623
216349930
216352189
216354519
216356737
216359129
216361406
216363625
216365834
216368139
216370302
216372552
216374667
216376949
216379067
216381478
216383802
216386246
216388376
216390659
216392909
216395151
216397545
216399746
216402151
216404509
216406821
216409145
216411417
216413653
216415800
216418069
216420197
216422232
216424330
216426687
216429017
216431267
216433530
216435896
216438265
216440604
216443040
216445438
216447574
216449907
216452341
216454660
216456924
216459289
216461361
216463640
216465840
216468101
216470357
216472649
216475001
216477335
216479608
216481772
216483980
216486069
216488045
216490047
216492037
216494131
216496285
216498477
216500586
216502561
216504756
216506912
216509064
216511359
216513638
216515841
216518004
216520154
216522289
216524451
216526643
216528855
216531004
216533305
216535456
216537697
216540035
216542222
216544533
216546828
216548980
216551241
216553543
216555756
216557992
216560146
216562243
216564430
216566741
216568825
216570923
216573112
216575394
216577712
216579844
216582163
216584455
216586739
216589015
216591227
216593681
216596121
216598465
216600849
216603084
216605502
216607939
216610418
216612753
216615142
216617502
216619848
216622191
216624505
216626760
216629043
216631277
216633471
216635762
216638184
216640423
216642638
216645013
216647269
216649552
216651872
216654222
216656458
216658787
216660899
216663027
216665379
216667658
216669873
216672153
216674613
216676814
216678877
216681191
216683451
216685849
216688071
216690429
216692782
216694990
216697352
216699616
216702110
216704314
216706599
216709004
216711280
216713653
216715983
216718410
216720664
216723063
216725271
216727647
216729961
216732319
216734578
216736869
216739363
216741700
216744137
216746426
216748764
216751049
216753282
216755597
216757929
216760177
216762412
216764639
216766963
216769165
216771389
216773631
216775763
216777965
216779672
216781748
216784042
216786456
216788651
216790969
216793394
216795599
216797821
216800092
216802345
216804704
216807063
216809252
216811450
216813819
216816089
216818310
216820604
216822755
216825042
216827334
216829558
216831730
216834083
216836425
216838792
216841298
216843738
216846111
216848415
216850865
216853343
216855665
216858017
216860403
216862847
216865255
216867609
216869987
216872380
216874517
216876854
216879208
216881420
216883651
216885953
216888346
216890701
216892963
216895389
216897837
216900111
216902443
216904584
216906959
216909150
216911504
216913589
216915742
216918013
216920267
216922597
216924969
216927116
216929467
216931725
216933989
216936157
216938416
216940553
216942669
216945067
216947628
216949879
216952353
216954585
216956925
216959268
216961544
216963829
216966071
216968324
216970508
216972686
216974914
216977135
216979463
216981719
216983868
216986101
216988359
216990633
216992812
216995040
216997412
216999685
217001962
217004167
217006488
217008906
217011169
217013430
217015817
217018051
217020429
217022608
217024821
217027020
217029304
217031552
217033811
217035995
217038162
217040369
217042590
217044836
217047125
217049375
217051591
217053801
217056143
217058365
217060684
217063057
217065435
217067741
217070174
217072682
217074926
217077214
217079557
217081801
217084155
217086515
217088845
217090983
217093381
217095677
217098108
217100402
217102700
217104964
217107060
217109347
217111638
217113847
217115991
217118268
217120454
217122721
217125026
217127178
217129428
217131712
217133804
217135657
217137613
217139622
217141629
217144000
217146236
217148521
217150952
217153405
217155738
217158074
217160354
217162493
217164678
217166908
217169002
217171142
217173229
217175565
217177689
217179785
217181904
217184043
217186278
217188313
217190465
217192604
217194744
217196723
217198889
217201212
217203264
217205487
217207523
217209577
217211823
217213977
217216153
217218371
217220598
217222577
217224600
217226779
217228961
217231321
217233574
217235959
217238120
217240168
217242439
217244644
217246725
217248982
217251155
217253395
217255409
217257528
217259465
217261666
217263883
217266309
217268666
217270931
217273248
217275430
217277640
217279831
217281963
217284140
217286225
217288298
217290390
217292620
217294860
217297107
217299250
217301508
217303770
217305963
217308072
217310080
217312221
217314449
217316795
217318928
217321304
217323531
217325740
217328040
217330124
217332470
217334716
217337030
217339353
217341634
217344052
217346351
217348612
217350857
217353195
217355224
217357396
217359481
217361689
217364076
217366574
217368966
217371160
217373314
217375532
217377761
217379971
217382056
217384217
217386222
217388424
217390787
217393017
217395474
217397886
217400129
217402528
217404612
217406691
217408947
217411389
217413571
217415880
217418225
217420555
217422904
217425095
217427572
217429780
217431899
217434262
217436665
217438910
217441252
217443636
217446058
217448383
217450572
217452946
217455089
217457503
217459749
217462295
217464651
217467129
217469615
217472278
217474773
217477356
217479816
217482376
217484724
217487273
217489543
217491956
217494476
217497011
217499405
217501801
217504400
217506893
217509352
217511869
217514180
217516383
217518931
217521402
217523656
217525251
217527635
217530317
217532833
217535254
217537565
217539990
217542380
217544769
217547145
217549433
217551919
217554360
217556814
217559123
217561653
217564050
217566358
217568506
217570931
217573269
217575747
217578267
217580675
217583148
217585494
217587783
217590236
217592674
217595166
217597402
217599678
217602190
217604563
217607003
217609405
217611820
217614267
217616682
217619104
217621167
217623480
217625847
217628356
217630680
217632820
217635187
217637458
217639906
217642338
217644691
217647072
217649400
217651599
217654110
217656305
217658625
217660888
217663262
217665591
217667959
217670389
217672853
217675214
217677622
217680200
217682354
217684598
217687056
217689299
217691266
217694028
217696159
217698304
217700563
217702692
217704656
217706941
217709077
217711472
217713792
217716012
217718358
217720599
217722877
217725157
217727550
217730015
217732411
217734726
217737087
217739442
217741879
217744010
217746333
217748570
217750810
217753144
217755455
217757766
217760083
217762438
217764632
217767057
217769405
217771736
217773955
217776145
217778444
217780782
217782979
217785273
217787540
217789929
217792193
217794199
217796530
217798849
217801164
217803325
217805676
217807970
217810166
217812493
217814801
217817033
217819326
217821565
217823912
217826075
217828451
217830554
217833000
217835352
217837805
217840161
217842465
217844903
217847322
217849731
217851795
217854099
217856362
217858828
217861038
217863361
217865699
217868038
217870168
217872472
217874620
217876896
217879162
217881314
217883417
217885581
217887801
217889936
217892137
217894538
217896574
217898750
217901067
217903246
217905688
217907901
217910193
217912468
217914702
217917019
217919280
217921390
217923722
217925911
217928218
217930489
217932884
217935257
217937418
217939631
217941948
217944217
217946755
217949272
217951746
217954099
217956449
217958909
217961330
217963799
217966103
217968433
217970693
217973185
217975546
217977980
217980429
217982762
217985147
217987632
217990101
217992501
217994898
217997349
217999583
218001984
218004270
218006625
218008884
218013254
218016674
218019180
218021440
218023781
218026242
218028429
218030869
218033365
218035817
218038171
218040501
218042765
218045260
218047621
218050019
218052262
218054488
218056828
218059067
218061393
218063593
218065914
218068123
218070471
218072505
218074790
218076955
218079154
218081339
218083600
218085883
218088210
218090347
218092594
218094850
218097022
218098992
218101175
218103423
218105563
218108025
218110324
218112555
218114866
218117058
218119144
218121400
218123636
218125890
218128103
218130573
218132985
218135372
218137828
218140112
218142451
218144795
218147046
218149368
218151762
218154033
218156372
218158719
218161329
218163931
218165609
218167696
218170132
218172583
218174915
218177236
218179511
218181847
218184205
218186689
218189124
218191460
218193910
218196338
218198760
218201212
218203711
218206186
218208499
218210922
218213495
218215557
218217905
218220352
218222693
218224929
218227192
218229556
218231658
218233970
218236167
218238332
218240581
218242826
218245035
218247432
218249716
218252019
218254112
218256509
218258761
218260957
218263119
218265200
218267388
218269744
218272039
218274351
218276723
218279028
218281007
218283448
218285547
218287921
218290383
218292753
218295374
218297861
218300347
218302728
218305171
218307562
218309798
218312304
218314822
218317297
218319774
218322269
218324365
218326904
218329236
218331471
218333860
218336474
218339012
218341531
218344204
218346442
218348488
218350913
218353324
218355757
218358048
218360589
218362962
218365380
218367814
218370023
218372378
218374931
218377405
218379258
218381498
218383928
218386278
218388645
218391019
218393453
218395584
218397720
218400170
218402578
218404798
218407043
218409353
218411719
218414027
218416313
218418643
218421015
218423283
218425618
218427864
218430077
218432379
218434494
218436652
218438762
218441112
218443237
218445580
218447806
218449946
218452228
218454391
218456474
218458782
218461174
218463509
218465897
218468391
218470752
218473173
218475535
218477887
218480276
218482563
218484787
218487096
218489348
218491587
218493893
218496327
218498594
218500985
218503229
218505516
218507837
218510143
218512593
218514953
218517314
218519821
218522293
218524579
218526973
218529564
218532000
218534190
218536583
218539201
218541613
218544013
218546437
218548971
218551359
218553694
218556010
218558392
218560827
218562964
218565523
218567868
218570250
218572359
218574843
218577138
218579590
218581847
218584219
218586632
218588953
218591311
218593492
218595540
218597434
218599571
218601767
218604158
218606436
218608845
218611103
218613233
218615848
218618064
218620429
218622901
218625296
218627639
218629951
218632407
218634665
218637103
218639592
218641818
218644031
218646364
218648684
218650853
218653110
218655586
218658012
218660515
218663085
218665541
218667677
218669889
218672177
218674679
218676955
218679185
218681581
218683908
218686175
218688485
218690818
218693287
218695781
218698191
218700696
218703112
218705463
218707905
218710130
218712415
218714582
218716886
218719399
218721638
218724073
218726189
218728698
218731064
218733502
218735883
218738281
218740660
218742789
218745110
218747401
218749569
218751684
218753792
218755989
218758302
218760754
218763122
218765373
218767535
218769658
218771909
218774278
218776594
218778942
218781274
218783459
218785785
218788092
218790394
218792643
218794954
218797198
218799385
218801603
218803779
218806053
218808332
218810503
218812756
218815052
218817345
218819605
218821766
218824067
218826246
218828437
218830812
218833086
218835358
218837678
218840036
218842290
218844573
218846844
218849174
218851391
218853520
218855577
218857894
218860179
218862384
218864637
218866931
218869178
218871412
218873706
218876082
218878493
218880665
218882774
218884860
218887134
218889479
218891668
218894009
218896228
218898498
218900873
218903180
218905451
218907906
218910098
218912385
218914753
218917005
218919319
218921669
218923978
218926321
218928670
218930882
218933203
218935473
218937638
218939844
218942107
218944525
218946788
218949130
218951494
218953867
218956180
218958546
218960828
218963264
218965618
218968055
218970390
218972844
218975172
218977690
218979977
218982468
218984878
218987364
218989403
218991788
218994068
218996508
218999001
219001345
219003695
219006035
219008369
219010958
219013353
219015816
219018264
219020706
219023041
219025582
219028095
219030563
219033127
219035632
219038194
219040591
219043029
219045577
219047939
219050459
219052785
219055099
219057414
219059941
219062448
219064980
219067429
219069748
219072057
219074445
219077054
219079398
219081762
219084107
219086676
219089198
219091654
219094042
219096515
219098915
219101258
219103303
219105342
219107494
219109827
219112188
219114531
219116481
219118685
219121185
219123695
219126206
219128606
219131012
219133473
219135868
219138351
219140688
219143178
219145642
219148030
219150521
219152983
219155502
219157959
219160360
219162815
219165149
219167418
219169945
219172333
219174439
219176776
219179128
219181357
219183737
219186084
219188454
219190775
219193067
219195356
219197713
219199837
219202137
219204470
219206689
219209097
219211286
219213567
219215961
219218309
219220576
219222916
219225419
219227781
219229744
219231946
219234212
219236616
219238941
219241263
219243829
219245943
219248375
219250738
219253156
219255574
219257883
219260152
219262549
219264866
219267358
219269812
219272233
219274474
219277062
219279526
219281874
219284432
219286858
219289217
219291601
219293966
219296527
219299084
219301371
219303754
219306234
219308576
219311041
219313426
219315766
219318261
219320709
219323265
219325584
219327799
219330274
219332668
219334932
219337298
219339851
219342401
219344917
219347363
219349668
219352054
219354343
219356916
219359362
219361831
219364375
219366908
219369400
219372011
219374351
219376653
219379136
219381411
219383752
219386113
219388622
219391222
219393719
219396151
219398683
219400872
219403300
219405784
219408432
219410755
219412589
219415073
219417465
219419815
219422300
219424803
219427333
219429859
219432197
219434895
219437387
219439796
219442169
219444639
219447011
219449269
219451733
219454092
219456198
219458570
219460826
219463301
219465703
219468112
219470508
219472825
219475148
219477499
219479814
219482081
219484761
219487133
219489567
219491807
219494222
219496531
219498895
219501356
219503854
219506203
219508548
219510719
219513071
219515690
219518158
219520612
219523035
219525404
219527765
219530323
219532758
219535217
219537647
219540141
219542547
219545078
219546581
219548933
219551314
219553738
219556202
219558610
219561101
219563267
219565724
219568078
219570406
219572739
219575173
219577802
219580079
219582444
219584773
219587310
219589896
219592123
219594752
219596904
219599590
219602075
219604567
219607005
219609616
219612028
219614495
219617018
219619354
219621673
219624046
219626501
219628843
219631148
219633572
219635888
219638186
219640533
219642780
219645219
219647425
219649844
219652201
219654520
219656963
219659398
219661714
219664160
219666392
219668657
219671128
219673400
219675803
219678231
219680558
219682975
219685464
219687915
219690314
219692669
219695144
219697504
219699801
219702262
219704543
219706907
219709149
219711488
219714141
219716717
219719170
219721578
219723813
219726057
219728265
219730473
219732828
219735172
219737583
219739941
219742483
219744831
219747221
219749614
219752087
219754460
219756735
219759063
219761397
219763685
219766097
219768483
219770873
219773113
219775265
219777267
219779565
219781838
219784129
219786578
219789043
219791474
219793880
219796295
219798705
219800974
219803430
219805791
219808201
219810523
219812796
219815177
219817412
219819642
219822002
219824348
219826754
219829124
219831652
219833946
219836117
219838391
219840216
219842006
219843834
219845761
219847991
219850259
219852577
219854641
219856640
219858562
219860727
219862884
219864606
219866319
219868460
219870244
219872702
219874925
219877445
219879925
219882356
219884859
219887151
219889048
219890992
219893092
219895479
219897645
219899978
219902446
219904892
219907204
219909628
219912265
219914850
219917165
219919548
219922119
219924636
219927131
219928833
219931373
219934027
219936626
219939101
219941538
219944005
219946469
219948651
219950884
219953344
219955418
219957977
219960237
219961804
219964145
219966731
219969188
219971819
219974146
219976677
219979109
219981393
219983723
219986029
219988492
219990984
219993389
219995914
219998298
220000718
220002929
220005410
220007621
220010130
220012606
220015278
220017712
220020069
220022498
220025014
220027364
220029840
220032322
220034742
220037109
220039378
220041578
220043877
220046318
220048264
220050636
220053098
220055439
220057674
220059881
220062304
220064607
220067305
220069701
220072099
220074315
220076698
220078902
220081211
220083463
220085847
220088241
220090330
220092579
220094745
220096904
220099009
220101281
220103418
220105923
220108292
220110506
220112617
220115082
220117387
220119826
220122165
220124599
220126832
220129270
220131636
220133943
220136265
220138427
220140782
220143083
220145579
220147703
220149784
220152062
220154382
220157062
220159588
220162211
220164555
220167129
220169378
220171810
220174099
220176533
220179014
220181326
220183755
220186222
220188708
220190947
220193184
220195684
220198086
220200589
220203071
220205479
220207916
220210364
220212694
220214979
220217427
220220042
220222518
220224991
220227575
220230217
220232833
220235453
220237912
220240361
220243012
220245288
220247320
220249570
220251937
220254112
220256592
220259075
220261582
220264053
220266759
220269159
220271694
220273719
220276311
220278716
220281182
220283764
220286275
220288671
220291150
220293592
220296139
220298646
220301143
220303587
220306009
220308369
220310650
220312877
220315059
220317309
220319776
220321914
220324309
220326599
220329033
220331586
220334014
220336379
220338744
220341025
220343385
220345699
220348114
220350400
220352899
220355241
220357698
220359811
220362122
220364554
220366933
220369407
220371873
220374350
220376787
220379100
220381327
220383707
220386274
220388693
220391045
220393371
220395798
220398165
220400611
220402931
220405382
220407854
220410278
220412650
220414695
220416999
220419431
220421881
220424194
220426716
220429186
220431605
220434075
220436660
220439130
220441548
220443903
220446280
220448741
220451235
220453760
220456222
220458879
220461443
220463935
220466338
220468199
220470648
220473059
220475011
220476639
220479086
220481277
220483726
220486159
220488697
220491114
220493618
220496118
220498550
220500974
220503472
220505885
220508352
220510815
220513278
220515757
220518264
220520801
220523511
220526099
220528192
220529985
220532564
220534954
220537265
220539359
220541661
220544231
220546607
220548911
220551555
220553969
220556489
220558881
220561396
220563833
220566377
220568943
220571483
220574008
220576613
220579197
220581687
220584207
220586588
220589033
220591665
220594215
220596533
220598997
220601354
220604008
220606416
220608755
220611063
220613489
220615972
220618556
220621067
220623681
220626083
220628451
220630937
220633518
220635921
220638304
220641176
220643585
220645907
220648320
220650960
220653289
220655871
220658584
220661136
220663544
220665867
220668088
220670600
220673032
220675557
220678109
220680210
220682710
220685101
220687445
220689937
220691820
220694125
220696525
220698963
220701301
220703694
220706077
220708381
220710854
220713134
220715494
220717994
220720297
220722800
220725139
220727629
220730042
220732347
220734856
220737110
220739561
220742212
220744716
220747095
220749240
220751824
220754182
220756485
220758949
220761577
220763892
220766483
220769086
220771144
220773745
220776214
220778534
220781095
220783585
220786283
220788252
220790859
220793267
220795569
220797981
220800408
220802644
220805039
220807444
220809872
220812257
220814630
220817071
220819516
220822099
220824555
220827124
220829589
220832073
220834699
220837142
220839713
220842266
220844834
220847338
220849883
220852276
220854655
220856983
220859486
220861877
220864148
220866535
220869056
220871532
220874032
220876543
220878850
220880521
220882387
220884442
220886518
220888549
220890733
220892911
220895047
220897423
220899733
220902202
220904508
220906903
220909377
220911908
220914354
220916683
220919151
220921689
220924049
220926525
220928971
220931423
220933962
220936320
220938812
220941173
220943619
220946072
220948552
220951097
220953142
220955793
220958185
220960620
220963117
220965551
220967976
220970384
220972744
220975088
220977619
220980142
220982549
220984827
220987310
220989827
220992424
220994838
220997470
220999780
221002071
221004194
221006650
221009151
221011690
221014129
221016612
221019163
221021649
221024007
221026446
221028758
221031080
221033455
221035947
221038404
221040866
221043172
221045587
221047937
221050237
221052447
221054722
221057105
221059399
221061913
221064261
221066668
221069133
221071448
221073903
221076210
221078625
221080921
221083299
221085679
221088133
221090519
221092731
221095041
221097262
221099675
221102046
221104335
221106756
221109090
221111507
221113928
221116184
221118455
221120627
221122817
221125123
221127368
221129527
221131838
221134069
221136343
221138567
221140991
221143243
221145573
221147933
221150306
221152682
221154853
221157313
221159816
221162131
221164535
221166904
221169071
221171639
221174051
221176332
221178790
221181212
221183392
221185890
221188102
221190397
221192845
221195334
221197856
221200205
221202603
221205001
221207230
221209428
221211711
221214150
221216407
221218940
221221274
221223608
221226105
221228485
221230855
221233433
221235381
221237710
221240242
221242577
221245008
221247363
221249848
221252408
221254771
221257139
221259361
221261575
221263828
221266212
221268599
221271045
221273409
221275854
221278338
221280835
221283401
221285625
221287856
221290467
221292903
221295472
221297969
221300518
221303060
221305672
221308240
221310721
221313348
221315916
221318398
221320956
221323497
221325920
221328456
221330875
221333387
221335768
221338152
221340584
221343046
221345619
221348090
221350589
221353121
221355723
221358260
221360757
221363156
221365679
221368284
221370748
221373181
221375510
221378004
221380549
221382964
221384797
221386930
221389001
221391342
221393747
221396097
221398394
221400671
221402988
221405354
221407840
221410302
221412648
221415091
221417639
221420030
221422332
221424700
221426962
221429300
221431653
221434135
221436310
221438676
221441053
221443474
221445772
221448196
221450660
221453130
221455494
221457730
221460274
221462714
221465115
221467352
221469700
221472113
221474321
221476411
221478797
221481212
221483778
221486269
221488491
221490987
221493568
221496077
221498462
221500750
221503092
221505441
221507812
221510217
221512582
221515014
221517328
221519577
221521699
221523897
221526031
221528098
221530317
221532561
221534866
221537085
221539318
221541414
221543663
221546001
221548237
221550665
221552931
221555253
221557534
221559933
221562303
221564487
221566704
221569044
221571434
221573674
221576027
221578487
221580710
221583042
221585407
221587673
221590126
221592329
221594580
221596896
221599201
221601562
221604113
221606545
221608594
221610969
221613246
221615497
221617840
221620148
221622452
221624692
221626914
221629155
221631485
221633743
221635882
221638004
221640345
221642461
221644683
221647024
221649447
221651779
221653976
221656126
221658434
221660811
221663229
221665625
221668064
221670441
221673008
221675414
221677853
221680360
221682873
221685266
221687453
221689937
221692322
221694830
221697250
221699722
221701964
221704336
221706591
221709023
221711429
221713824
221716131
221718516
221721087
221723758
221726306
221728756
221731226
221733492
221735951
221738251
221740239
221742318
221744364
221746676
221748971
221751565
221753977
221756358
221758686
221761009
221763491
221766022
221768405
221770722
221773171
221775633
221778037
221780380
221782495
221784798
221786984
221789271
221791534
221793835
221796153
221798641
221801147
221803663
221806140
221808612
221810932
221813286
221815612
221817996
221820379
221822757
221825132
221827139
221829556
221831955
221834337
221836573
221838789
221840958
221843432
221845609
221847790
221850158
221852551
221854917
221857423
221859701
221862071
221864488
221866818
221869388
221871876
221874218
221876530
221878871
221881369
221883837
221886270
221888511
221890964
221893534
221895936
221898512
221901014
221903483
221905704
221908134
221910541
221913117
221915512
221917871
221920203
221922513
221925063
221927620
221929923
221932406
221934853
221937271
221939571
221941983
221944434
221946919
221949156
221951434
221953755
221956007
221958235
221960664
221963076
221965201
221967209
221969029
221970879
221972732
221974559
221976454
221978089
221980245
221982524
221985012
221987430
221989856
221992254
221994667
221997104
221999485
222002067
222004470
222006890
222009203
222011701
222014089
222016423
222018715
222021180
222023467
222025928
222028487
222031181
222033688
222036487
222038948
222041377
222043743
222046222
222048558
222050718
222053281
222055936
222058445
222061004
222063536
222066031
222068461
222071004
222073558
222076084
222078631
222081274
222083867
222086350
222089055
222091332
222093970
222096513
222099172
222101753
222104227
222106703
222109114
222111556
222113863
222116209
222118664
222121226
222123796
222126343
222128796
222131415
222133983
222136230
222138270
222139836
222142183
222144859
222147200
222149602
222152065
222154618
222156945
222159486
222162070
222164489
222167032
222169456
222171921
222174388
222176669
222179095
222181542
222183836
222186307
222188717
222191200
222193677
222196054
222198613
222201233
222204337
222207053
222209479
222212020
222214497
222217066
222219416
222221797
222224244
222226779
222229374
222231961
222234484
222237171
222239683
222242322
222244821
222247320
222249845
222252394
222254779
222257312
222259890
222262571
222265053
222267405
222269989
222272405
222275007
222277346
222279833
222282086
222284633
222287010
222289531
222291948
222294234
222296684
222298954
222301398
222303893
222306369
222308817
222311086
222313642
222316189
222318768
222321245
222323697
222326100
222328564
222330893
222333212
222335725
222338146
222340497
222343102
222345626
222348047
222350515
222352862
222354793
222356960
222359562
222362058
222364510
222366996
222369406
222371872
222374387
222377039
222379562
222382018
222384054
222386306
222388526
222391098
222393445
222395756
222397843
222400537
222403078
222405698
222408053
222410358
222412849
222415317
222417904
222420463
222423160
222425869
222428470
222430947
222433422
222435901
222438312
222440777
222443322
222445787
222448339
222450855
222453289
222455756
222458318
222460812
222463059
222465256
222467399
222469678
222471746
222473629
222475627
222477891
222480419
222482947
222485456
222487524
222488863
222491024
222493431
222495778
222498235
222500597
222503078
222505596
222508179
222510598
222513168
222515537
222518064
222520672
222523014
222525431
222527661
222530079
222532578
222535107
222537632
222539883
222542307
222544263
222546799
222549048
222551273
222553548
222556108
222558488
222561078
222563724
222566283
222568863
222571163
222573494
222575971
222578412
222580860
222583288
222585577
222588103
222590430
222593001
222595617
222598097
222600758
222603277
222605750
222608321
222610982
222613799
222616517
222618453
222620744
222623093
222625591
222627910
222629714
222632017
222634294
222636852
222639651
222642233
222644380
222646624
222649161
222651509
222653893
222656125
222658619
222660973
222663312
222665512
222667697
222670177
222672579
222674890
222677470
222680054
222682649
222685359
222687672
222690049
222692728
222695217
222697579
222699881
222702114
222704658
222707096
222709428
222711829
222713461
222715359
222717558
222719782
222722302
222724719
222727087
222729440
222731815
222734176
222736650
222739103
222741517
222743767
222746243
222748649
222750882
222753547
222755897
222758395
222760901
222763150
222765546
222767864
222770331
222772595
222774883
222777294
222779526
222781896
222784242
222786643
222788988
222791290
222793477
222795799
222798098
222800331
222802664
222805194
222807365
222809788
222812234
222814681
222816851
222819315
222821706
222824455
222826861
222829630
222832256
222834795
222837404
222839947
222842299
222844956
222847460
222850042
222852460
222855097
222857688
222860126
222862845
222865352
222867889
222870324
222872428
222874566
222876869
222879532
222882072
222884844
222887287
222889848
222892508
222894918
222897494
222900037
222902634
222905083
222907775
222910377
222913220
222915956
222918595
222921193
222923937
222926709
222929533
222932294
222934928
222937035
222939317
222941792
222944084
222946675
222949201
222951557
222954058
222956695
222959202
222961656
222964165
222966806
222969441
222972128
222974830
222977256
222979601
222982180
222984669
222987222
222989848
222992181
222994967
222997642
223000411
223002847
223004605
223006550
223009235
223011678
223014116
223016496
223018727
223021077
223023308
223025362
223027372
223029175
223031317
223033699
223036139
223038347
223040612
223042909
223045180
223047471
223049758
223051966
223054055
223056375
223058748
223061173
223063691
223065923
223068385
223070735
223073182
223075732
223078166
223080429
223082688
223085169
223087741
223090186
223092571
223094926
223097265
223099825
223102321
223104829
223107450
223109749
223111643
223113372
223115568
223117221
223119319
223121846
223124406
223127055
223129443
223132013
223134431
223136800
223139385
223141855
223144040
223146545
223149225
223151838
223154381
223157005
223159760
223162067
223164455
223166782
223168708
223170791
223172794
223174748
223177078
223179484
223181945
223184396
223186775
223189110
223191315
223193529
223196008
223198542
223200775
223203165
223205640
223208059
223210651
223213254
223215599
223217999
223220517
223222957
223224901
223227312
223229378
223231819
223234374
223236897
223239516
223242138
223244608
223246992
223249576
223252071
223254397
223256773
223259135
223261424
223263983
223266264
223268644
223271032
223273618
223276148
223278506
223280604
223282769
223284922
223287356
223290000
223292501
223294932
223297392
223299773
223302165
223304757
223307270
223309735
223312321
223314836
223317278
223319298
223321822
223324228
223326795
223329271
223331797
223334311
223336865
223339361
223341919
223344492
223346988
223349329
223351686
223354037
223356388
223358849
223361291
223363550
223365199
223367170
223369090
223371031
223373050
223375538
223377887
223380392
223382675
223385040
223387449
223389948
223392494
223394264
223395743
223397535
223399383
223401094
223403103
223405505
223408014
223410450
223412879
223415365
223417679
223419948
223422446
223424944
223427289
223429584
223431925
223434226
223436382
223438759
223441012
223443305
223445510
223447395
223449118
223451037
223452888
223455136
223457451
223459638
223461919
223464290
223466841
223469268
223471716
223474035
223476379
223478662
223480316
223482285
223484729
223487132
223489524
223491834
223494171
223496474
223498661
223501002
223503131
223505351
223507490
223509807
223512061
223514380
223516662
223518906
223521162
223523466
223525815
223527974
223530235
223532532
223534828
223537256
223539554
223541739
223543891
223546062
223548486
223550728
223552924
223555524
223558133
223610581
223612965
223615204
223617403
223619592
223621925
223624184
223626277
223628438
223630775
223632989
223635186
223638300
223640688
223643117
223645366
223647598
223649766
223652100
223654390
223656588
223658697
223661135
223663473
223665650
223667914
223670306
223672627
223674971
223677261
223679473
223681784
223684146
223686605
223688989
223691349
223693736
223696269
223698678
223701186
223703471
223706069
223708507
223710998
223713006
223715587
223718054
223720504
223723061
223725400
223727940
223730592
223733120
223735622
223738051
223740700
223743249
223745552
223748066
223750332
223752461
223754866
223757089
223759329
223761777
223764209
223766591
223768618
223771085
223773575
223775923
223778492
223781063
223783531
223785908
223788169
223790530
223792963
223795484
223797722
223799811
223802171
223804367
223806881
223809264
223811846
223814249
223816582
223818728
223821023
223823320
223825905
223828334
223830741
223833087
223835653
223838062
223840458
223842818
223845191
223846789
223849230
223852047
223854844
223857272
223859913
223862589
223864828
223867369
223869815
223872184
223874854
223877078
223879723
223882321
223884725
223887088
223889791
223892352
223894873
223897422
223899871
223902330
223904960
223907450
223909929
223912153
223914498
223916744
223919066
223921463
223923898
223926394
223929787
223932405
223935928
223937769
223940235
223942775
223945523
223947847
223949989
223952021
223954347
223956479
223958645
223960954
223963168
223965639
223968105
223970430
223972704
223975139
223977414
223979765
223982159
223984495
223986858
223989044
223991042
223992827
223994879
223997720
224000501
224003319
224005852
224008401
224010881
224012539
224013898
224015061
224016176
224018214
224020861
224023592
224026154
224028722
224031501
224034117
224036811
224039302
224041953
224043777
224046048
224048570
224051051
224053486
224055780
224058068
224060630
224063102
224065618
224068121
224070684
224073273
224075781
224078312
224080707
224083360
224085979
224088316
224090913
224093359
224095797
224098283
224100529
224102286
224104768
224107308
224110108
224112738
224114690
224117140
224119433
224121845
224124210
224126563
224128990
224131251
224133589
224135829
224138030
224140251
224142409
224144408
224146581
224148687
224151129
224153598
224155721
224158047
224160514
224162891
224165291
224167527
224169913
224172315
224174561
224176826
224179264
224181807
224183665
224185529
224187557
224189892
224192021
224194269
224196049
224198715
224200766
224203077
224205388
224207799
224210365
224212819
224215091
224217486
224220033
224222329
224224901
224227063
224229330
224231732
224234092
224236621
224238775
224240989
224243376
224245689
224247997
224250509
224252869
224254912
224257167
224259589
224261946
224264620
224267144
224269630
224272014
224274278
224276752
224279269
224281773
224284276
224286656
224289225
224291745
224294178
224296580
224299100
224301533
224303842
224306412
224308649
224311010
224313301
224315923
224318244
224320622
224323031
224325503
224328022
224330337
224332647
224335114
224337554
224340061
224342234
224344701
224347267
224349618
224351435
224353070
224355576
224357600
224359982
224362358
224364714
224367068
224369570
224371985
224374404
224376935
224379431
224381957
224384313
224386659
224389298
224391540
224393940
224396230
224398702
224400953
224403341
224405641
224407814
224410068
224412282
224414567
224416635
224419045
224421350
224423670
224426031
224428401
224430664
224433070
224434812
224437279
224439947
224442296
224444770
224447082
224449642
224452198
224454252
224456735
224459268
224461829
224464001
224466584
224469302
224471867
224474478
224476777
224479456
224481929
224484406
224486882
224489493
224492308
224494940
224497528
224500155
224502555
224504849
224507404
224510025
224512491
224514857
224517304
224519773
224522283
224524787
224527424
224529943
224532458
224534866
224537355
224539736
224542436
224545125
224547816
224550491
224552837
224555268
224557631
224560076
224562626
224565072
224567620
224569803
224572288
224574734
224577372
224579698
224582140
224584577
224586941
224589319
224591865
224594371
224597001
224599611
224602312
224604937
224607528
224610279
224613009
224615474
224617339
224619639
224622010
224624528
224627027
224629255
224631736
224634109
224636417
224638862
224641268
224643668
224646054
224648411
224651039
224653369
224655989
224658453
224661055
224663546
224666015
224668412
224670744
224673130
224675501
224678000
224680518
224682966
224685415
224687851
224690220
224692822
224695363
224697972
224700402
224702850
224705459
224707785
224710062
224712660
224715198
224717819
224720277
224722696
224725113
224727572
224730072
224732482
224734829
224737149
224739369
224741717
224744033
224746438
224748793
224751206
224753645
224756047
224758394
224760837
224763308
224765620
224768066
224770329
224772741
224775286
224778064
224780560
224783079
224785553
224788009
224790412
224792830
224795407
224797996
224800142
224802531
224804941
224807468
224810000
224812442
224814772
224817219
224819672
224822021
224824302
224826624
224828929
224831300
224833926
224836379
224838580
224840818
224843211
224845530
224848118
224850600
224853027
224855504
224857820
224860221
224862633
224865109
224867581
224870178
224872715
224875242
224877801
224880415
224883045
224885718
224888132
224890639
224892981
224895554
224898011
224900559
224903099
224905704
224908331
224910642
224913148
224915662
224918266
224920872
224923490
224926055
224928608
224930663
224933129
224935658
224938239
224940615
224942890
224944964
224946941
224949569
224952138
224954491
224956956
224959736
224962281
224964911
224967484
224969952
224972380
224974810
224976891
224979016
224981446
224984172
224986616
224989068
224991651
224994153
224996918
224999406
225001867
225004438
225007018
225009299
225011607
225013987
225016431
225018950
225021330
225023729
225026228
225029036
225031894
225034380
225036898
225039525
225041867
225044322
225046956
225049481
225051770
225054292
225056513
225058379
225060400
225062462
225064803
225067265
225069870
225072481
225074743
225077160
225079586
225081788
225084254
225086621
225089282
225091666
225094266
225096684
225099199
225101521
225103433
225105417
225107516
225109884
225112504
225114983
225117595
225120020
225122700
225125139
225127397
225129391
225131390
225133721
225136205
225138646
225141160
225143896
225146450
225148882
225151581
225154007
225156520
225159037
225161646
225164128
225166713
225169087
225171104
225172942
225174857
225177165
225179454
225181896
225184307
225186586
225189091
225191512
225193789
225196311
225198695
225201235
225203608
225206128
225208464
225210935
225213213
225215336
225217458
225219780
225222244
225224758
225227250
225229678
225232195
225234806
225237297
225239769
225242367
225244914
225247362
225250075
225252517
225255303
225257875
225260282
225263022
225265537
225267966
225270284
225272692
225274928
225277308
225279950
225282624
225285273
225287765
225290480
225292944
225295556
225298169
225300711
225303193
225305807
225308385
225310892
225313431
225315889
225318390
225320954
225323298
225325656
225328148
225330899
225333442
225335417
225337128
225339471
225341961
225344286
225346628
225349236
225351815
225354326
225357035
225359452
225362005
225364512
225366793
225369211
225371726
225373993
225376107
225378688
225381036
225383634
225386096
225388539
225390881
225393268
225395546
225397957
225400361
225403061
225405295
225407651
225410149
225412438
225414714
225417222
225419472
225421799
225423827
225426028
225428011
225430007
225432267
225434528
225437054
225439658
225442275
225444626
225447085
225449570
225451990
225454317
225456792
225459146
225461485
225463901
225466296
225468517
225470960
225473096
225475211
225477520
225479946
225482339
225484876
225487389
225489751
225491916
225494166
225496639
225499048
225501490
225503986
225506477
225508933
225511455
225513882
225516098
225518219
225520249
225522425
225524805
225527055
225529549
225531998
225534564
225537140
225539453
225541948
225544349
225546717
225549043
225551595
225553948
225556331
225558664
225560987
225563107
225565365
225567823
225570301
225572620
225575155
225577818
225580327
225582797
225585155
225587337
225589543
225591780
225594141
225596645
225598880
225601235
225603599
225606212
225608442
225610823
225613135
225615285
225617180
225619615
225621753
225624305
225626919
225629261
225631621
225633932
225636353
225638693
225641094
225643392
225645889
225648199
225650631
225652673
225654333
225656652
225659088
225661460
225663844
225666141
225668428
225670751
225673317
225675995
225678336
225680615
225683162
225685722
225688172
225690619
225693252
225695595
225698088
225700689
225703103
225705189
225707302
225709887
225712227
225714391
225717205
225719575
225722091
225724507
225726724
225729097
225731295
225733959
225736499
225739028
225741375
225743606
225745835
225748280
225750602
225753085
225755305
225757886
225760267
225762862
225765330
225767755
225770207
225772670
225775429
225777818
225779769
225781989
225784244
225786272
225788399
225790736
225792896
225795468
225797548
225800093
225802470
225804734
225807021
225809415
225811490
225814015
225816543
225819040
225821553
225823959
225826381
225828650
225830973
225832958
225835119
225837424
225839668
225841862
225843935
225845633
225847700
225849789
225852033
225854262
225856736
225859122
225861477
225863692
225866006
225868349
225870687
225873013
225875297
225877570
225879984
225882229
225884160
225886535
225888313
225890514
225892943
225895405
225897949
225900454
225902824
225905287
225907764
225910306
225912696
225915140
225917560
225919691
225921866
225923796
225925653
225928146
225930394
225932950
225935402
225937658
225939773
225941789
225944371
225946716
225949139
225951482
225953861
225956328
225958849
225961137
225963546
225965678
225967648
225969776
225971757
225974072
225976369
225978399
225980742
225982989
225985311
225987725
225989755
225992097
225994268
225996564
225998908
226000683
226003168
226005672
226007995
226010404
226012917
226015663
226018223
226020659
226023244
226025403
226027428
226029981
226032347
226034823
226037236
226039523
226041958
226044530
226047200
226049510
226051759
226053838
226056168
226058310
226060488
226062417
226063860
226065656
226067635
226069698
226071539
226073495
226075279
226077453
226079728
226082064
226084115
226086418
226088762
226091294
226093869
226096477
226098858
226101432
226103952
226106354
226108910
226110819
226113189
226115085
226116931
226119440
226121656
226123553
226125844
226128066
226130464
226132893
226135213
226137389
226139597
226141939
226143863
226146138
226148404
226150687
226153000
226155379
226157807
226160147
226162462
226164679
226166937
226169241
226171319
226173648
226175916
226178097
226180337
226182616
226184829
226186805
226188978
226191590
226193859
226196405
226198808
226201131
226203696
226205917
226208523
226210945
226213414
226215737
226218323
226220771
226223069
226224918
226227390
226229877
226232477
226234811
226237246
226239653
226242167
226244629
226247326
226250048
226252611
226254851
226257282
226259715
226262197
226264757
226267194
226269655
226272204
226274451
226276889
226279055
226281371
226283592
226286144
226288615
226290805
226293287
226295547
226297970
226300324
226302674
226305060
226307411
226309296
226311280
226313827
226316460
226318677
226321057
226322879
226325195
226327643
226330082
226332469
226334967
226337525
226339957
226342503
226344922
226347209
226349583
226351904
226354261
226356534
226358893
226361044
226363087
226365131
226367384
226369358
226371472
226373693
226375833
226377982
226379901
226381758
226383868
226385957
226388173
226390359
226392400
226394638
226396932
226399247
226401396
226403392
226405666
226407768
226409519
226411793
226414239
226416637
226419046
226421432
226423952
226425815
226427707
226430111
226432403
226434871
226437372
226439920
226442591
226445042
226447450
226450061
226452574
226455167
226457696
226460403
226462945
226465099
226467108
226469579
226472042
226474567
226477107
226479609
226482281
226484777
226487481
226490160
226492715
226495028
226497651
226499985
226502548
226505152
226507536
226509913
226512428
226514802
226517224
226519836
226522407
226524905
226527407
226529997
226532501
226535232
226537463
226539781
226542210
226544740
226547491
226549441
226551921
226554681
226557255
226559767
226562093
226564563
226566995
226569469
226572018
226574556
226576990
226579295
226581791
226584307
226586876
226589278
226591906
226594335
226596860
226599347
226601859
226604208
226606750
226609032
226611510
226613894
226616334
226618705
226621241
226623347
226625568
226627935
226630287
226632343
226634563
226636620
226638645
226640738
226642968
226645174
226647355
226649431
226651430
226653525
226655735
226658082
226660100
226662555
226664869
226667212
226669600
226671942
226674320
226676614
226679077
226681382
226683897
226686344
226688758
226691140
226693518
226695967
226698425
226700686
226702656
226704526
226706906
226709243
226711532
226713645
226716051
226718416
226720701
226722658
226724785
226727086
226729447
226731830
226734023
226736069
226737414
226739130
226741315
226743890
226746211
226748478
226750862
226753288
226755754
226758284
226760599
226763207
226765699
226768105
226770611
226773145
226775400
226777795
226780203
226782816
226785237
226787640
226790140
226792595
226795011
226797198
226799740
226802180
226804669
226806980
226809547
226812101
226814655
226817265
226819663
226822338
226824885
226827350
226829723
226832231
226834844
226837451
226839946
226842398
226844999
226847550
226849916
226852355
226854919
226857546
226859991
226862537
226865247
226867792
226870362
226872223
226874648
226876992
226879360
226881657
226883856
226885863
226888136
226890153
226892292
226894504
226896629
226899049
226901323
226903685
226906077
226908447
226910930
226913396
226916061
226918673
226921251
226923901
226926437
226928781
226931270
226933470
226936099
226938335
226940244
226942286
226944771
226947096
226949447
226951940
226954412
226956243
226958095
226960302
226962431
226964729
226966822
226969405
226971723
226974450
226976463
226978241
226979684
226981748
226983515
226985014
226986650
226988473
226990587
226992950
226994964
226997368
226999770
227001977
227004345
227006603
227009021
227011370
227013847
227016173
227018526
227020862
227023185
227025748
227028013
227030197
227032598
227034988
227037386
227039973
227042380
227044690
227046942
227049261
227051794
227054254
227056891
227059346
227061558
227063913
227066127
227068518
227070928
227073311
227075719
227078168
227080563
227082781
227085130
227087488
227089825
227092249
227094787
227097206
227099635
227101994
227104525
227106831
227109215
227111772
227114082
227116659
227119114
227121417
227123872
227126229
227128601
227130817
227132864
227134737
227137079
227139424
227141888
227144165
227146289
227148735
227151075
227153573
227156012
227158422
227160744
227163028
227165475
227167928
227170259
227172675
227175107
227177449
227179623
227181922
227184297
227186622
227189119
227191733
227193964
227196314
227198550
227200849
227203168
227205544
227207565
227209499
227211756
227214097
227216529
227218910
227221388
227223695
227226157
227228596
227230988
227233066
227235468
227237910
227240587
227242981
227245408
227247647
227250122
227252348
227254624
227256995
227259317
227261704
227264202
227266419
227268740
227271136
227273396
227275478
227277171
227279600
227281964
227284381
227286777
227289075
227291436
227293748
227296077
227298392
227300852
227303170
227305433
227307696
227310125
227312414
227314739
227316921
227318568
227320692
227323237
227325871
227328440
227331057
227333321
227335550
227337989
227340613
227343111
227345723
227348212
227350578
227353031
227355555
227357939
227360383
227362910
227365255
227367598
227369964
227372493
227374995
227377427
227379897
227382316
227384457
227386753
227389177
227391746
227394149
227396575
227399113
227401454
227403891
227406380
227408695
227411068
227413464
227415837
227418341
227420725
227423325
227425815
227428286
227430785
227433207
227435732
227438025
227440500
227442966
227445483
227447681
227450169
227452783
227455125
227457444
227459918
227462396
227464774
227466830
227469485
227472139
227474602
227477014
227479321
227481727
227484277
227486798
227489286
227491501
227493509
227496244
227498402
227500614
227502883
227505794
227508296
227510356
227512876
227515414
227517967
227520553
227522962
227525661
227528142
227530748
227533402
227536024
227538821
227541467
227543500
227545986
227548438
227550894
227553328
227555633
227558012
227559979
227562056
227564159
227566301
227568818
227571083
227573367
227575849
227578367
227580749
227583171
227585635
227588194
227590439
227592661
227594843
227597026
227599541
227602020
227604474
227606827
227609335
227611640
227614102
227616788
227619333
227621777
227624250
227626650
227629101
227631729
227634156
227636729
227639180
227641674
227644130
227646505
227649057
227651475
227654081
227655692
227658008
227660662
227663251
227665532
227667988
227670439
227672983
227675650
227678343
227680880
227683202
227685501
227687828
227690552
227693355
227696003
227698663
227701226
227703761
227706139
227708527
227710763
227712617
227714922
227717353
227719806
227722063
227724609
227727078
227729040
227731060
227732913
227734662
227736191
227738222
227740430
227742689
227744931
227747239
227749266
227751482
227753657
227756001
227758441
227760704
227763001
227765237
227767400
227769557
227771766
227773943
227776206
227778609
227780875
227783162
227785700
227788004
227789989
227792560
227794919
227796739
227798998
227801400
227803959
227806500
227809037
227811511
227813779
227815883
227817801
227820184
227822766
227825136
227827524
227829975
227832495
227834820
227837482
227839847
227842410
227844638
227846309
227848678
227851269
227853837
227856425
227858882
227861347
227863809
227866366
227868867
227871214
227873823
227876124
227878258
227880919
227883564
227885624
227887818
227890083
227892495
227894820
227897192
227899569
227901814
227903855
227906024
227907963
227909931
227912312
227914581
227916495
227918560
227920720
227922512
227924482
227926502
227928739
227931136
227933763
227936101
227938337
227940398
227942564
227944920
227947020
227948655
227950846
227953092
227955209
227957916
227960516
227963154
227965537
227968017
227970219
227972264
227974248
227976437
227978868
227981347
227984073
227986580
227989355
227991829
227994195
227996677
227999187
228001580
228004034
228006303
228008175
228010304
228012620
228015021
228017463
228020013
228022431
228024669
228027237
228029679
228031997
228034563
228037037
228039208
228041499
228043761
228046106
228048247
228050687
228052902
228055150
228057837
228059804
228061918
228064354
228066790
228068578
228070027
228071381
228073089
228075297
228077497
228079760
228081963
228083563
228085756
228088001
228090218
228092489
228094623
228096831
228098677
228100482
228102161
228103674
228105919
228107953
228109870
228112338
228115063
228117640
228120378
228123073
228125714
228128177
228130759
228133351
228135827
228138319
228140284
228142265
228144555
228146749
228148630
228150586
228152948
228155095
228157199
228158785
228160705
228162906
228164803
228166277
228168508
228170771
228173139
228174911
228176615
228178789
228181074
228182948
228185358
228187635
228190224
228192782
228195318
228197923
228200425
228202965
228205506
228207736
228210094
228212138
228213655
228215274
228216996
228219020
228221148
228223489
228225690
228228121
228230707
228233499
228236075
228238474
228240635
228243101
228245169
228247152
228249669
228251906
228254595
228256853
228259379
228261759
228264274
228266837
228269195
228271590
228273675
228275384
228276923
228278548
228280167
228281921
228283598
228285888
228287613
228289195
228291265
228293016
228294762
228296865
228299037
228301099
228303603
228305396
228307173
228308902
228310888
228313152
228315473
228317180
228319034
228321088
228322978
228325348
228327924
228330547
228332883
228334862
228336811
228338698
228340530
228342181
228344313
228346590
228349037
228351002
228353058
228355138
228357576
228359706
228361256
228363136
228365209
228366901
228368734
228370701
228372172
228373751
228375693
228377470
228379154
228381651
228384276
228386829
228389325
228391670
228393973
228396045
228398171
228400479
228402592
228405003
228406902
228408722
228410824
228413270
228415251
228417164
228419792
228422336
228424645
228426132
228428588
228431087
228433566
228436109
228438386
228440267
228442823
228445242
228447518
228450047
228452379
228454791
228457181
228458567
228460382
228462718
228464813
228467069
228469435
228471461
228473790
228476202
228478743
228481284
228483505
228485760
228487838
228511502
228513727
228516340
228518800
228521221
228523654
228525950
228528148
228530203
228532281
228534262
228536357
228538608
228540884
228543167
228545398
228547513
228549705
228552068
228554270
228555762
228556872
228611805
228620934
228622260
228626542
228633327
228635546
228637912
228646991
228648335
228650506
228652758
228655380
228657862
228660191
228662493
228664734
228667317
228669875
228672351
228674819
228677177
228679708
228682029
228684432
228687029
228689491
228692003
228694637
228697164
228699699
228702387
228704807
228707223
228709400
228711615
228713735
228716195
228718822
228721359
228723647
228726248
228728928
228731568
228734163
228736132
228738578
228741149
228743618
228746011
228748422
228750970
228753368
228755674
228758109
228760509
228762903
228765283
228767710
228770128
228772487
228774544
228776670
228779283
228781922
228784041
228786546
228788933
228791248
228793726
228796221
228798723
228801203
228803781
228806244
228808579
228811249
228813703
228816146
228818697
228821141
228823643
228826238
228828783
228831331
228833733
228836243
228838726
228841128
228843618
228846022
228848041
228850484
228852923
228855714
228858259
228860746
228863111
228865562
228868037
228870470
228872933
228875396
228878046
228880295
228882912
228885457
228888016
228890499
228892872
228895380
228897871
228900217
228902617
228905054
228907363
228910019
228912432
228915069
228917325
228919822
228922380
228924992
228927329
228929863
228932354
228934903
228937200
228939566
228941654
228944013
228946511
228948764
228950870
228953184
228955561
228957959
228960426
228962876
228965266
228967641
228969925
228972256
228974614
228976858
228978924
228981213
228983572
228985859
228988184
228990360
228992727
228995160
228997572
228999888
229002214
229004624
229006893
229009339
229011628
229013892
229016108
229018404
229020667
229023109
229025478
229027880
229030218
229032537
229034895
229037279
229039784
229042282
229044806
229047124
229049484
229051959
229054456
229056891
229059205
229061462
229063812
229066183
229068533
229070769
229073131
229075286
229077858
229080421
229082951
229085578
229088089
229090449
229092957
229095539
229098124
229100439
229102901
229105524
229108057
229110461
229112959
229115462
229117817
229120049
229122382
229124779
229127372
229129856
229132386
229134918
229137403
229139998
229142524
229144971
229147256
229149382
229151801
229154258
229156694
229158933
229161136
229163504
229165993
229168507
229170830
229173349
229175644
229177594
229179733
229182013
229184599
229187078
229189554
229192062
229194408
229196956
229199376
229201889
229204432
229206917
229209580
229212031
229214425
229216784
229219173
229221606
229223891
229226294
229228771
229231130
229233583
229235840
229238079
229240477
229242947
229245441
229247994
229250226
229252728
229255299
229257826
229260097
229262583
229264867
229267360
229269889
229271757
229274073
229276401
229278762
229281158
229283753
229286047
229288554
229290985
229293230
229295394
229297786
229300297
229302790
229305285
229307829
229310326
229312690
229315294
229317746
229320240
229322737
229325327
229327740
229330233
229332503
229334748
229337329
229339675
229341964
229343728
229345967
229348306
229350626
229352917
229355466
229357973
229360533
229362822
229365167
229367691
229370336
229372650
229375038
229377282
229379609
229381925
229384183
229386637
229388885
229391261
229393357
229395589
229397725
229400079
229402519
229404825
229407081
229409057
229411347
229413248
229415199
229417519
229419391
229421557
229423803
229425904
229428109
229430305
229432038
229433475
229435495
229437681
229439853
229442148
229444328
229446784
229448968
229451255
229453645
229456223
229458644
229460969
229463341
229465552
229467986
229470315
229472545
229474922
229477395
229479582
229481815
229484065
229486393
229488594
229490970
229493538
229495948
229498284
229500683
229502989
229505393
229507506
229509440
229511972
229514230
229516581
229519091
229521480
229523961
229526127
229528460
229530521
229532864
229535134
229537561
229539877
229542169
229544336
229546748
229549077
229551309
229553698
229556077
229558210
229559743
229562145
229564685
229567288
229569731
229572071
229574496
229576875
229579273
229581616
229583939
229586279
229588403
229590826
229593341
229595433
229597879
229600254
229602547
229604670
229606967
229609489
229611812
229614249
229616382
229618715
229621186
229623500
229625625
229627109
229629172
229631558
229633821
229635776
229637406
229639199
229641444
229643825
229646013
229648409
229650888
229653115
229655406
229657871
229660383
229662691
229665083
229667586
229670107
229672631
229675083
229677920
229680996
229684235
229686831
229689292
229691750
229694287
229696717
229699040
229701486
229703896
229706293
229708592
229711046
229713604
229715922
229718031
229720302
229722810
229725324
229727512
229729882
229732314
229734713
229736942
229739232
229741650
229743925
229746258
229748457
229750734
229753163
229755464
229758065
229760389
229762777
229765240
229767614
229769954
229772376
229774657
229776859
229779054
229781288
229783661
229786076
229788273
229790850
229793110
229795419
229797744
229800007
229802308
229804495
229806813
229809183
229811473
229813702
229816105
229818443
229820845
229823144
229825473
229827946
229830266
229832593
229834945
229837301
229839622
229841893
229844383
229846760
229849033
229851402
229853651
229855975
229858418
229860783
229863071
229865305
229866869
229868838
229871161
229873399
229875816
229878284
229880586
229882883
229885242
229887574
229890055
229892548
229894946
229897216
229899651
229902106
229904476
229906902
229909210
229911718
229914104
229916651
229918850
229921092
229923436
229925574
229927813
229930227
229932193
229934422
229936842
229939253
229941575
229943906
229946090
229948365
229950667
229952980
229955138
229957498
229959843
229962198
229964462
229966808
229969181
229971539
229973650
229975972
229978264
229980559
229982657
229984781
229986900
229989171
229991390
229993655
229995912
229998281
230000607
230002899
230005073
230007108
230009280
230011553
230013678
230015964
230018254
230020431
230022628
230024928
230027155
230029409
230031633
230033903
230036332
230038509
230040970
230043384
230045693
230048067
230050380
230052616
230054889
230057198
230059421
230061714
230064032
230066362
230067986
230070354
230072761
230075067
230076998
230079361
230081619
230083637
230085999
230088501
230090721
230092908
230095092
230097436
230099748
230102142
230104617
230106865
230109207
230111447
230113805
230116122
230118463
230120740
230122952
230125397
230127563
230129812
230132003
230134254
230136537
230138795
230140986
230143022
230145458
230147784
230150135
230152581
230154899
230157244
230159567
230161894
230164232
230166551
230168778
230171170
230173417
230175639
230178011
230180323
230182859
230185259
230187695
230190053
230192211
230194579
230196902
230199163
230201469
230203824
230206312
230208669
230210969
230213232
230215662
230218160
230220616
230223016
230225530
230227947
230230391
230232770
230235061
230237249
230239678
230242079
230244281
230246471
230248755
230251037
230253393
230255739
230258079
230260354
230262637
230264776
230266963
230269067
230271286
230273574
230275443
230277277
230279420
230281416
230283698
230285812
230288095
230290470
230292440
230294678
230297183
230299546
230301691
230304057
230306429
230308609
230310818
230313085
230315424
230317204
230319363
230321686
230323938
230326260
230328638
230331141
230333263
230335424
230337365
230339783
230342329
230344699
230347048
230349347
230351591
230354071
230356508
230358504
230360857
230363056
230365330
230367693
230369827
230372360
230374812
230377123
230379472
230381896
230384151
230386476
230388847
230391106
230393275
230395072
230396370
230398591
230400765
230403030
230405235
230407562
230410101
230412449
230414799
230417164
230419496
230421810
230423935
230426009
230427832
230430413
230433005
230435435
230437820
230440190
230442710
230445276
230447791
230450232
230452667
230455211
230457580
230459942
230462296
230464845
230467157
230469457
230471842
230474221
230476620
230479122
230481522
230484237
230486788
230489335
230491778
230494412
230496796
230499072
230501514
230504091
230506442
230508927
230511274
230513805
230516381
230518801
230521285
230523674
230525955
230528358
230530685
230533080
230535661
230538244
230540616
230543118
230545593
230548019
230550116
230552409
230555036
230557420
230559878
230562276
230564799
230567205
230569823
230572375
230574812
230577257
230579518
230581772
230584153
230586613
230588746
230591120
230593560
230595938
230598216
230600623
230602882
230605005
230607269
230609575
230612066
230614428
230616796
230619026
230621500
230623923
230626275
230628669
230631087
230633509
230635958
230638398
230640866
230642698
230644819
230647028
230649606
230652088
230654445
230656891
230659317
230661738
230664030
230666343
230668712
230671136
230673488
230675939
230678483
230680634
230683015
230685400
230687856
230690283
230692610
230694846
230697170
230699702
230702172
230704231
230706195
230708301
230710349
230712303
230714563
230717081
230719545
230721955
230724266
230726770
230729195
230731525
230733869
230736031
230738388
230740754
230743002
230745256
230747437
230749546
230751823
230754108
230756324
230758809
230761143
230763460
230765905
230768142
230770324
230772595
230774793
230777181
230779359
230781487
230783928
230786358
230788609
230790824
230792956
230795232
230797512
230799834
230801991
230804280
230806871
230809252
230811683
230814046
230816394
230818645
230821042
230823349
230825874
230828347
230830679
230833383
230835981
230838459
230841071
230843354
230845575
230847881
230850411
230852754
230855367
230857797
230860293
230862800
230865381
230868004
230869993
230872296
230874831
230877386
230879736
230881780
230883897
230886377
230888901
230891127
230893732
230896101
230898742
230901486
230903688
230906078
230908459
230910866
230913265
230915620
230918004
230920505
230923023
230925543
230928380
230930900
230933468
230936089
230938760
230941488
230944058
230946699
230949157
230951685
230954327
230956804
230959233
230961831
230964414
230967139
230969404
230971794
230974331
230976817
230978843
230980815
230983404
230985797
230988288
230990677
230993332
230995875
230998259
231000863
231003292
231005945
231008499
231011113
231013181
231015610
231017882
231020126
231022389
231024906
231027297
231029580
231031939
231034361
231036853
231039284
231040826
231043033
231045629
231048007
231050208
231052508
231054833
231057222
231059602
231062064
231064451
231066794
231069128
231071408
231073741
231076040
231078435
231080682
231083110
231085599
231087980
231090311
231092779
231095313
231097658
231100112
231102528
231105064
231107438
231109855
231112269
231114751
231116968
231119560
231121904
231124058
231126312
231128283
231130113
231132542
231134798
231137119
231139474
231141737
231144133
231146553
231148899
231151400
231153771
231156147
231158497
231160757
231162644
231164234
231166508
231168680
231170882
231173356
231175668
231177944
231180206
231182430
231184653
231186775
231188953
231191175
231193448
231195711
231197952
231199998
231202060
231204131
231206310
231208388
231210627
231212823
231214887
231217126
231219395
231221786
231224053
231226268
231228544
231231008
231233420
231235943
231238445
231240775
231242691
231245253
231247662
231250077
231252533
231254777
231257016
231259277
231261603
231264127
231266441
231268893
231271133
231273473
231275832
231278160
231280391
231282794
231285128
231287453
231289721
231292036
231294404
231296991
231299648
231302324
231304824
231307112
231309664
231312171
231314894
231317222
231318848
231320783
231322898
231325187
231327400
231329598
231331760
231334161
231336333
231337986
231339914
231342177
231344585
231346899
231349470
231351823
231354070
231356457
231358510
231360620
231363108
231365640
231368148
231370539
231372925
231375400
231377853
231380309
231382778
231385099
231387376
231389662
231391965
231394325
231396557
231399022
231401442
231403814
231406040
231408273
231410526
231412602
231414876
231416913
231419044
231421017
231422364
231424456
231426998
231429501
231431710
231434201
231436782
231439277
231442191
231444849
231447572
231450109
231452830
231454822
231457276
231459974
231462474
231465098
231467775
231470319
231472833
231475368
231477899
231480657
231483196
231486021
231488705
231491232
231493775
231496288
231498915
231501454
231503924
231506433
231509118
231511562
231514315
231517089
231519832
231522462
231525091
231527623
231529565
231531700
231533823
231536144
231538370
231540628
231542974
231545325
231547690
231550025
231552367
231554605
231557163
231559518
231561464
231563932
231566315
231568674
231570719
231573011
231575564
231577893
231580118
231582656
231585190
231587592
231589822
231592224
231594640
231597091
231599477
231601850
231604262
231606805
231609174
231611706
231614329
231616639
231619062
231621529
231624129
231626699
231628972
231631518
231633950
231636519
231639203
231641431
231643469
231645979
231648344
231650641
231652941
231655606
231658084
231660574
231663145
231665662
231668228
231670699
231673372
231675724
231678191
231680570
231683185
231685612
231688054
231690592
231692903
231694843
231697235
231699749
231702315
231704838
231707166
231709644
231712084
231714472
231716897
231719308
231721796
231724100
231726489
231728810
231731395
231733431
231735634
231738193
231740715
231743133
231745635
231748072
231750496
231753087
231755705
231758125
231760704
231762893
231765282
231767649
231770247
231772561
231774727
231777094
231779357
231781344
231783813
231786109
231788685
231791060
231793627
231796145
231798697
231800725
231803053
231805496
231807900
231810243
231812841
231815287
231817763
231820279
231822666
231825226
231827866
231830515
231832886
231835086
231837461
231839942
231842336
231844806
231847149
231849517
231851967
231854561
231856971
231859481
231862058
231864508
231866895
231869328
231871671
231874074
231876395
231878966
231881421
231883923
231886221
231888615
231891094
231893560
231896088
231898575
231901104
231903643
231906103
231908317
231910568
231912785
231915096
231917398
231919825
231922259
231924624
231927163
231929667
231932101
231934452
231936889
231939283
231941574
231943883
231946171
231948530
231950851
231953316
231955561
231957990
231960314
231962792
231965349
231967863
231970068
231972607
231974893
231977349
231979901
231982403
231984960
231987359
231989812
231992323
231994859
231997219
231999716
232002341
232004937
232007351
232009751
232012314
232014839
232017361
232019861
232022321
232024881
232027000
232029385
232031608
232034104
232036642
232038750
232041179
232043513
232046095
232048626
232051186
232053893
232056487
232058952
232061503
232063849
232066387
232069027
232071634
232074316
232076848
232079205
232081396
232083749
232086195
232088740
232091111
232093718
232096231
232098749
232101167
232103534
232105889
232108326
232110692
232113092
232115598
232117964
232120016
232121892
232123972
232126375
232128814
232131359
232133943
232136461
232138959
232141228
232143914
232146354
232148797
232151195
232153724
232156245
232158740
232161124
232163431
232165879
232168217
232170713
232173201
232175620
232177702
232180065
232182357
232184694
232187244
232189675
232191958
232194284
232196732
232199123
232201477
232204019
232206353
232208859
232211185
232213564
232215949
232218287
232220617
232222952
232225491
232227744
232229841
232231716
232233558
232235472
232237680
232240168
232242609
232244958
232247470
232249967
232252537
232254837
232257410
232259811
232262087
232264099
232266736
232269152
232271604
232274084
232276642
232279098
232281658
232283924
232286391
232288927
232291448
232294012
232296428
232298949
232301319
232303844
232306255
232308579
232310899
232313396
232315827
232318427
232320936
232323624
232326365
232328661
232330958
232332516
232334579
232336889
232339363
232341824
232344090
232346285
232348584
232351000
232353466
232355924
232358537
232361085
232363663
232366078
232368289
232370234
232372672
232375042
232377319
232379448
232381653
232383791
232385938
232388274
232390605
232393000
232395412
232397597
232399834
232401897
232404059
232406511
232408856
232411274
232413665
232415797
232418194
232420418
232422784
232424971
232427199
232429475
232431709
232433907
232436255
232438549
232440707
232442873
232445098
232447349
232449544
232451861
232454308
232456520
232458847
232461063
232463535
232465703
232467926
232470330
232472821
232475380
232477824
232480175
232482580
232484876
232487333
232489624
232491956
232494380
232496641
232499120
232501479
232503948
232506275
232508682
232511022
232513330
232515156
232517610
232519967
232522347
232524650
232526749
232529109
232531389
232533806
232536228
232538527
232540821
232543161
232545387
232547673
232550051
232552277
232554606
232557060
232559520
232561927
232564189
232566551
232568928
232571326
232573608
232576130
232578451
232580840
232583261
232585657
232588104
232590623
232593105
232595552
232597795
232600070
232602409
232604659
232606977
232609359
232611856
232614143
232616552
232618845
232621131
232623472
232625818
232628171
232630062
232631900
232634106
232636336
232638705
232640952
232643234
232645516
232647681
232649962
232652289
232654638
232656981
232659304
232661728
232663957
232666164
232668705
232671054
232673245
232675522
232677784
232680176
232682510
232684912
232687227
232689685
232692100
232694440
232696703
232698950
232701190
232703567
232706011
232708396
232710790
232713247
232715693
232717895
232720180
232722611
232724947
232726696
232729147
232731359
232733784
232736063
232738450
232741015
232743286
232745366
232747640
232750025
232752352
232754595
232756686
232758649
232760761
232763109
232765440
232767778
232770228
232772632
232774801
232777219
232779483
232781736
232784046
232786454
232788740
232791173
232793508
232795964
232798318
232800749
232803320
232805415
232806836
232808538
232811148
232813485
232815928
232818157
232820546
232823130
232825436
232827999
232830350
232832685
232835115
232837490
232839863
232842377
232844734
232847472
232849611
232852139
232854689
232857163
232859550
232862169
232864605
232867168
232869470
232871472
232873857
232876313
232878886
232881181
232883630
232886130
232888508
232890765
232893244
232895656
232898094
232900658
232903164
232905743
232908027
232910271
232912809
232915472
232917973
232920449
232922841
232925125
232927667
232930140
232932793
232935173
232937752
232940002
232942453
232944851
232947221
232949685
232951766
232954175
232956714
232959269
232961681
232964261
232966759
232969304
232971646
232974269
232976819
232979157
232981613
232984009
232986042
232987999
232990341
232992731
232995341
232997867
232999842
233001973
233004432
233007008
233009590
233012126
233014697
233017019
233019247
233021725
233024206
233026728
233029212
233031791
233034211
233036620
233039274
233041873
233044285
233046722
233049398
233051891
233054370
233056868
233059172
233061769
233064271
233066766
233069182
233071668
233074152
233076593
233079210
233081723
233084219
233086687
233089249
233091721
233094128
233096663
233099231
233101741
233104335
233106759
233109299
233111798
233114261
233116790
233119061
233121303
233123763
233126251
233128785
233130582
233132822
233135152
233137725
233140396
233142763
233145265
233147762
233150375
233152812
233155287
233157719
233160225
233162378
233164896
233167489
233169826
233172280
233174645
233177252
233179542
233182044
233184621
233187124
233189650
233192115
233194623
233197189
233199678
233201813
233204271
233206703
233208885
233211498
233213987
233216606
233218649
233221020
233223437
233225858
233228181
233230862
233233469
233235792
233238117
233240509
233243089
233245568
233247964
233250367
233252759
233255534
233258053
233259857
233262299
233264635
233267198
233269843
233272415
233274965
233277427
233279920
233282397
233284981
233287340
233289709
233292017
233294358
233296260
233298938
233301828
233304524
233307169
233309703
233312174
233314861
233317400
233319792
233322156
233324584
233327083
233328613
233330892
233333487
233335919
233338297
233340570
233343209
233345690
233348030
233350504
233352893
233355150
233357565
233360024
233362499
233364811
233367296
233369724
233372143
233374583
233376709
233379135
233381528
233383939
233386611
233388945
233391478
233393753
233396020
233398206
233400524
233402883
233405291
233407694
233410068
233412263
233414535
233416841
233419083
233421401
233423762
233426210
233428543
233430877
233433196
233435555
233437830
233440184
233442418
233444827
233447379
233449917
233452368
233454681
233456904
233459229
233461412
233463721
233465948
233468122
233470334
233472581
233474740
233476997
233479265
233481653
233483880
233486036
233488200
233490503
233492631
233494934
233497118
233499389
233501648
233503784
233505997
233508234
233510350
233512605
233514709
233516692
233519127
233521433
233523828
233526263
233528522
233530809
233533171
233535446
233537800
233540197
233542534
233545002
233547192
233549681
233551901
233554210
233556562
233558986
233561407
233563758
233566014
233568321
233570526
233572824
233574897
233577385
233579759
233582006
233584329
233586669
233589194
233591497
233593925
233595724
233598121
233600463
233602756
233605220
233607493
233610018
233612295
233614313
233616285
233618720
233620939
233623294
233625548
233627645
233629924
233632302
233634652
233637087
233639285
233641764
233644165
233646493
233648888
233651243
233653662
233655994
233658378
233660963
233663376
233665816
233667758
233670165
233672374
233674673
233677205
233679659
233682170
233684440
233686594
233688573
233690982
233693374
233696075
233698713
233701139
233703648
233706083
233708562
233711103
233713601
233716176
233718639
233721130
233723737
233725685
233727828
233730115
233732287
233734389
233736676
233739063
233741279
233743989
233746690
233749172
233751439
233754042
233756752
233759264
233761774
233764361
233766720
233768934
233771233
233773667
233776120
233778607
233781246
233783638
233786079
233788408
233790804
233793098
233795380
233797861
233800318
233802662
233805107
233807474
233809859
233812144
233814587
233816894
233819311
233821870
233824077
233826371
233829348
233831953
233834384
233836744
233839190
233841650
233843978
233846492
233848800
233851308
233853910
233856222
233858721
233861094
233863554
233865969
233868382
233870711
233872931
233875163
233877431
233879621
233881952
233884251
233886575
233888827
233890955
233893225
233895636
233898085
233900735
233903313
233905280
233907487
233909925
233912294
233914423
233916928
233919488
233921823
233923906
233926064
233928541
233931016
233933324
233935870
233938234
233940603
233943011
233945584
233947942
233950167
233952353
233954637
233956708
233959188
233961605
233963883
233966212
233968731
233971172
233973509
233975910
233978415
233980729
233983104
233985559
233988033
233990595
233993057
233995557
233998090
234000468
234002997
234005533
234008055
234010683
234013105
234015595
234018027
234020553
234023137
234025704
234028328
234030849
234033450
234035973
234038570
234041120
234043663
234046361
234049038
234051162
234053333
234055510
234058040
234060332
234062779
234065314
234067662
234069742
234072334
234074619
234077003
234079278
234081752
234084028
234086471
234088888
234091143
234093610
234096113
234098301
234100292
234102698
234105143
234107726
234109579
234111992
234114316
234116761
234119161
234121665
234124051
234126440
234128855
234131302
234134028
234136429
234138963
234141182
234143501
234145949
234148372
234150812
234153418
234155761
234158306
234160919
234163300
234165728
234168225
234170572
234173143
234175609
234177992
234180475
234183075
234185921
234188214
234190595
234193155
234195638
234198186
234200815
234203521
234206013
234208264
234210787
234213282
234215480
234217850
234220325
234222708
234225295
234227670
234230258
234232248
234234502
234236810
234239271
234241702
234244123
234246670
234248461
234250777
234253242
234255784
234258445
234260866
234263302
234265800
234267786
234269939
234272396
234274916
234277393
234279765
234282083
234284475
234286979
234289427
234291846
234294281
234296767
234299158
234301489
234303879
234306231
234308726
234310978
234313383
234315767
234318121
234320481
234322860
234325291
234327646
234330025
234332459
234335053
234337670
234340136
234342616
234345011
234347299
234349623
234352253
234354843
234357079
234359518
234362016
234364285
234366606
234368715
234371104
234373465
234375290
234377638
234380098
234382573
234384802
234386969
234389443
234391624
234393660
234395979
234397736
234400063
234402481
234404815
234407102
234409545
234411979
234414230
234416769
234419108
234421423
234423858
234426140
234428625
234430599
234433000
234435288
234437836
234440409
234443033
234445384
234447805
234450270
234452631
234454975
234457376
234459638
234462004
234464007
234466355
234468613
234470988
234473195
234475634
234477920
234479287
234481708
234484155
234486598
234489050
234491372
234493871
234496344
234498784
234501280
234503670
234506188
234508654
234510901
234513143
234515313
234517681
234519986
234522301
234524555
234527100
234529593
234531992
234534471
234536980
234539417
234541778
234544296
234546656
234549159
234551279
234553635
234556089
234558374
234560950
234563337
234565882
234568385
234570826
234573175
234575638
234577954
234580384
234582924
234585331
234587606
234589903
234592314
234594736
234597136
234599510
234601350
234603571
234605604
234607297
234608659
234609820
234611179
234613261
234615612
234618073
234620669
234623122
234625763
234628089
234630658
234633064
234635547
234637998
234640559
234642715
234645186
234647852
234650235
234652722
234655255
234657635
234660036
234662309
234664258
234666525
234669109
234671527
234673949
234676286
234679015
234681345
234683848
234686416
234688924
234691472
234693934
234696283
234698704
234700885
234703081
234705220
234707493
234709744
234711936
234714185
234716560
234719066
234721315
234723452
234725450
234727657
234729884
234732127
234734315
234736569
234738963
234741127
234743255
234745600
234748061
234750498
234752727
234755083
234757413
234759462
234761862
234764179
234766515
234768983
234771370
234773442
234775795
234778018
234779898
234781762
234783794
234785727
234788169
234790634
234792699
234794829
234797027
234799388
234801774
234803972
234806327
234808537
234810840
234813349
234815734
234818117
234820694
234823111
234825446
234827851
234830233
234832621
234835125
234837658
234839938
234842505
234844869
234847453
234849987
234852372
234854906
234857376
234859686
234862127
234864582
234866924
234869166
234871551
234873843
234876143
234878613
234881067
234883478
234885996
234888360
234890784
234893219
234895666
234898313
234900796
234903233
234905815
234908207
234910792
234913177
234915562
234917855
234919954
234922378
234924806
234927298
234929735
234932013
234934461
234936641
234939076
234941395
234943893
234946232
234948739
234951134
234953736
234956375
234958576
234960755
234962895
234965395
234967852
234970195
234972467
234974753
234977233
234979623
234982097
234984622
234986829
234989297
234991692
234993906
234995958
234998134
235000350
235002566
235004846
235007197
235009714
235011777
235014160
235016518
235019209
235021656
235023990
235026239
235028478
235030727
235032964
235035289
235037686
235040118
235042342
235044585
235047110
235049345
235051606
235053895
235056349
235058799
235061286
235063910
235066288
235068773
235071219
235073669
235076085
235078396
235080620
235082745
235084964
235087248
235089599
235091913
235094110
235096347
235098633
235101069
235103426
235105626
235107847
235110121
235112574
235114945
235116966
235119063
235121220
235123656
235125852
235127879
235129447
235131419
235133576
235135753
235138040
235140274
235142202
235144516
235146716
235149060
235151173
235153394
235155454
235157502
235159606
235161305
235163257
235165387
235167401
235169771
235172057
235174185
235176489
235178892
235181131
235183274
235185666
235187795
235190000
235192438
235194581
235196808
235199056
235201152
235203377
235205638
235207900
235210167
235212436
235214903
235217034
235219354
235221514
235223745
235226247
235228364
235230528
235232671
235234922
235236997
235239192
235241563
235243825
235246144
235248432
235250639
235253003
235255349
235257592
235259977
235262398
235264793
235266880
235269088
235271237
235273421
235275832
235278063
235280530
235282793
235285056
235287429
235289733
235291940
235294302
235296416
235298534
235300826
235302836
235305089
235307306
235309231
235311216
235313447
235315845
235318056
235320103
235322277
235324365
235326592
235328206
235330078
235332275
235334617
235336839
235339040
235340880
235343042
235345265
235347471
235349554
235351758
235354010
235356283
235358643
235360936
235363141
235365337
235367762
235370042
235371934
235374001
235376375
235378658
235380839
235383001
235385248
235387389
235389580
235391883
235394326
235396577
235398752
235400925
235403268
235405565
235407798
235410242
235412475
235414733
235417241
235419756
235422183
235424372
235426631
235428919
235431410
235433749
235436079
235438185
235440136
235442278
235444632
235446965
235448805
235451002
235453260
235455497
235457923
235460247
235462664
235464982
235467371
235469710
235471977
235474568
235476753
235478995
235481199
235483659
235485950
235488417
235490815
235493279
235495579
235497922
235500209
235502541
235504482
235506601
235509121
235511616
235514123
235516772
235519184
235521552
235523614
235526126
235528703
235531226
235533760
235536193
235538640
235540987
235543480
235545818
235548195
235550648
235552843
235555034
235557401
235559793
235562160
235564614
235566784
235569139
235571391
235573552
235575890
235578219
235580723
235582916
235585257
235587333
235589067
235591236
235593146
235594755
235596998
235599369
235601792
235604268
235606682
235608985
235611491
235613822
235616176
235618664
235621041
235623440
235625936
235628373
235630976
235633467
235635867
235638414
235641135
235643314
235645697
235648280
235650250
235652355
235654765
235657064
235659348
235661843
235664331
235666643
235669266
235671779
235674381
235676992
235679514
235682082
235684677
235687109
235689695
235692191
235694346
235696787
235699090
235701654
235704162
235706690
235709228
235711879
235714417
235716883
235719395
235721795
235724266
235726855
235729223
235731564
235733972
235736476
235738908
235741499
235744007
235746437
235748952
235751352
235753851
235755966
235758372
235760654
235763203
235765611
235768145
235770750
235773151
235775504
235777944
235780514
235782968
235785565
235788013
235790527
235792768
235795161
235797788
235800070
235802447
235804956
235806862
235809154
235811224
235813913
235816428
235818790
235821302
235823808
235826594
235829095
235831397
235833932
235836468
235839001
235841374
235843976
235846236
235848748
235851180
235853748
235856508
235858951
235861472
235863854
235866315
235868325
235870853
235873483
235876182
235878739
235881165
235883573
235886086
235888499
235890937
235893317
235895737
235898082
235900439
235902742
235905383
235907794
235910363
235912774
235915393
235917688
235920148
235922570
235924925
235927231
235929690
235931943
235934302
235936788
235939301
235941762
235944331
235946525
235949131
235951528
235953922
235956285
235958803
235961077
235963426
235965898
235968272
235970680
235972927
235975523
235977945
235980337
235982617
235985126
235987613
235990067
235992255
235994194
235996788
235999251
236001668
236004072
236006391
236008913
236011426
236013602
236016103
236018368
236020746
236023221
236025351
236027590
236029857
236032391
236034635
236037137
236039055
236041277
236043485
236045744
236048051
236050296
236052666
236055127
236057590
236060092
236062527
236064656
236066693
236069241
236071486
236073920
236076285
236078275
236080693
236083048
236085458
236087767
236089906
236092107
236094279
236096376
236097676
236099517
236101724
236103836
236106095
236108581
236110919
236113169
236115539
236117861
236120256
236122603
236125265
236127705
236130055
236132618
236135039
236137100
236139691
236141998
236143510
236145714
236147991
236150162
236152249
236154623
236156861
236159184
236161338
236163715
236166114
236168415
236170576
236172938
236175332
236177625
236179775
236182068
236184626
236186959
236189406
236191954
236194365
236197082
236199747
236202350
236204506
236206792
236209060
236211272
236213712
236216125
236218187
236220760
236223279
236225932
236228305
236230841
236233289
236235819
236238303
236240749
236243335
236245458
236247857
236250372
236252789
236255115
236257653
236260098
236262648
236265003
236267331
236269459
236271933
236274492
236277029
236279485
236281613
236283651
236286321
236288702
236291199
236293739
236296107
236298580
236300980
236303328
236305674
236307999
236310340
236312699
236315064
236317514
236319780
236322233
236324809
236327146
236329627
236332110
236334636
236337117
236339693
236342064
236344578
236346903
236349140
236351669
236354088
236356598
236359275
236361827
236364451
236367153
236369765
236372247
236374809
236377165
236379506
236382096
236384853
236386882
236389160
236391454
236393801
236396050
236398419
236400931
236403416
236405816
236408231
236410564
236412928
236415457
236418025
236420373
236423080
236425545
236428036
236430205
236432608
236435058
236437599
236440020
236442420
236444806
236447174
236449599
236451970
236454397
236456600
236458924
236461281
236463656
236465851
236467867
236470296
236472761
236475333
236477515
236479797
236482069
236483899
236486056
236488521
236491032
236493417
236495408
236497748
236500164
236502639
236504828
236506793
236509180
236511639
236514088
236516473
236518607
236520922
236523231
236525261
236527824
236529942
236532445
236534790
236537065
236539177
236541487
236543565
236545665
236547951
236550012
236552230
236554622
236556613
236558764
236561031
236563470
236565780
236568025
236570223
236572327
236574464
236576758
236579030
236581202
236583166
236585422
236587627
236589995
236592252
236594505
236596730
236598944
236601219
236603437
236605308
236607884
236610268
236612709
236615113
236617489
236620018
236622436
236624953
236627335
236629822
236632308
236634467
236636607
236638979
236641353
236643600
236645962
236648377
236650632
236653040
236655491
236657729
236660173
236662550
236665112
236667729
236669839
236672317
236674936
236677426
236680082
236682623
236685078
236686945
236689336
236691790
236694113
236696282
236698643
236701103
236703469
236706027
236708325
236710608
236712698
236715290
236717035
236719160
236721438
236723921
236726230
236728368
236730801
236733430
236735637
236737710
236739916
236742272
236744587
236746540
236749084
236751457
236753806
236755893
236758535
236760880
236762899
236765434
236768004
236770279
236772705
236775075
236777239
236779716
236782175
236784562
236787044
236789539
236791674
236793998
236795788
236797901
236800241
236802787
236805082
236807313
236809550
236811862
236814170
236816527
236818969
236821277
236823653
236825981
236828337
236830685
236833083
236835482
236837759
236840052
236842305
236844648
236847037
236849432
236851836
236854255
236856539
236858824
236861128
236863355
236865791
236868198
236870549
236872774
236875265
236877684
236880106
236882300
236884561
236887008
236889234
236891427
236893685
236895706
236897819
236899969
236902224
236904494
236906721
236909162
236911529
236913849
236916462
236918917
236921376
236923749
236926141
236928513
236930883
236933215
236935411
236937806
236940100
236942523
236944943
236947402
236949846
236952159
236954706
236957283
236959658
236962136
236964528
236966927
236969069
236971308
236973933
236976304
236978504
236980946
236983342
236985710
236988335
236990900
236993453
236995865
236998304
237000710
237003068
237005214
237007620
237009899
237012307
237014681
237016906
237019154
237022225
237026521
237028885
237030986
237033367
237035803
237038175
237040554
237042600
237044765
237047201
237049458
237051664
237054033
237056059
237057906
237060386
237062982
237065431
237067873
237070356
237072592
237074740
237077340
237079930
237081929
237084284
237086631
237088970
237091332
237093671
237096152
237098587
237100899
237103115
237105370
237107342
237109242
237111519
237113795
237116122
237118267
237120475
237122921
237125138
237127343
237129113
237131327
237133708
237135985
237138187
237140589
237142931
237145234
237147747
237150048
237152385
237154762
237157084
237159413
237161892
237164333
237166700
237169098
237171356
237173785
237176067
237178576
237181011
237183405
237185995
237188497
237190963
237193214
237195523
237198053
237200337
237202775
237205109
237207515
237209761
237212190
237214450
237216814
237219136
237221681
237224014
237226359
237228767
237231144
237233473
237235835
237238174
237240670
237243114
237245365
237247480
237249730
237252133
237254509
237256744
237259079
237261458
237263753
237266013
237268423
237270555
237272850
237275113
237277574
237279944
237282322
237284691
237287110
237289228
237291594
237293988
237296433
237298859
237301338
237303789
237306205
237308389
237310214
237312529
237314748
237317171
237319680
237322243
237324582
237326811
237329207
237331450
237333635
237335918
237338173
237340536
237342796
237345022
237347409
237349838
237352149
237354521
237356763
237359099
237361502
237363861
237366204
237368493
237370718
237373028
237375318
237377524
237379986
237382123
237384047
237386350
237388462
237390829
237393140
237395432
237397564
237399950
237402323
237404714
237406992
237409358
237411709
237414089
237416392
237418631
237421011
237423167
237425407
237427627
237429748
237432243
237434653
237436913
237439331
237441565
237443921
237446117
237448484
237450926
237453135
237455414
237457650
237459983
237462382
237464620
237466957
237469271
237471599
237473868
237476184
237478507
237480822
237483207
237485652
237488058
237490398
237492620
237494490
237496596
237498894
237501220
237503453
237505687
237508052
237510079
237512363
237514792
237516760
237519095
237521633
237524212
237526577
237529032
237531193
237533628
237536023
237538008
237540242
237542432
237544910
237547226
237549502
237551554
237554036
237556536
237558781
237561178
237563544
237565890
237568048
237570241
237572461
237574785
237577196
237579506
237581840
237584263
237586623
237588908
237590876
237592791
237594879
237596940
237599251
237601517
237603720
237605767
237607946
237609939
237611791
237614008
237615764
237617912
237620291
237622753
237625030
237627264
237629260
237631577
237633517
237635685
237638050
237639993
237642151
237644296
237646523
237648753
237651006
237653245
237655705
237657978
237660254
237662533
237664890
237667008
237669278
237671022
237673264
237675422
237677746
237680145
237682347
237684553
237686987
237689267
237691640
237694023
237696308
237698334
237700607
237703028
237705547
237707655
237709777
237712006
237714374
237716740
237718992
237721248
237723433
237725844
237728100
237730342
237732426
237734805
237737223
237739671
237742112
237744390
237746757
237749104
237751565
237754064
237756487
237758850
237761082
237763663
237766050
237768660
237771030
237773380
237775941
237778394
237780647
237782945
237784555
237786478
237788633
237790869
237793105
237795465
237797646
237799908
237802127
237804251
237806357
237808619
237810890
237813254
237815741
237818076
237820228
237822608
237824877
237827362
237829511
237831720
237833837
237836124
237838515
237840933
237843308
237845605
237847907
237850129
237852564
237854833
237857016
237859322
237861708
237864143
237866412
237868855
237871232
237873657
237875839
237877902
237880006
237882037
237883892
237885594
237887403
237889166
237890767
237893140
237895534
237897928
237900164
237902539
237904819
237906986
237909307
237911638
237913958
237916117
237918405
237920521
237922840
237925190
237927429
237929827
237931988
237934099
237936443
237938870
237941113
237943379
237945514
237947693
237950075
237952435
237954857
237957337
237959829
237962344
237964804
237967359
237969776
237972122
237974655
237977129
237979643
237982096
237984620
237987138
237989505
237991999
237994568
237996997
237999392
238001950
238004217
238006662
238009073
238011536
238014084
238016401
238018689
238021061
238023634
238026025
238028378
238030651
238033009
238035107
238037333
238039440
238041319
238043186
238045207
238047336
238049589
238051824
238054234
238056449
238058992
238061594
238064003
238066385
238068859
238071431
238073949
238076375
238078942
238081661
238084118
238086488
238089012
238091518
238093950
238096287
238098679
238100860
238103282
238105663
238108121
238110560
238113004
238115626
238118169
238120527
238123039
238125415
238127755
238130290
238132750
238135171
238137501
238139914
238142503
238145027
238147407
238149885
238152433
238154824
238157262
238159662
238162233
238164595
238167045
238169549
238172162
238174601
238176920
238179338
238181872
238184488
238186841
238189107
238191702
238194263
238196933
238199378
238201981
238204505
238206966
238209048
238211154
238213537
238216046
238218671
238221216
238223783
238226404
238228837
238231382
238233895
238236477
238238993
238241265
238243651
238246072
238248533
238250780
238253338
238255928
238258421
238260798
238263145
238265509
238268033
238270409
238272890
238275188
238277489
238280011
238282500
238284959
238287303
238289926
238292655
238294935
238297183
238299495
238301849
238304368
238306725
238309225
238311721
238314243
238317003
238319473
238321986
238324416
238326733
238328709
238331363
238333878
238336453
238338813
238341360
238343822
238346305
238348637
238351073
238353679
238355624
238357742
238360007
238362226
238364584
238366887
238369291
238371516
238373849
238376283
238378553
238380732
238382841
238385155
238387231
238389475
238391741
238394134
238396312
238398614
238400750
238403055
238405152
238407528
238409973
238412370
238414755
238417144
238419488
238421780
238424170
238426490
238428925
238431392
238433758
238436187
238438516
238441002
238443468
238445978
238448293
238450779
238453132
238455538
238458000
238460465
238462931
238465415
238467958
238470461
238472774
238475373
238477801
238480290
238482668
238485143
238487466
238489877
238492241
238494529
238496316
238498381
238500790
238502994
238505442
238507860
238510194
238512556
238514937
238517300
238519634
238521889
238524192
238526485
238528967
238531197
238533414
238535569
238537931
238540350
238542495
238544837
238547057
238549464
238551783
238554080
238556293
238558618
238560835
238563097
238565318
238567610
238570118
238572572
238574941
238577160
238579381
238581618
238583875
238586193
238588541
238590810
238593263
238595642
238597955
238600266
238602667
238604902
238606967
238609476
238611813
238614104
238616355
238618535
238620770
238623175
238625355
238627577
238629623
238631793
238634055
238636216
238638368
238640662
238642288
238644516
238646798
238649215
238651540
238653817
238656070
238658422
238660667
238663023
238665358
238667726
238669931
238672111
238674485
238676881
238679320
238681576
238683825
238685697
238688148
238690587
238693125
238695469
238697884
238700214
238702462
238704726
238706886
238708983
238711242
238713505
238715718
238718004
238720250
238722453
238724750
238727129
238729309
238731586
238733985
238736294
238738562
238740931
238743347
238745575
238747669
238749899
238752107
238754422
238756584
238758707
238760609
238762895
238765127
238767338
238769485
238771696
238774165
238776532
238778882
238781245
238783656
238786042
238788288
238790681
238793059
238795462
238797751
238800071
238802302
238804562
238807021
238809350
238811576
238813922
238816260
238818576
238820873
238822984
238825276
238827552
238829745
238831840
238834018
238836218
238838430
238840702
238842936
238845165
238847440
238849843
238851961
238853981
238855962
238858241
238860608
238863071
238865270
238867586
238869931
238872063
238874168
238876460
238878652
238881025
238883258
238885511
238887674
238889871
238892171
238894503
238896829
238899146
238901416
238903377
238905420
238907618
238910008
238912083
238914276
238916338
238918625
238920850
238923147
238925346
238927493
238929739
238931939
238934074
238936280
238938452
238940675
238942876
238944978
238947253
238949518
238951852
238953891
238956228
238958523
238960807
238963076
238965145
238967457
238969636
238971947
238974203
238976275
238978525
238980806
238983105
238985343
238987581
238989810
238991919
238994332
238996490
238998681
239000918
239003117
239005282
239007563
239009683
239012071
239014349
239016745
239019183
239021507
239023828
239026246
239028592
239030797
239032929
239035183
239037472
239039771
239042169
239044238
239046427
239048766
239051032
239053333
239055740
239057812
239060092
239062165
239064264
239066568
239068868
239071055
239073348
239075558
239077869
239080073
239082342
239084504
239086892
239089148
239091451
239093720
239096048
239098323
239100485
239102640
239104803
239106780
239109041
239111275
239113812
239115921
239118259
239120627
239122887
239125282
239127709
239130266
239132519
239134935
239137128
239139455
239141549
239143931
239146173
239148414
239150766
239153014
239155432
239157590
239159920
239162275
239164686
239166597
239168724
239171044
239173485
239175790
239177908
239180237
239182474
239184761
239187189
239189334
239191724
239194021
239196399
239198468
239200628
239202810
239204960
239207181
239209354
239211452
239213805
239216094
239218285
239220522
239222803
239225046
239227195
239229375
239231773
239233986
239236298
239238448
239240815
239243137
239245321
239247418
239249681
239251966
239254299
239256279
239258560
239260840
239263036
239265186
239267489
239269768
239271899
239274100
239276258
239278391
239280581
239282881
239285003
239287189
239289213
239291367
239293472
239295448
239297618
239299501
239301602
239303711
239305933
239308174
239310472
239312665
239314908
239317108
239319322
239321471
239323654
239325748
239327883
239330058
239332223
239334442
239336583
239338787
239340854
239342914
239344969
239347020
239349103
239351178
239353245
239355324
239357328
239359321
239361392
239363633
239365773
239367975
239370255
239372457
239374498
239376644
239378705
239380825
239382913
239385032
239387067
239389137
239391428
239393732
239395960
239398136
239400392
239402500
239404440
239406708
239408920
239411337
239413368
239415785
239418148
239420458
239422888
239425099
239427480
239429948
239432433
239434845
239436975
239439389
239441743
239444170
239446297
239448904
239451469
239453810
239456179
239458482
239461063
239463588
239465972
239468385
239470790
239473127
239475462
239477960
239480293
239482602
239484851
239487226
239489334
239491711
239494020
239496380
239498786
239501017
239503336
239505664
239507950
239510406
239512919
239515338
239517762
239520169
239522494
239524939
239527393
239529848
239531913
239533866
239536269
239538619
239540994
239543499
239545813
239548228
239550463
239552593
239554866
239557224
239559603
239561900
239564167
239566553
239569094
239571558
239573874
239576181
239578490
239580897
239583164
239585629
239588133
239590281
239592656
239595113
239597662
239599909
239602225
239604631
239606910
239609307
239611583
239613969
239616235
239618582
239620650
239622994
239625011
239627884
239629439
239631663
239633777
239636125
239638099
239639980
239641719
239643524
239645389
239647732
239650024
239652229
239654486
239656788
239659140
239661544
239663709
239665913
239668127
239670511
239672928
239675245
239677584
239679973
239682470
239684707
239686968
239689113
239691412
239693763
239696024
239698375
239700817
239703169
239705565
239707870
239710259
239712608
239714957
239717335
239719854
239722196
239724624
239727129
239729523
239731870
239734354
239736954
239739387
239741708
239743951
239746273
239748850
239751204
239753606
239756111
239758573
239760711
239762756
239765124
239767466
239769825
239772078
239774345
239776730
239779052
239781570
239784072
239786589
239788938
239791339
239793874
239796311
239798474
239800917
239803340
239805618
239807997
239810246
239812757
239814851
239817097
239819480
239821773
239824177
239826607
239828934
239831410
239833895
239836233
239838462
239840775
239843132
239845530
239848047
239850651
239853171
239855658
239857973
239860242
239862795
239865266
239867462
239869898
239872207
239874378
239876824
239879180
239881527
239884030
239886558
239889017
239891410
239893871
239896194
239898626
239900715
239902996
239905495
239907760
239909471
239911805
239914167
239916591
239918998
239921183
239923403
239925367
239927789
239930114
239932251
239934596
239936777
239939149
239941579
239943836
239945882
239948122
239950223
239952536
239954820
239957033
239959296
239961481
239963714
239966022
239968352
239970733
239972777
239974954
239976792
239978950
239981151
239983231
239985246
239987401
239989595
239991879
239994109
239996621
239998686
240001034
240003340
240005525
240007851
240010014
240012240
240014556
240017019
240019468
240021782
240024189
240026490
240028745
240031110
240033338
240035588
240037934
240040336
240042648
240045196
240047464
240049863
240052086
240054288
240056796
240059228
240061410
240063843
240066245
240068677
240070969
240073515
240076040
240078215
240080611
240082981
240085172
240087368
240089529
240091917
240093309
240095398
240097798
240100078
240102549
240104854
240107298
240109826
240112365
240114659
240117013
240119450
240121707
240123710
240125977
240128275
240130470
240132723
240135061
240137301
240139432
240141649
240143868
240145907
240148162
240150208
240152568
240154858
240157053
240159386
240161690
240164214
240166500
240168891
240171224
240173555
240175931
240178155
240180525
240182867
240184743
240186451
240188469
240190915
240193219
240195550
240197984
240200283
240202569
240204863
240206912
240208163
240209700
240211666
240213883
240216018
240218233
240220498
240222614
240225001
240227204
240229397
240232168
240234448
240236676
240239086
240241422
240243608
240245948
240248113
240250463
240252894
240255064
240257410
240259605
240262026
240264353
240266495
240268713
240270961
240273303
240275493
240277725
240280165
240282639
240285038
240287334
240289773
240292167
240294597
240296860
240299062
240301406
240303701
240306142
240308414
240310742
240313132
240315365
240317754
240320225
240322673
240324883
240327173
240329341
240331677
240333904
240336056
240338354
240340604
240343120
240345524
240347763
240350055
240352297
240354538
240356796
240358991
240361161
240363396
240365676
240367775
240370049
240372335
240374532
240376858
240379167
240381439
240383661
240385940
240388222
240390436
240392867
240395276
240397683
240400042
240402257
240404996
240407162
240409376
240411851
240413995
240416429
240418803
240421080
240423500
240425895
240428215
240430573
240432971
240435150
240437315
240439372
240441727
240444036
240446469
240448714
240451096
240453183
240455499
240457923
240460293
240462728
240465185
240467527
240469794
240472235
240474671
240477158
240479225
240481551
240483543
240485589
240487890
240490100
240492400
240494221
240496624
240498721
240500948
240503293
240505581
240507743
240509949
240511904
240514083
240516450
240519018
240521292
240523360
240525768
240528039
240530393
240532729
240535218
240537612
240539930
240542322
240544371
240546618
240548880
240551194
240553751
240556155
240558744
240561306
240563213
240565574
240568135
240570869
240573318
240575677
240578245
240580579
240582985
240585262
240587391
240589793
240591800
240594123
240596532
240598871
240601037
240603088
240605360
240607648
240609867
240612082
240614386
240616743
240618959
240621123
240623437
240625577
240627744
240630065
240632314
240634559
240636629
240638840
240641173
240643532
240645788
240648081
240650240
240652568
240654838
240657206
240659588
240661778
240664179
240666242
240668347
240670645
240673162
240675362
240677631
240679869
240681827
240683852
240686145
240688435
240690914
240693198
240695757
240698024
240700351
240702590
240704964
240707451
240710032
240712403
240714689
240717130
240719538
240721940
240724196
240726678
240728994
240731027
240733492
240736153
240738723
240741296
240743849
240746309
240748702
240751252
240753505
240755711
240758310
240760904
240762877
240765027
240767468
240770076
240772440
240774912
240777368
240779654
240781966
240784301
240786605
240789108
240791440
240793822
240796252
240798750
240801172
240803627
240806146
240808439
240810786
240812998
240815242
240817670
240820011
240822380
240824733
240827117
240829489
240831916
240834308
240836490
240838911
240841361
240843764
240846268
240848792
240851293
240853682
240855879
240858100
240860516
240862945
240865120
240867466
240869578
240871900
240874364
240876649
240878961
240881445
240883779
240885980
240888368
240890562
240893064
240895502
240898047
240900476
240902970
240905478
240907964
240910258
240912560
240914957
240917370
240919881
240922310
240924925
240927306
240929685
240932050
240933904
240936217
240938660
240941144
240943685
240946037
240948418
240950954
240953519
240956118
240958556
240960879
240963400
240965900
240968238
240970550
240972810
240975050
240977232
240979537
240982066
240984343
240986677
240989196
240991554
240993844
240996213
240998632
241000958
241003200
241005503
241007928
241010254
241012747
241015114
241017233
241019370
241021768
241024083
241026534
241028837
241031115
241033485
241035900
241038273
241040649
241043048
241045393
241047730
241049944
241052258
241054702
241057075
241059430
241061870
241064162
241066431
241068846
241071255
241073575
241075985
241078383
241080884
241083263
241085687
241088064
241090153
241092447
241094957
241097361
241099446
241101669
241104091
241106622
241108848
241111384
241113699
241116167
241118628
241120971
241123315
241125546
241127874
241130108
241132629
241134860
241137058
241139450
241141858
241144331
241146724
241149139
241151499
241153862
241156231
241158810
241161421
241163690
241165973
241168424
241170779
241173526
241175932
241178473
241180842
241183286
241185706
241188207
241190438
241192765
241195453
241197986
241200543
241203053
241205521
241207648
241210075
241212567
241215019
241217473
241219938
241222280
241224689
241227068
241229349
241231751
241234273
241236642
241239030
241241350
241243697
241245973
241248289
241250525
241252886
241255284
241257792
241260238
241262645
241265143
241267364
241269720
241272087
241274453
241276913
241279207
241281655
241284235
241286637
241289014
241291510
241293752
241295881
241298354
241300728
241302998
241305413
241307145
241309540
241311942
241314457
241316739
241319223
241321531
241323868
241326254
241328580
241330823
241333322
241335754
241338126
241340694
241342983
241345274
241347607
241350092
241352496
241355038
241357112
241359236
241361714
241364215
241366844
241369261
241371649
241374126
241376544
241379119
241381521
241383945
241386431
241389003
241391364
241393845
241396224
241398736
241401140
241403644
241406303
241408661
241410965
241413505
241415858
241418314
241420500
241422855
241425009
241427370
241429689
241432098
241434344
241436429
241438351
241440517
241442873
241445127
241447500
241449901
241452420
241454822
241457172
241459547
241461954
241464344
241466676
241469060
241471564
241474056
241476491
241478907
241481316
241483758
241486051
241488663
241491101
241493447
241495750
241498064
241500386
241502406
241504306
241506484
241508708
241511024
241513305
241515638
241517856
241519743
241521995
241524617
241527358
241529846
241532287
241534692
241537113
241539393
241541573
241544012
241546500
241548800
241550934
241553228
241555488
241557786
241560428
241562585
241564969
241567187
241569586
241572026
241574406
241576815
241579088
241581576
241583852
241586205
241588351
241590574
241592806
241595091
241597704
241600041
241602617
241604818
241607303
241609602
241612124
241614730
241617181
241619743
241622486
241624745
241627128
241629442
241631800
241634032
241635684
241638162
241640264
241642518
241645214
241647925
241650582
241653035
241655242
241657412
241659942
241662392
241664953
241667628
241670061
241672446
241674599
241676618
241679280
241681597
241683998
241686658
241689053
241691463
241694023
241696448
241698979
241701296
241703520
241705554
241707923
241710562
241712814
241715023
241717487
241719988
241722443
241725011
241727313
241729686
241732255
241734725
241737072
241739609
241742004
241744469
241746882
241749217
241751670
241754214
241756386
241758648
241761105
241763612
241766059
241768393
241770733
241772932
241775310
241777831
241780316
241782779
241785086
241787572
241790046
241792490
241794883
241797129
241799748
241802126
241804606
241807151
241809441
241811903
241814313
241816771
241819210
241821694
241824248
241826650
241829052
241831418
241833756
241836336
241838760
241841187
241843690
241845889
241848001
241850198
241852402
241854604
241856367
241858418
241860634
241863003
241865267
241867410
241869715
241871986
241874122
241876353
241878676
241880694
241883155
241885535
241887949
241890337
241892767
241895237
241897449
241900011
241902535
241904821
241906994
241908946
241911321
241913915
241916370
241918695
241920898
241923305
241925893
241928057
241930482
241932797
241935256
241937451
241940111
241942442
241944812
241946955
241949433
241951920
241954208
241956369
241958525
241960517
241962761
241965094
241967363
241969715
241971922
241974351
241976542
241978709
241980963
241983230
241985674
241988073
241990349
241992481
241994731
241996906
241998955
242001126
242003399
242005748
242008032
242010431
242012709
242015070
242017278
242019502
242021661
242023819
242026038
242028448
242030812
242032799
242035149
242037716
242040121
242042436
242044645
242046756
242049560
242051652
242054030
242056430
242058174
242060318
242062368
242064474
242066698
242069163
242071710
242073904
242076096
242078499
242080734
242083144
242085470
242087716
242089963
242092164
242094518
242096725
242098858
242101077
242103455
242105918
242108160
242110413
242112845
242115114
242117525
242119977
242122282
242124540
242126889
242129163
242131450
242133673
242136129
242138599
242141106
242143435
242145766
242148306
242150600
242152847
242154834
242156967
242159110
242161352
242163275
242165220
242167395
242169627
242171728
242173844
242175841
242177863
242180183
242182581
242184742
242187012
242189397
242191562
242193907
242196345
242198741
242201145
242203579
242206120
242208342
242210686
242213061
242215413
242217754
242220135
242222578
242225068
242227265
242229634
242231973
242234403
242236761
242239128
242241549
242243883
242246358
242248415
242250883
242253191
242255441
242257460
242260012
242262489
242264983
242267285
242269440
242271795
242274143
242276544
242278959
242281271
242283562
242285803
242288238
242290473
242292645
242295156
242297422
242299676
242302061
242304409
242306785
242309297
242311742
242314198
242316649
242319036
242321209
242323356
242325618
242327869
242330039
242332321
242334565
242336986
242339377
242341953
242344361
242346817
242348914
242351198
242353662
242356219
242358645
242361107
242363534
242366104
242368522
242370831
242372998
242375289
242377613
242379989
242382293
242384714
242387090
242389414
242391604
242393536
242394837
242396735
242398994
242401316
242403608
242405793
242408130
242410495
242412757
242415218
242417596
242419973
242422368
242424817
242427098
242429511
242432023
242434345
242436648
242438996
242441324
242443774
242446136
242448664
242450911
242453073
242455538
242457954
242460308
242462754
242465188
242467587
242470042
242472259
242474864
242477121
242479417
242481656
242483704
242485826
242487945
242490391
242492758
242494738
242497153
242499622
242502229
242504507
242506869
242509206
242511452
242513497
242515895
242518299
242520606
242523046
242524823
242526923
242529346
242531872
242534190
242536486
242538864
242541185
242543503
242545724
242547929
242550302
242552709
242555155
242557560
242559963
242562366
242564870
242567328
242569664
242572247
242574709
242577077
242579695
242582059
242584524
242586762
242588973
242591148
242593416
242595784
242598026
242600411
242602928
242605272
242607544
242609922
242612221
242614498
242616611
242618703
242620975
242623262
242625489
242627939
242630418
242632694
242635031
242637615
242639971
242642498
242644999
242647352
242649817
242652176
242654554
242656923
242659409
242661814
242664150
242666561
242669072
242671574
242673909
242676366
242678844
242681113
242683496
242685852
242688393
242690579
242692963
242695202
242697546
242699985
242702299
242704825
242707266
242709763
242712315
242714568
242717002
242719167
242721316
242723616
242725911
242728457
242730841
242733312
242735592
242738132
242740523
242742920
242745335
242747379
242749372
242751516
242753785
242756218
242758437
242760713
242763171
242765377
242767747
242770025
242772190
242773854
242776165
242778660
242781241
242783720
242786259
242788542
242790968
242793505
242795723
242798182
242800624
242803170
242805462
242808041
242810260
242812875
242815392
242817790
242820131
242822556
242824778
242827174
242829570
242832009
242834686
242837073
242839393
242841707
242844056
242846409
242848629
242850735
242853078
242855288
242857600
242859922
242862340
242864597
242867091
242869354
242871745
242874045
242876452
242879041
242881359
242883677
242886041
242888586
242890801
242893188
242895530
242897976
242900527
242903024
242905390
242907723
242910215
242912726
242915199
242917657
242920328
242922582
242924962
242927383
242929725
242931873
242934067
242936598
242939150
242941664
242944044
242946327
242948725
242951279
242953794
242956302
242958349
242960988
242963712
242966486
242969081
242971772
242974274
242976652
242979185
242981722
242984121
242986419
242988779
242991171
242993566
242995966
242998457
243000876
243003221
243005386
243007873
243010295
243012556
243014805
243017119
243019330
243021733
243024062
243026543
243028956
243031702
243034077
243036521
243038960
243041128
243043449
243045913
243048351
243050470
243052470
243054477
243056283
243058435
243060596
243062669
243064783
243067152
243069519
243071869
243074360
243076797
243079158
243081654
243084215
243086606
243088913
243091325
243093662
243095838
243098185
243100247
243102075
243104523
243107052
243109403
243112068
243114383
243116773
243119175
243121556
243123938
243126360
243128763
243131263
243133783
243136231
243138600
243141095
243143787
243146245
243148563
243150932
243153173
243155587
243157918
243160295
243162833
243165019
243167204
243169647
243172077
243174553
243176967
243179427
243182068
243184842
243187205
243189619
243192303
243194853
243197520
243199964
243202453
243204902
243207399
243209840
243212137
243214354
243216754
243219141
243221379
243223857
243226171
243228567
243231030
243233444
243235847
243238342
243240776
243242973
243245055
243247355
243249639
243252107
243254489
243256179
243258532
243260664
243263081
243265446
243267737
243270009
243272285
243274668
243277001
243279514
243282051
243284446
243286850
243289314
243291939
243294387
243296597
243298797
243301329
243303671
243306017
243308367
243310879
243313306
243315759
243317979
243320375
243322806
243325192
243327634
243330024
243332455
243334847
243337222
243339429
243341827
243344302
243346882
243349039
243351501
243353942
243356538
243358874
243361193
243363658
243366242
243368744
243371235
243373620
243376071
243378644
243381117
243383638
243386134
243388499
243390875
243393393
243395942
243398619
243400982
243403571
243406056
243408695
243411298
243413759
243416196
243418954
243421488
243424066
243426517
243429008
243431279
243433746
243436256
243438619
243441000
243443564
243446242
243448634
243451051
243453519
243456119
243458730
243461064
243463635
243466144
243468688
243471149
243473730
243475766
243478248
243480486
243482512
243484518
243486597
243488761
243490930
243493140
243495623
243497625
243499736
243501668
243504015
243506230
243508659
243510894
243513122
243515486
243517801
243520279
243522785
243525210
243527459
243529773
243532191
243534475
243536676
243539165
243541507
243543993
243546205
243548574
243550925
243553225
243555655
243558144
243560604
243562999
243565393
243567726
243570100
243572468
243574358
243576623
243578940
243581178
243583362
243585568
243587760
243590015
243592287
243594521
243596660
243599029
243601384
243603776
243605994
243608186
243610309
243612646
243614797
243617084
243619468
243621951
243624108
243626278
243628591
243630812
243633168
243635644
243637859
243640173
243642304
243644298
243646354
243648463
243650439
243652523
243654611
243656748
243658838
243660709
243662511
243664425
243666596
243668867
243671172
243673484
243675629
243677923
243680289
243682543
243684696
243686756
243689070
243691322
243693475
243695725
243698029
243700196
243702523
243704787
243707133
243709461
243711830
243714137
243716563
243718950
243721090
243723405
243725821
243728172
243730400
243732685
243735228
243737615
243740123
243742479
243744714
243747028
243749334
243751582
243753945
243756173
243758365
243760648
243763111
243765450
243767794
243770082
243772319
243774385
243776730
243779006
243781392
243783782
243785958
243788280
243790584
243792885
243795173
243797303
243799605
243802005
243804210
243806356
243808399
243810433
243812476
243814524
243816787
243819137
243821442
243823680
243825819
243828107
243830393
243832512
243834724
243837033
243839300
243841577
243843715
243845855
243848063
243849869
243851143
243853318
243855782
243858344
243860771
243863393
243865661
243867828
243870243
243872703
243875189
243877659
243880140
243882719
243885445
243887706
243890043
243892538
243895025
243897384
243899796
243902192
243904621
243906896
243909138
243911582
243914025
243916470
243918684
243921272
243923657
243926044
243928592
243931071
243933386
243935216
243937642
243940135
243942408
243944793
243947206
243949651
243952015
243954390
243956946
243959320
243961876
243964441
243966862
243969375
243971847
243973880
243976275
243978735
243980765
243983164
243985513
243987885
243990105
243992337
243994845
243997286
243999565
244001955
244004387
244006827
244009156
244011338
244013740
244016138
244018667
244021086
244023567
244026032
244028379
244030954
244033445
244035885
244038127
244040689
244043309
244045842
244047948
244049307
244051030
244053490
244055379
244057535
244059937
244062531
244064981
244067477
244069930
244072226
244074556
244076833
244078979
244081156
244083559
244085893
244088213
244090600
244093023
244095322
244097367
244099554
244101713
244103753
244105934
244108238
244110432
244112579
244114871
244117084
244119330
244121540
244123794
244126075
244128365
244130703
244133007
244135375
244137834
244140126
244142210
244144637
244147102
244149456
244151676
244154086
244156097
244157779
244160097
244162386
244164627
244166996
244169338
244171728
244173992
244176394
244178613
244180924
244183187
244185462
244187717
244190192
244192526
244194960
244197001
244199311
244201611
244203959
244206349
244208758
244211110
244213478
244215699
244217829
244220035
244222240
244224524
244226837
244229046
244231185
244233445
244235665
244238087
244240353
244242750
244245101
244247375
244249668
244251882
244254098
244256227
244258516
244260866
244263400
244265920
244268305
244270548
244273017
244275260
244276731
244279031
244281297
244283487
244285744
244288063
244290492
244292787
244295185
244297568
244299782
244301864
244304135
244306454
244308969
244311196
244313386
244315801
244318327
244320744
244323096
244325585
244327933
244330125
244332410
244334744
244337140
244339519
244341697
244343946
244346385
244348551
244350646
244352896
244355340
244357706
244359861
244362094
244364437
244366691
244368915
244371276
244373351
244375383
244377593
244379862
244382057
244384626
244387165
244389483
244391894
244394210
244396497
244398807
244401099
244403622
244405945
244408362
244410942
244413391
244415989
244418276
244420793
244423262
244425528
244428015
244430408
244432766
244434971
244437037
244439421
244441601
244443957
244446164
244448563
244450809
244452598
244455063
244457491
244460194
244462082
244464508
244466907
244469290
244471666
244474171
244476440
244478822
244481278
244483894
244486382
244488560
244490472
244492126
244494210
244496410
244498751
244501086
244503725
244506450
244508855
244511389
244513874
244516344
244518780
244521209
244523420
244525520
244527885
244530227
244532872
244535638
244538370
244540642
244542722
244545221
244547844
244550516
244552928
244555306
244557871
244560383
244562801
244565330
244567772
244570381
244572739
244575239
244577734
244580189
244582696
244585071
244587760
244590286
244592898
244595409
244597791
244600465
244602897
244605335
244607890
244610432
244612908
244615646
244618273
244620778
244623043
244625398
244627895
244630463
244633165
244635831
244638517
244640988
244643456
244646010
244648641
244651209
244653165
244654985
244657266
244659559
244661663
244663794
244665934
244668270
244670557
244672944
244675357
244677931
244680308
244682722
244684763
244687135
244689612
244691983
244694469
244696827
244699266
244701317
244703421
244705468
244707665
244709956
244712224
244714616
244717010
244719334
244721511
244724024
244726404
244728661
244730631
244732552
244734939
244737435
244739808
244742047
244744451
244746998
244749303
244751579
244753871
244756169
244758641
244761030
244763520
244766071
244768272
244770492
244772922
244775477
244777963
244780343
244782576
244785006
244787519
244789708
244792224
244794260
244796622
244799020
244801286
244803499
244805584
244807731
244810095
244812207
244814563
244816947
244819180
244821620
244823903
244826465
244828713
244830913
244832988
244834838
244836257
244838256
244840366
244842309
244844276
244846135
244848402
244850518
244852536
244854728
244856584
244858488
244860281
244862163
244863593
244864988
244867356
244869150
244871580
244873838
244875971
244878220
244880551
244882962
244885123
244887481
244889843
244892046
244894271
244896678
244899048
244901344
244903529
244905612
244908128
244910512
244913124
244915415
244917904
244920031
244922579
244925027
244927431
244929823
244932030
244934274
244936618
244938784
244940841
244943062
244945352
244947894
244950346
244952433
244954761
244957003
244959403
244961368
244963607
244966002
244968113
244970071
244971383
244973562
244975718
244978098
244980262
244982567
244985016
244987333
244989904
244992228
244994783
244997116
244999608
245002137
245004644
245007027
245009445
245011874
245014476
245016807
245019261
245021696
245024151
245026559
245029107
245031499
245033881
245036385
245039208
245041662
245044296
245046984
245049398
245051902
245054317
245056764
245059274
245061796
245064484
245067039
245069563
245072068
245074489
245076893
245079366
245081656
245084051
245086475
245088840
245091326
245093718
245096296
245098859
245101053
245103519
245105746
245108043
245110474
245112870
245115238
245117783
245120027
245122198
245124658
245126798
245129306
245131626
245134094
245136610
245139191
245141511
245143565
245145942
245148374
245150994
245153537
245155352
245157020
245159402
245161788
245164093
245166374
245168853
245171179
245173275
245175414
245177908
245180352
245182625
245184911
245187122
245189568
245191700
245194218
245196645
245198965
245201188
245203441
245205879
245208289
245210536
245212836
245215376
245217883
245220111
245222556
245225051
245227333
245229643
245231820
245234169
245236462
245238982
245241396
245243639
245245963
245248205
245250443
245253096
245255373
245257873
245260322
245262443
245264819
245266901
245269194
245271527
245274093
245276533
245279081
245281208
245283289
245285593
245288044
245290611
245292958
245295385
245297614
245300099
245302483
245304458
245306925
245309311
245311573
245313898
245316018
245318333
245320902
245323458
245325582
245327852
245330303
245332139
245334489
245336426
245338863
245341336
245343686
245345792
245348124
245350512
245353050
245355411
245357812
245360554
245362879
245365161
245367224
245369383
245371520
245373957
245376201
245378567
245380951
245383385
245385824
245388165
245390533
245393086
245395676
245398154
245400550
245402982
245405317
245407688
245410055
245412421
245414736
245417240
245419580
245421788
245424242
245426743
245429142
245431502
245433828
245435988
245438391
245440683
245443071
245444915
245447332
245449818
245452214
245454724
245457171
245459679
245462241
245464473
245466391
245468902
245471237
245473582
245475726
245478223
245480615
245483116
245485576
245487856
245490349
245492869
245495473
245498178
245500556
245502982
245505307
245507763
245510210
245512732
245515161
245517462
245520002
245521975
245524200
245526695
245529178
245531613
245533830
245536368
245538978
245540820
245543105
245545618
245548073
245550525
245552844
245555388
245557622
245559949
245562055
245564385
245566919
245569462
245571937
245574524
245576761
245578962
245581409
245583836
245586345
245588669
245590847
245593130
245595369
245597976
245600363
245602861
245605360
245607619
245609933
245612492
245614876
245617536
245619747
245622175
245624635
245627209
245629767
245632314
245634870
245637420
245639912
245642328
245644784
245647145
245649344
245651674
245653977
245656406
245658823
245661108
245662964
245665656
245668013
245670455
245672728
245674704
245677127
245679310
245681288
245683649
245685660
245687223
245688593
245690555
245692945
245695344
245697639
245699723
245701855
245703784
245705965
245708348
245710903
245713208
245715246
245717701
245720225
245722753
245725193
245727627
245729980
245732461
245735083
245737506
245739956
245742358
245744656
245747064
245749483
245751722
245754057
245756586
245758967
245761344
245763470
245765601
245767791
245770409
245772777
245774908
245776920
245779311
245781808
245784125
245786444
245788720
245791018
245793190
245795280
245797514
245799496
245801817
245803971
245806190
245808049
245810305
245812551
245814706
245816698
245818247
245820273
245822369
245824332
245826255
245828548
245830748
245833098
245835485
245837836
245840052
245842588
245844993
245847270
245849544
245851670
245853929
245856309
245858491
245860748
245863136
245865523
245867898
245870132
245872424
245874801
245877076
245879324
245881569
245883852
245886190
245888663
245891267
245893691
245895730
245898060
245900654
245903193
245905446
245907854
245910264
245912674
245914951
245917312
245919642
245921849
245924190
245926622
245928905
245931255
245933695
245936122
245938461
245940606
245943047
245945280
245947550
245949777
245952075
245954402
245956494
245958917
245961348
245963694
245966101
245968555
245970859
245973224
245975920
245978164
245980499
245982855
245985180
245987471
245989836
245992787
245995106
245997545
245999901
246002068
246003822
246006325
246008589
246010825
246013236
246015582
246018092
246020512
246023131
246025447
246027842
246030112
246032493
246034851
246037184
246039577
246041800
246044121
246046442
246048663
246050989
246053631
246055939
246058456
246060845
246063175
246065594
246068100
246070503
246072690
246075061
246077540
246080066
246082472
246084837
246087273
246089562
246092019
246094460
246096671
246099150
246101567
246104169
246106600
246108920
246111424
246113868
246116223
246118778
246121194
246123528
246125875
246128333
246130759
246133254
246135651
246138058
246140374
246142696
246145056
246147395
246149701
246152140
246154575
246157021
246159399
246161737
246164249
246166444
246168674
246171017
246173156
246175509
246177961
246180218
246182452
246184929
246186984
246189375
246191634
246193865
246196046
246198764
246200865
246203495
246206017
246208470
246210946
246213478
246215861
246218296
246220586
246223018
246225389
246227777
246230181
246232464
246234053
246236087
246238444
246240456
246242681
246245019
246247402
246249657
246252304
246254630
246256985
246259338
246261720
246264247
246266698
246268982
246271392
246273730
246276025
246278347
246280748
246282896
246285314
246287684
246290067
246292401
246294850
246297274
246299677
246302010
246304340
246306828
246309064
246311502
246313836
246316500
246318893
246321372
246323607
246325710
246327914
246330062
246332476
246334908
246337399
246339958
246342508
246344994
246347185
246349613
246351966
246354346
246356790
246359251
246361618
246363404
246365567
246367998
246370557
246373157
246375653
246377950
246380183
246382566
246384889
246387253
246390469
246392789
246395126
246397400
246399768
246402255
246404724
246407036
246409215
246411253
246413486
246415924
246418449
246420738
246423166
246425653
246428062
246430586
246433055
246435587
246437953
246440140
246442449
246444328
246446637
246448893
246451378
246453738
246456459
246458716
246460944
246463116
246465425
246468046
246470507
246472930
246475203
246477689
246480147
246482346
246485081
246487550
246489915
246492218
246494363
246496593
246498975
246501330
246503800
246506347
246508214
246510430
246512543
246514774
246517060
246519298
246521099
246523044
246525162
246527202
246529444
246531748
246534159
246536481
246538831
246540784
246542984
246545058
246547069
246549298
246551640
246553923
246556085
246558196
246560479
246562755
246564781
246566525
246568560
246571097
246573615
246575717
246577897
246580219
246582570
246584848
246586946
246589439
246591836
246594201
246596678
246599285
246601667
246604081
246605859
246607636
246609611
246611985
246614214
246616413
246618839
246620984
246623468
246625710
246628025
246630680
246633086
246635025
246636950
246639230
246641604
246643936
246646124
246647865
246650102
246652519
246654629
246657073
246659346
246661355
246663627
246665852
246668404
246670752
246672979
246675380
246677586
246680150
246682581
246685062
246687364
246689816
246691916
246693681
246696007
246698057
246700288
246702590
246705016
246707399
246709860
246711994
246714086
246716179
246718373
246720558
246722843
246724770
246726949
246729244
246731479
246733742
246736221
246738510
246740813
246743214
246745570
246747768
246750119
246752516
246754732
246757336
246759792
246762100
246764598
246767183
246769663
246772254
246774934
246777438
246779922
246782129
246784407
246786441
246788745
246790962
246793254
246795210
246797176
246799469
246801845
246804032
246806418
246808914
246811178
246813368
246815492
246817574
246820729
246822936
246825202
246826948
246829333
246831590
246833719
246835692
246837982
246839825
246841924
246844060
246846160
246848287
246850223
246852334
246854374
246856649
246858733
246860720
246862640
246864815
246867194
246868849
246870367
246872515
246874859
246877050
246879161
246881417
246883635
246885974
246888248
246890478
246892664
246894933
246897068
246899113
246901215
246903404
246905536
246907723
246909807
246911953
246914071
246916301
246918419
246920476
246922519
246924350
246926650
246928343
246930193
246931858
246933955
246936662
246939108
246941354
246943758
246945930
246948416
246950814
246953468
246956009
246958177
246960349
246962746
246965168
246967384
246969650
246971941
246974280
246976584
246978729
246980947
246983282
246985543
246987644
246989778
246992243
246994612
246996964
246999405
247001757
247004392
247006790
247008968
247011309
247013345
247015580
247018075
247020494
247022814
247024912
247027110
247029350
247031506
247033256
247035606
247037859
247039847
247042319
247044791
247047305
247049645
247051923
247054381
247056907
247059407
247062051
247064395
247066940
247069129
247071652
247074019
247076457
247078674
247080958
247083220
247085683
247088144
247090551
247092796
247095131
247097484
247099650
247101321
247103629
247105490
247107945
247110380
247112124
247114289
247116309
247119997
247122198
247124319
247126343
247129558
247132032
247134431
247136829
247139105
247141578
247143945
247146153
247148433
247150805
247152922
247155112
247157152
247159307
247161644
247164067
247166568
247169043
247171958
247174308
247176557
247179366
247181579
247183865
247186151
247188694
247191360
247193998
247196466
247199000
247201625
247204106
247206347
247208822
247211027
247213610
247216431
247218945
247220842
247223181
247225920
247228427
247230976
247233522
247236254
247238630
247241196
247243797
247246408
247248922
247251394
247254319
247256697
247259311
247261946
247264585
247267253
247270016
247272649
247275384
247277714
247279739
247282314
247284772
247286951
247289208
247291206
247293611
247296092
247298535
247300760
247302517
247304792
247307155
247309481
247311667
247314030
247316298
247318784
247321091
247323447
247325657
247327731
247329585
247331521
247333373
247335862
247338202
247340789
247343166
247345406
247347642
247349704
247352201
247354845
247357318
247359888
247362301
247364307
247366452
247369040
247371235
247373322
247375638
247378065
247380647
247383051
247385842
247388352
247390573
247393099
247395407
247397516
247399894
247402202
247404683
247406916
247409429
247411855
247414173
247416503
247418813
247420885
247423123
247424656
247426307
247428402
247430469
247432626
247434594
247436892
247439220
247441542
247443961
247446108
247448494
247450818
247452409
247454743
247457150
247459356
247461867
247464249
247466674
247469102
247471202
247473470
247475879
247478343
247480700
247483027
247485627
247488130
247490595
247492743
247495384
247497723
247500250
247502851
247505370
247507833
247510184
247512435
247514742
247517078
247518895
247521178
247523029
247525569
247528216
247530756
247532319
247534576
247537108
247539531
247541925
247544481
247546710
247549196
247551432
247553854
247556453
247558991
247561527
247563732
247566076
247568498
247570841
247573151
247575310
247577883
247580350
247582740
247585039
247587382
247589012
247591083
247593310
247595583
247597757
247600163
247602561
247604826
247606569
247608880
247611427
247613955
247616179
247618703
247621169
247623520
247625856
247628334
247630656
247633050
247635344
247637625
247639833
247642341
247644771
247647130
247649716
247652405
247654912
247657605
247660374
247662668
247665224
247667803
247670358
247672460
247674656
247677254
247679788
247682400
247684772
247687244
247694078
247696439
247698771
247701033
247703522
247706238
247708672
247711216
247712861
247715301
247717905
247720535
247722994
247725304
247727474
247729822
247732607
247735291
247737827
247739776
247742466
247745140
247747602
247750180
247752731
247754995
247757602
247759374
247761802
247764180
247766858
247769216
247771790
247774586
247777160
247779366
247781774
247784225
247786754
247789089
247791597
247793996
247796627
247799089
247801455
247803530
247805923
247808621
247810613
247812742
247815107
247817093
247819743
247822272
247824797
247827187
247829768
247832346
247834908
247837445
247839768
247841585
247843731
247846338
247848909
247851437
247853795
247856225
247857984
247860008
247862125
247864400
247866326
247868541
247870802
247873117
247875405
247877110
247879141
247881377
247883573
247885702
247888428
247891050
247894121
247896085
247898049
247900302
247902735
247905238
247907298
247909730
247911818
247914067
247916725
247919337
247921549
247923982
247926469
247928961
247931394
247933843
247935776
247937815
247940204
247942829
247945404
247947987
247949692
247952034
247954531
247956639
247958688
247960790
247963411
247965610
247967386
247969470
247971871
247974283
247976668
247979070
247981623
247984006
247986339
247988742
247990989
247993465
247995724
247998368
248000924
248003438
248005739
248008128
248010409
248012819
248015295
248017694
248020034
248022261
248024094
248026102
248028139
248030561
248032948
248035308
248037748
248039200
248041411
248043538
248045706
248048144
248050466
248052795
248055132
248057477
248059907
248061610
248063925
248066424
248068360
248070243
248071890
248073561
248075549
248077653
248080043
248082280
248084354
248086637
248089166
248091619
248094120
248096332
248098697
248100314
248102744
248104952
248107184
248109466
248111784
248114168
248116481
248118638
248120605
248122429
248124604
248127092
248129445
248131863
248134303
248136777
248138991
248141343
248143868
248145661
248147653
248150078
248152478
248155045
248157362
248159412
248161819
248164296
248165697
248167500
248169328
248171181
248172781
248174961
248177319
248179487
248180887
248183109
248185627
248188019
248190611
248192909
248194965
248197474
248199924
248202196
248203848
248205981
248208409
248210790
248213263
248215580
248218110
248220558
248222720
248225135
248227798
248230225
248232763
248235198
248237623
248239588
248241798
248244332
248246712
248249361
248251824
248253910
248255658
248257399
248259132
248261388
248263911
248266541
248269155
248271625
248273447
248275644
248278166
248280739
248283277
248285716
248288337
248290757
248293066
248294973
248296551
248298446
248300362
248302651
248305356
248307351
248309986
248312448
248314887
248317205
248319678
248321873
248324021
248326054
248328538
248331184
248333545
248335991
248338319
248340292
248342718
248345125
248347607
248349484
248351778
248354354
248356890
248359344
248361713
248363371
248365891
248368375
248370894
248373478
248375928
248378361
248380870
248383190
248385529
248387915
248389848
248392246
248394828
248397063
248399593
248402089
248404468
248406452
248407882
248409901
248412281
248414734
248416884
248419179
248421517
248423906
248426197
248428464
248430830
248432666
248434085
248435742
248437270
248438658
248440261
248441591
248443085
248444745
248446412
248447986
248449816
248451607
248453208
248455083
248457574
248459364
248461132
248462933
248464661
248466377
248468221
248470061
248472011
248473796
248475486
248477862
248479767
248481880
248483867
248486614
248491541
248493891
248496308
248498998
248501226
248504304
248508678
248519771
248521509
248522864
248524872
248526873
248528604
248538677
248543254
248546225
248549009
248552008
248554323
248556782
248559294
248562461
248564907
248567333
248569877
248572763
248574683
248577088
248579419
248581791
248584080
248586571
248589008
248591427
248593466
248595776
248598236
248600665
248603244
248605712
248607976
248610405
248612839
248615451
248617818
248620295
248622756
248625043
248626890
248628937
248631086
248633396
248635380
248638133
248640014
248643025
248645233
248647282
248649148
248650668
248652685
248655156
248656817
248658292
248659771
248661998
248664327
248666490
248669014
248671389
248673470
248675611
248677047
248679214
248681555
248683652
248686135
248688695
248690939
248692974
248695324
248697691
248700130
248702568
248704582
248707118
248709685
248712244
248714609
248717227
248719712
248722283
248724662
248726899
248729207
248731626
248734158
248736726
248739244
248741605
248743631
248746039
248749490
248751860
248753312
248755028
248757419
248759834
248762141
248764216
248766163
248768141
248770492
248772881
248775336
248777661
248780115
248782577
248784897
248787106
248789458
248791778
248794195
248796663
248799159
248801514
248803592
248805708
248808043
248810325
248812118
248814055
248816397
248818440
248820649
248822974
248825345
248827299
248829831
248831827
248834214
248836639
248838603
248840633
248842841
248845249
248847503
248848863
248850756
248852882
248855079
248857205
248858945
248860977
248863334
248865616
248867687
248870169
248872272
248874027
248875646
248877960
248880105
248882298
248884351
248886787
248889240
248891387
248893725
248895862
248898136
248900386
248902632
248904807
248906536
248908041
248909901
248911782
248913655
248915568
248917398
248919056
248921032
248922887
248924816
248926797
248928764
248930654
248932478
248934359
248936133
248937806
248939631
248941403
248942969
248944187
248945233
248946420
