2831246
2831248
2831250
2831255
2831256
2831264
2831266
2831267
2831269
2831271
2831272
2831274
2831275
2831276
2831278
2831279
2831282
2831283
2831284
2831291
2831294
2831296
2831297
2831298
2831299
2831300
2831304
2831306
2831307
2831308
2831309
2831312
2831316
2831317
2831321
2831324
2831325
2831329
2831330
2831331
2831340
2831341
2831343
2831344
2831345
2831348
2831350
2831353
2831354
2831356
2831362
2831363
2831365
2831367
2831369
2831372
2831375
2831376
2831381
2831382
2831392
2831394
2831395
2831396
2831399
2831401
2831402
2831403
2831404
2831406
2831407
2831409
2831411
2831414
2831415
2831417
2831418
2831420
2831423
2831424
2831427
2831428
2831436
2831442
2831443
2831445
2831446
2831447
2831450
2831451
2831452
2831454
2831455
2831458
2831460
2831461
2831462
2831464
2831465
2831472
2831474
2831477
2831479
2831480
2831481
2831482
2831483
2831484
2831487
2831489
2831490
2831493
2831499
2831501
2831509
2831512
2831513
2831517
2831522
2831529
2831530
2831531
2831532
2831533
2831539
2831543
2831547
2831548
2831550
2831551
2831558
2831560
2831564
2831569
2831571
2831573
2831574
2831575
2831576
2831577
2831578
2831579
2831580
2831586
2831587
2831588
2831591
2831592
2831593
2831595
2831600
2831601
2831606
2831613
2831614
2831615
2831616
2831617
2831618
2831619
2831620
2831622
2831625
2831627
2831629
2831630
2831632
2831634
2831639
2831640
2831641
2831642
2831646
2831652
2831653
2831654
2831655
2831656
2831658
2831661
2831663
2831664
2831669
2831672
2831673
2831674
2831676
2831677
2831678
2831679
2831683
2831684
2831685
2831686
2831687
2831688
2831696
2831700
2831701
2831711
2831712
2831714
2831715
2831716
2831717
2831719
2831720
2831723
2831724
2831726
2831727
2831728
2831730
2831731
2831732
2831741
2831745
2831746
2831749
2831750
2831753
2831757
2831759
2831760
2831766
2831768
2831770
2831771
2831772
2831780
2831783
2831790
2831795
2831797
2831798
2831799
2831803
2831804
2831808
2831815
2831817
2831818
2831819
2831822
2831824
2831825
2831827
2831835
2831836
2831837
2831842
2831846
2831847
2831848
2831849
2831850
2831856
2831857
2831858
2831863
2831870
2831873
2831875
2831876
2831878
2831880
2831883
2831884
2831885
2831886
2831887
2831889
2831895
2831896
2831898
2831902
2831905
2831907
2831918
2831920
2831921
2831922
2831923
2831925
2831927
2831928
2831931
2831932
2831937
2831939
2831940
2831941
2831943
2831945
2831951
2831955
2831960
2831963
2831968
2831973
2831974
2831984
2831991
2831993
2831995
2831998
2832000
2832001
2832004
2832008
2832010
2832011
2832014
2832015
2832019
2832020
2832025
2832027
2832028
2832029
2832031
2832034
2832035
2832037
2832041
2832045
2832048
2832052
2832053
2832054
2832057
2832059
2832060
2832063
2832066
2832067
2832068
2832072
2832074
2832077
2832080
2832081
2832083
2832084
2832086
2832089
2832090
2832092
2832094
2832098
2832099
2832100
2832101
2832106
2832108
2832109
2832111
2832115
2832118
2832131
2832137
2832140
2832141
2832142
2832143
2832151
2832154
2832159
2832162
2832166
2832168
2832169
2832171
2832174
2832175
2832186
2832192
2832194
2832202
2832203
2832204
2832205
2832208
2832210
2832211
2832212
2832218
2832219
2832222
2832224
2832232
2832234
2832238
2832240
2832244
2832248
2832250
2832252
2832255
2832256
2832262
2832263
2832268
2832269
2832273
2832274
2832275
2832286
2832287
2832291
2832292
2832293
2832297
2832299
2832303
2832305
2832307
2832308
2832311
2832313
2832314
2832315
2832318
2832319
2832325
2832328
2832329
2832331
2832339
2832343
2832346
2832347
2832354
2832355
2832356
2832364
2832369
2832373
2832374
2832377
2832378
2832383
2832390
2832393
2832402
2832403
2832404
2832409
2832415
2832416
2832417
2832418
2832423
2832424
2832425
2832426
2832430
2832437
2832438
2832439
2832440
2832441
2832445
2832449
2832453
2832455
2832456
2832458
2832460
2832469
2832472
2832478
2832479
2832480
2832481
2832482
2832485
2832491
2832492
2832493
2832494
2832495
2832496
2832497
2832501
2832505
2832507
2832508
2832510
2832515
2832518
2832519
2832520
2832525
2832529
2832530
2832534
2832538
2832539
2832540
2832543
2832549
2832552
2832555
2832566
2832568
2832569
2832571
2832572
2832573
2832576
2832581
2832585
2832586
2832588
2832591
2832592
2832596
2832597
2832599
2832600
2832601
2832602
2832603
2832608
2832610
2832615
2832617
2832621
2832622
2832624
2832625
2832630
2832636
2832637
2832648
2832650
2832654
2832657
2832658
2832661
2832665
2832669
2832671
2832673
2832674
2832675
2832676
2832678
2832680
2832682
2832683
2832690
2832691
2832695
2832696
2832697
2832700
2832701
2832703
2832704
2832705
2832708
2832710
2832711
2832714
2832715
2832717
2832718
2832719
2832723
2832724
2832725
2832726
2832727
2832728
2832731
2832733
2832735
2832736
2832741
2832742
2832744
2832746
2832748
2832751
2832752
2832755
2832757
2832758
2832762
2832764
2832766
2832770
2832772
2832773
2832775
2832777
2832779
2832781
2832782
2832783
2832784
2832785
2832786
2832787
2832788
2832790
2832791
2832792
2832794
2832798
2832807
2832809
2832810
2832811
2832814
2832816
2832817
2832819
2832820
2832821
2832822
2832823
2832824
2832830
2832834
2832839
2832841
2832843
2832846
2832848
2832851
2832857
2832860
2832862
2832863
2832864
2832866
2832868
2832880
2832881
2832882
2832889
2832893
2832894
2832897
2832899
2832901
2832903
2832904
2832905
2832907
2832911
2832913
2832914
2832915
2832916
2832917
2832918
2832919
2832920
2832925
2832926
2832927
2832929
2832930
2832933
2832934
2832938
2832942
2832943
2832944
2832945
2832946
2832950
2832952
2832953
2832956
2832957
2832961
2832966
2832967
2832968
2832969
2832970
2832977
2832979
2832981
2832983
2832985
2832990
2832991
2832993
2832995
2832996
2832999
2833000
2833001
2833002
2833008
2833009
2833011
2833013
2833016
2833018
2833020
2833023
2833026
2833027
2833034
2833035
2833038
2833039
2833040
2833042
2833043
2833047
2833054
2833055
2833059
2833060
2833062
2833065
2833069
2833070
2833071
2833072
2833077
2833081
2833087
2833088
2833089
2833095
2833099
2833100
2833102
2833113
2833114
2833115
2833116
2833117
2833118
2833119
2833120
2833122
2833127
2833131
2833133
2833136
2833141
2833142
2833143
2833147
2833154
2833156
2833157
2833159
2833162
2833163
2833164
2833165
2833166
2833167
2833168
2833169
2833171
2833175
2833176
2833177
2833178
2833181
2833185
2833187
2833190
2833191
2833192
2833193
2833194
2833199
2833202
2833204
2833206
2833209
2833210
2833215
2833217
2833219
2833220
2833221
2833225
2833226
2833229
2833232
2833234
2833236
2833240
2833246
2833247
2833248
2833250
2833251
2833253
2833254
2833256
2833257
2833259
2833260
2833261
2833266
2833267
2833270
2833272
2833273
2833274
2833275
2833278
2833280
2833282
2833286
2833287
2833291
2833293
2833295
2833296
2833302
2833303
2833304
2833305
2833310
2833316
2833318
2833321
2833325
2833332
2833336
2833338
2833339
2833340
2833343
2833347
2833349
2833350
2833351
2833365
2833366
2833374
2833375
2833377
2833382
2833383
2833384
2833386
2833387
2833388
2833393
2833397
2833398
2833399
2833403
2833406
2833407
2833411
2833412
2833413
2833416
2833421
2833431
2833432
2833434
2833437
2833438
2833441
2833444
2833445
2833451
2833455
2833457
2833460
2833462
2833463
2833470
2833472
2833478
2833481
2833482
2833486
2833487
2833492
2833494
2833495
2833497
2833498
2833500
2833502
2833503
2833508
2833509
2833510
2833514
2833515
2833518
2833519
2833520
2833521
2833526
2833528
2833529
2833530
2833532
2833533
2833534
2833536
2833537
2833540
2833544
2833545
2833546
2833552
2833554
2833556
2833560
2833562
2833563
2833566
2833568
2833569
2833572
2833584
2833587
2833589
2833590
2833592
2833594
2833595
2833596
2833597
2833599
2833601
2833602
2833603
2833604
2833606
2833607
2833609
2833618
2833619
2833620
2833622
2833623
2833626
2833629
2833630
2833632
2833634
2833639
2833640
2833644
2833646
2833648
2833649
2833650
2833653
2833654
2833657
2833659
2833660
2833665
2833668
2833669
2833670
2833672
2833673
2833676
2833678
2833679
2833682
2833683
2833685
2833688
2833690
2833693
2833694
2833697
2833698
2833703
2833708
2833709
2833711
2833712
2833715
2833716
2833719
2833732
2833733
2833735
2833738
2833743
2833744
2833750
2833752
2833753
2833754
2833756
2833757
2833763
2833765
2833766
2833767
2833771
2833778
2833786
2833793
2833801
2833805
2833806
2833812
2833814
2833817
2833819
2833820
2833822
2833823
2833825
2833833
2833834
2833835
2833836
2833837
2833840
2833841
2833842
2833843
2833847
2833849
2833851
2833858
2833862
2833863
2833875
2833876
2833877
2833879
2833881
2833882
2833889
2833890
2833892
2833893
2833896
2833897
2833904
2833906
2833908
2833915
2833924
2833929
2833930
2833931
2833933
2833934
2833935
2833939
2833941
2833942
2833951
2833953
2833954
2833955
2833957
2833963
2833964
2833965
2833966
2833967
2833970
2833973
2833974
2833978
2833979
2833982
2833983
2833984
2833986
2833987
2833990
2833991
2833995
2833999
2834002
2834008
2834010
2834014
2834015
2834016
2834017
2834020
2834021
2834022
2834023
2834025
2834036
2834037
2834038
2834042
2834043
2834046
2834050
2834052
2834054
2834055
2834056
2834063
2834064
2834065
2834069
2834070
2834075
2834078
2834079
2834080
2834081
2834083
2834091
2834094
2834099
2834103
2834114
2834115
2834117
2834120
2834121
2834122
2834123
2834124
2834125
2834127
2834134
2834135
2834137
2834138
2834147
2834148
2834149
2834151
2834158
2834159
2834165
2834168
2834170
2834171
2834172
2834175
2834179
2834180
2834183
2834184
2834185
2834186
2834190
2834191
2834193
2834201
2834202
2834203
2834204
2834205
2834206
2834207
2834208
2834209
2834212
2834213
2834214
2834215
2834219
2834224
2834225
2834226
2834228
2834229
2834234
2834235
2834237
2834242
2834244
2834245
2834246
2834248
2834252
2834259
2834260
2834261
2834262
2834263
2834265
2834267
2834269
2834274
2834276
2834278
2834279
2834280
2834282
2834286
2834287
2834288
2834290
2834291
2834292
2834294
2834295
2834299
2834301
2834306
2834307
2834308
2834311
2834313
2834316
2834321
2834322
2834323
2834325
2834327
2834328
2834329
2834331
2834332
2834334
2834335
2834338
2834339
2834340
2834346
2834349
2834350
2834353
2834355
2834357
2834360
2834361
2834365
2834373
2834374
2834375
2834376
2834381
2834382
2834383
2834385
2834388
2834389
2834395
2834396
2834397
2834398
2834401
2834402
2834404
2834405
2834406
2834407
2834409
2834410
2834416
2834417
2834418
2834419
2834421
2834423
2834424
2834427
2834428
2834431
2834434
2834435
2834436
2834439
2834441
2834442
2834443
2834448
2834450
2834453
2834454
2834455
2834458
2834459
2834460
2834471
2834472
2834480
2834483
2834485
2834486
2834488
2834490
2834493
2834494
2834499
2834500
2834503
2834506
2834513
2834517
2834518
2834522
2834523
2834524
2834525
2834526
2834527
2834530
2834534
2834541
2834542
2834543
2834546
2834549
2834551
2834556
2834557
2834559
2834560
2834561
2834566
2834574
2834577
2834580
2834581
2834583
2834584
2834587
2834588
2834589
2834592
2834597
2834598
2834604
2834605
2834608
2834610
2834611
2834618
2834619
2834622
2834623
2834624
2834625
2834628
2834633
2834634
2834635
2834636
2834637
2834641
2834642
2834646
2834651
2834652
2834653
2834656
2834660
2834661
2834665
2834667
2834674
2834676
2834678
2834679
2834685
2834688
2834690
2834691
2834692
2834694
2834697
2834698
2834707
2834708
2834709
2834710
2834714
2834716
2834717
2834720
2834721
2834725
2834728
2834729
2834731
2834739
2834741
2834743
2834747
2834749
2834755
2834758
2834760
2834763
2834764
2834766
2834770
2834777
2834778
2834779
2834780
2834781
2834785
2834791
2834792
2834795
2834796
2834797
2834801
2834803
2834804
2834805
2834806
2834807
2834812
2834813
2834819
2834820
2834821
2834822
2834823
2834824
2834826
2834829
2834833
2834836
2834837
2834841
2834843
2834844
2834845
2834847
2834849
2834853
2834855
2834856
2834857
2834858
2834861
2834862
2834864
2834868
2834869
2834870
2834878
2834890
2834891
2834894
2834895
2834900
2834901
2834903
2834907
2834908
2834909
2834910
2834914
2834915
2834920
2834922
2834925
2834927
2834928
2834932
2834935
2834936
2834938
2834940
2834941
2834945
2834946
2834959
2834961
2834962
2834966
2834967
2834968
2834970
2834971
2834972
2834973
2834974
2834975
2834976
2834978
2834980
2834982
2834984
2834985
2834986
2834987
2834993
2834994
2834995
2834999
2835000
2835001
2835003
2835005
2835006
2835008
2835010
2835014
2835015
2835025
2835026
2835027
2835028
2835031
2835032
2835034
2835037
2835043
2835045
2835047
2835048
2835050
2835052
2835053
2835055
2835058
2835059
2835060
2835064
2835066
2835069
2835071
2835075
2835081
2835083
2835084
2835086
2835088
2835090
2835091
2835093
2835095
2835096
2835099
2835100
2835103
2835105
2835106
2835110
2835120
2835121
2835123
2835128
2835130
2835131
2835132
2835133
2835136
2835138
2835139
2835140
2835142
2835147
2835148
2835149
2835158
2835160
2835164
2835168
2835169
2835170
2835171
2835173
2835175
2835177
2835178
2835181
2835183
2835184
2835187
2835188
2835191
2835193
2835194
2835195
2835199
2835204
2835205
2835209
2835210
2835212
2835217
2835226
2835228
2835232
2835233
2835234
2835236
2835241
2835242
2835248
2835249
2835254
2835255
2835256
2835257
2835261
2835268
2835272
2835274
2835285
2835287
2835288
2835289
2835291
2835292
2835293
2835294
2835295
2835297
2835298
2835301
2835302
2835305
2835306
2835307
2835308
2835309
2835310
2835311
2835314
2835315
2835316
2835318
2835319
2835320
2835327
2835328
2835332
2835333
2835335
2835336
2835338
2835341
2835352
2835355
2835358
2835360
2835361
2835363
2835370
2835374
2835379
2835380
2835385
2835390
2835392
2835396
2835399
2835402
2835404
2835408
2835409
2835415
2835417
2835418
2835419
2835422
2835423
2835424
2835427
2835431
2835432
2835433
2835435
2835436
2835438
2835440
2835444
2835447
2835448
2835449
2835451
2835454
2835455
2835457
2835469
2835473
2835475
2835478
2835480
2835482
2835483
2835485
2835490
2835492
2835493
2835496
2835498
2835500
2835501
2835504
2835508
2835511
2835514
2835517
2835521
2835530
2835532
2835536
2835538
2835539
2835540
2835541
2835542
2835544
2835545
2835546
2835554
2835559
2835562
2835564
2835569
2835570
2835575
2835577
2835578
2835584
2835585
2835587
2835588
2835590
2835592
2835594
2835596
2835600
2835601
2835605
2835609
2835610
2835611
2835616
2835620
2835621
2835623
2835624
2835625
2835631
2835632
2835633
2835637
2835639
2835642
2835644
2835647
2835648
2835653
2835659
2835664
2835668
2835669
2835671
2835676
2835677
2835683
2835685
2835686
2835688
2835689
2835692
2835694
2835695
2835697
2835698
2835705
2835707
2835709
2835712
2835713
2835714
2835720
2835721
2835723
2835726
2835727
2835734
2835735
2835737
2835742
2835744
2835746
2835749
2835753
2835757
2835759
2835761
2835762
2835763
2835764
2835765
2835766
2835767
2835768
2835775
2835778
2835779
2835781
2835782
2835785
2835786
2835787
2835788
2835789
2835790
2835791
2835794
2835795
2835797
2835806
2835808
2835809
2835811
2835812
2835813
2835817
2835821
2835827
2835829
2835830
2835831
2835832
2835833
2835836
2835840
2835843
2835844
2835850
2835851
2835859
2835864
2835868
2835871
2835872
2835873
2835875
2835877
2835879
2835882
2835883
2835885
2835887
2835889
2835891
2835893
2835894
2835895
2835896
2835899
2835901
2835902
2835903
2835905
2835906
2835913
2835916
2835922
2835923
2835924
2835925
2835928
2835936
2835938
2835940
2835948
2835949
2835953
2835954
2835955
2835957
2835960
2835965
2835968
2835969
2835972
2835974
2835975
2835976
2835977
2835978
2835980
2835981
2835983
2835984
2835985
2835986
2835988
2835999
2836000
2836002
2836004
2836005
2836007
2836010
2836012
2836016
2836018
2836019
2836020
2836021
2836022
2836030
2836037
2836042
2836043
2836045
2836046
2836047
2836048
2836052
2836056
2836060
2836061
2836063
2836066
2836075
2836085
2836089
2836093
2836094
2836097
2836099
2836102
2836105
2836108
2836109
2836110
2836114
2836118
2836125
2836135
2836140
2836145
2836151
2836152
2836156
2836159
2836163
2836164
2836165
2836169
2836170
2836171
2836172
2836174
2836175
2836176
2836177
2836182
2836183
2836184
2836185
2836186
2836189
2836190
2836191
2836194
2836197
2836198
2836199
2836202
2836206
2836221
2836222
2836226
2836227
2836230
2836231
2836232
2836236
2836239
2836240
2836241
2836242
2836243
2836245
2836246
2836247
2836250
2836254
2836256
2836257
2836259
2836260
2836261
2836262
2836267
2836268
2836271
2836277
2836281
2836283
2836284
2836285
2836290
2836295
2836298
2836303
2836314
2836315
2836316
2836318
2836319
2836322
2836325
2836326
2836329
2836331
2836333
2836346
2836347
2836348
2836350
2836356
2836357
2836363
2836365
2836370
2836372
2836373
2836375
2836377
2836378
2836381
2836382
2836387
2836393
2836396
2836400
2836408
2836414
2836421
2836422
2836423
2836427
2836428
2836434
2836436
2836437
2836440
2836442
2836443
2836444
2836445
2836449
2836450
2836452
2836456
2836461
2836462
2836463
2836464
2836467
2836468
2836469
2836470
2836472
2836473
2836476
2836481
2836482
2836485
2836489
2836490
2836497
2836498
2836499
2836500
2836501
2836502
2836505
2836507
2836508
2836518
2836519
2836522
2836523
2836524
2836527
2836529
2836530
2836533
2836535
2836537
2836538
2836539
2836540
2836541
2836542
2836543
2836546
2836547
2836548
2836549
2836550
2836551
2836552
2836555
2836559
2836565
2836572
2836573
2836574
2836575
2836577
2836578
2836579
2836582
2836583
2836591
2836592
2836593
2836600
2836604
2836606
2836610
2836622
2836624
2836627
2836630
2836632
2836638
2836640
2836644
2836647
2836648
2836659
2836664
2836665
2836669
2836678
2836680
2836682
2836683
2836685
2836687
2836688
2836691
2836693
2836695
2836699
2836700
2836708
2836709
2836715
2836716
2836717
2836720
2836722
2836727
2836728
2836734
2836737
2836740
2836741
2836743
2836744
2836748
2836749
2836750
2836751
2836754
2836756
2836758
2836768
2836769
2836775
2836777
2836778
2836779
2836780
2836782
2836783
2836786
2836789
2836791
2836792
2836793
2836803
2836811
2836816
2836819
2836823
2836826
2836827
2836829
2836835
2836836
2836837
2836840
2836841
2836842
2836843
2836845
2836846
2836857
2836858
2836861
2836862
2836864
2836869
2836875
2836878
2836881
2836884
2836885
2836891
2836894
2836895
2836897
2836898
2836900
2836901
2836908
2836917
2836918
2836921
2836922
2836923
2836925
2836926
2836927
2836929
2836930
2836931
2836935
2836937
2836939
2836940
2836941
2836944
2836950
2836953
2836956
2836957
2836959
2836962
2836963
2836968
2836969
2836978
2836984
2836994
2836999
2837002
2837005
2837007
2837012
2837013
2837014
2837017
2837018
2837023
2837028
2837032
2837037
2837046
2837047
2837048
2837051
2837055
2837056
2837059
2837061
2837063
2837064
2837067
2837068
2837069
2837076
2837078
2837083
2837086
2837092
2837096
2837097
2837102
2837103
2837113
2837123
2837129
2837132
2837135
2837136
2837139
2837141
2837146
2837149
2837150
2837153
2837154
2837155
2837162
2837163
2837164
2837168
2837170
2837172
2837175
2837179
2837181
2837182
2837185
2837190
2837192
2837194
2837196
2837197
2837198
2837202
2837206
2837208
2837209
2837212
2837216
2837219
2837221
2837223
2837239
2837240
2837242
2837247
2837253
2837258
2837260
2837262
2837263
2837269
2837287
2837292
2837294
2837295
2837296
2837300
2837303
2837308
2837312
2837314
2837320
2837321
2837327
2837331
2837332
2837335
2837341
2837343
2837345
2837346
2837348
2837350
2837351
2837354
2837355
2837358
2837366
2837368
2837370
2837373
2837374
2837376
2837379
2837387
2837388
2837395
2837403
2837407
2837409
2837412
2837414
2837416
2837417
2837419
2837426
2837427
2837430
2837431
2837432
2837433
2837434
2837435
2837436
2837437
2837439
2837440
2837441
2837442
2837443
2837444
2837446
2837450
2837454
2837455
2837457
2837458
2837460
2837461
2837464
2837468
2837469
2837477
2837478
2837479
2837485
2837486
2837488
2837489
2837491
2837492
2837493
2837500
2837501
2837504
2837506
2837507
2837509
2837510
2837511
2837515
2837518
2837519
2837521
2837522
2837526
2837527
2837528
2837529
2837531
2837534
2837535
2837543
2837544
2837546
2837547
2837550
2837554
2837557
2837565
2837567
2837569
2837570
2837573
2837574
2837575
2837579
2837580
2837581
2837582
2837584
2837586
2837594
2837595
2837596
2837601
2837602
2837604
2837605
2837606
2837608
2837609
2837610
2837612
2837616
2837617
2837621
2837628
2837630
2837631
2837635
2837638
2837639
2837640
2837641
2837646
2837647
2837652
2837655
2837659
2837660
2837662
2837663
2837668
2837674
2837676
2837677
2837678
2837679
2837687
2837691
2837692
2837697
2837699
2837703
2837709
2837718
2837721
2837722
2837724
2837725
2837727
2837729
2837733
2837737
2837746
2837756
2837758
2837760
2837761
2837762
2837768
2837769
2837771
2837773
2837778
2837782
2837783
2837785
2837793
2837796
2837799
2837800
2837801
2837812
2837813
2837817
2837818
2837821
2837822
2837825
2837826
2837828
2837844
2837846
2837847
2837852
2837854
2837858
2837859
2837860
2837864
2837866
2837867
2837868
2837879
2837881
2837888
2837895
2837897
2837899
2837900
2837901
2837904
2837909
2837916
2837917
2837918
2837927
2837933
2837935
2837944
2837952
2837960
2837962
2837963
2837965
2837967
2837968
2837972
2837973
2837974
2837975
2837976
2837978
2837983
2837985
2837990
2837991
2837993
2837994
2837995
2837996
2837998
2837999
2838005
2838007
2838009
2838010
2838013
2838014
2838017
2838018
2838019
2838020
2838023
2838024
2838025
2838030
2838035
2838036
2838046
2838047
2838048
2838052
2838058
2838059
2838063
2838066
2838073
2838077
2838078
2838081
2838082
2838083
2838087
2838088
2838091
2838092
2838094
2838098
2838099
2838100
2838102
2838110
2838115
2838129
2838133
2838136
2838137
2838139
2838144
2838145
2838147
2838152
2838154
2838156
2838159
2838162
2838165
2838166
2838167
2838168
2838171
2838173
2838186
2838187
2838188
2838194
2838196
2838198
2838200
2838215
2838220
2838225
2838230
2838238
2838246
2838247
2838248
2838249
2838254
2838264
2838267
2838268
2838270
2838274
2838276
2838277
2838279
2838283
2838285
2838288
2838292
2838293
2838298
2838304
2838305
2838309
2838315
2838316
2838322
2838323
2838325
2838327
2838329
2838331
2838335
2838336
2838337
2838338
2838340
2838342
2838347
2838352
2838353
2838354
2838355
2838356
2838357
2838358
2838359
2838360
2838361
2838362
2838363
2838364
2838366
2838369
2838373
2838374
2838375
2838376
2838377
2838378
2838379
2838381
2838383
2838384
2838385
2838386
2838388
2838389
2838390
2838391
2838392
2838395
2838396
2838397
2838398
2838399
2838400
2838402
2838406
2838408
2838410
2838417
2838418
2838420
2838421
2838423
2838426
2838427
2838428
2838430
2838431
2838433
2838435
2838438
2838439
2838441
2838452
2838453
2838454
2838458
2838459
2838460
2838461
2838463
2838467
2838474
2838478
2838482
2838484
2838485
2838487
2838489
2838491
2838495
2838496
2838498
2838503
2838504
2838505
2838507
2838511
2838512
2838516
2838518
2838519
2838520
2838523
2838533
2838544
2838547
2838555
2838557
2838563
2838567
2838572
2838573
2838579
2838587
2838590
2838596
2838597
2838599
2838602
2838603
2838606
2838607
2838608
2838610
2838619
2838623
2838626
2838633
2838634
2838637
2838638
2838639
2838642
2838644
2838647
2838649
2838651
2838653
2838656
2838657
2838658
2838662
2838663
2838667
2838668
2838674
2838676
2838680
2838686
2838690
2838692
2838693
2838699
2838708
2838711
2838714
2838715
2838719
2838723
2838724
2838726
2838735
2838740
2838741
2838744
2838745
2838746
2838748
2838762
2838772
2838774
2838777
2838784
2838785
2838790
2838792
2838793
2838797
2838809
2838810
2838812
2838814
2838818
2838821
2838825
2838826
2838827
2838830
2838832
2838837
2838845
2838848
2838850
2838852
2838853
2838854
2838855
2838856
2838857
2838861
2838866
2838869
2838875
2838878
2838883
2838889
2838890
2838893
2838897
2838899
2838901
2838902
2838905
2838906
2838907
2838915
2838917
2838920
2838921
2838926
2838928
2838929
2838930
2838933
2838937
2838938
2838940
2838942
2838943
2838944
2838949
2838950
2838952
2838955
2838957
2838962
2838964
2838967
2838971
2838973
2838974
2838975
2838977
2838980
2838981
2838988
2838991
2838992
2839000
2839003
2839007
2839021
2839022
2839023
2839030
2839032
2839034
2839035
2839037
2839038
2839042
2839046
2839051
2839052
2839057
2839058
2839059
2839060
2839061
2839062
2839063
2839066
2839068
2839070
2839074
2839077
2839079
2839087
2839093
2839098
2839099
2839103
2839104
2839105
2839106
2839109
2839110
2839113
2839114
2839126
2839128
2839129
2839130
2839131
2839136
2839139
2839141
2839142
2839144
2839156
2839164
2839165
2839171
2839173
2839185
2839186
2839188
2839189
2839192
2839197
2839198
2839202
2839203
2839205
2839212
2839213
2839218
2839220
2839225
2839227
2839231
2839233
2839235
2839239
2839240
2839242
2839246
2839247
2839248
2839249
2839250
2839252
2839253
2839254
2839257
2839263
2839270
2839278
2839280
2839285
2839286
2839287
2839297
2839301
2839303
2839305
2839306
2839307
2839312
2839313
2839315
2839322
2839324
2839325
2839326
2839327
2839329
2839331
2839336
2839339
2839350
2839351
2839353
2839355
2839358
2839360
2839361
2839365
2839368
2839369
2839376
2839382
2839384
2839385
2839386
2839395
2839399
2839400
2839403
2839409
2839410
2839413
2839417
2839421
2839422
2839423
2839424
2839426
2839428
2839431
2839433
2839443
2839447
2839450
2839453
2839455
2839456
2839459
2839460
2839462
2839463
2839464
2839466
2839471
2839472
2839473
2839475
2839477
2839478
2839483
2839484
2839485
2839490
2839491
2839503
2839504
2839509
2839510
2839520
2839521
2839522
2839523
2839525
2839532
2839537
2839545
2839546
2839547
2839555
2839559
2839560
2839563
2839564
2839565
2839566
2839569
2839581
2839584
2839585
2839591
2839592
2839593
2839601
2839602
2839605
2839609
2839610
2839612
2839613
2839614
2839617
2839626
2839627
2839628
2839630
2839631
2839640
2839644
2839645
2839646
2839653
2839654
2839655
2839659
2839660
2839662
2839665
2839667
2839673
2839675
2839677
2839680
2839681
2839684
2839691
2839693
2839694
2839700
2839702
2839704
2839708
2839711
2839713
2839719
2839729
2839730
2839739
2839740
2839744
2839751
2839752
2839754
2839755
2839757
2839760
2839766
2839768
2839769
2839770
2839773
2839777
2839780
2839783
2839789
2839790
2839791
2839794
2839799
2839807
2839809
2839813
2839814
2839816
2839817
2839819
2839821
2839822
2839829
2839835
2839836
2839837
2839845
2839846
2839847
2839850
2839851
2839852
2839861
2839862
2839879
2839880
2839881
2839882
2839884
2839885
2839887
2839888
2839889
2839891
2839895
2839899
2839903
2839904
2839907
2839908
2839909
2839911
2839914
2839915
2839918
2839929
2839930
2839931
2839933
2839937
2839938
2839939
2839940
2839942
2839943
2839944
2839946
2839947
2839956
2839961
2839963
2839973
2839974
2839975
2839980
2839987
2839988
2839989
2839990
2839991
2839992
2839993
2839995
2839998
2839999
2840000
2840001
2840002
2840003
2840005
2840007
2840008
2840009
2840010
2840011
2840012
2840014
2840017
2840019
2840021
2840022
2840023
2840034
2840040
2840043
2840045
2840048
2840050
2840051
2840052
2840053
2840058
2840059
2840061
2840062
2840066
2840068
2840069
2840072
2840075
2840076
2840077
2840078
2840079
2840085
2840086
2840094
2840095
2840096
2840097
2840100
2840101
2840105
2840107
2840108
2840109
2840114
2840116
2840119
2840120
2840121
2840122
2840124
2840125
2840129
2840132
2840135
2840136
2840137
2840138
2840143
2840157
2840160
2840168
2840169
2840170
2840172
2840177
2840178
2840181
2840183
2840189
2840190
2840192
2840198
2840199
2840205
2840207
2840215
2840216
2840217
2840221
2840225
2840228
2840234
2840235
2840236
2840245
2840247
2840249
2840250
2840251
2840254
2840255
2840256
2840257
2840265
2840266
2840269
2840270
2840272
2840273
2840276
2840277
2840279
2840281
2840283
2840284
2840285
2840287
2840295
2840297
2840299
2840301
2840302
2840304
2840305
2840306
2840307
2840311
2840312
2840316
2840317
2840326
2840327
2840328
2840330
2840333
2840334
2840335
2840344
2840346
2840355
2840356
2840358
2840365
2840369
2840370
2840374
2840375
2840376
2840378
2840386
2840387
2840388
2840389
2840391
2840396
2840398
2840400
2840401
2840404
2840406
2840407
2840408
2840410
2840414
2840415
2840417
2840419
2840426
2840430
2840433
2840435
2840441
2840446
2840447
2840450
2840451
2840453
2840454
2840455
2840465
2840466
2840467
2840468
2840469
2840470
2840475
2840476
2840477
2840478
2840479
2840480
2840482
2840483
2840485
2840487
2840488
2840494
2840498
2840501
2840502
2840508
2840511
2840514
2840517
2840525
2840526
2840527
2840531
2840532
2840552
2840556
2840562
2840563
2840564
2840565
2840569
2840570
2840571
2840574
2840583
2840584
2840585
2840586
2840587
2840589
2840590
2840593
2840597
2840598
2840601
2840612
2840613
2840616
2840622
2840626
2840629
2840634
2840636
2840637
2840644
2840645
2840649
2840654
2840655
2840656
2840662
2840666
2840667
2840668
2840669
2840671
2840672
2840674
2840676
2840679
2840680
2840681
2840689
2840704
2840707
2840709
2840710
2840716
2840717
2840719
2840724
2840725
2840726
2840729
2840730
2840734
2840739
2840740
2840744
2840748
2840749
2840754
2840759
2840763
2840764
2840770
2840772
2840778
2840780
2840783
2840784
2840787
2840788
2840792
2840795
2840800
2840807
2840808
2840809
2840811
2840814
2840816
2840818
2840820
2840823
2840827
2840831
2840833
2840834
2840835
2840839
2840841
2840842
2840843
2840844
2840848
2840849
2840850
2840851
2840852
2840853
2840854
2840859
2840863
2840864
2840868
2840869
2840870
2840871
2840873
2840874
2840875
2840892
2840893
2840896
2840897
2840898
2840899
2840900
2840901
2840902
2840904
2840905
2840911
2840916
2840917
2840918
2840919
2840921
2840922
2840923
2840925
2840927
2840931
2840932
2840933
2840935
2840938
2840939
2840940
2840941
2840942
2840947
2840959
2840960
2840965
2840966
2840969
2840970
2840974
2840975
2840976
2840978
2840979
2840980
2840981
2840983
2840984
2840985
2840986
2840988
2840993
2841000
2841008
2841019
2841022
2841025
2841026
2841028
2841031
2841036
2841038
2841042
2841043
2841049
2841055
2841056
2841061
2841063
2841066
2841067
2841069
2841071
2841073
2841082
2841091
2841099
2841101
2841102
2841104
2841108
2841112
2841117
2841118
2841119
2841120
2841126
2841129
2841130
2841133
2841134
2841139
2841144
2841145
2841146
2841153
2841159
2841161
2841165
2841170
2841171
2841174
2841175
2841179
2841188
2841190
2841192
2841195
2841202
2841208
2841212
2841216
2841220
2841221
2841238
2841239
2841241
2841244
2841246
2841249
2841250
2841251
2841254
2841260
2841261
2841263
2841274
2841275
2841276
2841279
2841280
2841295
2841301
2841304
2841307
2841308
2841310
2841317
2841319
2841322
2841324
2841325
2841327
2841334
2841337
2841338
2841341
2841342
2841345
2841348
2841349
2841358
2841373
2841374
2841375
2841377
2841379
2841380
2841382
2841383
2841388
2841389
2841391
2841393
2841394
2841395
2841396
2841402
2841406
2841410
2841414
2841416
2841418
2841419
2841420
2841424
2841427
2841434
2841435
2841443
2841448
2841449
2841451
2841453
2841454
2841455
2841458
2841463
2841467
2841468
2841469
2841470
2841478
2841480
2841481
2841483
2841490
2841491
2841492
2841501
2841507
2841509
2841512
2841514
2841517
2841519
2841524
2841529
2841530
2841532
2841533
2841535
2841536
2841539
2841541
2841542
2841543
2841552
2841553
2841561
2841564
2841565
2841568
2841570
2841571
2841576
2841585
2841587
2841590
2841597
2841598
2841604
2841607
2841615
2841616
2841623
2841626
2841627
2841628
2841632
2841634
2841641
2841648
2841649
2841650
2841653
2841658
2841659
2841664
2841666
2841671
2841677
2841680
2841681
2841683
2841684
2841686
2841687
2841688
2841699
2841701
2841706
2841707
2841708
2841710
2841711
2841718
2841720
2841727
2841729
2841738
2841739
2841745
2841747
2841749
2841752
2841753
2841755
2841759
2841760
2841761
2841763
2841765
2841767
2841776
2841786
2841787
2841792
2841794
2841796
2841798
2841799
2841801
2841802
2841804
2841806
2841808
2841809
2841813
2841816
2841819
2841824
2841825
2841826
2841830
2841831
2841833
2841836
2841839
2841841
2841842
2841843
2841844
2841845
2841846
2841847
2841850
2841854
2841858
2841859
2841865
2841870
2841871
2841874
2841875
2841879
2841880
2841889
2841891
2841892
2841895
2841906
2841908
2841909
2841911
2841912
2841913
2841918
2841921
2841922
2841923
2841928
2841929
2841930
2841931
2841934
2841940
2841944
2841945
2841946
2841949
2841952
2841953
2841957
2841958
2841961
2841967
2841969
2841973
2841978
2841979
2841983
2841984
2841985
2841986
2841988
2841989
2841992
2841993
2841996
2841999
2842003
2842008
2842013
2842016
2842025
2842027
2842032
2842041
2842042
2842043
2842045
2842048
2842049
2842050
2842051
2842052
2842054
2842057
2842060
2842065
2842072
2842073
2842077
2842082
2842083
2842086
2842093
2842094
2842098
2842099
2842106
2842108
2842112
2842114
2842116
2842117
2842118
2842120
2842121
2842122
2842125
2842127
2842129
2842140
2842142
2842148
2842152
2842155
2842160
2842163
2842165
2842167
2842171
2842178
2842184
2842188
2842189
2842196
2842198
2842199
2842200
2842201
2842207
2842208
2842209
2842210
2842212
2842215
2842218
2842220
2842222
2842229
2842231
2842236
2842249
2842255
2842258
2842261
2842265
2842267
2842270
2842272
2842275
2842278
2842280
2842282
2842285
2842291
2842293
2842296
2842297
2842301
2842303
2842305
2842309
2842313
2842316
2842318
2842319
2842320
2842322
2842324
2842326
2842330
2842333
2842335
2842338
2842339
2842342
2842343
2842344
2842349
2842350
2842351
2842353
2842362
2842365
2842368
2842371
2842375
2842380
2842385
2842394
2842395
2842403
2842408
2842409
2842410
2842411
2842412
2842418
2842424
2842425
2842426
2842427
2842429
2842430
2842432
2842440
2842441
2842444
2842446
2842447
2842449
2842450
2842451
2842452
2842464
2842465
2842472
2842474
2842480
2842486
2842487
2842488
2842491
2842492
2842494
2842495
2842497
2842498
2842503
2842504
2842505
2842507
2842509
2842511
2842517
2842518
2842519
2842530
2842536
2842537
2842538
2842542
2842545
2842547
2842550
2842554
2842560
2842561
2842563
2842564
2842567
2842579
2842581
2842584
2842587
2842589
2842590
2842593
2842594
2842617
2842627
2842630
2842632
2842634
2842637
2842638
2842643
2842651
2842654
2842656
2842657
2842658
2842659
2842663
2842665
2842669
2842670
2842685
2842697
2842701
2842702
2842704
2842706
2842709
2842714
2842716
2842726
2842730
2842733
2842742
2842746
2842753
2842760
2842763
2842775
2842777
2842778
2842784
2842785
2842793
2842794
2842799
2842801
2842808
2842810
2842811
2842819
2842820
2842821
2842824
2842827
2842830
2842840
2842841
2842849
2842852
2842856
2842857
2842861
2842865
2842871
2842873
2842876
2842878
2842884
2842889
2842895
2842896
2842899
2842908
2842912
2842913
2842915
2842916
2842921
2842923
2842925
2842929
2842935
2842937
2842938
2842939
2842940
2842955
2842960
2842964
2842969
2842972
2842977
2842985
2842987
2842988
2842989
2842990
2842991
2842996
2842998
2843002
2843003
2843005
2843009
2843023
2843024
2843025
2843026
2843036
2843038
2843040
2843041
2843043
2843046
2843047
2843048
2843049
2843050
2843051
2843054
2843058
2843062
2843065
2843079
2843080
2843081
2843083
2843095
2843096
2843099
2843100
2843105
2843108
2843110
2843113
2843116
2843121
2843122
2843123
2843137
2843143
2843144
2843151
2843152
2843158
2843164
2843166
2843170
2843174
2843182
2843185
2843187
2843196
2843198
2843204
2843206
2843208
2843210
2843211
2843212
2843213
2843214
2843215
2843216
2843217
2843219
2843220
2843221
2843227
2843229
2843230
2843232
2843235
2843239
2843243
2843245
2843249
2843253
2843256
2843258
2843259
2843265
2843267
2843268
2843269
2843271
2843272
2843274
2843276
2843282
2843284
2843288
2843292
2843293
2843297
2843298
2843299
2843300
2843303
2843304
2843305
2843306
2843308
2843312
2843314
2843315
2843316
2843318
2843320
2843322
2843323
2843328
2843329
2843330
2843331
2843335
2843339
2843352
2843354
2843355
2843357
2843359
2843361
2843363
2843366
2843368
2843369
2843370
2843373
2843375
2843376
2843378
2843379
2843383
2843384
2843385
2843386
2843387
2843388
2843390
2843393
2843398
2843401
2843404
2843405
2843406
2843409
2843410
2843411
2843414
2843416
2843418
2843422
2843426
2843427
2843428
2843430
2843431
2843432
2843433
2843434
2843435
2843436
2843437
2843438
2843439
2843440
2843441
2843442
2843443
2843444
2843445
2843446
2843447
2843448
2843450
2843451
2843452
2843454
2843455
2843456
2843457
2843459
2843460
2843462
2843463
2843464
2843465
2843466
2843468
2843470
2843471
2843472
2843473
2843474
2843475
2843476
2843477
2843478
2843479
2843480
2843481
2843483
2843486
2843488
2843489
2843493
2843495
2843498
2843499
2843501
2843502
2843503
2843504
2843507
2843508
2843509
2843510
2843511
2843513
2843514
2843517
2843518
2843519
2843520
2843521
2843522
2843523
2843524
2843526
2843528
2843529
2843537
2843538
2843540
2843543
2843544
2843548
2843549
2843550
2843558
2843559
2843560
2843563
2843566
2843569
2843575
2843580
2843583
2843587
2843588
2843589
2843590
2843595
2843597
2843598
2843600
2843602
2843604
2843606
2843607
2843610
2843611
2843613
2843614
2843615
2843616
2843617
2843620
2843622
2843625
2843628
2843629
2843631
2843636
2843639
2843642
2843644
2843646
2843650
2843652
2843662
2843664
2843665
2843666
2843667
2843668
2843671
2843674
2843678
2843685
2843689
2843696
2843700
2843701
2843705
2843706
2843707
2843709
2843711
2843712
2843713
2843715
2843717
2843727
2843730
2843735
2843736
2843737
2843743
2843746
2843748
2843753
2843756
2843757
2843760
2843762
2843764
2843766
2843769
2843775
2843778
2843779
2843781
2843782
2843784
2843797
2843798
2843800
2843806
2843809
2843811
2843812
2843814
2843815
2843819
2843820
2843821
2843822
2843825
2843826
2843827
2843829
2843830
2843831
2843832
2843833
2843840
2843841
2843842
2843843
2843844
2843845
2843846
2843849
2843859
2843862
2843863
2843866
2843868
2843871
2843872
2843874
2843875
2843882
2843888
2843889
2843898
2843899
2843911
2843914
2843920
2843921
2843927
2843931
2843932
2843933
2843942
2843944
2843947
2843956
2843962
2843965
2843975
2843977
2843978
2843981
2843982
2843983
2843985
2843986
2843987
2843990
2843991
2843999
2844002
2844003
2844004
2844006
2844018
2844020
2844021
2844028
2844032
2844033
2844035
2844036
2844037
2844040
2844048
2844051
2844053
2844054
2844055
2844059
2844060
2844062
2844063
2844065
2844066
2844071
2844072
2844075
2844077
2844078
2844083
2844084
2844085
2844086
2844088
2844090
2844092
2844097
2844102
2844103
2844104
2844105
2844111
2844114
2844115
2844116
2844122
2844123
2844124
2844125
2844136
2844140
2844141
2844145
2844150
2844151
2844157
2844158
2844159
2844161
2844164
2844171
2844174
2844178
2844184
2844185
2844190
2844191
2844197
2844199
2844201
2844202
2844205
2844206
2844207
2844218
2844223
2844224
2844228
2844232
2844236
2844242
2844247
2844251
2844253
2844254
2844263
2844266
2844267
2844268
2844270
2844271
2844272
2844275
2844276
2844278
2844284
2844286
2844287
2844291
2844294
2844295
2844301
2844302
2844303
2844306
2844311
2844316
2844318
2844324
2844325
2844333
2844335
2844337
2844345
2844352
2844357
2844360
2844367
2844378
2844379
2844384
2844385
2844386
2844396
2844401
2844402
2844403
2844407
2844413
2844421
2844423
2844428
2844433
2844434
2844437
2844439
2844441
2844445
2844448
2844453
2844454
2844458
2844464
2844468
2844470
2844471
2844478
2844479
2844480
2844488
2844492
2844493
2844497
2844498
2844499
2844504
2844505
2844511
2844513
2844516
2844517
2844518
2844520
2844522
2844531
2844532
2844536
2844539
2844541
2844547
2844551
2844552
2844553
2844555
2844563
2844568
2844577
2844578
2844579
2844586
2844590
2844602
2844603
2844604
2844606
2844609
2844610
2844612
2844613
2844615
2844620
2844621
2844622
2844623
2844624
2844625
2844628
2844635
2844636
2844637
2844640
2844641
2844646
2844647
2844662
2844666
2844667
2844668
2844673
2844674
2844675
2844676
2844677
2844678
2844680
2844686
2844687
2844689
2844694
2844696
2844699
2844701
2844704
2844706
2844716
2844718
2844727
2844729
2844730
2844731
2844732
2844736
2844741
2844742
2844747
2844757
2844760
2844761
2844762
2844764
2844766
2844777
2844780
2844785
2844795
2844796
2844797
2844799
2844800
2844803
2844812
2844816
2844819
2844822
2844823
2844829
2844832
2844833
2844834
2844838
2844842
2844843
2844849
2844852
2844855
2844857
2844859
2844860
2844862
2844863
2844865
2844875
2844876
2844878
2844880
2844882
2844884
2844888
2844889
2844891
2844895
2844897
2844900
2844901
2844904
2844908
2844909
2844910
2844911
2844912
2844915
2844917
2844918
2844921
2844924
2844926
2844928
2844936
2844937
2844939
2844940
2844942
2844946
2844948
2844952
2844954
2844956
2844961
2844962
2844971
2844980
2844982
2844983
2844985
2844989
2844994
2844998
2845005
2845006
2845008
2845010
2845011
2845013
2845016
2845018
2845023
2845024
2845028
2845030
2845035
2845036
2845039
2845045
2845047
2845050
2845051
2845052
2845054
2845055
2845057
2845058
2845060
2845064
2845065
2845069
2845071
2845076
2845079
2845081
2845085
2845088
2845091
2845094
2845095
2845096
2845099
2845103
2845104
2845117
2845119
2845120
2845122
2845123
2845127
2845129
2845130
2845131
2845133
2845135
2845138
2845140
2845141
2845142
2845144
2845145
2845152
2845153
2845154
2845159
2845160
2845161
2845169
2845171
2845172
2845173
2845174
2845175
2845176
2845177
2845181
2845185
2845187
2845189
2845194
2845196
2845200
2845201
2845202
2845204
2845205
2845207
2845210
2845215
2845218
2845219
2845221
2845222
2845224
2845225
2845226
2845227
2845228
2845229
2845235
2845236
2845237
2845238
2845239
2845241
2845246
2845247
2845248
2845249
2845254
2845255
2845261
2845262
2845267
2845269
2845271
2845272
2845278
2845284
2845285
2845296
2845301
2845307
2845315
2845317
2845335
2845338
2845339
2845344
2845347
2845348
2845351
2845352
2845354
2845355
2845356
2845359
2845361
2845364
2845368
2845370
2845372
2845373
2845375
2845377
2845379
2845381
2845389
2845390
2845392
2845393
2845395
2845396
2845399
2845400
2845403
2845405
2845410
2845416
2845421
2845422
2845424
2845425
2845426
2845428
2845431
2845433
2845438
2845445
2845449
2845450
2845453
2845455
2845457
2845458
2845459
2845464
2845467
2845470
2845474
2845482
2845483
2845486
2845488
2845491
2845500
2845501
2845503
2845506
2845507
2845510
2845514
2845516
2845519
2845520
2845523
2845525
2845526
2845527
2845532
2845540
2845541
2845546
2845548
2845549
2845553
2845556
2845557
2845563
2845565
2845571
2845572
2845573
2845576
2845584
2845585
2845590
2845594
2845598
2845600
2845603
2845604
2845606
2845614
2845616
2845617
2845619
2845621
2845625
2845626
2845630
2845632
2845644
2845645
2845650
2845651
2845652
2845654
2845656
2845659
2845662
2845672
2845677
2845680
2845684
2845685
2845688
2845693
2845697
2845701
2845702
2845703
2845705
2845708
2845710
2845714
2845717
2845723
2845727
2845728
2845731
2845732
2845735
2845736
2845746
2845747
2845751
2845755
2845759
2845760
2845767
2845770
2845777
2845783
2845784
2845785
2845786
2845788
2845792
2845796
2845797
2845798
2845802
2845803
2845804
2845807
2845811
2845812
2845813
2845814
2845815
2845819
2845820
2845822
2845824
2845827
2845829
2845830
2845831
2845838
2845839
2845841
2845845
2845846
2845849
2845853
2845855
2845856
2845858
2845861
2845874
2845875
2845876
2845881
2845882
2845892
2845896
2845897
2845901
2845902
2845904
2845907
2845908
2845911
2845912
2845916
2845922
2845923
2845929
2845933
2845937
2845941
2845943
2845944
2845945
2845947
2845956
2845958
2845959
2845972
2845973
2845975
2845976
2845980
2845981
2845985
2845988
2845989
2845991
2846001
2846007
2846009
2846016
2846017
2846019
2846020
2846030
2846031
2846034
2846036
2846040
2846042
2846045
2846046
2846048
2846051
2846052
2846053
2846056
2846058
2846061
2846062
2846063
2846068
2846069
2846080
2846081
2846083
2846085
2846086
2846087
2846088
2846091
2846092
2846093
2846095
2846096
2846097
2846098
2846102
2846113
2846114
2846115
2846118
2846120
2846123
2846124
2846126
2846129
2846130
2846131
2846142
2846144
2846147
2846148
2846154
2846156
2846157
2846163
2846164
2846165
2846167
2846173
2846174
2846181
2846184
2846185
2846187
2846190
2846193
2846196
2846203
2846204
2846205
2846206
2846212
2846223
2846225
2846228
2846229
2846230
2846232
2846234
2846240
2846241
2846242
2846245
2846248
2846249
2846252
2846256
2846257
2846258
2846264
2846266
2846267
2846276
2846278
2846280
2846281
2846283
2846289
2846290
2846291
2846292
2846294
2846300
2846302
2846303
2846305
2846306
2846310
2846315
2846316
2846318
2846319
2846321
2846322
2846327
2846335
2846338
2846340
2846342
2846348
2846349
2846363
2846365
2846371
2846376
2846379
2846386
2846389
2846393
2846396
2846397
2846400
2846401
2846402
2846403
2846406
2846410
2846411
2846412
2846413
2846415
2846421
2846428
2846430
2846439
2846442
2846444
2846450
2846453
2846455
2846462
2846472
2846473
2846476
2846477
2846490
2846491
2846492
2846495
2846496
2846500
2846501
2846502
2846503
2846504
2846505
2846506
2846507
2846508
2846513
2846517
2846518
2846529
2846530
2846531
2846532
2846533
2846535
2846536
2846538
2846539
2846544
2846545
2846546
2846547
2846548
2846551
2846557
2846558
2846562
2846567
2846570
2846573
2846575
2846578
2846580
2846583
2846584
2846587
2846588
2846596
2846597
2846599
2846601
2846602
2846604
2846606
2846607
2846609
2846610
2846611
2846612
2846613
2846614
2846616
2846619
2846623
2846624
2846626
2846629
2846630
2846631
2846632
2846633
2846634
2846636
2846637
2846638
2846640
2846641
2846643
2846644
2846648
2846650
2846653
2846658
2846661
2846665
2846675
2846682
2846683
2846685
2846686
2846687
2846688
2846691
2846694
2846697
2846700
2846707
2846712
2846713
2846715
2846718
2846722
2846725
2846733
2846735
2846738
2846739
2846740
2846741
2846743
2846744
2846745
2846748
2846750
2846751
2846752
2846753
2846760
2846761
2846762
2846763
2846764
2846772
2846780
2846781
2846782
2846792
2846796
2846797
2846798
2846800
2846808
2846809
2846813
2846818
2846821
2846822
2846826
2846827
2846828
2846829
2846831
2846834
2846835
2846837
2846838
2846839
2846840
2846843
2846845
2846847
2846848
2846855
2846858
2846860
2846861
2846862
2846864
2846866
2846867
2846868
2846869
2846870
2846871
2846872
2846873
2846875
2846877
2846879
2846884
2846887
2846888
2846889
2846890
2846891
2846892
2846896
2846900
2846901
2846903
2846904
2846906
2846909
2846910
2846911
2846912
2846916
2846921
2846925
2846928
2846930
2846943
2846948
2846950
2846951
2846954
2846961
2846963
2846964
2846969
2846971
2846972
2846974
2846985
2846986
2846988
2846991
2846996
2847004
2847005
2847006
2847007
2847008
2847009
2847011
2847012
2847013
2847017
2847026
2847028
2847039
2847044
2847050
2847056
2847059
2847060
2847074
2847084
2847086
2847087
2847088
2847092
2847096
2847099
2847104
2847115
2847118
2847120
2847125
2847132
2847140
2847141
2847142
2847150
2847152
2847161
2847164
2847166
2847171
2847173
2847175
2847178
2847181
2847183
2847184
2847185
2847195
2847197
2847198
2847202
2847203
2847205
2847207
2847208
2847209
2847211
2847212
2847214
2847216
2847219
2847221
2847222
2847223
2847226
2847229
2847232
2847244
2847248
2847251
2847253
2847256
2847259
2847263
2847270
2847271
2847274
2847276
2847277
2847281
2847282
2847283
2847285
2847286
2847291
2847292
2847293
2847294
2847296
2847298
2847300
2847304
2847305
2847308
2847309
2847310
2847312
2847316
2847318
2847320
2847321
2847323
2847324
2847325
2847329
2847331
2847335
2847338
2847339
2847340
2847341
2847343
2847344
2847347
2847348
2847350
2847351
2847355
2847356
2847359
2847365
2847373
2847374
2847377
2847380
2847383
2847384
2847385
2847387
2847389
2847393
2847403
2847408
2847413
2847419
2847420
2847425
2847426
2847427
2847428
2847430
2847431
2847435
2847437
2847439
2847452
2847453
2847454
2847457
2847463
2847466
2847467
2847472
2847474
2847475
2847476
2847484
2847490
2847491
2847495
2847496
2847501
2847506
2847507
2847510
2847516
2847519
2847520
2847522
2847523
2847524
2847525
2847528
2847529
2847531
2847533
2847537
2847544
2847545
2847549
2847550
2847551
2847553
2847554
2847555
2847556
2847558
2847559
2847561
2847567
2847569
2847570
2847572
2847573
2847574
2847576
2847580
2847583
2847584
2847585
2847586
2847587
2847590
2847591
2847592
2847593
2847598
2847602
2847610
2847612
2847613
2847614
2847615
2847616
2847617
2847622
2847623
2847628
2847629
2847630
2847631
2847634
2847635
2847636
2847637
2847638
2847640
2847642
2847643
2847644
2847648
2847650
2847651
2847652
2847654
2847656
2847657
2847660
2847661
2847662
2847667
2847672
2847674
2847681
2847685
2847687
2847688
2847689
2847690
2847691
2847692
2847696
2847697
2847702
2847705
2847707
2847708
2847711
2847712
2847713
2847714
2847715
2847717
2847720
2847726
2847727
2847729
2847731
2847734
2847735
2847736
2847737
2847746
2847751
2847754
2847766
2847767
2847770
2847778
2847779
2847783
2847784
2847786
2847788
2847793
2847795
2847798
2847801
2847802
2847806
2847809
2847811
2847812
2847814
2847820
2847830
2847831
2847835
2847840
2847841
2847842
2847843
2847844
2847851
2847852
2847856
2847858
2847859
2847861
2847865
2847867
2847868
2847877
2847880
2847881
2847882
2847886
2847888
2847889
2847890
2847891
2847895
2847898
2847900
2847902
2847903
2847904
2847906
2847910
2847912
2847913
2847921
2847922
2847924
2847926
2847928
2847929
2847930
2847931
2847932
2847933
2847934
2847935
2847936
2847938
2847940
2847943
2847944
2847945
2847946
2847947
2847951
2847952
2847955
2847958
2847964
2847966
2847976
2847977
2847979
2847980
2847981
2847989
2847991
2848006
2848007
2848011
2848012
2848014
2848018
2848021
2848024
2848028
2848029
2848032
2848033
2848034
2848035
2848037
2848042
2848045
2848046
2848047
2848049
2848051
2848058
2848060
2848061
2848068
2848069
2848076
2848079
2848080
2848084
2848085
2848089
2848090
2848095
2848096
2848099
2848100
2848101
2848104
2848105
2848107
2848108
2848109
2848117
2848120
2848125
2848129
2848130
2848131
2848132
2848133
2848134
2848136
2848137
2848141
2848143
2848144
2848145
2848148
2848150
2848151
2848152
2848154
2848155
2848158
2848160
2848161
2848163
2848164
2848168
2848169
2848172
2848173
2848175
2848176
2848178
2848184
2848186
2848190
2848191
2848198
2848201
2848204
2848205
2848206
2848207
2848208
2848209
2848211
2848218
2848221
2848222
2848223
2848224
2848227
2848228
2848231
2848232
2848233
2848234
2848235
2848236
2848238
2848240
2848242
2848244
2848245
2848246
2848250
2848251
2848254
2848260
2848261
2848263
2848265
2848266
2848271
2848273
2848275
2848278
2848279
2848280
2848286
2848287
2848293
2848295
2848298
2848300
2848302
2848304
2848306
2848308
2848309
2848314
2848316
2848321
2848323
2848324
2848326
2848328
2848333
2848334
2848338
2848339
2848340
2848341
2848342
2848345
2848348
2848355
2848358
2848360
2848363
2848364
2848369
2848370
2848373
2848376
2848377
2848385
2848395
2848398
2848404
2848411
2848414
2848416
2848420
2848427
2848428
2848432
2848436
2848437
2848444
2848448
2848449
2848450
2848453
2848454
2848458
2848461
2848463
2848465
2848466
2848467
2848471
2848472
2848475
2848477
2848485
2848496
2848498
2848501
2848503
2848507
2848508
2848510
2848514
2848520
2848527
2848531
2848541
2848546
2848550
2848556
2848560
2848565
2848566
2848568
2848569
2848571
2848577
2848579
2848581
2848589
2848590
2848591
2848592
2848595
2848596
2848597
2848598
2848599
2848600
2848601
2848609
2848610
2848616
2848625
2848626
2848627
2848629
2848630
2848633
2848636
2848637
2848638
2848640
2848641
2848642
2848645
2848649
2848652
2848655
2848660
2848663
2848673
2848674
2848676
2848678
2848683
2848684
2848685
2848690
2848693
2848695
2848697
2848698
2848700
2848704
2848705
2848709
2848712
2848713
2848714
2848716
2848718
2848720
2848721
2848724
2848726
2848733
2848740
2848743
2848744
2848748
2848751
2848756
2848757
2848758
2848760
2848762
2848764
2848765
2848768
2848771
2848772
2848775
2848778
2848781
2848787
2848788
2848789
2848790
2848791
2848792
2848798
2848799
2848801
2848802
2848803
2848805
2848808
2848810
2848812
2848813
2848814
2848817
2848818
2848819
2848822
2848823
2848826
2848827
2848829
2848830
2848832
2848833
2848835
2848836
2848837
2848838
2848839
2848842
2848844
2848845
2848846
2848848
2848851
2848852
2848854
2848856
2848857
2848861
2848862
2848864
2848865
2848868
2848869
2848870
2848872
2848873
2848874
2848877
2848878
2848880
2848881
2848882
2848883
2848885
2848887
2848888
2848889
2848890
2848893
2848895
2848898
2848899
2848900
2848901
2848904
2848913
2848914
2848915
2848916
2848917
2848918
2848921
2848925
2848926
2848927
2848929
2848931
2848932
2848933
2848934
2848935
2848940
2848942
2848943
2848945
2848946
2848949
2848950
2848952
2848953
2848954
2848956
2848957
2848958
2848959
2848960
2848964
2848965
2848967
2848973
2848974
2848976
2848978
2848979
2848980
2848981
2848982
2848983
2848984
2848985
2848986
2848989
2848995
2848996
2848997
2848999
2849002
2849004
2849006
2849010
2849011
2849013
2849014
2849015
2849016
2849017
2849018
2849021
2849022
2849023
2849024
2849028
2849029
2849030
2849031
2849036
2849040
2849042
2849045
2849046
2849047
2849048
2849050
2849051
2849052
2849054
2849055
2849058
2849059
2849060
2849062
2849063
2849064
2849066
2849067
2849069
2849070
2849072
2849073
2849075
2849076
2849077
2849078
2849079
2849080
2849083
2849084
2849085
2849086
2849088
2849090
2849091
2849092
2849095
2849097
2849109
2849111
2849112
2849113
2849114
2849115
2849116
2849117
2849124
2849125
2849127
2849128
2849129
2849132
2849133
2849136
2849137
2849139
2849140
2849141
2849143
2849144
2849146
2849147
2849148
2849149
2849150
2849151
2849152
2849154
2849155
2849156
2849158
2849159
2849160
2849163
2849165
2849167
2849168
2849169
2849171
2849172
2849173
2849174
2849175
2849176
2849177
2849179
2849180
2849181
2849183
2849185
2849186
2849187
2849188
2849192
2849194
2849195
2849196
2849198
2849202
2849203
2849204
2849209
2849210
2849211
2849212
2849213
2849214
2849220
2849221
2849222
2849224
2849225
2849226
2849227
2849228
2849232
2849233
2849235
2849237
2849239
2849241
2849242
2849243
2849245
2849246
2849249
2849250
2849251
2849252
2849253
2849255
2849256
2849261
2849263
2849264
2849266
2849268
2849270
2849272
2849276
2849277
2849281
2849282
2849283
2849284
2849285
2849287
2849289
2849295
2849296
2849300
2849302
2849303
2849310
2849311
2849315
2849316
2849317
2849318
2849319
2849324
2849327
2849328
2849334
2849336
2849341
2849344
2849345
2849346
2849348
2849351
2849356
2849359
2849360
2849362
2849363
2849365
2849366
2849368
2849370
2849371
2849376
2849377
2849379
2849381
2849382
2849384
2849386
2849387
2849390
2849391
2849392
2849393
2849394
2849395
2849397
2849398
2849402
2849404
2849408
2849409
2849410
2849413
2849416
2849417
2849425
2849429
2849430
2849432
2849433
2849434
2849435
2849436
2849439
2849440
2849441
2849442
2849443
2849445
2849446
2849449
2849450
2849452
2849453
2849454
2849456
2849457
2849458
2849462
2849466
2849467
2849468
2849473
2849474
2849475
2849478
2849479
2849480
2849481
2849482
2849487
2849488
2849489
2849490
2849491
2849492
2849493
2849496
2849503
2849507
2849508
2849511
2849514
2849516
2849517
2849518
2849520
2849521
2849525
2849527
2849528
2849529
2849530
2849532
2849534
2849535
2849539
2849540
2849542
2849544
2849545
2849548
2849549
2849551
2849553
2849559
2849560
2849564
2849566
2849567
2849569
2849571
2849572
2849574
2849575
2849577
2849579
2849580
2849583
2849587
2849588
2849590
2849591
2849592
2849594
2849595
2849597
2849598
2849599
2849600
2849601
2849604
2849605
2849606
2849609
2849610
2849611
2849612
2849615
2849616
2849622
2849623
2849624
2849626
2849627
2849628
2849630
2849631
2849632
2849636
2849642
2849643
2849644
2849647
2849648
2849649
2849652
2849655
2849658
2849659
2849660
2849665
2849668
2849671
2849676
2849677
2849679
2849680
2849681
2849682
2849683
2849685
2849686
2849687
2849690
2849693
2849694
2849695
2849696
2849698
2849702
2849704
2849708
2849709
2849711
2849712
2849714
2849716
2849717
2849719
2849723
2849729
2849731
2849732
2849733
2849737
2849739
2849743
2849744
2849745
2849752
2849753
2849759
2849762
2849763
2849776
2849785
2849788
2849790
2849792
2849797
2849799
2849801
2849802
2849804
2849807
2849810
2849815
2849817
2849818
2849821
2849822
2849823
2849825
2849826
2849829
2849830
2849831
2849833
2849839
2849840
2849845
2849847
2849851
2849859
2849860
2849861
2849864
2849865
2849867
2849870
2849877
2849878
2849879
2849882
2849884
2849886
2849887
2849890
2849891
2849892
2849897
2849901
2849902
2849903
2849907
2849911
2849920
2849922
2849923
2849925
2849926
2849927
2849928
2849930
2849935
2849936
2849938
2849940
2849941
2849948
2849949
2849951
2849956
2849957
2849962
2849964
2849968
2849975
2849976
2849977
2849980
2849981
2849982
2849983
2849985
2849987
2849996
2850010
2850014
2850015
2850016
2850017
2850018
2850021
2850022
2850030
2850033
2850034
2850037
2850038
2850043
2850044
2850045
2850046
2850047
2850050
2850054
2850058
2850059
2850061
2850063
2850075
2850082
2850088
2850089
2850092
2850093
2850095
2850099
2850106
2850110
2850113
2850116
2850117
2850119
2850121
2850123
2850134
2850135
2850136
2850138
2850139
2850141
2850143
2850144
2850146
2850147
2850149
2850150
2850154
2850155
2850159
2850160
2850164
2850166
2850167
2850171
2850174
2850175
2850179
2850184
2850187
2850188
2850191
2850192
2850193
2850195
2850198
2850201
2850203
2850206
2850207
2850208
2850209
2850210
2850211
2850212
2850213
2850216
2850217
2850221
2850223
2850224
2850225
2850227
2850228
2850230
2850231
2850232
2850236
2850237
2850238
2850244
2850245
2850248
2850249
2850252
2850262
2850264
2850265
2850271
2850274
2850275
2850280
2850284
2850290
2850293
2850298
2850299
2850301
2850302
2850303
2850305
2850307
2850308
2850314
2850316
2850320
2850321
2850323
2850324
2850325
2850328
2850332
2850335
2850336
2850343
2850349
2850350
2850351
2850357
2850358
2850364
2850365
2850367
2850368
2850371
2850373
2850374
2850380
2850392
2850396
2850398
2850399
2850403
2850404
2850409
2850417
2850420
2850421
2850424
2850431
2850433
2850437
2850438
2850439
2850447
2850449
2850454
2850455
2850456
2850458
2850462
2850468
2850471
2850481
2850482
2850483
2850486
2850488
2850490
2850491
2850497
2850504
2850509
2850512
2850516
2850517
2850522
2850525
2850526
2850531
2850532
2850533
2850538
2850540
2850550
2850553
2850554
2850560
2850564
2850566
2850567
2850572
2850573
2850575
2850576
2850579
2850580
2850581
2850583
2850587
2850588
2850599
2850601
2850610
2850614
2850621
2850622
2850624
2850625
2850626
2850629
2850630
2850632
2850634
2850640
2850641
2850650
2850651
2850652
2850653
2850654
2850656
2850657
2850658
2850659
2850660
2850665
2850669
2850670
2850671
2850672
2850675
2850677
2850678
2850686
2850687
2850689
2850690
2850696
2850703
2850705
2850707
2850709
2850711
2850714
2850715
2850716
2850718
2850719
2850723
2850725
2850731
2850734
2850736
2850740
2850741
2850750
2850752
2850755
2850756
2850757
2850758
2850759
2850761
2850762
2850765
2850766
2850774
2850776
2850778
2850780
2850783
2850784
2850785
2850786
2850789
2850790
2850791
2850792
2850793
2850794
2850795
2850797
2850801
2850805
2850806
2850809
2850811
2850812
2850814
2850818
2850821
2850822
2850823
2850824
2850825
2850826
2850829
2850830
2850831
2850834
2850835
2850839
2850841
2850842
2850843
2850845
2850846
2850848
2850849
2850853
2850856
2850859
2850860
2850861
2850863
2850867
2850870
2850871
2850875
2850878
2850884
2850885
2850888
2850892
2850893
2850894
2850895
2850898
2850899
2850906
2850913
2850915
2850917
2850919
2850922
2850923
2850928
2850929
2850931
2850933
2850935
2850937
2850939
2850941
2850942
2850945
2850949
2850950
2850954
2850958
2850961
2850962
2850971
2850972
2850975
2850980
2850981
2850982
2850983
2850984
2850986
2850987
2850989
2850992
2850993
2850998
2851001
2851002
2851003
2851006
2851010
2851011
2851013
2851014
2851016
2851021
2851025
2851027
2851030
2851032
2851033
2851034
2851036
2851038
2851040
2851043
2851045
2851049
2851054
2851057
2851058
2851059
2851061
2851066
2851070
2851072
2851073
2851074
2851076
2851086
2851089
2851092
2851094
2851095
2851096
2851097
2851098
2851104
2851105
2851108
2851111
2851112
2851113
2851114
2851115
2851116
2851124
2851133
2851136
2851140
2851141
2851147
2851149
2851154
2851155
2851156
2851158
2851159
2851161
2851162
2851164
2851165
2851169
2851171
2851173
2851176
2851181
2851182
2851183
2851185
2851187
2851188
2851189
2851190
2851193
2851195
2851196
2851200
2851203
2851204
2851210
2851211
2851217
2851222
2851227
2851228
2851231
2851232
2851235
2851236
2851239
2851240
2851245
2851246
2851251
2851252
2851253
2851256
2851260
2851265
2851266
2851267
2851269
2851270
2851271
2851273
2851274
2851277
2851279
2851280
2851282
2851288
2851289
2851290
2851293
2851295
2851296
2851297
2851298
2851299
2851300
2851302
2851306
2851308
2851313
2851314
2851324
2851327
2851331
2851336
2851337
2851340
2851342
2851344
2851345
2851346
2851349
2851352
2851353
2851358
2851364
2851366
2851368
2851372
2851374
2851375
2851376
2851379
2851381
2851383
2851385
2851388
2851389
2851390
2851395
2851397
2851398
2851399
2851400
2851403
2851406
2851409
2851410
2851413
2851414
2851422
2851430
2851437
2851440
2851443
2851450
2851451
2851461
2851463
2851468
2851472
2851474
2851481
2851486
2851487
2851490
2851491
2851496
2851500
2851504
2851506
2851508
2851517
2851521
2851524
2851529
2851530
2851531
2851533
2851535
2851536
2851539
2851541
2851543
2851547
2851548
2851552
2851555
2851556
2851557
2851559
2851561
2851563
2851565
2851566
2851574
2851577
2851584
2851586
2851588
2851590
2851592
2851593
2851595
2851597
2851599
2851601
2851604
2851607
2851609
2851612
2851613
2851615
2851618
2851623
2851628
2851629
2851631
2851636
2851637
2851643
2851644
2851645
2851650
2851651
2851652
2851653
2851657
2851659
2851662
2851668
2851669
2851670
2851672
2851673
2851681
2851682
2851684
2851687
2851688
2851690
2851692
2851695
2851696
2851698
2851699
2851701
2851702
2851703
2851705
2851706
2851707
2851708
2851712
2851713
2851714
2851715
2851718
2851719
2851721
2851737
2851739
2851743
2851746
2851748
2851754
2851759
2851761
2851763
2851766
2851767
2851769
2851770
2851780
2851782
2851783
2851786
2851790
2851792
2851796
2851797
2851800
2851804
2851805
2851806
2851810
2851815
2851819
2851838
2851849
2851850
2851852
2851853
2851854
2851857
2851859
2851860
2851861
2851863
2851864
2851865
2851866
2851870
2851872
2851877
2851879
2851882
2851886
2851889
2851890
2851892
2851894
2851895
2851896
2851897
2851898
2851900
2851906
2851907
2851909
2851910
2851911
2851912
2851913
2851914
2851915
2851916
2851918
2851921
2851922
2851925
2851926
2851928
2851929
2851930
2851933
2851935
2851939
2851940
2851946
2851948
2851949
2851951
2851952
2851953
2851954
2851960
2851965
2851966
2851968
2851973
2851974
2851975
2851977
2851978
2851979
2851980
2851981
2851982
2851985
2851988
2851989
2851992
2852001
2852002
2852003
2852004
2852005
2852006
2852007
2852008
2852009
2852014
2852020
2852023
2852029
2852030
2852032
2852033
2852037
2852038
2852040
2852041
2852044
2852046
2852048
2852050
2852054
2852055
2852059
2852064
2852066
2852067
2852070
2852086
2852094
2852098
2852102
2852106
2852107
2852108
2852109
2852110
2852112
2852114
2852117
2852118
2852119
2852122
2852124
2852129
2852130
2852133
2852134
2852136
2852137
2852140
2852141
2852144
2852145
2852146
2852147
2852150
2852154
2852156
2852161
2852162
2852163
2852164
2852165
2852168
2852170
2852171
2852172
2852173
2852174
2852176
2852185
2852186
2852190
2852192
2852193
2852194
2852196
2852197
2852202
2852203
2852206
2852209
2852210
2852211
2852213
2852217
2852219
2852220
2852222
2852223
2852224
2852225
2852228
2852233
2852237
2852238
2852240
2852242
2852248
2852249
2852255
2852256
2852257
2852258
2852262
2852265
2852272
2852274
2852275
2852276
2852278
2852280
2852281
2852283
2852287
2852289
2852290
2852291
2852292
2852293
2852294
2852296
2852300
2852302
2852304
2852305
2852311
2852313
2852314
2852317
2852328
2852332
2852333
2852339
2852341
2852342
2852343
2852344
2852348
2852349
2852354
2852355
2852359
2852364
2852366
2852373
2852378
2852380
2852382
2852383
2852384
2852385
2852388
2852390
2852396
2852400
2852404
2852405
2852406
2852410
2852412
2852417
2852428
2852430
2852432
2852438
2852442
2852443
2852445
2852448
2852451
2852453
2852455
2852460
2852466
2852467
2852470
2852474
2852476
2852482
2852483
2852484
2852486
2852487
2852488
2852494
2852495
2852497
2852498
2852499
2852500
2852501
2852520
2852522
2852525
2852526
2852536
2852537
2852540
2852544
2852549
2852550
2852552
2852557
2852559
2852560
2852561
2852572
2852574
2852577
2852579
2852584
2852590
2852591
2852604
2852609
2852626
2852629
2852638
2852639
2852640
2852642
2852644
2852654
2852660
2852661
2852664
2852665
2852672
2852678
2852679
2852690
2852692
2852694
2852696
2852699
2852708
2852712
2852713
2852716
2852717
2852724
2852726
2852728
2852729
2852730
2852732
2852740
2852746
2852749
2852758
2852760
2852761
2852764
2852765
2852768
2852769
2852776
2852780
2852788
2852797
2852799
2852800
2852807
2852809
2852810
2852812
2852815
2852816
2852817
2852820
2852821
2852824
2852826
2852827
2852829
2852833
2852835
2852837
2852843
2852844
2852850
2852851
2852852
2852861
2852862
2852864
2852867
2852868
2852869
2852872
2852873
2852876
2852879
2852881
2852885
2852886
2852891
2852895
2852898
2852899
2852900
2852907
2852908
2852910
2852911
2852912
2852913
2852914
2852916
2852919
2852920
2852921
2852922
2852924
2852925
2852926
2852928
2852931
2852932
2852936
2852939
2852947
2852948
2852950
2852952
2852954
2852957
2852962
2852965
2852967
2852970
2852971
2852972
2852973
2852975
2852979
2852980
2852983
2852985
2852989
2852990
2852992
2852993
2852994
2852995
2853001
2853002
2853005
2853006
2853008
2853009
2853011
2853015
2853021
2853026
2853027
2853035
2853038
2853039
2853043
2853047
2853057
2853060
2853067
2853069
2853071
2853073
2853074
2853075
2853083
2853087
2853088
2853090
2853091
2853092
2853095
2853099
2853104
2853105
2853106
2853108
2853110
2853113
2853114
2853118
2853123
2853127
2853130
2853136
2853138
2853139
2853140
2853142
2853144
2853146
2853150
2853153
2853155
2853157
2853158
2853159
2853163
2853164
2853165
2853176
2853177
2853178
2853190
2853192
2853193
2853195
2853196
2853201
2853203
2853207
2853210
2853213
2853218
2853220
2853222
2853223
2853226
2853230
2853231
2853239
2853244
2853247
2853248
2853251
2853253
2853254
2853257
2853258
2853259
2853262
2853263
2853264
2853270
2853277
2853278
2853279
2853282
2853283
2853285
2853291
2853295
2853296
2853297
2853298
2853299
2853301
2853303
2853307
2853309
2853310
2853317
2853318
2853319
2853320
2853321
2853322
2853324
2853326
2853335
2853348
2853353
2853355
2853356
2853357
2853358
2853363
2853365
2853372
2853373
2853374
2853376
2853377
2853383
2853388
2853391
2853395
2853396
2853397
2853398
2853404
2853408
2853409
2853411
2853417
2853418
2853425
2853429
2853433
2853434
2853435
2853436
2853440
2853443
2853449
2853451
2853454
2853456
2853464
2853465
2853466
2853467
2853470
2853472
2853473
2853477
2853481
2853484
2853485
2853490
2853495
2853500
2853505
2853508
2853510
2853512
2853513
2853514
2853520
2853522
2853524
2853529
2853531
2853533
2853534
2853537
2853538
2853541
2853542
2853545
2853550
2853554
2853561
2853562
2853567
2853568
2853574
2853579
2853580
2853581
2853590
2853591
2853594
2853597
2853598
2853600
2853603
2853604
2853607
2853609
2853621
2853624
2853627
2853628
2853629
2853630
2853636
2853646
2853652
2853653
2853655
2853656
2853658
2853659
2853661
2853662
2853663
2853665
2853666
2853667
2853673
2853674
2853675
2853677
2853678
2853681
2853684
2853686
2853687
2853690
2853695
2853696
2853698
2853699
2853705
2853708
2853715
2853719
2853726
2853727
2853735
2853738
2853740
2853742
2853745
2853746
2853754
2853757
2853758
2853762
2853763
2853765
2853774
2853776
2853777
2853778
2853779
2853782
2853784
2853785
2853796
2853798
2853801
2853804
2853806
2853807
2853809
2853810
2853814
2853815
2853816
2853817
2853818
2853821
2853823
2853824
2853832
2853835
2853836
2853838
2853843
2853848
2853850
2853853
2853859
2853863
2853869
2853870
2853873
2853877
2853878
2853879
2853886
2853888
2853895
2853898
2853901
2853902
2853905
2853906
2853907
2853910
2853911
2853912
2853914
2853916
2853919
2853922
2853924
2853926
2853927
2853930
2853931
2853932
2853938
2853939
2853941
2853944
2853945
2853948
2853961
2853963
2853965
2853968
2853970
2853977
2853978
2853979
2853983
2853988
2853989
2853991
2853993
2853995
2853996
2853998
2853999
2854002
2854012
2854013
2854014
2854018
2854020
2854021
2854027
2854029
2854034
2854036
2854038
2854041
2854042
2854043
2854046
2854047
2854054
2854055
2854058
2854059
2854065
2854067
2854069
2854071
2854073
2854076
2854078
2854080
2854084
2854085
2854086
2854088
2854089
2854090
2854092
2854095
2854096
2854100
2854101
2854102
2854109
2854114
2854117
2854123
2854124
2854128
2854134
2854146
2854147
2854148
2854149
2854152
2854158
2854162
2854163
2854169
2854172
2854174
2854176
2854177
2854180
2854181
2854182
2854185
2854192
2854198
2854199
2854203
2854204
2854205
2854209
2854212
2854214
2854216
2854218
2854219
2854221
2854226
2854227
2854229
2854230
2854241
2854244
2854245
2854251
2854252
2854254
2854258
2854261
2854262
2854265
2854266
2854267
2854270
2854271
2854284
2854286
2854287
2854298
2854300
2854304
2854311
2854315
2854316
2854319
2854320
2854323
2854326
2854327
2854329
2854330
2854334
2854335
2854340
2854341
2854346
2854348
2854352
2854353
2854355
2854362
2854363
2854365
2854366
2854368
2854372
2854373
2854374
2854375
2854380
2854382
2854383
2854384
2854385
2854390
2854397
2854406
2854409
2854410
2854412
2854414
2854415
2854417
2854419
2854430
2854433
2854437
2854441
2854443
2854446
2854448
2854451
2854455
2854456
2854460
2854464
2854466
2854467
2854472
2854477
2854484
2854486
2854488
2854490
2854492
2854493
2854501
2854502
2854503
2854504
2854509
2854510
2854513
2854514
2854515
2854516
2854518
2854520
2854521
2854522
2854524
2854525
2854527
2854530
2854531
2854536
2854538
2854539
2854540
2854543
2854558
2854562
2854565
2854573
2854581
2854582
2854583
2854584
2854586
2854587
2854589
2854590
2854591
2854595
2854597
2854598
2854604
2854606
2854613
2854614
2854617
2854618
2854619
2854620
2854623
2854624
2854632
2854634
2854635
2854636
2854637
2854647
2854649
2854653
2854654
2854655
2854660
2854661
2854664
2854671
2854673
2854676
2854677
2854680
2854681
2854682
2854683
2854686
2854688
2854689
2854691
2854693
2854694
2854695
2854699
2854702
2854704
2854708
2854710
2854712
2854715
2854719
2854720
2854721
2854724
2854725
2854726
2854728
2854730
2854732
2854733
2854735
2854740
2854742
2854743
2854746
2854751
2854752
2854754
2854755
2854756
2854757
2854758
2854763
2854765
2854766
2854768
2854769
2854777
2854778
2854780
2854781
2854785
2854787
2854788
2854793
2854797
2854802
2854803
2854806
2854808
2854809
2854811
2854813
2854814
2854816
2854819
2854821
2854822
2854823
2854826
2854827
2854829
2854830
2854831
2854832
2854833
2854836
2854837
2854839
2854840
2854842
2854843
2854844
2854847
2854848
2854850
2854851
2854852
2854855
2854856
2854857
2854859
2854861
2854862
2854867
2854869
2854874
2854880
2854886
2854887
2854888
2854889
2854891
2854896
2854900
2854901
2854903
2854906
2854913
2854915
2854917
2854921
2854923
2854929
2854935
2854942
2854947
2854948
2854952
2854953
2854955
2854957
2854959
2854960
2854961
2854962
2854975
2854981
2854982
2854986
2854989
2854991
2854992
2855001
2855003
2855005
2855008
2855009
2855010
2855014
2855017
2855020
2855025
2855026
2855029
2855031
2855033
2855034
2855037
2855040
2855042
2855044
2855045
2855046
2855048
2855052
2855053
2855054
2855055
2855065
2855066
2855067
2855068
2855070
2855071
2855072
2855074
2855076
2855078
2855079
2855080
2855082
2855084
2855086
2855087
2855095
2855096
2855099
2855100
2855103
2855106
2855107
2855108
2855115
2855116
2855117
2855122
2855123
2855128
2855131
2855133
2855134
2855135
2855136
2855144
2855145
2855147
2855151
2855160
2855162
2855166
2855167
2855170
2855173
2855177
2855179
2855185
2855189
2855190
2855195
2855205
2855217
2855218
2855220
2855222
2855224
2855226
2855227
2855229
2855230
2855243
2855247
2855249
2855250
2855252
2855254
2855257
2855258
2855260
2855266
2855267
2855268
2855271
2855272
2855273
2855274
2855277
2855282
2855285
2855287
2855288
2855290
2855291
2855294
2855295
2855297
2855299
2855300
2855301
2855302
2855305
2855307
2855308
2855310
2855312
2855314
2855316
2855318
2855323
2855324
2855325
2855327
2855328
2855330
2855331
2855336
2855337
2855338
2855340
2855341
2855342
2855350
2855351
2855352
2855353
2855354
2855355
2855359
2855362
2855363
2855368
2855372
2855377
2855378
2855379
2855383
2855387
2855388
2855390
2855393
2855394
2855401
2855402
2855403
2855404
2855406
2855408
2855410
2855412
2855413
2855415
2855417
2855420
2855424
2855429
2855434
2855435
2855436
2855439
2855440
2855441
2855442
2855444
2855447
2855448
2855449
2855450
2855456
2855457
2855463
2855464
2855465
2855470
2855471
2855472
2855473
2855474
2855475
2855476
2855479
2855484
2855485
2855486
2855487
2855491
2855494
2855498
2855499
2855506
2855508
2855509
2855510
2855511
2855518
2855519
2855521
2855524
2855529
2855531
2855532
2855534
2855535
2855541
2855545
2855546
2855554
2855555
2855557
2855558
2855560
2855561
2855562
2855563
2855564
2855565
2855566
2855569
2855571
2855573
2855575
2855576
2855581
2855582
2855583
2855584
2855585
2855587
2855588
2855589
2855591
2855592
2855593
2855594
2855598
2855600
2855607
2855608
2855611
2855612
2855614
2855618
2855621
2855622
2855623
2855624
2855625
2855631
2855634
2855637
2855638
2855639
2855640
2855641
2855643
2855644
2855647
2855648
2855651
2855661
2855663
2855664
2855666
2855669
2855672
2855673
2855681
2855685
2855686
2855688
2855689
2855690
2855691
2855692
2855696
2855697
2855698
2855699
2855700
2855701
2855704
2855707
2855711
2855712
2855713
2855714
2855717
2855719
2855720
2855723
2855727
2855729
2855730
2855731
2855732
2855734
2855737
2855738
2855741
2855742
2855744
2855745
2855746
2855747
2855748
2855749
2855757
2855763
2855766
2855773
2855774
2855779
2855784
2855787
2855790
2855791
2855792
2855793
2855795
2855796
2855798
2855799
2855804
2855805
2855813
2855814
2855816
2855822
2855823
2855827
2855830
2855833
2855835
2855836
2855840
2855842
2855843
2855848
2855849
2855852
2855853
2855854
2855856
2855860
2855861
2855862
2855866
2855867
2855869
2855873
2855874
2855875
2855879
2855881
2855882
2855883
2855884
2855885
2855888
2855892
2855899
2855902
2855903
2855905
2855906
2855907
2855908
2855909
2855911
2855912
2855913
2855914
2855915
2855916
2855917
2855920
2855921
2855924
2855925
2855927
2855929
2855930
2855931
2855932
2855933
2855938
2855941
2855942
2855944
2855945
2855946
2855948
2855951
2855954
2855955
2855957
2855958
2855959
2855963
2855964
2855965
2855966
2855967
2855968
2855970
2855973
2855975
2855976
2855977
2855978
2855980
2855983
2855986
2855987
2855989
2855990
2855991
2855995
2855996
2855997
2855999
2856000
2856001
2856004
2856009
2856011
2856012
2856014
2856019
2856023
2856024
2856026
2856027
2856028
2856029
2856030
2856031
2856032
2856036
2856038
2856042
2856044
2856046
2856049
2856051
2856052
2856057
2856058
2856059
2856060
2856061
2856065
2856066
2856070
2856071
2856072
2856074
2856075
2856077
2856078
2856080
2856082
2856083
2856085
2856088
2856089
2856090
2856092
2856093
2856094
2856099
2856100
2856103
2856109
2856110
2856121
2856123
2856126
2856136
2856137
2856139
2856143
2856144
2856145
2856146
2856148
2856151
2856153
2856155
2856157
2856158
2856159
2856160
2856163
2856164
2856166
2856172
2856174
2856175
2856176
2856178
2856179
2856180
2856182
2856183
2856188
2856191
2856194
2856195
2856197
2856200
2856203
2856205
2856206
2856207
2856208
2856209
2856216
2856218
2856219
2856220
2856221
2856222
2856223
2856228
2856230
2856238
2856244
2856247
2856251
2856252
2856253
2856254
2856256
2856258
2856260
2856261
2856265
2856266
2856269
2856271
2856273
2856274
2856275
2856276
2856278
2856279
2856282
2856284
2856287
2856288
2856290
2856297
2856298
2856299
2856303
2856305
2856307
2856308
2856310
2856312
2856313
2856314
2856316
2856320
2856321
2856322
2856325
2856336
2856337
2856346
2856347
2856348
2856364
2856366
2856367
2856368
2856375
2856377
2856379
2856380
2856381
2856382
2856383
2856384
2856387
2856390
2856393
2856394
2856398
2856399
2856401
2856403
2856404
2856407
2856414
2856416
2856417
2856418
2856421
2856426
2856429
2856432
2856434
2856437
2856438
2856442
2856446
2856448
2856450
2856453
2856470
2856472
2856473
2856477
2856479
2856482
2856483
2856485
2856494
2856495
2856496
2856498
2856501
2856502
2856505
2856511
2856514
2856515
2856517
2856518
2856519
2856520
2856521
2856523
2856526
2856527
2856528
2856532
2856534
2856538
2856541
2856545
2856546
2856550
2856551
2856555
2856562
2856563
2856567
2856570
2856573
2856576
2856579
2856580
2856582
2856583
2856590
2856592
2856595
2856596
2856608
2856609
2856610
2856614
2856616
2856617
2856619
2856621
2856624
2856625
2856626
2856627
2856628
2856629
2856631
2856632
2856634
2856638
2856640
2856645
2856649
2856651
2856652
2856653
2856655
2856658
2856663
2856666
2856669
2856671
2856677
2856678
2856682
2856687
2856692
2856693
2856694
2856695
2856700
2856705
2856708
2856709
2856710
2856712
2856713
2856716
2856718
2856719
2856721
2856724
2856725
2856726
2856728
2856730
2856731
2856732
2856736
2856737
2856738
2856741
2856742
2856743
2856747
2856748
2856749
2856752
2856756
2856757
2856760
2856765
2856770
2856771
2856772
2856775
2856776
2856777
2856779
2856781
2856782
2856783
2856786
2856791
2856796
2856801
2856803
2856804
2856805
2856806
2856810
2856811
2856813
2856816
2856821
2856822
2856823
2856827
2856828
2856830
2856834
2856835
2856837
2856838
2856840
2856849
2856851
2856852
2856853
2856854
2856859
2856861
2856864
2856866
2856867
2856869
2856870
2856876
2856878
2856880
2856883
2856884
2856886
2856887
2856888
2856891
2856892
2856893
2856896
2856902
2856903
2856904
2856907
2856908
2856909
2856910
2856911
2856919
2856920
2856922
2856931
2856934
2856940
2856942
2856943
2856948
2856951
2856956
2856967
2856975
2856984
2856986
2856988
2856991
2856997
2857004
2857009
2857017
2857018
2857019
2857021
2857022
2857023
2857028
2857031
2857034
2857041
2857042
2857043
2857044
2857046
2857048
2857050
2857053
2857055
2857056
2857058
2857059
2857063
2857064
2857065
2857067
2857068
2857075
2857076
2857078
2857081
2857085
2857086
2857088
2857089
2857090
2857095
2857100
2857111
2857114
2857116
2857122
2857126
2857135
2857143
2857145
2857150
2857152
2857154
2857155
2857156
2857159
2857162
2857165
2857166
2857167
2857170
2857171
2857172
2857178
2857179
2857180
2857181
2857182
2857183
2857187
2857189
2857190
2857193
2857194
2857195
2857196
2857198
2857203
2857206
2857208
2857209
2857210
2857212
2857214
2857216
2857217
2857218
2857219
2857220
2857222
2857229
2857232
2857233
2857235
2857236
2857237
2857238
2857245
2857246
2857247
2857250
2857252
2857254
2857255
2857259
2857260
2857262
2857270
2857274
2857277
2857278
2857283
2857291
2857310
2857313
2857314
2857319
2857323
2857332
2857337
2857339
2857343
2857345
2857347
2857348
2857351
2857352
2857354
2857359
2857360
2857361
2857362
2857366
2857367
2857370
2857371
2857374
2857381
2857383
2857384
2857390
2857391
2857402
2857403
2857404
2857405
2857408
2857409
2857414
2857418
2857421
2857422
2857428
2857437
2857442
2857447
2857449
2857450
2857454
2857456
2857457
2857459
2857460
2857465
2857466
2857468
2857469
2857472
2857473
2857477
2857478
2857479
2857485
2857486
2857497
2857498
2857500
2857502
2857503
2857504
2857505
2857508
2857512
2857513
2857522
2857525
2857528
2857529
2857530
2857532
2857542
2857544
2857545
2857546
2857548
2857549
2857556
2857557
2857565
2857568
2857570
2857571
2857583
2857588
2857589
2857590
2857592
2857597
2857605
2857606
2857607
2857608
2857609
2857615
2857616
2857618
2857619
2857623
2857624
2857627
2857629
2857631
2857635
2857636
2857639
2857640
2857647
2857648
2857649
2857650
2857652
2857653
2857655
2857656
2857657
2857661
2857662
2857671
2857672
2857673
2857674
2857675
2857676
2857677
2857681
2857687
2857688
2857689
2857690
2857691
2857692
2857693
2857694
2857695
2857703
2857705
2857708
2857714
2857715
2857717
2857720
2857725
2857729
2857730
2857734
2857735
2857743
2857747
2857754
2857755
2857758
2857759
2857760
2857763
2857766
2857772
2857784
2857785
2857788
2857794
2857798
2857801
2857802
2857803
2857804
2857806
2857807
2857810
2857811
2857812
2857819
2857823
2857825
2857827
2857828
2857830
2857831
2857833
2857834
2857836
2857837
2857838
2857839
2857840
2857842
2857843
2857845
2857846
2857850
2857851
2857855
2857858
2857859
2857860
2857865
2857866
2857867
2857868
2857871
2857873
2857874
2857875
2857876
2857877
2857881
2857882
2857883
2857888
2857890
2857891
2857892
2857894
2857901
2857906
2857907
2857908
2857909
2857911
2857913
2857917
2857921
2857923
2857924
2857927
2857931
2857936
2857945
2857949
2857954
2857956
2857958
2857959
2857968
2857970
2857971
2857972
2857976
2857978
2857983
2857984
2857986
2857987
2857989
2857991
2857993
2857994
2857995
2857997
2857998
2858000
2858003
2858004
2858006
2858007
2858008
2858009
2858012
2858013
2858014
2858015
2858016
2858017
2858018
2858021
2858022
2858024
2858030
2858031
2858034
2858035
2858036
2858038
2858043
2858047
2858048
2858052
2858054
2858056
2858057
2858059
2858061
2858062
2858063
2858064
2858069
2858070
2858071
2858074
2858077
2858088
2858090
2858092
2858095
2858097
2858098
2858099
2858100
2858101
2858102
2858104
2858105
2858114
2858115
2858116
2858120
2858121
2858122
2858124
2858128
2858131
2858134
2858135
2858136
2858138
2858139
2858142
2858146
2858149
2858150
2858151
2858155
2858158
2858159
2858160
2858161
2858165
2858171
2858174
2858176
2858178
2858181
2858182
2858183
2858184
2858187
2858189
2858190
2858197
2858199
2858201
2858202
2858203
2858205
2858211
2858212
2858215
2858216
2858219
2858221
2858222
2858223
2858227
2858228
2858231
2858233
2858234
2858244
2858247
2858249
2858257
2858259
2858264
2858270
2858272
2858274
2858276
2858278
2858283
2858285
2858297
2858300
2858301
2858303
2858304
2858305
2858309
2858310
2858311
2858312
2858313
2858314
2858318
2858319
2858322
2858323
2858324
2858334
2858335
2858336
2858340
2858341
2858344
2858345
2858348
2858353
2858357
2858358
2858361
2858362
2858366
2858367
2858368
2858369
2858370
2858371
2858372
2858375
2858376
2858377
2858380
2858382
2858383
2858387
2858388
2858389
2858402
2858404
2858406
2858408
2858410
2858411
2858415
2858416
2858418
2858424
2858426
2858434
2858436
2858438
2858441
2858445
2858446
2858450
2858455
2858456
2858459
2858460
2858463
2858465
2858469
2858472
2858473
2858475
2858477
2858478
2858479
2858480
2858481
2858482
2858483
2858485
2858487
2858489
2858493
2858499
2858500
2858508
2858514
2858515
2858516
2858518
2858520
2858524
2858525
2858527
2858528
2858532
2858536
2858538
2858544
2858545
2858548
2858550
2858555
2858560
2858563
2858570
2858572
2858573
2858577
2858579
2858582
2858583
2858587
2858588
2858589
2858594
2858596
2858597
2858601
2858602
2858604
2858605
2858609
2858610
2858613
2858615
2858617
2858620
2858621
2858624
2858627
2858628
2858629
2858632
2858635
2858637
2858640
2858642
2858643
2858644
2858647
2858649
2858650
2858653
2858655
2858657
2858660
2858663
2858666
2858667
2858668
2858670
2858673
2858675
2858678
2858682
2858683
2858684
2858685
2858687
2858688
2858689
2858691
2858692
2858696
2858697
2858698
2858702
2858704
2858706
2858711
2858712
2858713
2858721
2858722
2858724
2858727
2858731
2858733
2858738
2858740
2858741
2858744
2858745
2858752
2858753
2858755
2858758
2858759
2858763
2858764
2858767
2858768
2858769
2858770
2858773
2858779
2858782
2858783
2858785
2858786
2858787
2858792
2858793
2858794
2858795
2858796
2858801
2858802
2858804
2858805
2858808
2858810
2858811
2858812
2858817
2858819
2858820
2858822
2858823
2858824
2858826
2858828
2858829
2858834
2858842
2858845
2858846
2858847
2858848
2858849
2858850
2858851
2858852
2858853
2858855
2858856
2858857
2858858
2858859
2858862
2858866
2858870
2858871
2858872
2858873
2858874
2858878
2858879
2858883
2858888
2858889
2858894
2858900
2858902
2858903
2858905
2858906
2858907
2858908
2858909
2858910
2858912
2858913
2858918
2858920
2858921
2858922
2858929
2858930
2858931
2858936
2858937
2858938
2858940
2858947
2858949
2858951
2858953
2858954
2858956
2858958
2858959
2858961
2858962
2858963
2858972
2858974
2858979
2858983
2858988
2858995
2858996
2858997
2859003
2859008
2859011
2859013
2859018
2859020
2859023
2859024
2859027
2859028
2859029
2859030
2859031
2859033
2859036
2859037
2859044
2859045
2859047
2859054
2859057
2859059
2859063
2859066
2859067
2859068
2859069
2859071
2859074
2859075
2859081
2859086
2859087
2859088
2859095
2859097
2859098
2859099
2859101
2859102
2859104
2859107
2859112
2859115
2859118
2859119
2859120
2859122
2859124
2859130
2859133
2859138
2859143
2859144
2859147
2859148
2859155
2859157
2859159
2859161
2859167
2859169
2859170
2859171
2859180
2859181
2859182
2859183
2859186
2859191
2859193
2859194
2859195
2859196
2859197
2859198
2859203
2859207
2859208
2859210
2859212
2859213
2859214
2859215
2859217
2859218
2859219
2859220
2859221
2859222
2859223
2859224
2859225
2859226
2859227
2859228
2859229
2859230
2859231
2859232
2859233
2859234
2859235
2859240
2859241
2859242
2859243
2859244
2859245
2859246
2859250
2859252
2859254
2859255
2859257
2859258
2859259
2859260
2859262
2859263
2859266
2859267
2859270
2859271
2859272
2859273
2859275
2859276
2859277
2859278
2859280
2859281
2859282
2859283
2859284
2859285
2859289
2859291
2859292
2859293
2859294
2859295
2859296
2859297
2859298
2859299
2859300
2859301
2859302
2859303
2859307
2859308
2859309
2859311
2859312
2859313
2859317
2859318
2859319
2859320
2859321
2859323
2859324
2859325
2859326
2859327
2859328
2859329
2859330
2859332
2859334
2859336
2859337
2859338
2859341
2859342
2859344
2859345
2859346
2859347
2859348
2859349
2859351
2859352
2859353
2859355
2859356
2859360
2859361
2859362
2859363
2859364
2859367
2859368
2859369
2859370
2859371
2859372
2859373
2859374
2859375
2859376
2859380
2859385
2859386
2859390
2859391
2859392
2859393
2859394
2859395
2859396
2859397
2859398
2859399
2859400
2859401
2859402
2859403
2859404
2859405
2859406
2859407
2859408
2859409
2859410
2859411
2859415
2859416
2859417
2859418
2859419
2859422
2859423
2859424
2859425
2859426
2859429
2859430
2859431
2859433
2859434
2859435
2859436
2859437
2859442
2859443
2859444
2859445
2859446
2859447
2859448
2859450
2859451
2859452
2859453
2859457
2859458
2859459
2859460
2859461
2859462
2859463
2859464
2859465
2859466
2859472
2859473
2859474
2859475
2859476
2859478
2859479
2859480
2859481
2859482
2859483
2859487
2859488
2859489
2859490
2859491
2859492
2859493
2859494
2859498
2859504
2859505
2859506
2859507
2859508
2859509
2859510
2859514
2859515
2859516
2859517
2859519
2859520
2859521
2859525
2859526
2859530
2859535
2859549
2859550
2859551
2859552
2859554
2859555
2859556
2859557
2859558
2859559
2859560
2859561
2859562
2859566
2859568
2859569
2859570
2859571
2859573
2859574
2859575
2859576
2859577
2859581
2859582
2859587
2859588
2859589
2859590
2859593
2859594
2859595
2859596
2859597
2859598
2859599
2859602
2859603
2859604
2859606
2859608
2859609
2859610
2859616
2859618
2859619
2859622
2859623
2859624
2859626
2859627
2859629
2859630
2859634
2859637
2859639
2859640
2859641
2859646
2859651
2859652
2859654
2859657
2859664
2859665
2859667
2859668
2859671
2859673
2859674
2859678
2859679
2859682
2859683
2859685
2859688
2859689
2859690
2859692
2859693
2859694
2859695
2859699
2859702
2859705
2859709
2859712
2859713
2859715
2859718
2859719
2859720
2859721
2859722
2859723
2859724
2859725
2859727
2859728
2859730
2859732
2859740
2859745
2859746
2859747
2859750
2859756
2859758
2859759
2859762
2859763
2859764
2859766
2859767
2859769
2859770
2859771
2859773
2859777
2859778
2859780
2859784
2859787
2859791
2859792
2859793
2859800
2859801
2859802
2859803
2859805
2859806
2859808
2859809
2859810
2859811
2859815
2859817
2859819
2859826
2859828
2859829
2859834
2859835
2859836
2859838
2859840
2859841
2859843
2859844
2859845
2859847
2859850
2859853
2859854
2859855
2859860
2859863
2859864
2859867
2859868
2859869
2859870
2859884
2859893
2859895
2859896
2859897
2859898
2859899
2859901
2859903
2859906
2859908
2859914
2859921
2859924
2859925
2859926
2859927
2859929
2859933
2859934
2859936
2859937
2859941
2859943
2859944
2859945
2859948
2859951
2859952
2859954
2859955
2859956
2859964
2859966
2859967
2859974
2859978
2859980
2859981
2859982
2859983
2859984
2859985
2859986
2859987
2859988
2859990
2859992
2859996
2859997
2859999
2860000
2860001
2860003
2860004
2860006
2860011
2860013
2860014
2860016
2860020
2860027
2860031
2860032
2860035
2860039
2860048
2860054
2860055
2860057
2860059
2860061
2860062
2860063
2860064
2860066
2860068
2860071
2860072
2860073
2860077
2860081
2860082
2860083
2860089
2860090
2860092
2860094
2860095
2860096
2860097
2860098
2860099
2860100
2860101
2860102
2860103
2860106
2860107
2860109
2860110
2860111
2860112
2860116
2860118
2860119
2860120
2860124
2860128
2860131
2860133
2860136
2860139
2860141
2860143
2860148
2860149
2860150
2860151
2860152
2860163
2860165
2860171
2860172
2860173
2860179
2860181
2860182
2860183
2860184
2860185
2860186
2860191
2860193
2860198
2860200
2860203
2860205
2860206
2860207
2860215
2860216
2860217
2860219
2860223
2860228
2860232
2860233
2860234
2860238
2860239
2860240
2860241
2860242
2860245
2860246
2860249
2860252
2860256
2860258
2860259
2860264
2860267
2860268
2860270
2860272
2860274
2860275
2860276
2860277
2860279
2860283
2860284
2860290
2860292
2860294
2860295
2860296
2860298
2860300
2860301
2860304
2860305
2860306
2860310
2860311
2860313
2860314
2860315
2860316
2860317
2860318
2860319
2860321
2860322
2860323
2860324
2860325
2860327
2860329
2860330
2860332
2860333
2860334
2860338
2860342
2860344
2860346
2860348
2860349
2860350
2860351
2860352
2860354
2860360
2860361
2860362
2860366
2860371
2860372
2860374
2860377
2860382
2860385
2860386
2860387
2860389
2860390
2860392
2860393
2860394
2860400
2860402
2860403
2860405
2860407
2860408
2860409
2860411
2860413
2860418
2860423
2860425
2860427
2860428
2860429
2860432
2860437
2860439
2860440
2860441
2860442
2860443
2860444
2860450
2860454
2860455
2860463
2860464
2860471
2860472
2860474
2860475
2860479
2860480
2860481
2860482
2860483
2860489
2860490
2860492
2860494
2860496
2860497
2860501
2860502
2860503
2860505
2860507
2860508
2860513
2860516
2860517
2860518
2860519
2860521
2860522
2860523
2860526
2860533
2860534
2860540
2860541
2860544
2860553
2860554
2860555
2860556
2860557
2860558
2860560
2860561
2860562
2860571
2860572
2860576
2860578
2860579
2860580
2860586
2860587
2860589
2860591
2860593
2860594
2860595
2860598
2860600
2860602
2860603
2860604
2860605
2860606
2860607
2860608
2860610
2860611
2860612
2860613
2860614
2860615
2860619
2860623
2860625
2860630
2860631
2860637
2860639
2860640
2860641
2860642
2860644
2860646
2860648
2860649
2860651
2860654
2860656
2860658
2860666
2860667
2860669
2860670
2860671
2860677
2860678
2860679
2860680
2860683
2860685
2860687
2860688
2860689
2860691
2860693
2860695
2860696
2860700
2860703
2860704
2860706
2860707
2860708
2860710
2860711
2860713
2860715
2860716
2860717
2860719
2860720
2860725
2860731
2860734
2860738
2860743
2860747
2860748
2860749
2860754
2860755
2860756
2860757
2860758
2860761
2860763
2860764
2860768
2860769
2860772
2860773
2860777
2860780
2860782
2860783
2860784
2860785
2860787
2860790
2860793
2860795
2860796
2860798
2860805
2860809
2860810
2860812
2860818
2860822
2860823
2860825
2860826
2860827
2860828
2860830
2860831
2860832
2860835
2860836
2860837
2860839
2860840
2860848
2860849
2860853
2860856
2860857
2860861
2860863
2860865
2860866
2860868
2860875
2860877
2860878
2860880
2860883
2860884
2860885
2860895
2860896
2860898
2860899
2860902
2860903
2860905
2860906
2860911
2860912
2860914
2860920
2860923
2860924
2860930
2860936
2860937
2860938
2860940
2860941
2860943
2860945
2860951
2860958
2860959
2860963
2860965
2860969
2860970
2860971
2860972
2860976
2860977
2860982
2860987
2860991
2860995
2861000
2861001
2861004
2861007
2861010
2861011
2861014
2861018
2861025
2861026
2861028
2861029
2861030
2861033
2861035
2861036
2861037
2861042
2861043
2861044
2861045
2861047
2861048
2861051
2861052
2861053
2861056
2861057
2861061
2861062
2861065
2861067
2861068
2861070
2861074
2861075
2861076
2861077
2861079
2861082
2861086
2861087
2861088
2861089
2861093
2861098
2861101
2861104
2861110
2861111
2861112
2861113
2861116
2861117
2861121
2861124
2861126
2861128
2861133
2861134
2861137
2861141
2861144
2861145
2861146
2861148
2861153
2861157
2861159
2861162
2861166
2861167
2861175
2861178
2861179
2861186
2861187
2861195
2861197
2861199
2861205
2861206
2861208
2861211
2861214
2861217
2861218
2861219
2861222
2861223
2861224
2861225
2861228
2861229
2861230
2861233
2861236
2861240
2861242
2861245
2861247
2861252
2861254
2861262
2861263
2861266
2861267
2861268
2861270
2861271
2861272
2861274
2861278
2861286
2861287
2861291
2861292
2861298
2861304
2861306
2861307
2861308
2861311
2861312
2861314
2861315
2861316
2861317
2861318
2861319
2861322
2861323
2861324
2861325
2861330
2861335
2861337
2861341
2861345
2861346
2861348
2861363
2861365
2861369
2861373
2861374
2861380
2861381
2861390
2861395
2861396
2861399
2861401
2861406
2861408
2861409
2861418
2861420
2861422
2861423
2861425
2861426
2861427
2861429
2861430
2861431
2861436
2861441
2861446
2861447
2861448
2861451
2861453
2861455
2861458
2861462
2861465
2861466
2861467
2861468
2861469
2861470
2861472
2861474
2861475
2861476
2861477
2861479
2861481
2861486
2861489
2861492
2861501
2861505
2861506
2861509
2861511
2861516
2861517
2861519
2861520
2861521
2861524
2861526
2861531
2861532
2861535
2861536
2861537
2861538
2861539
2861540
2861543
2861544
2861546
2861550
2861552
2861554
2861555
2861556
2861559
2861560
2861567
2861569
2861570
2861572
2861575
2861578
2861582
2861583
2861584
2861592
2861593
2861594
2861600
2861608
2861609
2861611
2861612
2861614
2861615
2861617
2861618
2861619
2861621
2861622
2861623
2861625
2861633
2861642
2861644
2861652
2861661
2861662
2861664
2861667
2861670
2861672
2861673
2861674
2861677
2861686
2861689
2861690
2861691
2861692
2861697
2861698
2861699
2861700
2861703
2861704
2861707
2861708
2861710
2861712
2861719
2861722
2861725
2861727
2861729
2861732
2861738
2861741
2861742
2861743
2861748
2861749
2861750
2861753
2861754
2861756
2861758
2861761
2861762
2861769
2861770
2861772
2861774
2861778
2861781
2861785
2861787
2861788
2861790
2861791
2861792
2861796
2861802
2861805
2861806
2861807
2861809
2861814
2861815
2861816
2861821
2861828
2861830
2861831
2861835
2861836
2861837
2861839
2861840
2861844
2861846
2861849
2861850
2861855
2861857
2861859
2861860
2861866
2861871
2861872
2861877
2861884
2861886
2861888
2861890
2861891
2861893
2861894
2861899
2861903
2861905
2861912
2861913
2861916
2861923
2861927
2861929
2861931
2861935
2861937
2861940
2861942
2861946
2861947
2861951
2861955
2861956
2861957
2861963
2861972
2861976
2861977
2861978
2861980
2861981
2861983
2861984
2861985
2861988
2861989
2861990
2861991
2861994
2861995
2861996
2861999
2862000
2862005
2862006
2862008
2862009
2862010
2862011
2862012
2862016
2862019
2862020
2862022
2862024
2862028
2862029
2862030
2862031
2862040
2862043
2862044
2862045
2862046
2862047
2862048
2862049
2862054
2862056
2862059
2862062
2862064
2862065
2862066
2862067
2862068
2862069
2862073
2862077
2862078
2862082
2862083
2862087
2862095
2862096
2862098
2862099
2862100
2862102
2862104
2862108
2862109
2862115
2862116
2862117
2862119
2862120
2862121
2862124
2862126
2862130
2862131
2862133
2862134
2862137
2862138
2862139
2862142
2862153
2862154
2862157
2862163
2862166
2862167
2862171
2862174
2862175
2862176
2862181
2862183
2862195
2862196
2862198
2862199
2862214
2862215
2862219
2862220
2862221
2862226
2862227
2862230
2862231
2862233
2862236
2862237
2862239
2862242
2862247
2862248
2862250
2862252
2862253
2862258
2862260
2862261
2862264
2862268
2862271
2862273
2862274
2862275
2862276
2862277
2862278
2862279
2862280
2862283
2862289
2862290
2862291
2862296
2862299
2862301
2862305
2862306
2862310
2862313
2862314
2862320
2862322
2862325
2862330
2862333
2862339
2862340
2862342
2862343
2862344
2862345
2862349
2862350
2862351
2862358
2862362
2862370
2862372
2862373
2862377
2862381
2862382
2862383
2862385
2862393
2862394
2862395
2862397
2862398
2862399
2862401
2862405
2862408
2862409
2862413
2862415
2862418
2862419
2862423
2862426
2862432
2862433
2862436
2862437
2862438
2862440
2862450
2862459
2862462
2862464
2862466
2862467
2862469
2862471
2862480
2862482
2862484
2862485
2862487
2862490
2862491
2862495
2862496
2862497
2862498
2862501
2862503
2862504
2862505
2862507
2862514
2862515
2862516
2862517
2862522
2862523
2862524
2862525
2862527
2862529
2862532
2862534
2862535
2862538
2862539
2862541
2862542
2862543
2862545
2862547
2862548
2862549
2862550
2862553
2862554
2862555
2862559
2862561
2862565
2862566
2862568
2862569
2862570
2862572
2862574
2862579
2862581
2862587
2862588
2862591
2862592
2862596
2862598
2862600
2862601
2862605
2862606
2862607
2862610
2862611
2862612
2862617
2862618
2862619
2862620
2862621
2862625
2862628
2862629
2862631
2862632
2862634
2862635
2862637
2862641
2862645
2862646
2862647
2862649
2862651
2862652
2862658
2862659
2862660
2862661
2862662
2862667
2862669
2862670
2862673
2862674
2862675
2862676
2862677
2862684
2862685
2862693
2862694
2862696
2862698
2862701
2862704
2862706
2862709
2862710
2862718
2862720
2862724
2862726
2862727
2862734
2862735
2862738
2862739
2862740
2862744
2862745
2862750
2862753
2862754
2862755
2862757
2862759
2862760
2862761
2862762
2862765
2862767
2862770
2862772
2862773
2862774
2862775
2862776
2862778
2862779
2862780
2862783
2862785
2862786
2862788
2862790
2862795
2862800
2862802
2862807
2862809
2862810
2862813
2862814
2862815
2862817
2862821
2862822
2862823
2862824
2862825
2862827
2862829
2862834
2862835
2862837
2862839
2862842
2862843
2862844
2862852
2862858
2862860
2862861
2862863
2862864
2862870
2862871
2862873
2862874
2862876
2862877
2862879
2862884
2862894
2862895
2862897
2862899
2862901
2862903
2862904
2862905
2862906
2862909
2862914
2862919
2862921
2862923
2862926
2862932
2862934
2862935
2862936
2862937
2862939
2862942
2862944
2862945
2862949
2862953
2862954
2862955
2862958
2862960
2862962
2862964
2862966
2862967
2862968
2862970
2862971
2862972
2862973
2862974
2862976
2862977
2862979
2862980
2862984
2862986
2862987
2862995
2862998
2862999
2863000
2863010
2863011
2863012
2863016
2863017
2863018
2863021
2863022
2863024
2863025
2863028
2863031
2863032
2863035
2863038
2863045
2863050
2863056
2863057
2863068
2863071
2863072
2863073
2863077
2863084
2863085
2863088
2863089
2863090
2863093
2863094
2863097
2863098
2863100
2863101
2863102
2863103
2863106
2863109
2863113
2863115
2863116
2863119
2863120
2863121
2863122
2863124
2863125
2863126
2863127
2863130
2863132
2863134
2863135
2863136
2863137
2863138
2863139
2863145
2863146
2863149
2863151
2863153
2863156
2863157
2863158
2863164
2863165
2863166
2863168
2863170
2863171
2863174
2863175
2863179
2863187
2863189
2863191
2863192
2863193
2863198
2863199
2863200
2863201
2863202
2863203
2863204
2863205
2863206
2863207
2863208
2863209
2863210
2863211
2863213
2863214
2863215
2863216
2863217
2863218
2863220
2863221
2863222
2863223
2863224
2863225
2863226
2863227
2863228
2863229
2863230
2863231
2863232
2863234
2863235
2863236
2863237
2863238
2863239
2863240
2863241
2863242
2863243
2863245
2863246
2863247
2863251
2863252
2863256
2863257
2863258
2863259
2863260
2863261
2863262
2863263
2863264
2863265
2863269
2863270
2863271
2863275
2863276
2863277
2863278
2863279
2863280
2863281
2863282
2863283
2863285
2863289
2863293
2863295
2863296
2863297
2863298
2863299
2863300
2863301
2863302
2863303
2863304
2863305
2863306
2863308
2863311
2863312
2863314
2863315
2863316
2863317
2863318
2863319
2863320
2863322
2863323
2863324
2863330
2863331
2863335
2863336
2863337
2863341
2863342
2863344
2863345
2863346
2863348
2863349
2863355
2863360
2863364
2863365
2863366
2863369
2863370
2863371
2863372
2863375
2863376
2863378
2863382
2863383
2863384
2863385
2863386
2863389
2863390
2863392
2863394
2863395
2863399
2863401
2863402
2863405
2863409
2863410
2863411
2863413
2863414
2863415
2863417
2863418
2863422
2863424
2863426
2863430
2863431
2863432
2863434
2863435
2863441
2863444
2863445
2863446
2863451
2863453
2863455
2863457
2863458
2863459
2863460
2863461
2863464
2863465
2863468
2863469
2863470
2863471
2863472
2863475
2863476
2863478
2863480
2863484
2863485
2863488
2863497
2863499
2863500
2863503
2863507
2863512
2863515
2863516
2863521
2863524
2863526
2863527
2863530
2863531
2863535
2863539
2863541
2863547
2863550
2863553
2863554
2863565
2863566
2863569
2863570
2863571
2863580
2863581
2863582
2863584
2863587
2863588
2863590
2863596
2863598
2863601
2863602
2863605
2863606
2863607
2863609
2863610
2863613
2863615
2863616
2863618
2863621
2863622
2863625
2863626
2863628
2863632
2863633
2863635
2863641
2863643
2863647
2863648
2863657
2863658
2863659
2863661
2863663
2863664
2863665
2863668
2863669
2863670
2863672
2863675
2863677
2863678
2863682
2863686
2863693
2863694
2863700
2863701
2863706
2863718
2863722
2863726
2863728
2863729
2863730
2863732
2863734
2863737
2863740
2863741
2863746
2863749
2863750
2863752
2863754
2863755
2863756
2863757
2863759
2863760
2863761
2863765
2863766
2863767
2863768
2863770
2863771
2863773
2863775
2863778
2863781
2863783
2863789
2863790
2863791
2863792
2863794
2863796
2863798
2863799
2863800
2863802
2863803
2863805
2863806
2863808
2863809
2863817
2863818
2863820
2863822
2863825
2863829
2863830
2863831
2863833
2863835
2863843
2863850
2863854
2863855
2863856
2863857
2863858
2863859
2863860
2863861
2863862
2863865
2863866
2863867
2863868
2863870
2863871
2863873
2863875
2863876
2863877
2863878
2863879
2863885
2863886
2863887
2863891
2863892
2863896
2863898
2863899
2863904
2863905
2863907
2863908
2863914
2863917
2863920
2863922
2863923
2863924
2863926
2863930
2863933
2863934
2863935
2863939
2863940
2863941
2863942
2863944
2863945
2863948
2863952
2863955
2863961
2863962
2863963
2863964
2863966
2863967
2863971
2863972
2863976
2863979
2863984
2863985
2863986
2863992
2863996
2863997
2864004
2864005
2864006
2864007
2864008
2864011
2864016
2864017
2864018
2864021
2864023
2864024
2864026
2864027
2864028
2864031
2864033
2864034
2864035
2864036
2864037
2864038
2864039
2864040
2864041
2864042
2864043
2864047
2864048
2864049
2864050
2864051
2864052
2864053
2864055
2864056
2864057
2864063
2864067
2864069
2864072
2864073
2864075
2864078
2864081
2864083
2864085
2864087
2864088
2864089
2864090
2864091
2864096
2864098
2864102
2864106
2864108
2864109
2864110
2864111
2864112
2864114
2864115
2864116
2864119
2864120
2864121
2864123
2864124
2864126
2864127
2864130
2864131
2864133
2864135
2864139
2864140
2864143
2864144
2864146
2864148
2864151
2864156
2864160
2864162
2864163
2864164
2864178
2864183
2864185
2864186
2864188
2864189
2864192
2864197
2864198
2864200
2864202
2864205
2864206
2864212
2864213
2864221
2864222
2864223
2864224
2864226
2864227
2864229
2864231
2864232
2864233
2864234
2864238
2864239
2864241
2864244
2864245
2864246
2864253
2864254
2864255
2864257
2864258
2864259
2864261
2864269
2864271
2864272
2864279
2864285
2864286
2864287
2864289
2864290
2864299
2864300
2864303
2864305
2864308
2864312
2864313
2864314
2864317
2864320
2864324
2864329
2864330
2864340
2864343
2864345
2864346
2864349
2864354
2864359
2864362
2864363
2864364
2864369
2864370
2864378
2864381
2864383
2864384
2864386
2864387
2864388
2864389
2864390
2864393
2864394
2864397
2864398
2864399
2864400
2864401
2864403
2864404
2864405
2864409
2864410
2864411
2864413
2864414
2864415
2864417
2864419
2864421
2864422
2864424
2864426
2864433
2864435
2864436
2864437
2864439
2864440
2864441
2864453
2864457
2864458
2864461
2864464
2864467
2864472
2864474
2864475
2864478
2864479
2864480
2864483
2864484
2864486
2864491
2864493
2864494
2864495
2864501
2864502
2864504
2864507
2864508
2864511
2864513
2864518
2864522
2864526
2864527
2864529
2864535
2864542
2864543
2864544
2864545
2864546
2864548
2864551
2864552
2864553
2864554
2864555
2864557
2864563
2864565
2864569
2864570
2864572
2864574
2864575
2864577
2864578
2864587
2864589
2864590
2864591
2864593
2864594
2864596
2864598
2864599
2864604
2864607
2864611
2864612
2864617
2864619
2864620
2864625
2864626
2864628
2864629
2864630
2864632
2864634
2864636
2864639
2864641
2864642
2864645
2864647
2864648
2864649
2864651
2864653
2864654
2864656
2864665
2864672
2864674
2864676
2864682
2864686
2864687
2864689
2864690
2864691
2864693
2864695
2864696
2864697
2864699
2864700
2864705
2864706
2864710
2864711
2864712
2864714
2864715
2864716
2864718
2864720
2864722
2864724
2864725
2864726
2864727
2864728
2864729
2864738
2864741
2864742
2864745
2864749
2864751
2864752
2864753
2864754
2864755
2864763
2864765
2864775
2864776
2864779
2864780
2864782
2864783
2864784
2864793
2864795
2864799
2864800
2864802
2864803
2864805
2864806
2864808
2864809
2864811
2864818
2864820
2864821
2864822
2864823
2864825
2864826
2864829
2864830
2864836
2864837
2864839
2864840
2864844
2864845
2864846
2864847
2864848
2864849
2864850
2864851
2864856
2864857
2864858
2864861
2864863
2864869
2864871
2864872
2864875
2864878
2864879
2864880
2864882
2864884
2864885
2864886
2864887
2864889
2864890
2864891
2864893
2864895
2864896
2864897
2864900
2864901
2864902
2864904
2864906
2864911
2864914
2864916
2864917
2864923
2864925
2864927
2864929
2864931
2864937
2864938
2864945
2864950
2864952
2864957
2864958
2864959
2864960
2864961
2864962
2864963
2864964
2864966
2864967
2864968
2864970
2864971
2864976
2864986
2864993
2864994
2864999
2865001
2865002
2865003
2865004
2865006
2865007
2865012
2865013
2865014
2865016
2865025
2865026
2865028
2865029
2865031
2865034
2865036
2865045
2865046
2865048
2865049
2865055
2865061
2865062
2865064
2865065
2865067
2865071
2865072
2865080
2865082
2865083
2865085
2865086
2865087
2865088
2865093
2865096
2865101
2865102
2865103
2865106
2865111
2865112
2865113
2865115
2865118
2865119
2865120
2865124
2865127
2865129
2865130
2865133
2865134
2865136
2865137
2865140
2865156
2865161
2865162
2865165
2865168
2865169
2865171
2865172
2865173
2865176
2865177
2865178
2865185
2865188
2865189
2865190
2865194
2865202
2865204
2865209
2865213
2865217
2865218
2865221
2865222
2865226
2865228
2865241
2865242
2865245
2865248
2865250
2865251
2865253
2865254
2865260
2865262
2865264
2865265
2865268
2865269
2865272
2865276
2865278
2865280
2865284
2865285
2865286
2865292
2865294
2865295
2865296
2865299
2865300
2865301
2865303
2865305
2865306
2865310
2865311
2865318
2865323
2865328
2865335
2865337
2865338
2865339
2865340
2865344
2865345
2865352
2865355
2865356
2865357
2865359
2865365
2865367
2865368
2865370
2865371
2865374
2865377
2865378
2865379
2865380
2865392
2865393
2865396
2865402
2865404
2865406
2865408
2865411
2865414
2865417
2865420
2865423
2865424
2865425
2865428
2865430
2865431
2865433
2865436
2865437
2865440
2865443
2865444
2865447
2865449
2865450
2865451
2865452
2865456
2865457
2865462
2865467
2865469
2865471
2865474
2865475
2865478
2865483
2865486
2865487
2865491
2865492
2865494
2865497
2865498
2865501
2865508
2865510
2865517
2865524
2865530
2865531
2865532
2865535
2865536
2865537
2865541
2865546
2865547
2865553
2865561
2865566
2865570
2865572
2865575
2865577
2865580
2865583
2865584
2865585
2865593
2865601
2865605
2865606
2865613
2865619
2865624
2865625
2865626
2865630
2865631
2865632
2865633
2865647
2865648
2865652
2865653
2865666
2865667
2865668
2865669
2865670
2865671
2865673
2865676
2865678
2865679
2865680
2865681
2865684
2865685
2865686
2865687
2865689
2865690
2865691
2865692
2865695
2865697
2865698
2865699
2865701
2865705
2865706
2865707
2865711
2865712
2865715
2865720
2865723
2865724
2865727
2865728
2865729
2865730
2865731
2865732
2865733
2865734
2865735
2865741
2865742
2865743
2865745
2865746
2865749
2865752
2865755
2865760
2865761
2865765
2865767
2865768
2865769
2865770
2865775
2865776
2865777
2865781
2865784
2865786
2865788
2865789
2865794
2865797
2865800
2865802
2865805
2865806
2865807
2865809
2865810
2865813
2865815
2865816
2865823
2865824
2865825
2865834
2865835
2865838
2865844
2865846
2865847
2865848
2865854
2865855
2865862
2865873
2865876
2865881
2865882
2865883
2865884
2865886
2865891
2865892
2865893
2865895
2865897
2865898
2865904
2865905
2865910
2865912
2865914
2865918
2865920
2865921
2865922
2865924
2865925
2865926
2865927
2865928
2865931
2865942
2865943
2865944
2865945
2865950
2865951
2865952
2865957
2865960
2865961
2865962
2865964
2865965
2865966
2865977
2865980
2865984
2865985
2865986
2865988
2865995
2865997
2865999
2866000
2866003
2866005
2866010
2866013
2866017
2866018
2866019
2866022
2866024
2866031
2866036
2866040
2866041
2866043
2866045
2866048
2866049
2866051
2866055
2866056
2866065
2866066
2866067
2866068
2866069
2866070
2866072
2866076
2866081
2866084
2866085
2866089
2866090
2866094
2866103
2866104
2866105
2866106
2866108
2866113
2866114
2866116
2866120
2866124
2866127
2866134
2866135
2866142
2866143
2866144
2866146
2866148
2866149
2866151
2866153
2866154
2866155
2866158
2866159
2866160
2866162
2866164
2866166
2866167
2866168
2866169
2866170
2866171
2866172
2866174
2866180
2866181
2866184
2866185
2866190
2866191
2866193
2866194
2866202
2866204
2866205
2866206
2866210
2866211
2866212
2866214
2866217
2866218
2866225
2866226
2866228
2866229
2866230
2866231
2866233
2866234
2866238
2866239
2866240
2866244
2866246
2866247
2866258
2866259
2866264
2866270
2866271
2866272
2866273
2866274
2866277
2866278
2866280
2866282
2866283
2866293
2866294
2866296
2866299
2866304
2866310
2866311
2866312
2866318
2866319
2866320
2866321
2866327
2866331
2866337
2866339
2866340
2866341
2866344
2866345
2866346
2866348
2866352
2866353
2866354
2866357
2866358
2866364
2866365
2866366
2866374
2866375
2866376
2866377
2866378
2866379
2866382
2866384
2866385
2866388
2866391
2866392
2866393
2866394
2866400
2866401
2866402
2866403
2866407
2866410
2866413
2866414
2866419
2866420
2866422
2866424
2866425
2866426
2866427
2866428
2866429
2866433
2866438
2866441
2866442
2866445
2866446
2866447
2866450
2866451
2866452
2866454
2866456
2866470
2866473
2866482
2866484
2866485
2866486
2866488
2866490
2866491
2866494
2866495
2866501
2866504
2866505
2866506
2866507
2866509
2866513
2866516
2866525
2866528
2866532
2866535
2866536
2866540
2866542
2866543
2866544
2866548
2866551
2866552
2866554
2866557
2866560
2866562
2866564
2866567
2866579
2866584
2866585
2866586
2866590
2866593
2866599
2866600
2866602
2866604
2866605
2866606
2866607
2866612
2866613
2866615
2866619
2866623
2866624
2866627
2866628
2866629
2866631
2866632
2866639
2866645
2866646
2866649
2866651
2866653
2866655
2866658
2866660
2866661
2866662
2866664
2866668
2866670
2866673
2866679
2866680
2866686
2866687
2866688
2866689
2866695
2866699
2866713
2866717
2866722
2866724
2866727
2866732
2866733
2866734
2866737
2866738
2866739
2866742
2866748
2866750
2866753
2866757
2866762
2866763
2866766
2866767
2866769
2866771
2866772
2866773
2866775
2866776
2866777
2866778
2866781
2866782
2866783
2866784
2866787
2866797
2866798
2866803
2866804
2866810
2866812
2866818
2866821
2866822
2866823
2866825
2866828
2866829
2866833
2866834
2866835
2866836
2866837
2866839
2866843
2866849
2866850
2866851
2866852
2866859
2866861
2866863
2866864
2866870
2866871
2866876
2866883
2866886
2866888
2866891
2866892
2866894
2866898
2866901
2866903
2866905
2866906
2866908
2866909
2866910
2866914
2866918
2866919
2866920
2866921
2866924
2866936
2866942
2866953
2866954
2866959
2866960
2866961
2866964
2866965
2866967
2866976
2866977
2866980
2866984
2866988
2866989
2866995
2866996
2866997
2867006
2867009
2867010
2867014
2867015
2867019
2867020
2867021
2867024
2867030
2867031
2867035
2867036
2867039
2867040
2867041
2867042
2867043
2867044
2867049
2867053
2867055
2867056
2867057
2867062
2867067
2867069
2867075
2867076
2867080
2867081
2867083
2867087
2867088
2867090
2867091
2867093
2867094
2867098
2867100
2867102
2867104
2867105
2867115
2867116
2867119
2867120
2867122
2867123
2867126
2867127
2867129
2867131
2867133
2867141
2867142
2867144
2867145
2867146
2867147
2867149
2867153
2867160
2867161
2867166
2867167
2867170
2867181
2867182
2867191
2867192
2867193
2867194
2867197
2867201
2867203
2867207
2867214
2867216
2867218
2867220
2867221
2867222
2867224
2867226
2867227
2867230
2867231
2867234
2867247
2867255
2867260
2867261
2867262
2867265
2867266
2867270
2867273
2867274
2867283
2867286
2867291
2867296
2867301
2867304
2867305
2867310
2867312
2867317
2867318
2867321
2867324
2867325
2867329
2867334
2867335
2867337
2867338
2867339
2867340
2867346
2867347
2867351
2867353
2867357
2867360
2867362
2867364
2867367
2867368
2867370
2867373
2867375
2867378
2867380
2867381
2867382
2867384
2867386
2867389
2867391
2867392
2867394
2867398
2867399
2867406
2867408
2867409
2867414
2867416
2867417
2867418
2867419
2867421
2867422
2867423
2867426
2867429
2867430
2867436
2867438
2867440
2867441
2867447
2867450
2867451
2867454
2867456
2867462
2867464
2867465
2867467
2867470
2867472
2867473
2867482
2867484
2867485
2867486
2867489
2867491
2867494
2867495
2867496
2867497
2867498
2867503
2867504
2867506
2867510
2867516
2867521
2867523
2867524
2867529
2867532
2867538
2867543
2867544
2867549
2867553
2867557
2867559
2867563
2867565
2867569
2867570
2867571
2867576
2867577
2867582
2867592
2867593
2867594
2867595
2867596
2867598
2867600
2867603
2867605
2867607
2867611
2867619
2867620
2867626
2867630
2867633
2867634
2867637
2867638
2867642
2867643
2867644
2867645
2867647
2867648
2867649
2867657
2867658
2867660
2867661
2867662
2867663
2867664
2867667
2867671
2867672
2867673
2867674
2867677
2867678
2867682
2867687
2867688
2867689
2867696
2867701
2867702
2867704
2867705
2867707
2867713
2867716
2867722
2867723
2867724
2867727
2867730
2867738
2867739
2867740
2867742
2867743
2867745
2867746
2867747
2867749
2867750
2867752
2867753
2867755
2867763
2867770
2867771
2867772
2867774
2867783
2867784
2867787
2867790
2867792
2867794
2867795
2867797
2867798
2867800
2867804
2867811
2867812
2867813
2867818
2867819
2867823
2867825
2867827
2867832
2867837
2867838
2867840
2867843
2867844
2867848
2867850
2867851
2867853
2867856
2867860
2867862
2867863
2867864
2867867
2867868
2867870
2867871
2867874
2867877
2867879
2867882
2867884
2867887
2867888
2867890
2867892
2867893
2867895
2867897
2867900
2867901
2867902
2867903
2867906
2867910
2867912
2867917
2867918
2867919
2867920
2867921
2867923
2867924
2867927
2867930
2867931
2867932
2867933
2867935
2867937
2867939
2867942
2867943
2867944
2867946
2867949
2867950
2867953
2867954
2867957
2867958
2867961
2867962
2867963
2867966
2867968
2867975
2867979
2867980
2867981
2867983
2867984
2867985
2867986
2867988
2867989
2867990
2867992
2867994
2867996
2867997
2868000
2868002
2868003
2868006
2868009
2868012
2868015
2868016
2868017
2868018
2868020
2868022
2868024
2868027
2868030
2868031
2868032
2868034
2868036
2868041
2868045
2868054
2868063
2868065
2868066
2868067
2868068
2868071
2868072
2868073
2868076
2868079
2868081
2868083
2868084
2868085
2868091
2868092
2868093
2868094
2868097
2868098
2868101
2868102
2868107
2868109
2868120
2868121
2868122
2868124
2868125
2868128
2868130
2868133
2868136
2868137
2868139
2868143
2868146
2868147
2868148
2868150
2868154
2868155
2868157
2868160
2868162
2868163
2868164
2868170
2868171
2868176
2868179
2868184
2868188
2868189
2868191
2868193
2868197
2868198
2868201
2868202
2868205
2868206
2868207
2868212
2868214
2868216
2868217
2868218
2868219
2868224
2868225
2868226
2868227
2868231
2868238
2868240
2868241
2868243
2868250
2868251
2868252
2868255
2868256
2868257
2868260
2868265
2868266
2868267
2868271
2868275
2868277
2868279
2868280
2868283
2868284
2868285
2868287
2868288
2868290
2868292
2868298
2868301
2868302
2868303
2868306
2868307
2868313
2868317
2868318
2868321
2868322
2868324
2868327
2868328
2868330
2868331
2868332
2868334
2868335
2868338
2868340
2868341
2868342
2868343
2868347
2868348
2868351
2868352
2868354
2868355
2868356
2868357
2868360
2868361
2868362
2868363
2868364
2868365
2868366
2868367
2868369
2868370
2868375
2868376
2868379
2868380
2868384
2868387
2868390
2868393
2868394
2868396
2868399
2868402
2868407
2868408
2868409
2868410
2868412
2868415
2868417
2868418
2868421
2868422
2868423
2868425
2868432
2868434
2868435
2868441
2868446
2868447
2868448
2868450
2868453
2868461
2868463
2868466
2868467
2868468
2868471
2868474
2868476
2868489
2868492
2868497
2868499
2868501
2868502
2868510
2868512
2868514
2868515
2868522
2868523
2868526
2868534
2868536
2868540
2868541
2868543
2868544
2868550
2868551
2868558
2868560
2868561
2868563
2868564
2868567
2868571
2868576
2868577
2868579
2868580
2868581
2868582
2868583
2868587
2868588
2868590
2868592
2868593
2868596
2868598
2868599
2868600
2868601
2868603
2868607
2868608
2868609
2868610
2868613
2868614
2868615
2868619
2868620
2868623
2868624
2868625
2868627
2868637
2868638
2868639
2868644
2868645
2868646
2868649
2868652
2868653
2868656
2868657
2868659
2868661
2868662
2868665
2868667
2868669
2868670
2868671
2868672
2868674
2868677
2868678
2868679
2868680
2868685
2868688
2868689
2868692
2868693
2868694
2868696
2868697
2868698
2868699
2868700
2868703
2868704
2868705
2868710
2868713
2868715
2868716
2868717
2868718
2868719
2868722
2868723
2868724
2868726
2868727
2868730
2868731
2868734
2868736
2868739
2868741
2868743
2868744
2868745
2868756
2868758
2868759
2868763
2868765
2868766
2868771
2868772
2868775
2868776
2868779
2868781
2868782
2868783
2868785
2868790
2868791
2868794
2868797
2868798
2868808
2868809
2868812
2868821
2868822
2868825
2868827
2868831
2868832
2868833
2868834
2868837
2868846
2868847
2868848
2868850
2868851
2868854
2868857
2868859
2868861
2868866
2868871
2868875
2868883
2868889
2868890
2868898
2868901
2868902
2868903
2868905
2868907
2868908
2868911
2868912
2868915
2868917
2868919
2868925
2868926
2868928
2868929
2868932
2868935
2868936
2868943
2868946
2868947
2868957
2868958
2868963
2868965
2868967
2868968
2868970
2868971
2868972
2868974
2868975
2868976
2868977
2868978
2868980
2868982
2868986
2868987
2868988
2868991
2868992
2868993
2868995
2868996
2869000
2869001
2869002
2869003
2869005
2869006
2869007
2869008
2869011
2869014
2869018
2869019
2869021
2869022
2869023
2869025
2869029
2869030
2869031
2869037
2869046
2869048
2869053
2869054
2869057
2869059
2869061
2869063
2869065
2869066
2869069
2869070
2869071
2869072
2869073
2869074
2869075
2869076
2869077
2869078
2869079
2869080
2869082
2869083
2869084
2869086
2869089
2869091
2869092
2869098
2869099
2869109
2869110
2869116
2869122
2869123
2869124
2869125
2869126
2869128
2869130
2869132
2869135
2869137
2869138
2869139
2869142
2869149
2869150
2869155
2869169
2869175
2869178
2869179
2869180
2869181
2869189
2869190
2869191
2869194
2869197
2869199
2869200
2869201
2869203
2869206
2869207
2869208
2869210
2869213
2869220
2869221
2869222
2869223
2869226
2869229
2869232
2869235
2869237
2869238
2869240
2869241
2869247
2869248
2869250
2869254
2869259
2869262
2869264
2869267
2869268
2869269
2869275
2869279
2869283
2869285
2869286
2869287
2869297
2869299
2869300
2869307
2869309
2869311
2869314
2869315
2869317
2869319
2869322
2869323
2869324
2869325
2869326
2869327
2869328
2869329
2869331
2869332
2869333
2869334
2869335
2869336
2869337
2869341
2869342
2869347
2869348
2869355
2869357
2869358
2869359
2869365
2869366
2869368
2869369
2869371
2869374
2869376
2869377
2869379
2869381
2869382
2869384
2869385
2869386
2869388
2869389
2869390
2869392
2869396
2869397
2869403
2869404
2869406
2869413
2869418
2869420
2869422
2869426
2869429
2869430
2869432
2869437
2869438
2869439
2869441
2869442
2869443
2869444
2869446
2869448
2869449
2869451
2869452
2869455
2869457
2869459
2869460
2869461
2869462
2869463
2869465
2869469
2869470
2869471
2869473
2869476
2869481
2869482
2869484
2869485
2869487
2869493
2869497
2869498
2869499
2869501
2869505
2869506
2869509
2869511
2869514
2869519
2869522
2869524
2869525
2869528
2869529
2869530
2869531
2869532
2869535
2869538
2869539
2869541
2869551
2869553
2869554
2869555
2869556
2869557
2869558
2869559
2869560
2869562
2869563
2869564
2869568
2869573
2869589
2869590
2869595
2869598
2869599
2869601
2869603
2869605
2869609
2869612
2869613
2869614
2869617
2869618
2869620
2869622
2869623
2869625
2869629
2869632
2869634
2869635
2869637
2869642
2869643
2869650
2869652
2869654
2869655
2869656
2869659
2869669
2869670
2869671
2869674
2869676
2869679
2869680
2869684
2869687
2869689
2869690
2869697
2869698
2869700
2869701
2869703
2869704
2869707
2869708
2869710
2869711
2869712
2869715
2869720
2869721
2869725
2869730
2869735
2869736
2869741
2869742
2869743
2869747
2869753
2869755
2869758
2869761
2869765
2869767
2869771
2869776
2869780
2869781
2869783
2869784
2869785
2869786
2869787
2869788
2869792
2869793
2869797
2869799
2869801
2869806
2869808
2869810
2869811
2869815
2869816
2869818
2869819
2869821
2869823
2869827
2869830
2869831
2869832
2869837
2869838
2869841
2869843
2869844
2869846
2869851
2869852
2869854
2869855
2869856
2869857
2869858
2869859
2869860
2869861
2869863
2869866
2869867
2869868
2869870
2869872
2869875
2869876
2869883
2869884
2869889
2869890
2869891
2869892
2869893
2869895
2869899
2869907
2869910
2869913
2869915
2869921
2869922
2869925
2869928
2869930
2869932
2869936
2869938
2869939
2869947
2869948
2869949
2869950
2869951
2869953
2869955
2869956
2869957
2869959
2869960
2869963
2869964
2869967
2869968
2869970
2869972
2869977
2869978
2869980
2869982
2869983
2869986
2869988
2869990
2869993
2869994
2869995
2869998
2870001
2870005
2870014
2870025
2870029
2870031
2870033
2870039
2870043
2870044
2870046
2870049
2870050
2870051
2870053
2870055
2870056
2870057
2870058
2870064
2870066
2870068
2870070
2870072
2870073
2870079
2870083
2870096
2870097
2870098
2870099
2870100
2870103
2870107
2870109
2870114
2870124
2870125
2870126
2870127
2870136
2870137
2870139
2870140
2870141
2870142
2870145
2870147
2870151
2870153
2870156
2870161
2870164
2870166
2870167
2870169
2870173
2870174
2870182
2870183
2870186
2870191
2870192
2870193
2870194
2870195
2870201
2870206
2870214
2870215
2870217
2870219
2870220
2870221
2870223
2870224
2870226
2870230
2870231
2870234
2870235
2870237
2870238
2870239
2870241
2870242
2870243
2870244
2870249
2870252
2870255
2870262
2870263
2870264
2870266
2870270
2870271
2870272
2870280
2870284
2870285
2870290
2870297
2870298
2870302
2870306
2870309
2870311
2870316
2870319
2870322
2870323
2870325
2870327
2870329
2870330
2870331
2870332
2870335
2870336
2870340
2870342
2870343
2870347
2870348
2870350
2870351
2870352
2870361
2870368
2870371
2870372
2870381
2870385
2870386
2870388
2870389
2870392
2870393
2870400
2870402
2870404
2870405
2870406
2870407
2870408
2870412
2870413
2870415
2870417
2870418
2870419
2870423
2870424
2870425
2870432
2870443
2870445
2870447
2870448
2870450
2870451
2870452
2870454
2870460
2870461
2870462
2870464
2870467
2870471
2870476
2870477
2870483
2870486
2870495
2870496
2870497
2870499
2870500
2870504
2870511
2870512
2870516
2870521
2870522
2870524
2870525
2870532
2870534
2870538
2870539
2870541
2870543
2870545
2870548
2870550
2870551
2870554
2870555
2870561
2870565
2870567
2870568
2870569
2870571
2870575
2870577
2870578
2870579
2870585
2870586
2870590
2870592
2870596
2870598
2870600
2870605
2870610
2870614
2870615
2870617
2870620
2870622
2870623
2870631
2870633
2870636
2870643
2870644
2870659
2870660
2870662
2870665
2870666
2870671
2870674
2870675
2870677
2870678
2870679
2870682
2870683
2870687
2870693
2870696
2870697
2870698
2870700
2870702
2870703
2870710
2870711
2870714
2870721
2870724
2870726
2870731
2870735
2870736
2870740
2870743
2870745
2870746
2870749
2870751
2870754
2870755
2870757
2870759
2870761
2870769
2870772
2870774
2870776
2870777
2870781
2870789
2870790
2870799
2870801
2870804
2870806
2870807
2870808
2870817
2870818
2870819
2870820
2870827
2870829
2870834
2870837
2870839
2870847
2870848
2870851
2870854
2870863
2870865
2870867
2870868
2870870
2870871
2870873
2870874
2870877
2870881
2870882
2870883
2870884
2870886
2870887
2870890
2870891
2870892
2870893
2870895
2870896
2870900
2870902
2870904
2870908
2870914
2870919
2870921
2870923
2870924
2870925
2870929
2870932
2870934
2870935
2870937
2870938
2870944
2870947
2870952
2870954
2870959
2870962
2870966
2870969
2870971
2870972
2870976
2870978
2870995
2870999
2871000
2871001
2871004
2871006
2871007
2871008
2871014
2871016
2871029
2871030
2871031
2871032
2871042
2871044
2871051
2871053
2871056
2871061
2871062
2871063
2871064
2871065
2871068
2871069
2871071
2871072
2871085
2871086
2871087
2871090
2871091
2871096
2871099
2871100
2871101
2871104
2871105
2871107
2871111
2871113
2871119
2871121
2871123
2871125
2871129
2871137
2871138
2871148
2871149
2871152
2871153
2871156
2871159
2871161
2871164
2871165
2871166
2871167
2871169
2871170
2871174
2871176
2871178
2871180
2871181
2871183
2871185
2871187
2871190
2871191
2871192
2871199
2871201
2871206
2871211
2871212
2871213
2871216
2871218
2871222
2871224
2871225
2871227
2871228
2871234
2871236
2871240
2871241
2871244
2871249
2871250
2871254
2871258
2871266
2871267
2871269
2871270
2871271
2871273
2871274
2871275
2871277
2871279
2871280
2871290
2871291
2871296
2871298
2871306
2871307
2871309
2871313
2871314
2871315
2871324
2871325
2871327
2871329
2871333
2871335
2871341
2871342
2871344
2871345
2871346
2871347
2871350
2871353
2871356
2871358
2871362
2871363
2871365
2871366
2871367
2871373
2871375
2871376
2871379
2871381
2871382
2871384
2871385
2871389
2871391
2871392
2871393
2871394
2871399
2871400
2871401
2871402
2871403
2871405
2871406
2871408
2871412
2871413
2871414
2871417
2871420
2871422
2871423
2871426
2871428
2871432
2871435
2871437
2871439
2871440
2871442
2871444
2871445
2871447
2871449
2871450
2871452
2871456
2871458
2871459
2871462
2871463
2871464
2871465
2871467
2871468
2871471
2871476
2871477
2871478
2871479
2871483
2871486
2871487
2871489
2871493
2871495
2871496
2871499
2871502
2871507
2871508
2871510
2871512
2871514
2871517
2871518
2871519
2871520
2871522
2871523
2871524
2871525
2871526
2871531
2871534
2871535
2871540
2871542
2871543
2871546
2871549
2871550
2871557
2871558
2871564
2871566
2871571
2871573
2871577
2871582
2871584
2871587
2871588
2871589
2871590
2871591
2871595
2871597
2871600
2871603
2871605
2871611
2871612
2871614
2871616
2871617
2871619
2871620
2871625
2871635
2871638
2871639
2871640
2871643
2871644
2871652
2871653
2871656
2871659
2871660
2871662
2871663
2871667
2871670
2871671
2871672
2871674
2871675
2871678
2871679
2871681
2871685
2871691
2871698
2871700
2871703
2871704
2871709
2871718
2871719
2871731
2871732
2871733
2871735
2871736
2871738
2871739
2871740
2871743
2871746
2871750
2871751
2871752
2871755
2871757
2871761
2871763
2871764
2871765
2871766
2871767
2871768
2871769
2871770
2871771
2871773
2871775
2871782
2871787
2871791
2871792
2871793
2871794
2871797
2871799
2871800
2871805
2871806
2871807
2871810
2871812
2871818
2871821
2871822
2871823
2871825
2871827
2871828
2871831
2871838
2871850
2871851
2871854
2871855
2871856
2871857
2871859
2871866
2871871
2871880
2871881
2871882
2871883
2871884
2871889
2871890
2871898
2871906
2871907
2871908
2871909
2871916
2871918
2871919
2871920
2871922
2871923
2871929
2871930
2871935
2871937
2871938
2871939
2871940
2871944
2871949
2871950
2871953
2871954
2871955
2871956
2871959
2871964
2871965
2871971
2871972
2871973
2871974
2871975
2871977
2871980
2871981
2871982
2871983
2871984
2871986
2871995
2871996
2872001
2872002
2872004
2872011
2872013
2872015
2872017
2872018
2872020
2872021
2872022
2872024
2872025
2872027
2872031
2872033
2872035
2872039
2872045
2872046
2872049
2872050
2872051
2872055
2872061
2872068
2872069
2872070
2872071
2872072
2872074
2872078
2872080
2872088
2872091
2872093
2872099
2872102
2872103
2872104
2872105
2872108
2872110
2872116
2872119
2872120
2872121
2872123
2872124
2872125
2872131
2872132
2872137
2872153
2872154
2872159
2872163
2872164
2872165
2872167
2872168
2872169
2872170
2872174
2872178
2872179
2872180
2872184
2872185
2872186
2872187
2872190
2872192
2872195
2872198
2872199
2872200
2872202
2872213
2872214
2872215
2872217
2872221
2872222
2872224
2872225
2872228
2872230
2872231
2872240
2872242
2872249
2872250
2872251
2872252
2872254
2872258
2872260
2872264
2872266
2872267
2872272
2872280
2872281
2872282
2872283
2872293
2872294
2872301
2872303
2872306
2872308
2872310
2872312
2872314
2872315
2872316
2872323
2872326
2872333
2872335
2872337
2872338
2872339
2872343
2872344
2872347
2872354
2872356
2872366
2872367
2872368
2872369
2872370
2872372
2872374
2872375
2872380
2872382
2872385
2872386
2872387
2872388
2872389
2872390
2872392
2872394
2872397
2872398
2872399
2872400
2872404
2872406
2872410
2872415
2872416
2872418
2872419
2872424
2872425
2872426
2872432
2872434
2872436
2872437
2872438
2872440
2872445
2872446
2872447
2872449
2872451
2872452
2872456
2872458
2872462
2872463
2872465
2872466
2872467
2872470
2872474
2872476
2872484
2872486
2872488
2872489
2872494
2872496
2872497
2872504
2872505
2872510
2872514
2872515
2872516
2872518
2872524
2872525
2872527
2872534
2872538
2872540
2872545
2872546
2872547
2872550
2872551
2872552
2872557
2872559
2872561
2872562
2872563
2872565
2872568
2872569
2872570
2872574
2872577
2872582
2872583
2872586
2872592
2872593
2872597
2872599
2872607
2872608
2872613
2872614
2872617
2872619
2872623
2872626
2872627
2872628
2872629
2872631
2872636
2872638
2872640
2872641
2872643
2872648
2872649
2872650
2872651
2872652
2872659
2872661
2872663
2872668
2872669
2872670
2872671
2872673
2872674
2872675
2872684
2872686
2872691
2872692
2872693
2872695
2872696
2872697
2872698
2872701
2872707
2872708
2872709
2872711
2872712
2872713
2872718
2872719
2872734
2872736
2872738
2872739
2872742
2872744
2872745
2872748
2872749
2872751
2872754
2872755
2872758
2872761
2872762
2872763
2872769
2872774
2872775
2872776
2872780
2872781
2872782
2872786
2872796
2872800
2872801
2872806
2872808
2872809
2872811
2872812
2872820
2872821
2872822
2872824
2872829
2872830
2872832
2872835
2872837
2872838
2872841
2872842
2872847
2872848
2872849
2872854
2872855
2872857
2872858
2872859
2872864
2872866
2872868
2872869
2872873
2872874
2872876
2872879
2872880
2872881
2872886
2872887
2872889
2872890
2872895
2872896
2872897
2872899
2872900
2872909
2872913
2872917
2872938
2872942
2872946
2872950
2872954
2872955
2872956
2872957
2872958
2872959
2872960
2872961
2872962
2872963
2872964
2872965
2872969
2872975
2872979
2872983
2872989
2872993
2873001
2873002
2873003
2873004
2873005
2873006
2873007
2873008
2873009
2873010
2873013
2873014
2873016
2873017
2873018
2873019
2873020
2873030
2873034
2873035
2873037
2873041
2873042
2873044
2873048
2873052
2873058
2873059
2873066
2873070
2873071
2873072
2873073
2873074
2873075
2873078
2873079
2873082
2873083
2873086
2873089
2873091
2873092
2873094
2873096
2873103
2873106
2873107
2873108
2873109
2873111
2873115
2873120
2873121
2873124
2873126
2873129
2873139
2873142
2873145
2873148
2873150
2873151
2873156
2873161
2873164
2873165
2873167
2873181
2873184
2873186
2873187
2873191
2873195
2873197
2873199
2873200
2873202
2873203
2873206
2873209
2873210
2873214
2873215
2873216
2873218
2873219
2873221
2873222
2873227
2873233
2873239
2873245
2873247
2873254
2873257
2873259
2873263
2873264
2873266
2873267
2873268
2873274
2873276
2873279
2873281
2873282
2873294
2873295
2873296
2873297
2873300
2873302
2873303
2873305
2873306
2873307
2873318
2873319
2873321
2873322
2873323
2873327
2873331
2873332
2873335
2873336
2873343
2873353
2873355
2873358
2873359
2873360
2873362
2873368
2873371
2873372
2873376
2873377
2873379
2873383
2873384
2873390
2873392
2873395
2873396
2873398
2873401
2873402
2873405
2873410
2873420
2873421
2873422
2873424
2873427
2873430
2873438
2873439
2873445
2873449
2873452
2873453
2873454
2873457
2873458
2873459
2873463
2873464
2873466
2873469
2873472
2873473
2873476
2873477
2873484
2873485
2873486
2873487
2873495
2873496
2873497
2873502
2873509
2873511
2873515
2873516
2873518
2873534
2873535
2873536
2873538
2873539
2873550
2873551
2873552
2873553
2873554
2873555
2873556
2873557
2873558
2873559
2873561
2873562
2873563
2873564
2873565
2873568
2873570
2873572
2873577
2873580
2873584
2873589
2873590
2873591
2873592
2873594
2873596
2873599
2873600
2873603
2873606
2873607
2873609
2873610
2873614
2873618
2873619
2873621
2873622
2873624
2873625
2873627
2873629
2873632
2873633
2873639
2873641
2873642
2873644
2873645
2873656
2873658
2873664
2873667
2873668
2873672
2873674
2873675
2873680
2873681
2873684
2873686
2873687
2873689
2873691
2873694
2873698
2873699
2873703
2873706
2873708
2873710
2873711
2873713
2873715
2873718
2873719
2873720
2873721
2873722
2873723
2873724
2873725
2873726
2873728
2873729
2873730
2873732
2873734
2873736
2873737
2873746
2873748
2873751
2873758
2873759
2873761
2873762
2873764
2873766
2873767
2873769
2873770
2873772
2873775
2873776
2873777
2873786
2873791
2873793
2873798
2873800
2873801
2873803
2873804
2873806
2873810
2873812
2873819
2873820
2873826
2873827
2873828
2873830
2873831
2873832
2873833
2873835
2873837
2873841
2873844
2873849
2873855
2873856
2873859
2873865
2873866
2873867
2873868
2873869
2873871
2873872
2873873
2873874
2873876
2873877
2873878
2873880
2873883
2873884
2873889
2873890
2873891
2873893
2873894
2873899
2873902
2873907
2873909
2873910
2873913
2873918
2873920
2873922
2873923
2873929
2873931
2873937
2873941
2873944
2873948
2873951
2873952
2873956
2873958
2873962
2873963
2873965
2873970
2873971
2873972
2873979
2873984
2873985
2873990
2873991
2873994
2873995
2873996
2873999
2874001
2874002
2874004
2874005
2874007
2874009
2874012
2874013
2874015
2874026
2874028
2874031
2874032
2874033
2874034
2874035
2874037
2874038
2874039
2874043
2874045
2874047
2874048
2874050
2874052
2874053
2874054
2874056
2874057
2874058
2874059
2874060
2874067
2874068
2874071
2874073
2874074
2874075
2874076
2874079
2874081
2874084
2874086
2874087
2874089
2874091
2874092
2874093
2874095
2874096
2874097
2874101
2874104
2874106
2874108
2874111
2874113
2874114
2874115
2874120
2874121
2874122
2874124
2874127
2874128
2874129
2874131
2874132
2874133
2874143
2874144
2874147
2874151
2874155
2874156
2874160
2874161
2874166
2874168
2874171
2874174
2874179
2874183
2874190
2874191
2874198
2874200
2874204
2874205
2874206
2874207
2874208
2874209
2874211
2874213
2874216
2874219
2874225
2874227
2874232
2874234
2874239
2874240
2874241
2874242
2874243
2874245
2874246
2874261
2874264
2874265
2874267
2874269
2874272
2874276
2874279
2874280
2874281
2874285
2874286
2874288
2874290
2874292
2874293
2874295
2874296
2874297
2874298
2874300
2874301
2874303
2874306
2874308
2874311
2874312
2874313
2874319
2874322
2874328
2874329
2874331
2874333
2874340
2874341
2874342
2874345
2874355
2874356
2874357
2874358
2874362
2874366
2874367
2874374
2874375
2874377
2874379
2874382
2874385
2874386
2874389
2874391
2874400
2874401
2874404
2874406
2874407
2874410
2874413
2874416
2874418
2874420
2874421
2874423
2874424
2874425
2874426
2874429
2874431
2874435
2874436
2874437
2874438
2874442
2874444
2874446
2874447
2874450
2874451
2874455
2874457
2874460
2874461
2874467
2874468
2874469
2874470
2874475
2874478
2874479
2874484
2874486
2874494
2874497
2874498
2874500
2874504
2874505
2874506
2874510
2874512
2874516
2874517
2874519
2874520
2874522
2874523
2874525
2874527
2874529
2874530
2874531
2874532
2874534
2874537
2874547
2874551
2874554
2874555
2874556
2874559
2874560
2874561
2874562
2874563
2874564
2874565
2874567
2874574
2874580
2874583
2874585
2874587
2874589
2874592
2874593
2874597
2874599
2874600
2874602
2874603
2874604
2874606
2874608
2874613
2874614
2874615
2874617
2874618
2874619
2874628
2874630
2874634
2874635
2874638
2874640
2874641
2874642
2874643
2874644
2874645
2874646
2874647
2874654
2874655
2874657
2874658
2874663
2874666
2874668
2874669
2874673
2874675
2874678
2874679
2874683
2874684
2874685
2874686
2874688
2874692
2874695
2874697
2874700
2874715
2874725
2874728
2874729
2874730
2874731
2874732
2874733
2874734
2874735
2874736
2874741
2874743
2874744
2874748
2874749
2874750
2874751
2874752
2874756
2874757
2874758
2874763
2874766
2874767
2874771
2874774
2874775
2874782
2874783
2874785
2874786
2874787
2874797
2874801
2874806
2874809
2874811
2874814
2874815
2874819
2874820
2874823
2874824
2874825
2874831
2874835
2874836
2874837
2874839
2874848
2874849
2874855
2874860
2874862
2874863
2874864
2874866
2874867
2874872
2874878
2874882
2874885
2874886
2874891
2874893
2874894
2874899
2874904
2874907
2874909
2874915
2874916
2874918
2874919
2874923
2874924
2874928
2874929
2874932
2874936
2874939
2874941
2874942
2874943
2874944
2874947
2874952
2874953
2874954
2874959
2874960
2874961
2874965
2874968
2874969
2874970
2874972
2874973
2874974
2874978
2874979
2874980
2874987
2874989
2874993
2874994
2874995
2874996
2875003
2875008
2875009
2875010
2875011
2875012
2875014
2875016
2875019
2875021
2875022
2875023
2875024
2875025
2875027
2875028
2875032
2875033
2875039
2875041
2875044
2875045
2875048
2875049
2875052
2875054
2875055
2875056
2875062
2875063
2875067
2875068
2875069
2875071
2875075
2875076
2875077
2875079
2875080
2875084
2875085
2875086
2875090
2875093
2875094
2875098
2875099
2875100
2875101
2875102
2875103
2875105
2875106
2875112
2875115
2875116
2875118
2875119
2875120
2875123
2875124
2875126
2875128
2875134
2875135
2875136
2875137
2875141
2875144
2875145
2875146
2875149
2875150
2875154
2875162
2875165
2875176
2875178
2875182
2875184
2875185
2875191
2875194
2875199
2875200
2875203
2875204
2875205
2875208
2875211
2875213
2875215
2875216
2875218
2875219
2875220
2875221
2875222
2875223
2875224
2875227
2875229
2875231
2875233
2875234
2875236
2875237
2875244
2875245
2875247
2875249
2875250
2875252
2875253
2875256
2875257
2875258
2875262
2875269
2875270
2875276
2875277
2875284
2875285
2875290
2875291
2875294
2875295
2875297
2875298
2875299
2875307
2875315
2875316
2875317
2875318
2875319
2875323
2875324
2875329
2875330
2875331
2875333
2875335
2875338
2875340
2875341
2875342
2875348
2875349
2875350
2875351
2875358
2875359
2875360
2875362
2875365
2875366
2875369
2875370
2875372
2875375
2875376
2875379
2875384
2875385
2875386
2875390
2875391
2875392
2875393
2875394
2875395
2875398
2875399
2875403
2875404
2875406
2875409
2875412
2875414
2875415
2875416
2875418
2875420
2875423
2875424
2875426
2875428
2875429
2875433
2875438
2875443
2875444
2875445
2875449
2875453
2875454
2875455
2875458
2875461
2875462
2875463
2875464
2875468
2875469
2875470
2875471
2875472
2875474
2875475
2875478
2875481
2875486
2875490
2875495
2875496
2875499
2875500
2875505
2875506
2875507
2875511
2875512
2875521
2875522
2875523
2875525
2875529
2875530
2875533
2875534
2875535
2875539
2875540
2875544
2875555
2875556
2875558
2875559
2875563
2875566
2875571
2875572
2875574
2875575
2875576
2875577
2875579
2875589
2875590
2875592
2875595
2875601
2875604
2875606
2875608
2875609
2875611
2875614
2875627
2875629
2875630
2875631
2875633
2875634
2875636
2875638
2875639
2875640
2875642
2875643
2875648
2875652
2875654
2875656
2875657
2875660
2875662
2875663
2875665
2875667
2875672
2875674
2875679
2875681
2875684
2875685
2875686
2875691
2875696
2875697
2875698
2875700
2875703
2875707
2875709
2875711
2875714
2875715
2875716
2875719
2875720
2875721
2875722
2875724
2875725
2875728
2875729
2875730
2875734
2875737
2875739
2875740
2875742
2875751
2875753
2875756
2875758
2875764
2875765
2875766
2875771
2875775
2875778
2875782
2875783
2875784
2875790
2875798
2875800
2875805
2875806
2875811
2875812
2875819
2875821
2875831
2875832
2875837
2875838
2875839
2875843
2875845
2875847
2875850
2875857
2875858
2875860
2875861
2875863
2875864
2875865
2875872
2875875
2875877
2875878
2875879
2875882
2875884
2875886
2875892
2875893
2875896
2875899
2875903
2875912
2875913
2875915
2875916
2875918
2875920
2875922
2875923
2875924
2875925
2875929
2875931
2875932
2875935
2875938
2875939
2875946
2875947
2875950
2875952
2875953
2875957
2875959
2875965
2875968
2875970
2875972
2875982
2875984
2875985
2875990
2875991
2875992
2875993
2875994
2875996
2875998
2876008
2876010
2876012
2876013
2876015
2876016
2876019
2876020
2876023
2876024
2876025
2876026
2876032
2876033
2876037
2876042
2876046
2876047
2876048
2876049
2876050
2876051
2876053
2876054
2876061
2876065
2876067
2876069
2876074
2876077
2876080
2876082
2876083
2876090
2876091
2876092
2876093
2876095
2876096
2876097
2876098
2876100
2876101
2876104
2876105
2876107
2876111
2876112
2876114
2876115
2876119
2876123
2876126
2876129
2876131
2876136
2876137
2876138
2876139
2876140
2876141
2876142
2876145
2876149
2876152
2876154
2876155
2876157
2876158
2876159
2876161
2876162
2876163
2876167
2876172
2876173
2876179
2876180
2876181
2876183
2876184
2876187
2876188
2876191
2876192
2876193
2876194
2876196
2876197
2876199
2876202
2876205
2876207
2876208
2876211
2876212
2876215
2876220
2876221
2876224
2876226
2876230
2876232
2876233
2876234
2876238
2876239
2876245
2876256
2876258
2876259
2876260
2876262
2876264
2876265
2876266
2876267
2876271
2876276
2876277
2876283
2876290
2876293
2876294
2876296
2876298
2876311
2876312
2876314
2876321
2876324
2876332
2876333
2876334
2876335
2876336
2876339
2876340
2876347
2876349
2876351
2876357
2876360
2876364
2876367
2876370
2876373
2876374
2876375
2876380
2876384
2876385
2876387
2876388
2876389
2876391
2876395
2876396
2876397
2876398
2876399
2876400
2876402
2876403
2876405
2876406
2876409
2876410
2876413
2876414
2876415
2876416
2876418
2876419
2876423
2876424
2876427
2876435
2876441
2876443
2876444
2876445
2876447
2876448
2876450
2876451
2876453
2876454
2876456
2876458
2876459
2876460
2876462
2876463
2876469
2876475
2876479
2876483
2876485
2876489
2876491
2876492
2876494
2876497
2876498
2876499
2876500
2876503
2876504
2876506
2876507
2876511
2876513
2876515
2876516
2876517
2876518
2876521
2876522
2876525
2876528
2876530
2876531
2876537
2876538
2876540
2876542
2876546
2876548
2876549
2876550
2876551
2876555
2876561
2876563
2876564
2876570
2876572
2876573
2876576
2876582
2876598
2876603
2876604
2876605
2876606
2876610
2876611
2876612
2876614
2876615
2876616
2876619
2876620
2876621
2876623
2876624
2876627
2876639
2876641
2876642
2876643
2876644
2876646
2876649
2876651
2876652
2876653
2876654
2876655
2876660
2876663
2876665
2876669
2876674
2876682
2876684
2876689
2876690
2876698
2876701
2876712
2876714
2876717
2876718
2876721
2876723
2876724
2876727
2876731
2876732
2876735
2876736
2876737
2876738
2876740
2876744
2876748
2876749
2876750
2876751
2876753
2876754
2876758
2876760
2876764
2876765
2876766
2876767
2876769
2876772
2876773
2876778
2876781
2876784
2876789
2876791
2876794
2876796
2876797
2876800
2876801
2876804
2876807
2876808
2876811
2876819
2876820
2876823
2876826
2876827
2876828
2876829
2876833
2876835
2876836
2876838
2876839
2876845
2876846
2876848
2876852
2876856
2876859
2876861
2876864
2876865
2876866
2876867
2876868
2876872
2876876
2876877
2876878
2876880
2876881
2876882
2876883
2876885
2876886
2876887
2876890
2876891
2876894
2876898
2876899
2876901
2876902
2876904
2876915
2876918
2876920
2876921
2876922
2876923
2876926
2876927
2876929
2876930
2876931
2876932
2876938
2876948
2876949
2876950
2876951
2876952
2876953
2876954
2876960
2876962
2876967
2876968
2876970
2876971
2876974
2876976
2876977
2876978
2876979
2876981
2876982
2876983
2876986
2876987
2876991
2876992
2876994
2876998
2876999
2877000
2877001
2877004
2877005
2877009
2877010
2877011
2877014
2877015
2877018
2877019
2877020
2877021
2877022
2877026
2877028
2877032
2877033
2877035
2877038
2877041
2877042
2877043
2877044
2877045
2877048
2877050
2877052
2877053
2877055
2877057
2877065
2877066
2877068
2877069
2877070
2877073
2877074
2877076
2877077
2877079
2877080
2877081
2877083
2877084
2877085
2877089
2877090
2877091
2877092
2877094
2877097
2877098
2877099
2877100
2877101
2877102
2877104
2877110
2877119
2877121
2877125
2877128
2877129
2877133
2877136
2877139
2877140
2877146
2877156
2877159
2877160
2877161
2877165
2877166
2877172
2877174
2877180
2877184
2877187
2877191
2877194
2877197
2877198
2877207
2877208
2877210
2877211
2877219
2877223
2877224
2877226
2877228
2877229
2877232
2877233
2877234
2877238
2877240
2877241
2877242
2877243
2877244
2877246
2877248
2877253
2877256
2877257
2877261
2877264
2877269
2877270
2877271
2877273
2877274
2877275
2877285
2877291
2877292
2877294
2877297
2877298
2877299
2877303
2877308
2877309
2877312
2877315
2877319
2877323
2877327
2877329
2877331
2877333
2877335
2877342
2877343
2877345
2877347
2877348
2877349
2877351
2877352
2877353
2877354
2877356
2877357
2877359
2877360
2877361
2877363
2877364
2877369
2877370
2877371
2877372
2877373
2877377
2877380
2877381
2877382
2877384
2877386
2877390
2877391
2877394
2877396
2877397
2877398
2877400
2877401
2877405
2877406
2877407
2877408
2877412
2877413
2877420
2877421
2877423
2877425
2877430
2877431
2877432
2877440
2877441
2877442
2877444
2877448
2877449
2877453
2877454
2877455
2877456
2877460
2877468
2877469
2877478
2877481
2877484
2877486
2877488
2877489
2877492
2877496
2877497
2877499
2877500
2877501
2877503
2877507
2877508
2877511
2877514
2877518
2877520
2877521
2877522
2877524
2877525
2877526
2877530
2877531
2877535
2877536
2877537
2877538
2877539
2877546
2877548
2877549
2877550
2877554
2877555
2877557
2877558
2877559
2877561
2877562
2877563
2877564
2877565
2877567
2877568
2877569
2877570
2877571
2877573
2877574
2877576
2877577
2877581
2877582
2877586
2877587
2877588
2877591
2877592
2877593
2877595
2877601
2877602
2877603
2877608
2877611
2877612
2877614
2877615
2877617
2877619
2877624
2877626
2877628
2877629
2877630
2877633
2877636
2877637
2877638
2877639
2877640
2877643
2877644
2877646
2877647
2877655
2877656
2877662
2877663
2877665
2877666
2877667
2877670
2877674
2877675
2877676
2877677
2877678
2877697
2877701
2877705
2877707
2877708
2877712
2877713
2877714
2877719
2877728
2877729
2877732
2877733
2877739
2877740
2877741
2877743
2877744
2877746
2877747
2877750
2877753
2877756
2877759
2877764
2877765
2877766
2877770
2877775
2877776
2877777
2877783
2877785
2877789
2877794
2877795
2877797
2877799
2877800
2877803
2877804
2877805
2877807
2877808
2877809
2877810
2877811
2877812
2877813
2877818
2877819
2877820
2877821
2877822
2877823
2877828
2877829
2877830
2877840
2877842
2877843
2877846
2877847
2877851
2877853
2877860
2877862
2877866
2877867
2877871
2877872
2877876
2877877
2877882
2877883
2877892
2877895
2877896
2877897
2877899
2877900
2877902
2877909
2877911
2877914
2877917
2877921
2877922
2877923
2877924
2877926
2877927
2877929
2877931
2877933
2877934
2877936
2877937
2877942
2877943
2877944
2877947
2877952
2877956
2877959
2877963
2877965
2877966
2877967
2877970
2877977
2877979
2877982
2877984
2877990
2877992
2877994
2877995
2878000
2878002
2878004
2878005
2878006
2878012
2878014
2878015
2878016
2878018
2878021
2878022
2878032
2878034
2878035
2878043
2878045
2878046
2878047
2878053
2878056
2878057
2878060
2878062
2878068
2878069
2878070
2878072
2878082
2878085
2878086
2878088
2878090
2878097
2878098
2878099
2878107
2878110
2878114
2878118
2878119
2878131
2878134
2878135
2878138
2878146
2878150
2878153
2878156
2878157
2878158
2878161
2878166
2878169
2878170
2878173
2878175
2878176
2878180
2878191
2878194
2878197
2878198
2878203
2878204
2878205
2878206
2878207
2878210
2878211
2878217
2878218
2878222
2878223
2878225
2878227
2878230
2878231
2878233
2878238
2878239
2878241
2878242
2878245
2878246
2878254
2878256
2878258
2878260
2878261
2878262
2878264
2878268
2878269
2878272
2878278
2878280
2878283
2878296
2878300
2878301
2878302
2878304
2878305
2878308
2878309
2878318
2878321
2878322
2878327
2878328
2878329
2878331
2878332
2878336
2878339
2878340
2878344
2878345
2878347
2878348
2878353
2878354
2878355
2878356
2878357
2878358
2878359
2878362
2878363
2878366
2878369
2878373
2878374
2878375
2878379
2878380
2878385
2878386
2878388
2878399
2878401
2878402
2878404
2878406
2878409
2878411
2878413
2878415
2878417
2878421
2878426
2878428
2878429
2878432
2878434
2878436
2878440
2878442
2878443
2878445
2878446
2878448
2878452
2878454
2878458
2878459
2878460
2878461
2878462
2878463
2878464
2878467
2878471
2878481
2878482
2878484
2878486
2878488
2878491
2878493
2878494
2878496
2878497
2878499
2878504
2878507
2878508
2878509
2878512
2878514
2878522
2878523
2878524
2878525
2878532
2878533
2878534
2878536
2878539
2878541
2878542
2878546
2878548
2878549
2878553
2878554
2878556
2878562
2878564
2878565
2878575
2878576
2878580
2878582
2878584
2878585
2878587
2878589
2878590
2878591
2878593
2878595
2878596
2878597
2878598
2878599
2878600
2878601
2878602
2878607
2878613
2878614
2878615
2878618
2878621
2878628
2878629
2878631
2878646
2878647
2878648
2878650
2878651
2878653
2878654
2878655
2878656
2878663
2878664
2878667
2878669
2878670
2878671
2878674
2878677
2878680
2878681
2878686
2878688
2878692
2878695
2878697
2878698
2878700
2878701
2878703
2878706
2878710
2878713
2878718
2878719
2878720
2878721
2878725
2878728
2878730
2878735
2878738
2878739
2878741
2878750
2878751
2878758
2878759
2878765
2878767
2878769
2878771
2878772
2878773
2878775
2878776
2878779
2878784
2878787
2878788
2878793
2878794
2878795
2878797
2878799
2878800
2878801
2878803
2878806
2878808
2878810
2878811
2878812
2878817
2878819
2878823
2878825
2878827
2878830
2878832
2878835
2878837
2878839
2878840
2878841
2878842
2878843
2878844
2878852
2878853
2878854
2878856
2878857
2878858
2878860
2878861
2878864
2878865
2878868
2878872
2878873
2878874
2878875
2878878
2878880
2878882
2878883
2878884
2878885
2878887
2878888
2878889
2878891
2878892
2878896
2878898
2878899
2878900
2878904
2878906
2878908
2878910
2878912
2878913
2878916
2878919
2878924
2878925
2878928
2878930
2878932
2878935
2878936
2878941
2878942
2878946
2878949
2878952
2878954
2878955
2878956
2878958
2878963
2878964
2878965
2878966
2878969
2878970
2878974
2878975
2878978
2878979
2878983
2878984
2878985
2878989
2878990
2878996
2878999
2879002
2879003
2879004
2879006
2879014
2879018
2879019
2879022
2879023
2879027
2879030
2879031
2879033
2879034
2879039
2879040
2879041
2879042
2879043
2879047
2879048
2879053
2879059
2879066
2879067
2879069
2879070
2879071
2879079
2879085
2879089
2879091
2879093
2879095
2879096
2879097
2879099
2879104
2879105
2879107
2879110
2879112
2879115
2879116
2879117
2879118
2879124
2879126
2879130
2879131
2879132
2879133
2879135
2879136
2879139
2879142
2879143
2879148
2879154
2879155
2879158
2879159
2879161
2879162
2879166
2879168
2879171
2879172
2879174
2879177
2879178
2879179
2879180
2879181
2879189
2879190
2879191
2879195
2879197
2879200
2879203
2879207
2879208
2879212
2879214
2879216
2879217
2879218
2879220
2879223
2879224
2879227
2879228
2879230
2879231
2879233
2879235
2879236
2879237
2879239
2879240
2879242
2879243
2879244
2879250
2879251
2879252
2879254
2879256
2879259
2879262
2879266
2879267
2879272
2879273
2879276
2879279
2879280
2879281
2879282
2879286
2879287
2879288
2879289
2879293
2879296
2879300
2879301
2879308
2879310
2879321
2879324
2879325
2879327
2879332
2879334
2879336
2879337
2879341
2879348
2879349
2879353
2879359
2879360
2879361
2879364
2879365
2879366
2879367
2879370
2879373
2879375
2879378
2879379
2879380
2879381
2879383
2879385
2879388
2879393
2879402
2879404
2879405
2879406
2879407
2879412
2879417
2879420
2879424
2879426
2879427
2879428
2879431
2879438
2879439
2879444
2879449
2879450
2879456
2879458
2879459
2879460
2879463
2879464
2879465
2879468
2879469
2879475
2879476
2879477
2879479
2879482
2879493
2879494
2879506
2879507
2879508
2879509
2879510
2879511
2879513
2879520
2879521
2879522
2879523
2879528
2879531
2879536
2879542
2879545
2879547
2879550
2879554
2879556
2879557
2879558
2879560
2879561
2879562
2879563
2879565
2879566
2879567
2879569
2879570
2879571
2879574
2879575
2879578
2879579
2879580
2879581
2879584
2879590
2879592
2879593
2879597
2879598
2879599
2879609
2879610
2879612
2879613
2879615
2879616
2879617
2879623
2879628
2879629
2879630
2879632
2879635
2879636
2879637
2879642
2879643
2879645
2879646
2879651
2879652
2879653
2879654
2879662
2879667
2879668
2879669
2879671
2879672
2879675
2879677
2879678
2879679
2879681
2879682
2879683
2879684
2879686
2879687
2879689
2879690
2879692
2879698
2879701
2879702
2879703
2879704
2879705
2879706
2879707
2879713
2879718
2879723
2879725
2879726
2879730
2879731
2879736
2879738
2879739
2879740
2879741
2879743
2879747
2879751
2879752
2879755
2879758
2879759
2879760
2879761
2879762
2879766
2879767
2879768
2879775
2879778
2879779
2879781
2879782
2879783
2879784
2879785
2879786
2879787
2879792
2879794
2879795
2879796
2879797
2879798
2879799
2879800
2879801
2879802
2879803
2879806
2879811
2879812
2879814
2879818
2879820
2879822
2879825
2879830
2879831
2879837
2879843
2879848
2879854
2879855
2879856
2879860
2879861
2879862
2879864
2879865
2879868
2879869
2879873
2879874
2879876
2879877
2879878
2879879
2879881
2879883
2879884
2879885
2879886
2879887
2879889
2879891
2879892
2879893
2879894
2879895
2879896
2879897
2879898
2879902
2879903
2879905
2879906
2879909
2879912
2879915
2879916
2879917
2879918
2879921
2879931
2879935
2879936
2879938
2879939
2879940
2879941
2879946
2879947
2879957
2879958
2879959
2879966
2879972
2879973
2879975
2879983
2879992
2879993
2879994
2879998
2880000
2880001
2880002
2880003
2880004
2880005
2880007
2880009
2880010
2880012
2880014
2880016
2880017
2880018
2880022
2880024
2880028
2880029
2880033
2880034
2880035
2880036
2880037
2880038
2880040
2880046
2880048
2880051
2880052
2880061
2880071
2880074
2880075
2880079
2880080
2880082
2880088
2880090
2880091
2880092
2880095
2880096
2880100
2880102
2880103
2880104
2880105
2880111
2880112
2880115
2880116
2880117
2880119
2880121
2880126
2880127
2880129
2880132
2880134
2880137
2880140
2880141
2880145
2880147
2880148
2880149
2880151
2880159
2880161
2880164
2880165
2880170
2880171
2880176
2880177
2880178
2880179
2880180
2880181
2880187
2880189
2880190
2880191
2880192
2880193
2880194
2880198
2880202
2880205
2880206
2880208
2880209
2880210
2880213
2880222
2880223
2880232
2880234
2880237
2880241
2880242
2880243
2880244
2880245
2880250
2880251
2880252
2880253
2880257
2880265
2880268
2880269
2880270
2880271
2880273
2880276
2880278
2880279
2880282
2880283
2880284
2880288
2880289
2880294
2880295
2880296
2880297
2880298
2880299
2880300
2880304
2880307
2880311
2880314
2880316
2880317
2880318
2880322
2880324
2880327
2880329
2880330
2880332
2880334
2880336
2880338
2880339
2880340
2880346
2880347
2880348
2880350
2880353
2880358
2880360
2880367
2880369
2880372
2880374
2880376
2880378
2880380
2880382
2880383
2880384
2880385
2880386
2880390
2880391
2880395
2880402
2880405
2880406
2880407
2880410
2880411
2880412
2880413
2880416
2880418
2880419
2880426
2880427
2880429
2880430
2880431
2880433
2880435
2880436
2880439
2880442
2880446
2880447
2880448
2880450
2880457
2880458
2880459
2880461
2880462
2880463
2880464
2880466
2880468
2880469
2880471
2880472
2880476
2880479
2880480
2880483
2880484
2880485
2880486
2880487
2880488
2880490
2880492
2880495
2880500
2880501
2880502
2880506
2880508
2880510
2880511
2880512
2880521
2880522
2880523
2880524
2880525
2880527
2880530
2880531
2880532
2880533
2880537
2880539
2880542
2880546
2880547
2880549
2880550
2880552
2880554
2880555
2880557
2880558
2880560
2880566
2880572
2880573
2880574
2880576
2880578
2880579
2880580
2880583
2880586
2880587
2880593
2880594
2880595
2880598
2880601
2880604
2880607
2880609
2880613
2880619
2880620
2880627
2880628
2880629
2880634
2880638
2880642
2880644
2880646
2880649
2880654
2880655
2880660
2880663
2880665
2880666
2880670
2880679
2880680
2880683
2880684
2880685
2880686
2880690
2880691
2880693
2880699
2880705
2880706
2880708
2880710
2880712
2880713
2880717
2880718
2880719
2880722
2880726
2880729
2880730
2880731
2880732
2880733
2880734
2880737
2880738
2880741
2880746
2880747
2880750
2880751
2880752
2880753
2880755
2880761
2880762
2880768
2880769
2880770
2880774
2880776
2880777
2880778
2880782
2880783
2880784
2880785
2880786
2880789
2880790
2880795
2880797
2880798
2880800
2880804
2880808
2880809
2880813
2880814
2880815
2880820
2880822
2880825
2880839
2880840
2880841
2880844
2880845
2880847
2880848
2880850
2880851
2880852
2880856
2880858
2880861
2880863
2880865
2880867
2880868
2880870
2880871
2880873
2880875
2880878
2880880
2880883
2880884
2880886
2880887
2880891
2880892
2880894
2880895
2880898
2880899
2880904
2880906
2880909
2880910
2880911
2880912
2880914
2880918
2880920
2880922
2880923
2880930
2880931
2880933
2880934
2880935
2880936
2880937
2880938
2880939
2880940
2880944
2880945
2880947
2880952
2880953
2880954
2880955
2880956
2880959
2880962
2880964
2880967
2880968
2880972
2880975
2880977
2880980
2880982
2880987
2880993
2880994
2880997
2881000
2881005
2881007
2881008
2881009
2881011
2881013
2881015
2881016
2881017
2881020
2881021
2881022
2881028
2881029
2881034
2881036
2881037
2881038
2881044
2881045
2881046
2881048
2881052
2881055
2881062
2881065
2881067
2881069
2881073
2881083
2881084
2881085
2881088
2881094
2881095
2881096
2881098
2881099
2881107
2881109
2881111
2881112
2881113
2881116
2881122
2881125
2881130
2881132
2881135
2881136
2881138
2881144
2881146
2881148
2881149
2881153
2881155
2881156
2881157
2881163
2881164
2881169
2881170
2881172
2881173
2881181
2881183
2881184
2881186
2881190
2881195
2881196
2881198
2881200
2881202
2881203
2881208
2881211
2881212
2881213
2881216
2881219
2881221
2881222
2881229
2881231
2881232
2881238
2881241
2881242
2881244
2881245
2881248
2881249
2881250
2881251
2881261
2881262
2881263
2881264
2881267
2881270
2881271
2881272
2881276
2881277
2881281
2881282
2881284
2881286
2881288
2881289
2881294
2881299
2881300
2881302
2881310
2881312
2881314
2881316
2881317
2881324
2881325
2881331
2881333
2881335
2881336
2881337
2881339
2881340
2881341
2881342
2881346
2881347
2881350
2881351
2881352
2881355
2881357
2881358
2881359
2881360
2881363
2881367
2881368
2881373
2881374
2881375
2881378
2881379
2881380
2881382
2881383
2881384
2881385
2881386
2881389
2881394
2881395
2881396
2881397
2881398
2881400
2881402
2881405
2881406
2881407
2881408
2881409
2881410
2881415
2881421
2881425
2881429
2881431
2881433
2881434
2881435
2881437
2881447
2881448
2881455
2881456
2881459
2881460
2881463
2881464
2881467
2881468
2881474
2881476
2881481
2881482
2881487
2881489
2881490
2881495
2881496
2881498
2881499
2881500
2881501
2881504
2881512
2881517
2881518
2881519
2881520
2881525
2881526
2881530
2881531
2881540
2881541
2881543
2881545
2881553
2881554
2881555
2881559
2881560
2881564
2881565
2881566
2881570
2881574
2881576
2881581
2881582
2881583
2881587
2881590
2881595
2881599
2881604
2881605
2881610
2881611
2881616
2881619
2881621
2881624
2881628
2881632
2881633
2881634
2881635
2881644
2881651
2881654
2881655
2881656
2881657
2881658
2881660
2881661
2881664
2881670
2881673
2881674
2881676
2881678
2881679
2881681
2881683
2881684
2881685
2881686
2881687
2881688
2881689
2881690
2881691
2881695
2881699
2881702
2881705
2881707
2881715
2881716
2881722
2881727
2881728
2881736
2881737
2881738
2881739
2881742
2881744
2881746
2881747
2881753
2881755
2881756
2881760
2881762
2881766
2881768
2881772
2881774
2881779
2881782
2881783
2881784
2881785
2881787
2881788
2881793
2881794
2881796
2881797
2881798
2881803
2881804
2881807
2881808
2881816
2881819
2881821
2881822
2881824
2881826
2881829
2881831
2881833
2881836
2881837
2881840
2881841
2881842
2881848
2881850
2881853
2881867
2881870
2881876
2881878
2881879
2881880
2881881
2881882
2881883
2881886
2881888
2881895
2881896
2881898
2881899
2881900
2881901
2881902
2881903
2881904
2881910
2881912
2881913
2881914
2881916
2881921
2881922
2881924
2881925
2881929
2881931
2881932
2881935
2881936
2881937
2881938
2881940
2881941
2881944
2881945
2881946
2881950
2881951
2881953
2881956
2881958
2881959
2881961
2881962
2881965
2881966
2881969
2881970
2881971
2881972
2881973
2881974
2881976
2881977
2881978
2881980
2881981
2881988
2881989
2881991
2881998
2882000
2882001
2882003
2882004
2882006
2882007
2882008
2882009
2882011
2882012
2882022
2882025
2882031
2882034
2882036
2882037
2882045
2882046
2882049
2882051
2882054
2882055
2882056
2882060
2882061
2882067
2882068
2882071
2882072
2882073
2882078
2882082
2882090
2882091
2882094
2882095
2882097
2882101
2882122
2882124
2882125
2882126
2882127
2882128
2882129
2882130
2882133
2882135
2882136
2882140
2882149
2882150
2882151
2882152
2882154
2882158
2882159
2882164
2882165
2882167
2882172
2882173
2882176
2882177
2882181
2882183
2882184
2882185
2882186
2882188
2882190
2882191
2882193
2882194
2882195
2882196
2882197
2882200
2882201
2882204
2882208
2882213
2882215
2882216
2882221
2882224
2882225
2882227
2882229
2882231
2882232
2882234
2882235
2882238
2882239
2882241
2882242
2882243
2882244
2882246
2882248
2882249
2882251
2882256
2882260
2882267
2882269
2882270
2882272
2882273
2882278
2882280
2882281
2882282
2882283
2882285
2882286
2882297
2882298
2882305
2882306
2882308
2882309
2882312
2882313
2882322
2882325
2882328
2882330
2882332
2882337
2882339
2882344
2882348
2882352
2882360
2882363
2882364
2882369
2882370
2882373
2882377
2882378
2882379
2882380
2882381
2882383
2882384
2882385
2882390
2882393
2882395
2882396
2882397
2882399
2882402
2882403
2882404
2882405
2882418
2882421
2882423
2882424
2882426
2882434
2882435
2882448
2882450
2882451
2882452
2882453
2882455
2882457
2882459
2882460
2882464
2882465
2882468
2882469
2882473
2882474
2882476
2882477
2882478
2882484
2882485
2882486
2882487
2882489
2882491
2882495
2882497
2882503
2882504
2882506
2882507
2882508
2882510
2882512
2882514
2882518
2882523
2882527
2882528
2882533
2882534
2882535
2882539
2882540
2882544
2882545
2882549
2882558
2882560
2882562
2882563
2882564
2882565
2882566
2882572
2882575
2882580
2882581
2882582
2882586
2882591
2882597
2882606
2882609
2882612
2882616
2882617
2882618
2882621
2882623
2882624
2882626
2882627
2882631
2882632
2882635
2882636
2882637
2882638
2882647
2882648
2882653
2882654
2882656
2882666
2882670
2882671
2882674
2882675
2882677
2882679
2882681
2882683
2882684
2882685
2882690
2882694
2882695
2882696
2882697
2882698
2882699
2882700
2882702
2882703
2882706
2882711
2882714
2882716
2882719
2882720
2882722
2882726
2882727
2882729
2882733
2882738
2882739
2882740
2882742
2882744
2882745
2882746
2882748
2882760
2882761
2882762
2882764
2882765
2882767
2882768
2882770
2882771
2882776
2882778
2882781
2882782
2882783
2882787
2882789
2882790
2882792
2882795
2882807
2882809
2882812
2882813
2882814
2882817
2882821
2882822
2882826
2882830
2882831
2882833
2882837
2882838
2882839
2882840
2882847
2882850
2882851
2882852
2882853
2882854
2882855
2882856
2882857
2882858
2882859
2882860
2882861
2882862
2882863
2882864
2882866
2882867
2882868
2882869
2882870
2882871
2882872
2882873
2882874
2882875
2882876
2882881
2882883
2882887
2882888
2882890
2882891
2882892
2882899
2882904
2882905
2882906
2882910
2882911
2882912
2882920
2882928
2882929
2882931
2882933
2882934
2882937
2882944
2882946
2882947
2882949
2882950
2882951
2882956
2882962
2882965
2882966
2882969
2882971
2882973
2882974
2882976
2882980
2882983
2882984
2882985
2882986
2882993
2882998
2882999
2883000
2883004
2883008
2883009
2883011
2883012
2883013
2883014
2883015
2883016
2883018
2883024
2883027
2883031
2883032
2883034
2883035
2883040
2883041
2883044
2883050
2883051
2883052
2883053
2883054
2883056
2883059
2883060
2883062
2883063
2883064
2883066
2883067
2883070
2883072
2883073
2883074
2883075
2883076
2883077
2883078
2883079
2883082
2883083
2883085
2883086
2883087
2883088
2883089
2883090
2883091
2883092
2883094
2883096
2883097
2883098
2883099
2883101
2883102
2883103
2883104
2883122
2883124
2883125
2883127
2883128
2883130
2883131
2883134
2883137
2883142
2883143
2883144
2883145
2883147
2883149
2883152
2883153
2883157
2883158
2883164
2883166
2883171
2883173
2883179
2883187
2883190
2883195
2883196
2883202
2883205
2883206
2883211
2883212
2883215
2883218
2883219
2883220
2883222
2883228
2883235
2883243
2883244
2883246
2883248
2883249
2883250
2883254
2883256
2883258
2883259
2883260
2883262
2883265
2883270
2883274
2883278
2883282
2883288
2883289
2883294
2883297
2883301
2883302
2883303
2883305
2883306
2883307
2883308
2883311
2883312
2883314
2883318
2883319
2883324
2883326
2883328
2883340
2883341
2883342
2883343
2883345
2883346
2883348
2883352
2883353
2883355
2883357
2883360
2883369
2883374
2883375
2883378
2883380
2883381
2883384
2883385
2883387
2883390
2883393
2883396
2883397
2883398
2883401
2883402
2883404
2883405
2883406
2883409
2883410
2883411
2883414
2883415
2883416
2883418
2883419
2883428
2883435
2883436
2883440
2883441
2883442
2883443
2883444
2883446
2883447
2883450
2883452
2883454
2883455
2883459
2883460
2883462
2883466
2883467
2883469
2883476
2883478
2883488
2883490
2883491
2883494
2883495
2883498
2883504
2883505
2883508
2883509
2883510
2883512
2883516
2883519
2883523
2883526
2883527
2883528
2883531
2883532
2883535
2883548
2883550
2883555
2883556
2883557
2883560
2883561
2883568
2883571
2883576
2883578
2883583
2883587
2883589
2883593
2883596
2883600
2883601
2883605
2883606
2883608
2883611
2883614
2883615
2883616
2883619
2883624
2883625
2883626
2883628
2883629
2883630
2883632
2883633
2883634
2883640
2883641
2883642
2883643
2883645
2883647
2883651
2883653
2883655
2883660
2883661
2883662
2883665
2883667
2883672
2883674
2883677
2883684
2883685
2883688
2883689
2883692
2883694
2883698
2883700
2883706
2883707
2883708
2883713
2883715
2883716
2883719
2883730
2883732
2883734
2883735
2883739
2883740
2883743
2883744
2883745
2883749
2883750
2883751
2883752
2883753
2883754
2883755
2883756
2883757
2883760
2883762
2883765
2883769
2883770
2883773
2883775
2883777
2883782
2883784
2883786
2883787
2883791
2883795
2883797
2883799
2883800
2883802
2883803
2883804
2883809
2883811
2883813
2883815
2883818
2883821
2883824
2883832
2883833
2883836
2883837
2883839
2883840
2883841
2883846
2883847
2883850
2883853
2883856
2883857
2883858
2883861
2883862
2883863
2883864
2883867
2883868
2883874
2883875
2883876
2883878
2883880
2883882
2883885
2883886
2883887
2883893
2883895
2883896
2883899
2883902
2883904
2883905
2883906
2883910
2883911
2883912
2883913
2883915
2883919
2883926
2883929
2883932
2883934
2883935
2883936
2883938
2883942
2883943
2883947
2883948
2883952
2883953
2883959
2883960
2883961
2883962
2883963
2883964
2883965
2883966
2883967
2883973
2883975
2883977
2883979
2883980
2883981
2883985
2883986
2883989
2883991
2883992
2883996
2883997
2883999
2884002
2884003
2884004
2884005
2884006
2884013
2884014
2884021
2884022
2884023
2884028
2884031
2884032
2884035
2884044
2884045
2884049
2884052
2884055
2884058
2884059
2884060
2884062
2884064
2884066
2884067
2884068
2884069
2884070
2884072
2884074
2884075
2884077
2884078
2884079
2884080
2884082
2884083
2884084
2884085
2884087
2884088
2884090
2884091
2884094
2884095
2884098
2884100
2884102
2884109
2884110
2884111
2884112
2884116
2884120
2884121
2884124
2884125
2884126
2884129
2884130
2884131
2884132
2884135
2884136
2884137
2884138
2884140
2884141
2884142
2884144
2884147
2884150
2884153
2884154
2884160
2884163
2884165
2884166
2884168
2884178
2884180
2884182
2884183
2884185
2884187
2884195
2884202
2884207
2884208
2884209
2884215
2884216
2884222
2884223
2884225
2884226
2884228
2884229
2884230
2884231
2884233
2884235
2884236
2884237
2884241
2884244
2884246
2884247
2884248
2884253
2884254
2884258
2884262
2884264
2884270
2884272
2884274
2884279
2884283
2884288
2884297
2884302
2884303
2884304
2884307
2884308
2884311
2884317
2884319
2884322
2884326
2884327
2884329
2884332
2884333
2884335
2884336
2884347
2884348
2884349
2884357
2884358
2884359
2884361
2884366
2884367
2884378
2884382
2884383
2884384
2884385
2884387
2884391
2884392
2884393
2884394
2884396
2884404
2884406
2884412
2884414
2884415
2884419
2884421
2884423
2884426
2884431
2884432
2884437
2884438
2884440
2884441
2884443
2884445
2884446
2884449
2884450
2884451
2884456
2884458
2884474
2884475
2884476
2884480
2884481
2884482
2884483
2884486
2884487
2884488
2884489
2884492
2884493
2884495
2884497
2884501
2884502
2884512
2884515
2884517
2884518
2884520
2884521
2884526
2884527
2884529
2884530
2884531
2884532
2884534
2884535
2884540
2884541
2884542
2884547
2884555
2884556
2884557
2884563
2884565
2884566
2884567
2884570
2884572
2884573
2884576
2884577
2884582
2884583
2884585
2884586
2884587
2884590
2884591
2884592
2884593
2884596
2884604
2884605
2884607
2884608
2884615
2884616
2884618
2884621
2884622
2884624
2884628
2884635
2884638
2884640
2884646
2884654
2884660
2884664
2884666
2884667
2884668
2884670
2884672
2884675
2884686
2884687
2884688
2884692
2884700
2884702
2884703
2884713
2884714
2884716
2884718
2884720
2884722
2884723
2884725
2884726
2884729
2884731
2884732
2884733
2884734
2884739
2884740
2884750
2884753
2884755
2884756
2884758
2884765
2884769
2884771
2884772
2884775
2884777
2884778
2884779
2884781
2884782
2884783
2884784
2884789
2884790
2884791
2884792
2884794
2884802
2884808
2884809
2884810
2884811
2884812
2884813
2884814
2884823
2884824
2884825
2884826
2884833
2884839
2884841
2884843
2884844
2884850
2884851
2884852
2884853
2884854
2884855
2884856
2884857
2884859
2884861
2884862
2884867
2884868
2884869
2884873
2884875
2884884
2884891
2884896
2884897
2884898
2884899
2884901
2884907
2884910
2884912
2884913
2884919
2884921
2884926
2884929
2884930
2884931
2884933
2884934
2884937
2884943
2884947
2884949
2884952
2884953
2884958
2884959
2884965
2884966
2884967
2884969
2884974
2884978
2884979
2884980
2884981
2884986
2884987
2884988
2884991
2884994
2884996
2884997
2885000
2885001
2885003
2885005
2885010
2885011
2885015
2885019
2885020
2885021
2885022
2885023
2885025
2885027
2885031
2885032
2885033
2885035
2885036
2885037
2885038
2885040
2885041
2885042
2885048
2885049
2885050
2885054
2885055
2885066
2885067
2885068
2885069
2885073
2885074
2885075
2885076
2885079
2885084
2885089
2885090
2885092
2885093
2885094
2885100
2885101
2885107
2885111
2885113
2885114
2885116
2885117
2885118
2885119
2885120
2885121
2885131
2885136
2885137
2885141
2885144
2885146
2885148
2885149
2885150
2885151
2885152
2885155
2885156
2885160
2885161
2885164
2885166
2885169
2885176
2885179
2885180
2885181
2885184
2885185
2885186
2885188
2885195
2885197
2885199
2885206
2885208
2885209
2885211
2885214
2885219
2885221
2885223
2885224
2885225
2885227
2885228
2885230
2885231
2885234
2885235
2885236
2885243
2885244
2885245
2885247
2885260
2885261
2885266
2885269
2885270
2885272
2885274
2885277
2885279
2885285
2885287
2885291
2885298
2885307
2885310
2885311
2885319
2885320
2885323
2885324
2885331
2885335
2885337
2885338
2885342
2885343
2885345
2885346
2885350
2885353
2885354
2885360
2885365
2885366
2885369
2885372
2885375
2885391
2885394
2885395
2885397
2885398
2885400
2885401
2885402
2885415
2885424
2885426
2885431
2885434
2885435
2885440
2885443
2885444
2885445
2885448
2885449
2885450
2885456
2885463
2885464
2885466
2885468
2885472
2885474
2885475
2885481
2885485
2885490
2885497
2885499
2885500
2885501
2885502
2885503
2885507
2885508
2885509
2885511
2885512
2885514
2885516
2885520
2885521
2885523
2885525
2885526
2885529
2885532
2885533
2885534
2885543
2885547
2885548
2885549
2885553
2885558
2885559
2885560
2885561
2885563
2885567
2885570
2885574
2885576
2885588
2885589
2885590
2885591
2885592
2885595
2885596
2885598
2885599
2885600
2885603
2885608
2885610
2885615
2885622
2885623
2885627
2885628
2885632
2885633
2885635
2885639
2885640
2885649
2885651
2885652
2885658
2885659
2885663
2885664
2885666
2885670
2885671
2885676
2885677
2885678
2885683
2885687
2885689
2885692
2885694
2885695
2885697
2885699
2885703
2885704
2885708
2885717
2885720
2885722
2885733
2885735
2885736
2885737
2885740
2885742
2885750
2885752
2885753
2885757
2885762
2885764
2885768
2885770
2885771
2885772
2885775
2885778
2885779
2885780
2885785
2885787
2885796
2885797
2885800
2885804
2885805
2885807
2885810
2885817
2885818
2885819
2885820
2885821
2885830
2885831
2885838
2885839
2885842
2885845
2885846
2885858
2885861
2885863
2885865
2885867
2885868
2885869
2885870
2885872
2885873
2885875
2885876
2885877
2885881
2885884
2885886
2885887
2885888
2885896
2885897
2885898
2885899
2885909
2885912
2885913
2885914
2885917
2885918
2885922
2885923
2885924
2885925
2885937
2885942
2885946
2885947
2885949
2885950
2885951
2885960
2885962
2885965
2885966
2885968
2885969
2885970
2885974
2885980
2885982
2885983
2885985
2885986
2885987
2885988
2885989
2885990
2885992
2885999
2886001
2886007
2886008
2886013
2886014
2886015
2886019
2886020
2886026
2886027
2886030
2886031
2886032
2886037
2886040
2886041
2886042
2886044
2886045
2886046
2886051
2886053
2886056
2886057
2886058
2886060
2886061
2886063
2886067
2886068
2886072
2886077
2886078
2886079
2886080
2886082
2886085
2886087
2886089
2886090
2886093
2886094
2886098
2886101
2886102
2886103
2886104
2886107
2886108
2886112
2886113
2886120
2886123
2886131
2886132
2886133
2886137
2886140
2886141
2886146
2886148
2886149
2886150
2886152
2886153
2886154
2886155
2886156
2886157
2886158
2886159
2886160
2886161
2886163
2886169
2886173
2886175
2886176
2886177
2886182
2886183
2886185
2886187
2886188
2886190
2886194
2886197
2886199
2886202
2886206
2886208
2886211
2886212
2886225
2886232
2886234
2886239
2886240
2886241
2886242
2886243
2886246
2886248
2886249
2886250
2886251
2886252
2886253
2886255
2886256
2886257
2886258
2886259
2886260
2886269
2886270
2886271
2886274
2886275
2886276
2886277
2886283
2886285
2886287
2886288
2886298
2886299
2886303
2886304
2886305
2886306
2886307
2886308
2886311
2886313
2886317
2886319
2886323
2886325
2886328
2886331
2886333
2886341
2886342
2886345
2886346
2886347
2886348
2886350
2886352
2886357
2886359
2886360
2886361
2886368
2886377
2886378
2886379
2886380
2886381
2886385
2886386
2886387
2886395
2886396
2886399
2886400
2886401
2886402
2886403
2886406
2886408
2886410
2886412
2886416
2886420
2886422
2886424
2886425
2886428
2886429
2886430
2886433
2886434
2886437
2886438
2886439
2886440
2886442
2886443
2886447
2886448
2886451
2886452
2886453
2886457
2886458
2886459
2886462
2886467
2886468
2886469
2886470
2886472
2886477
2886480
2886482
2886489
2886490
2886495
2886496
2886501
2886504
2886505
2886510
2886512
2886514
2886515
2886520
2886521
2886522
2886525
2886526
2886527
2886529
2886531
2886533
2886536
2886537
2886539
2886540
2886542
2886543
2886544
2886547
2886550
2886553
2886554
2886555
2886562
2886563
2886564
2886565
2886566
2886567
2886568
2886569
2886571
2886573
2886577
2886580
2886586
2886588
2886589
2886593
2886599
2886601
2886602
2886603
2886605
2886606
2886611
2886612
2886613
2886619
2886620
2886626
2886631
2886632
2886636
2886637
2886638
2886639
2886640
2886641
2886642
2886645
2886649
2886651
2886653
2886656
2886658
2886659
2886661
2886669
2886671
2886672
2886673
2886674
2886678
2886680
2886686
2886687
2886690
2886696
2886698
2886703
2886706
2886707
2886712
2886714
2886717
2886723
2886725
2886726
2886728
2886731
2886732
2886734
2886735
2886736
2886737
2886738
2886739
2886741
2886742
2886744
2886745
2886747
2886748
2886749
2886752
2886754
2886755
2886761
2886763
2886765
2886766
2886767
2886768
2886769
2886771
2886774
2886779
2886783
2886784
2886785
2886786
2886787
2886788
2886791
2886792
2886794
2886797
2886801
2886802
2886805
2886808
2886809
2886810
2886813
2886814
2886815
2886820
2886821
2886826
2886827
2886828
2886829
2886830
2886831
2886832
2886833
2886834
2886837
2886839
2886840
2886842
2886843
2886846
2886849
2886851
2886853
2886854
2886855
2886856
2886857
2886859
2886860
2886862
2886863
2886864
2886865
2886869
2886870
2886871
2886872
2886873
2886875
2886877
2886878
2886880
2886883
2886885
2886887
2886891
2886892
2886893
2886894
2886896
2886897
2886901
2886902
2886903
2886906
2886909
2886912
2886913
2886914
2886915
2886920
2886924
2886927
2886929
2886930
2886931
2886933
2886937
2886940
2886943
2886945
2886946
2886950
2886951
2886953
2886956
2886957
2886960
2886966
2886972
2886975
2886978
2886984
2886985
2886987
2886988
2886989
2886992
2886993
2886994
2886995
2886997
2886998
2887000
2887002
2887003
2887004
2887010
2887011
2887013
2887014
2887015
2887025
2887026
2887027
2887028
2887031
2887035
2887036
2887037
2887038
2887040
2887041
2887044
2887049
2887053
2887054
2887055
2887056
2887057
2887058
2887059
2887060
2887062
2887064
2887066
2887068
2887070
2887075
2887077
2887080
2887081
2887085
2887086
2887087
2887091
2887093
2887099
2887102
2887103
2887105
2887110
2887111
2887113
2887125
2887127
2887132
2887133
2887134
2887136
2887139
2887143
2887147
2887151
2887152
2887154
2887155
2887156
2887157
2887158
2887162
2887163
2887169
2887171
2887175
2887176
2887178
2887181
2887182
2887187
2887189
2887190
2887192
2887195
2887197
2887201
2887211
2887212
2887220
2887222
2887224
2887226
2887231
2887232
2887233
2887237
2887239
2887244
2887246
2887249
2887254
2887256
2887258
2887261
2887263
2887264
2887267
2887271
2887272
2887274
2887280
2887281
2887283
2887284
2887285
2887287
2887293
2887295
2887296
2887297
2887298
2887301
2887309
2887310
2887311
2887313
2887316
2887317
2887321
2887322
2887323
2887324
2887325
2887327
2887329
2887330
2887331
2887332
2887333
2887334
2887335
2887336
2887338
2887341
2887343
2887345
2887347
2887348
2887351
2887355
2887357
2887360
2887361
2887363
2887366
2887367
2887373
2887374
2887375
2887377
2887378
2887379
2887383
2887388
2887391
2887394
2887395
2887398
2887400
2887406
2887408
2887409
2887410
2887411
2887413
2887414
2887415
2887416
2887417
2887419
2887420
2887421
2887422
2887425
2887427
2887428
2887430
2887437
2887438
2887439
2887442
2887443
2887446
2887447
2887448
2887449
2887450
2887451
2887452
2887454
2887455
2887456
2887457
2887458
2887459
2887463
2887467
2887468
2887471
2887472
2887473
2887475
2887477
2887479
2887480
2887484
2887485
2887488
2887489
2887491
2887500
2887503
2887504
2887506
2887508
2887509
2887510
2887513
2887516
2887517
2887520
2887523
2887526
2887527
2887534
2887537
2887538
2887539
2887542
2887543
2887546
2887548
2887549
2887552
2887553
2887554
2887555
2887558
2887563
2887565
2887568
2887575
2887577
2887578
2887579
2887580
2887582
2887583
2887585
2887586
2887587
2887588
2887590
2887593
2887595
2887599
2887600
2887602
2887603
2887604
2887605
2887607
2887609
2887610
2887611
2887613
2887614
2887615
2887627
2887628
2887629
2887630
2887632
2887633
2887635
2887637
2887639
2887640
2887641
2887648
2887653
2887655
2887659
2887660
2887663
2887665
2887666
2887667
2887668
2887669
2887673
2887675
2887676
2887677
2887678
2887679
2887680
2887685
2887686
2887687
2887688
2887689
2887690
2887691
2887694
2887697
2887699
2887700
2887701
2887702
2887705
2887706
2887710
2887711
2887715
2887716
2887717
2887720
2887722
2887723
2887728
2887729
2887731
2887732
2887734
2887737
2887738
2887739
2887741
2887744
2887745
2887748
2887749
2887751
2887754
2887755
2887757
2887759
2887760
2887762
2887770
2887772
2887774
2887783
2887784
2887788
2887789
2887790
2887792
2887795
2887796
2887799
2887801
2887802
2887803
2887804
2887805
2887807
2887809
2887812
2887814
2887824
2887827
2887833
2887837
2887838
2887840
2887842
2887843
2887845
2887846
2887848
2887849
2887850
2887853
2887854
2887856
2887858
2887861
2887866
2887868
2887869
2887873
2887874
2887876
2887877
2887879
2887880
2887881
2887882
2887883
2887884
2887887
2887890
2887891
2887892
2887893
2887894
2887896
2887898
2887899
2887905
2887910
2887912
2887920
2887927
2887928
2887931
2887932
2887936
2887937
2887943
2887944
2887945
2887946
2887951
2887969
2887973
2887974
2887976
2887977
2887978
2887979
2887980
2887981
2887982
2887983
2887985
2887986
2887987
2887988
2887989
2887991
2887992
2887993
2887995
2887996
2888002
2888004
2888005
2888007
2888009
2888011
2888014
2888016
2888017
2888018
2888020
2888022
2888023
2888025
2888026
2888030
2888031
2888033
2888035
2888036
2888037
2888038
2888041
2888044
2888045
2888046
2888048
2888050
2888051
2888052
2888054
2888056
2888057
2888058
2888060
2888063
2888068
2888070
2888071
2888073
2888074
2888077
2888082
2888083
2888085
2888086
2888087
2888092
2888093
2888094
2888098
2888099
2888103
2888104
2888105
2888108
2888109
2888110
2888114
2888116
2888117
2888119
2888120
2888121
2888122
2888125
2888129
2888130
2888131
2888134
2888139
2888140
2888141
2888142
2888145
2888146
2888148
2888149
2888152
2888153
2888154
2888162
2888163
2888169
2888170
2888171
2888173
2888175
2888179
2888184
2888188
2888193
2888194
2888195
2888196
2888197
2888201
2888203
2888209
2888213
2888216
2888224
2888225
2888230
2888240
2888241
2888248
2888249
2888250
2888251
2888252
2888257
2888258
2888262
2888265
2888266
2888267
2888268
2888269
2888270
2888271
2888276
2888286
2888287
2888292
2888293
2888298
2888299
2888302
2888304
2888305
2888308
2888309
2888310
2888311
2888312
2888318
2888325
2888332
2888335
2888336
2888341
2888349
2888350
2888351
2888353
2888354
2888358
2888364
2888365
2888369
2888371
2888372
2888373
2888375
2888376
2888378
2888379
2888380
2888381
2888382
2888383
2888384
2888385
2888392
2888394
2888395
2888397
2888401
2888402
2888403
2888404
2888405
2888407
2888408
2888409
2888410
2888411
2888412
2888413
2888414
2888415
2888418
2888419
2888421
2888424
2888425
2888426
2888427
2888428
2888429
2888431
2888433
2888434
2888445
2888446
2888449
2888450
2888452
2888453
2888454
2888455
2888457
2888459
2888460
2888461
2888467
2888468
2888469
2888471
2888472
2888473
2888475
2888476
2888477
2888478
2888479
2888484
2888487
2888490
2888491
2888494
2888501
2888502
2888503
2888504
2888507
2888508
2888512
2888513
2888516
2888517
2888518
2888519
2888520
2888521
2888523
2888524
2888529
2888530
2888531
2888532
2888533
2888537
2888538
2888539
2888540
2888542
2888543
2888544
2888546
2888550
2888554
2888556
2888562
2888564
2888565
2888566
2888567
2888568
2888570
2888573
2888577
2888580
2888581
2888582
2888583
2888584
2888585
2888586
2888587
2888588
2888591
2888592
2888594
2888596
2888597
2888602
2888605
2888607
2888609
2888610
2888612
2888613
2888617
2888618
2888619
2888624
2888630
2888631
2888640
2888642
2888643
2888644
2888649
2888655
2888656
2888658
2888661
2888662
2888663
2888664
2888667
2888669
2888670
2888672
2888686
2888687
2888689
2888690
2888691
2888692
2888695
2888696
2888697
2888698
2888702
2888703
2888705
2888710
2888711
2888712
2888714
2888718
2888722
2888723
2888724
2888727
2888728
2888730
2888731
2888732
2888735
2888739
2888740
2888741
2888743
2888744
2888747
2888748
2888750
2888751
2888752
2888755
2888757
2888758
2888759
2888761
2888765
2888766
2888769
2888771
2888772
2888775
2888776
2888780
2888783
2888784
2888787
2888788
2888792
2888793
2888794
2888795
2888796
2888799
2888800
2888801
2888812
2888813
2888814
2888815
2888816
2888818
2888820
2888821
2888823
2888824
2888826
2888831
2888833
2888835
2888836
2888842
2888843
2888850
2888854
2888855
2888856
2888857
2888858
2888860
2888863
2888864
2888876
2888880
2888881
2888882
2888885
2888888
2888891
2888892
2888894
2888897
2888898
2888904
2888905
2888906
2888908
2888909
2888914
2888917
2888918
2888919
2888920
2888923
2888927
2888928
2888931
2888932
2888933
2888935
2888937
2888938
2888940
2888941
2888948
2888949
2888956
2888958
2888961
2888964
2888968
2888969
2888970
2888976
2888981
2888985
2888987
2888991
2888992
2888993
2888995
2888996
2888997
2888999
2889001
2889010
2889013
2889014
2889016
2889017
2889020
2889022
2889024
2889025
2889027
2889028
2889029
2889030
2889033
2889034
2889037
2889039
2889044
2889047
2889051
2889054
2889057
2889058
2889059
2889060
2889061
2889064
2889065
2889067
2889068
2889069
2889072
2889074
2889077
2889079
2889081
2889083
2889087
2889088
2889091
2889092
2889094
2889097
2889098
2889100
2889101
2889102
2889114
2889115
2889116
2889119
2889120
2889121
2889123
2889127
2889128
2889129
2889130
2889132
2889133
2889134
2889135
2889140
2889141
2889142
2889144
2889145
2889146
2889148
2889149
2889151
2889152
2889156
2889157
2889159
2889161
2889162
2889164
2889165
2889167
2889173
2889178
2889179
2889180
2889181
2889183
2889185
2889186
2889190
2889197
2889201
2889203
2889206
2889209
2889214
2889216
2889221
2889226
2889227
2889228
2889229
2889230
2889231
2889232
2889234
2889237
2889239
2889243
2889246
2889247
2889249
2889250
2889251
2889252
2889255
2889259
2889261
2889262
2889263
2889267
2889270
2889272
2889273
2889276
2889279
2889284
2889285
2889287
2889289
2889290
2889292
2889300
2889302
2889305
2889307
2889310
2889311
2889312
2889314
2889319
2889324
2889327
2889334
2889337
2889339
2889351
2889354
2889355
2889357
2889361
2889362
2889364
2889365
2889366
2889367
2889368
2889370
2889371
2889372
2889373
2889374
2889375
2889377
2889382
2889387
2889389
2889394
2889399
2889401
2889402
2889403
2889406
2889413
2889418
2889420
2889422
2889423
2889424
2889426
2889431
2889435
2889437
2889438
2889442
2889444
2889454
2889456
2889457
2889458
2889459
2889460
2889461
2889463
2889464
2889468
2889469
2889470
2889471
2889476
2889477
2889478
2889483
2889485
2889487
2889489
2889490
2889492
2889493
2889494
2889496
2889497
2889498
2889503
2889504
2889506
2889508
2889509
2889511
2889513
2889516
2889517
2889519
2889520
2889521
2889525
2889529
2889531
2889533
2889535
2889539
2889544
2889545
2889547
2889548
2889549
2889553
2889554
2889557
2889558
2889559
2889560
2889562
2889567
2889569
2889572
2889577
2889579
2889580
2889582
2889590
2889591
2889593
2889594
2889596
2889597
2889598
2889601
2889606
2889611
2889612
2889618
2889620
2889624
2889629
2889631
2889632
2889638
2889639
2889641
2889646
2889648
2889650
2889651
2889654
2889656
2889657
2889658
2889659
2889662
2889666
2889669
2889670
2889671
2889673
2889674
2889675
2889676
2889678
2889679
2889680
2889681
2889683
2889685
2889687
2889688
2889689
2889691
2889692
2889693
2889695
2889696
2889697
2889698
2889699
2889701
2889702
2889705
2889706
2889712
2889714
2889716
2889717
2889718
2889725
2889726
2889729
2889731
2889736
2889737
2889738
2889739
2889740
2889742
2889744
2889745
2889752
2889757
2889763
2889771
2889772
2889773
2889782
2889784
2889785
2889787
2889789
2889791
2889792
2889795
2889796
2889797
2889798
2889799
2889804
2889807
2889810
2889812
2889815
2889818
2889822
2889828
2889829
2889833
2889834
2889839
2889840
2889841
2889842
2889846
2889847
2889852
2889853
2889856
2889857
2889863
2889865
2889867
2889868
2889875
2889876
2889878
2889881
2889883
2889887
2889888
2889889
2889893
2889895
2889896
2889897
2889900
2889901
2889902
2889903
2889904
2889905
2889906
2889907
2889908
2889909
2889910
2889911
2889913
2889914
2889915
2889916
2889917
2889921
2889922
2889923
2889924
2889925
2889926
2889927
2889928
2889929
2889930
2889931
2889933
2889934
2889935
2889939
2889940
2889941
2889943
2889944
2889945
2889950
2889951
2889958
2889959
2889960
2889961
2889965
2889966
2889967
2889968
2889969
2889970
2889971
2889973
2889975
2889976
2889977
2889980
2889983
2889987
2889988
2889989
2889990
2889992
2889993
2889996
2889997
2889998
2890001
2890004
2890006
2890007
2890008
2890010
2890011
2890014
2890015
2890017
2890018
2890020
2890021
2890022
2890024
2890026
2890027
2890028
2890029
2890031
2890033
2890034
2890038
2890042
2890044
2890047
2890050
2890051
2890053
2890054
2890055
2890056
2890058
2890059
2890061
2890062
2890064
2890069
2890070
2890071
2890073
2890076
2890079
2890080
2890082
2890083
2890084
2890085
2890089
2890090
2890091
2890097
2890099
2890102
2890105
2890106
2890107
2890108
2890109
2890111
2890112
2890113
2890114
2890117
2890119
2890122
2890123
2890124
2890125
2890129
2890130
2890132
2890134
2890135
2890138
2890146
2890149
2890150
2890151
2890152
2890153
2890154
2890156
2890159
2890160
2890161
2890164
2890165
2890167
2890170
2890172
2890176
2890180
2890182
2890183
2890184
2890185
2890186
2890188
2890195
2890198
2890204
2890209
2890210
2890211
2890220
2890221
2890222
2890225
2890230
2890238
2890239
2890244
2890245
2890246
2890250
2890260
2890263
2890270
2890272
2890275
2890279
2890280
2890282
2890284
2890286
2890289
2890292
2890297
2890301
2890303
2890304
2890306
2890307
2890308
2890309
2890313
2890315
2890319
2890320
2890323
2890328
2890329
2890332
2890334
2890342
2890349
2890357
2890358
2890359
2890360
2890364
2890367
2890369
2890374
2890376
2890378
2890382
2890387
2890388
2890390
2890391
2890392
2890394
2890396
2890397
2890398
2890400
2890404
2890405
2890406
2890407
2890408
2890411
2890413
2890421
2890423
2890427
2890430
2890431
2890436
2890438
2890441
2890443
2890444
2890446
2890447
2890449
2890451
2890452
2890455
2890456
2890460
2890461
2890462
2890463
2890466
2890470
2890471
2890476
2890484
2890487
2890489
2890494
2890497
2890501
2890508
2890519
2890520
2890521
2890522
2890523
2890525
2890531
2890532
2890533
2890535
2890536
2890542
2890546
2890549
2890551
2890552
2890554
2890555
2890558
2890559
2890561
2890562
2890563
2890564
2890565
2890566
2890571
2890581
2890585
2890588
2890595
2890596
2890598
2890602
2890606
2890612
2890615
2890616
2890617
2890618
2890621
2890622
2890625
2890626
2890627
2890628
2890629
2890631
2890632
2890633
2890635
2890637
2890639
2890642
2890644
2890650
2890651
2890652
2890654
2890655
2890656
2890657
2890663
2890665
2890668
2890670
2890671
2890678
2890679
2890690
2890691
2890695
2890696
2890699
2890704
2890705
2890707
2890708
2890711
2890713
2890718
2890722
2890723
2890726
2890727
2890728
2890729
2890730
2890736
2890737
2890738
2890746
2890747
2890749
2890753
2890755
2890759
2890761
2890762
2890763
2890764
2890765
2890766
2890767
2890768
2890769
2890770
2890772
2890773
2890782
2890783
2890787
2890789
2890791
2890792
2890793
2890795
2890803
2890806
2890807
2890809
2890813
2890823
2890825
2890829
2890830
2890831
2890834
2890838
2890840
2890842
2890844
2890850
2890859
2890862
2890863
2890864
2890867
2890868
2890872
2890876
2890878
2890880
2890882
2890890
2890891
2890894
2890895
2890898
2890899
2890901
2890902
2890907
2890908
2890911
2890912
2890913
2890914
2890921
2890922
2890923
2890924
2890925
2890929
2890930
2890935
2890940
2890941
2890947
2890949
2890950
2890954
2890956
2890960
2890965
2890967
2890971
2890978
2890988
2890989
2891004
2891012
2891013
2891015
2891017
2891020
2891032
2891034
2891044
2891047
2891048
2891049
2891063
2891064
2891067
2891069
2891071
2891074
2891075
2891076
2891078
2891079
2891081
2891091
2891092
2891093
2891100
2891101
2891104
2891111
2891112
2891114
2891116
2891119
2891120
2891124
2891127
2891133
2891142
2891148
2891150
2891151
2891152
2891153
2891155
2891156
2891157
2891160
2891161
2891162
2891163
2891166
2891167
2891168
2891170
2891171
2891173
2891177
2891178
2891179
2891180
2891182
2891185
2891186
2891188
2891191
2891194
2891197
2891199
2891200
2891202
2891204
2891205
2891208
2891210
2891211
2891212
2891213
2891215
2891216
2891219
2891226
2891227
2891233
2891234
2891236
2891237
2891240
2891243
2891244
2891247
2891249
2891255
2891256
2891260
2891265
2891266
2891270
2891272
2891273
2891277
2891278
2891279
2891280
2891283
2891285
2891286
2891287
2891288
2891292
2891294
2891295
2891301
2891302
2891307
2891308
2891311
2891314
2891315
2891317
2891318
2891324
2891326
2891328
2891330
2891331
2891334
2891335
2891336
2891343
2891344
2891346
2891347
2891351
2891353
2891354
2891356
2891358
2891360
2891364
2891365
2891366
2891367
2891368
2891369
2891370
2891371
2891374
2891375
2891376
2891377
2891382
2891383
2891384
2891386
2891388
2891389
2891390
2891392
2891394
2891397
2891404
2891406
2891413
2891415
2891419
2891420
2891421
2891424
2891428
2891431
2891434
2891435
2891437
2891448
2891450
2891451
2891453
2891454
2891462
2891464
2891465
2891467
2891468
2891469
2891473
2891474
2891476
2891477
2891480
2891481
2891482
2891484
2891485
2891486
2891487
2891490
2891496
2891498
2891501
2891502
2891503
2891509
2891511
2891515
2891517
2891518
2891519
2891524
2891526
2891527
2891528
2891533
2891534
2891538
2891541
2891542
2891544
2891545
2891547
2891548
2891549
2891551
2891552
2891554
2891555
2891558
2891563
2891564
2891565
2891573
2891574
2891575
2891576
2891580
2891582
2891584
2891585
2891587
2891589
2891592
2891593
2891598
2891599
2891601
2891603
2891604
2891605
2891607
2891608
2891615
2891624
2891629
2891630
2891632
2891642
2891654
2891656
2891660
2891661
2891662
2891668
2891669
2891671
2891673
2891674
2891677
2891681
2891683
2891686
2891688
2891692
2891693
2891697
2891702
2891703
2891707
2891709
2891717
2891720
2891726
2891730
2891735
2891737
2891740
2891741
2891742
2891745
2891754
2891756
2891759
2891761
2891762
2891767
2891776
2891777
2891787
2891788
2891790
2891792
2891794
2891795
2891797
2891801
2891809
2891810
2891813
2891814
2891815
2891818
2891824
2891827
2891828
2891829
2891830
2891831
2891833
2891834
2891837
2891839
2891845
2891850
2891852
2891854
2891855
2891856
2891857
2891860
2891861
2891864
2891877
2891879
2891882
2891884
2891885
2891886
2891887
2891888
2891889
2891891
2891892
2891894
2891904
2891905
2891906
2891907
2891910
2891921
2891922
2891925
2891932
2891933
2891935
2891936
2891938
2891941
2891942
2891943
2891945
2891948
2891950
2891951
2891952
2891954
2891956
2891963
2891964
2891975
2891980
2891985
2891990
2891991
2891993
2891995
2891999
2892000
2892001
2892002
2892003
2892004
2892005
2892009
2892013
2892015
2892016
2892023
2892024
2892025
2892028
2892031
2892032
2892035
2892038
2892044
2892045
2892048
2892049
2892050
2892056
2892059
2892061
2892063
2892064
2892066
2892074
2892076
2892077
2892081
2892082
2892085
2892088
2892089
2892090
2892093
2892094
2892095
2892096
2892101
2892106
2892108
2892114
2892115
2892116
2892117
2892121
2892130
2892132
2892134
2892136
2892137
2892139
2892142
2892143
2892146
2892147
2892151
2892153
2892154
2892155
2892157
2892158
2892159
2892160
2892161
2892162
2892163
2892171
2892174
2892175
2892176
2892182
2892187
2892189
2892190
2892191
2892192
2892197
2892202
2892203
2892204
2892213
2892216
2892220
2892221
2892224
2892226
2892228
2892230
2892231
2892235
2892236
2892237
2892239
2892241
2892242
2892243
2892251
2892254
2892258
2892261
2892262
2892263
2892264
2892266
2892268
2892270
2892271
2892272
2892273
2892274
2892275
2892278
2892281
2892285
2892286
2892289
2892290
2892291
2892297
2892299
2892300
2892304
2892306
2892307
2892308
2892309
2892310
2892311
2892313
2892314
2892315
2892316
2892319
2892320
2892321
2892323
2892326
2892327
2892332
2892333
2892336
2892344
2892352
2892353
2892358
2892359
2892362
2892365
2892366
2892368
2892372
2892379
2892380
2892382
2892383
2892384
2892388
2892401
2892404
2892405
2892406
2892413
2892417
2892418
2892420
2892421
2892429
2892432
2892435
2892440
2892442
2892447
2892448
2892449
2892450
2892452
2892454
2892455
2892456
2892463
2892464
2892466
2892467
2892468
2892470
2892479
2892483
2892486
2892488
2892489
2892490
2892492
2892493
2892496
2892497
2892500
2892501
2892502
2892504
2892506
2892507
2892509
2892510
2892515
2892517
2892523
2892527
2892533
2892534
2892535
2892538
2892539
2892541
2892550
2892562
2892566
2892568
2892570
2892571
2892578
2892579
2892580
2892584
2892585
2892589
2892590
2892591
2892594
2892595
2892599
2892600
2892602
2892608
2892609
2892611
2892612
2892613
2892615
2892616
2892621
2892622
2892634
2892635
2892636
2892637
2892639
2892642
2892643
2892644
2892648
2892649
2892650
2892659
2892660
2892661
2892663
2892664
2892665
2892666
2892669
2892670
2892671
2892673
2892674
2892675
2892680
2892681
2892687
2892688
2892689
2892692
2892694
2892695
2892698
2892699
2892702
2892704
2892705
2892708
2892717
2892723
2892724
2892726
2892728
2892733
2892735
2892737
2892742
2892744
2892745
2892748
2892750
2892752
2892753
2892755
2892757
2892764
2892767
2892769
2892772
2892778
2892780
2892782
2892785
2892786
2892788
2892789
2892796
2892798
2892799
2892803
2892806
2892808
2892809
2892812
2892813
2892815
2892816
2892817
2892818
2892822
2892824
2892825
2892828
2892830
2892831
2892832
2892834
2892835
2892838
2892842
2892846
2892848
2892852
2892853
2892859
2892861
2892864
2892868
2892870
2892873
2892875
2892880
2892883
2892887
2892888
2892894
2892900
2892902
2892903
2892908
2892914
2892917
2892918
2892920
2892921
2892923
2892924
2892929
2892934
2892936
2892939
2892943
2892945
2892950
2892951
2892959
2892960
2892965
2892968
2892970
2892971
2892973
2892974
2892978
2892979
2892980
2892981
2892989
2892995
2893000
2893005
2893010
2893011
2893012
2893013
2893017
2893018
2893021
2893025
2893029
2893030
2893035
2893038
2893041
2893043
2893050
2893054
2893057
2893059
2893060
2893061
2893062
2893064
2893075
2893076
2893077
2893079
2893092
2893098
2893102
2893104
2893106
2893107
2893111
2893112
2893114
2893115
2893116
2893120
2893133
2893134
2893135
2893145
2893146
2893149
2893150
2893152
2893153
2893154
2893156
2893157
2893158
2893159
2893160
2893162
2893163
2893164
2893166
2893167
2893169
2893170
2893172
2893173
2893175
2893176
2893177
2893178
2893180
2893181
2893182
2893185
2893186
2893188
2893189
2893191
2893196
2893197
2893199
2893201
2893203
2893204
2893207
2893209
2893211
2893212
2893214
2893221
2893222
2893223
2893227
2893229
2893230
2893231
2893232
2893237
2893239
2893242
2893245
2893248
2893249
2893253
2893257
2893259
2893263
2893264
2893265
2893267
2893268
2893272
2893275
2893278
2893279
2893280
2893281
2893288
2893297
2893301
2893302
2893307
2893313
2893314
2893315
2893316
2893319
2893322
2893323
2893325
2893326
2893327
2893329
2893331
2893332
2893335
2893341
2893343
2893344
2893345
2893346
2893348
2893351
2893353
2893355
2893356
2893361
2893366
2893367
2893369
2893371
2893376
2893378
2893380
2893383
2893391
2893394
2893396
2893398
2893401
2893404
2893406
2893409
2893410
2893411
2893416
2893420
2893421
2893423
2893424
2893425
2893427
2893432
2893433
2893435
2893436
2893438
2893443
2893450
2893452
2893454
2893455
2893457
2893459
2893463
2893476
2893477
2893478
2893482
2893487
2893492
2893493
2893496
2893500
2893501
2893502
2893503
2893505
2893511
2893513
2893516
2893520
2893521
2893524
2893525
2893526
2893528
2893530
2893533
2893537
2893538
2893545
2893546
2893553
2893554
2893556
2893557
2893562
2893563
2893567
2893569
2893572
2893574
2893578
2893580
2893582
2893583
2893584
2893587
2893592
2893596
2893597
2893602
2893603
2893610
2893611
2893618
2893619
2893620
2893627
2893630
2893632
2893633
2893634
2893635
2893637
2893643
2893644
2893645
2893647
2893649
2893650
2893651
2893652
2893654
2893657
2893658
2893659
2893660
2893661
2893662
2893665
2893666
2893667
2893668
2893670
2893672
2893675
2893676
2893677
2893678
2893679
2893680
2893681
2893685
2893687
2893688
2893689
2893695
2893700
2893701
2893702
2893704
2893707
2893709
2893710
2893711
2893712
2893714
2893715
2893722
2893724
2893730
2893731
2893732
2893733
2893735
2893736
2893737
2893738
2893739
2893740
2893741
2893746
2893747
2893754
2893759
2893760
2893770
2893771
2893774
2893775
2893778
2893779
2893780
2893783
2893787
2893790
2893791
2893796
2893799
2893800
2893804
2893808
2893813
2893817
2893819
2893821
2893822
2893827
2893831
2893834
2893836
2893837
2893839
2893844
2893846
2893847
2893848
2893850
2893851
2893854
2893858
2893859
2893861
2893863
2893866
2893867
2893869
2893870
2893872
2893873
2893874
2893879
2893880
2893884
2893889
2893890
2893893
2893894
2893896
2893902
2893903
2893905
2893910
2893911
2893912
2893915
2893917
2893919
2893920
2893927
2893934
2893942
2893955
2893961
2893963
2893964
2893966
2893968
2893969
2893971
2893981
2893983
2893985
2893990
2893995
2893996
2893997
2893998
2893999
2894001
2894002
2894004
2894005
2894006
2894007
2894008
2894010
2894014
2894016
2894020
2894021
2894024
2894025
2894026
2894031
2894033
2894036
2894037
2894040
2894042
2894048
2894052
2894053
2894059
2894061
2894063
2894064
2894065
2894067
2894068
2894069
2894070
2894073
2894074
2894076
2894079
2894080
2894082
2894083
2894085
2894088
2894089
2894091
2894093
2894095
2894097
2894101
2894104
2894105
2894106
2894107
2894116
2894117
2894119
2894121
2894122
2894123
2894124
2894129
2894130
2894131
2894135
2894136
2894139
2894148
2894149
2894150
2894157
2894158
2894159
2894160
2894162
2894164
2894166
2894168
2894172
2894173
2894180
2894184
2894185
2894187
2894189
2894190
2894193
2894194
2894198
2894200
2894202
2894205
2894206
2894208
2894210
2894212
2894213
2894218
2894229
2894231
2894233
2894238
2894241
2894244
2894245
2894246
2894248
2894250
2894251
2894252
2894256
2894259
2894265
2894266
2894271
2894272
2894274
2894280
2894282
2894288
2894289
2894294
2894296
2894299
2894300
2894301
2894303
2894307
2894309
2894314
2894315
2894317
2894321
2894324
2894325
2894327
2894328
2894333
2894337
2894338
2894340
2894342
2894346
2894348
2894358
2894359
2894363
2894372
2894373
2894374
2894378
2894379
2894381
2894383
2894386
2894387
2894389
2894390
2894391
2894398
2894399
2894400
2894406
2894407
2894408
2894410
2894413
2894414
2894415
2894416
2894424
2894425
2894426
2894432
2894433
2894434
2894435
2894438
2894439
2894440
2894441
2894443
2894447
2894450
2894451
2894456
2894458
2894466
2894468
2894472
2894473
2894476
2894479
2894480
2894483
2894488
2894492
2894493
2894494
2894496
2894498
2894500
2894510
2894513
2894516
2894517
2894519
2894521
2894523
2894525
2894532
2894533
2894535
2894536
2894541
2894542
2894544
2894547
2894548
2894552
2894554
2894555
2894557
2894559
2894560
2894562
2894563
2894565
2894568
2894570
2894571
2894575
2894579
2894581
2894584
2894585
2894587
2894589
2894591
2894592
2894594
2894595
2894597
2894605
2894606
2894612
2894614
2894617
2894619
2894620
2894621
2894622
2894623
2894625
2894626
2894627
2894628
2894629
2894630
2894635
2894637
2894638
2894641
2894642
2894643
2894644
2894647
2894650
2894652
2894653
2894658
2894660
2894662
2894664
2894665
2894667
2894672
2894673
2894675
2894676
2894677
2894679
2894680
2894689
2894697
2894705
2894707
2894708
2894709
2894710
2894711
2894715
2894718
2894720
2894723
2894724
2894726
2894727
2894728
2894729
2894730
2894732
2894736
2894737
2894742
2894745
2894746
2894747
2894752
2894755
2894760
2894761
2894762
2894765
2894766
2894767
2894768
2894770
2894771
2894773
2894774
2894776
2894777
2894778
2894779
2894784
2894786
2894787
2894789
2894790
2894793
2894794
2894796
2894799
2894800
2894801
2894804
2894806
2894807
2894810
2894827
2894829
2894832
2894834
2894835
2894839
2894842
2894845
2894846
2894847
2894849
2894852
2894853
2894856
2894858
2894859
2894860
2894868
2894875
2894876
2894878
2894882
2894885
2894886
2894894
2894895
2894897
2894899
2894900
2894901
2894905
2894907
2894908
2894913
2894914
2894915
2894918
2894920
2894921
2894922
2894929
2894930
2894931
2894932
2894935
2894936
2894938
2894939
2894940
2894945
2894950
2894951
2894955
2894960
2894961
2894964
2894965
2894966
2894968
2894969
2894971
2894973
2894974
2894981
2894986
2894987
2894989
2894990
2894993
2895001
2895010
2895015
2895017
2895021
2895023
2895025
2895027
2895028
2895031
2895032
2895034
2895037
2895042
2895052
2895053
2895054
2895059
2895060
2895061
2895062
2895063
2895064
2895065
2895066
2895067
2895071
2895072
2895073
2895074
2895075
2895079
2895080
2895083
2895084
2895085
2895086
2895087
2895093
2895097
2895099
2895107
2895112
2895114
2895117
2895119
2895123
2895125
2895137
2895138
2895140
2895144
2895145
2895147
2895151
2895153
2895156
2895161
2895165
2895166
2895169
2895170
2895171
2895173
2895176
2895177
2895180
2895182
2895185
2895191
2895192
2895193
2895196
2895198
2895201
2895202
2895204
2895205
2895208
2895209
2895212
2895213
2895215
2895217
2895218
2895219
2895222
2895225
2895226
2895230
2895235
2895237
2895238
2895244
2895252
2895253
2895254
2895258
2895260
2895261
2895264
2895271
2895274
2895275
2895276
2895277
2895282
2895286
2895287
2895290
2895293
2895294
2895295
2895299
2895302
2895303
2895307
2895314
2895315
2895319
2895326
2895332
2895337
2895339
2895340
2895347
2895348
2895350
2895352
2895354
2895356
2895357
2895359
2895364
2895365
2895371
2895373
2895374
2895378
2895379
2895381
2895383
2895384
2895385
2895390
2895392
2895395
2895397
2895398
2895399
2895403
2895405
2895408
2895409
2895410
2895412
2895413
2895414
2895427
2895429
2895439
2895440
2895443
2895453
2895456
2895458
2895459
2895461
2895463
2895469
2895470
2895471
2895475
2895476
2895477
2895479
2895480
2895482
2895487
2895489
2895490
2895491
2895492
2895497
2895500
2895502
2895504
2895506
2895507
2895510
2895511
2895512
2895514
2895524
2895525
2895531
2895532
2895533
2895535
2895537
2895543
2895550
2895552
2895554
2895556
2895558
2895562
2895563
2895564
2895565
2895567
2895572
2895575
2895576
2895580
2895581
2895585
2895586
2895588
2895589
2895592
2895593
2895595
2895597
2895600
2895602
2895608
2895613
2895614
2895617
2895618
2895620
2895621
2895623
2895632
2895634
2895636
2895639
2895640
2895643
2895647
2895649
2895650
2895651
2895654
2895657
2895658
2895662
2895664
2895665
2895666
2895668
2895670
2895671
2895672
2895676
2895684
2895685
2895690
2895691
2895692
2895693
2895695
2895698
2895701
2895702
2895703
2895706
2895707
2895708
2895716
2895717
2895719
2895721
2895731
2895732
2895733
2895735
2895737
2895740
2895741
2895742
2895744
2895745
2895748
2895749
2895754
2895755
2895760
2895761
2895763
2895767
2895769
2895770
2895772
2895774
2895778
2895780
2895784
2895786
2895787
2895792
2895799
2895801
2895803
2895804
2895810
2895812
2895816
2895824
2895825
2895827
2895828
2895829
2895833
2895834
2895837
2895838
2895840
2895841
2895843
2895844
2895846
2895847
2895849
2895850
2895857
2895859
2895860
2895863
2895873
2895874
2895875
2895876
2895877
2895879
2895881
2895883
2895884
2895885
2895886
2895888
2895890
2895893
2895894
2895897
2895902
2895904
2895909
2895913
2895914
2895917
2895920
2895925
2895926
2895927
2895928
2895929
2895934
2895937
2895939
2895942
2895946
2895947
2895950
2895951
2895954
2895955
2895956
2895960
2895963
2895968
2895970
2895972
2895974
2895975
2895976
2895978
2895979
2895984
2895986
2895987
2895990
2895995
2895998
2895999
2896000
2896001
2896006
2896008
2896016
2896017
2896019
2896020
2896021
2896023
2896027
2896031
2896036
2896037
2896045
2896052
2896055
2896056
2896063
2896068
2896071
2896076
2896077
2896078
2896083
2896084
2896086
2896089
2896090
2896093
2896094
2896095
2896096
2896098
2896105
2896108
2896110
2896111
2896112
2896113
2896114
2896118
2896120
2896122
2896124
2896126
2896127
2896128
2896130
2896131
2896136
2896139
2896140
2896142
2896143
2896144
2896149
2896153
2896158
2896159
2896162
2896164
2896165
2896167
2896168
2896169
2896174
2896175
2896178
2896180
2896181
2896183
2896184
2896185
2896186
2896187
2896188
2896191
2896194
2896195
2896196
2896197
2896198
2896207
2896211
2896215
2896216
2896220
2896222
2896225
2896226
2896228
2896229
2896230
2896235
2896237
2896238
2896239
2896242
2896243
2896244
2896245
2896247
2896248
2896250
2896253
2896255
2896256
2896261
2896264
2896265
2896266
2896269
2896273
2896275
2896276
2896278
2896280
2896286
2896289
2896293
2896297
2896298
2896299
2896300
2896301
2896310
2896311
2896319
2896320
2896321
2896324
2896327
2896328
2896332
2896333
2896334
2896337
2896339
2896340
2896343
2896344
2896345
2896348
2896356
2896359
2896360
2896361
2896363
2896365
2896371
2896374
2896375
2896377
2896382
2896383
2896384
2896385
2896386
2896387
2896393
2896394
2896396
2896397
2896401
2896407
2896409
2896415
2896420
2896425
2896429
2896430
2896434
2896436
2896437
2896438
2896439
2896440
2896441
2896444
2896446
2896451
2896452
2896453
2896454
2896457
2896458
2896463
2896465
2896466
2896467
2896468
2896469
2896470
2896471
2896475
2896479
2896480
2896481
2896482
2896483
2896485
2896486
2896489
2896490
2896491
2896492
2896494
2896495
2896496
2896498
2896500
2896501
2896503
2896505
2896508
2896511
2896512
2896513
2896515
2896517
2896518
2896519
2896520
2896521
2896522
2896523
2896524
2896525
2896526
2896527
2896529
2896530
2896531
2896532
2896533
2896534
2896535
2896536
2896537
2896538
2896541
2896542
2896543
2896544
2896545
2896548
2896549
2896550
2896551
2896552
2896553
2896554
2896557
2896558
2896561
2896564
2896568
2896570
2896571
2896573
2896574
2896583
2896585
2896593
2896595
2896597
2896600
2896601
2896602
2896603
2896605
2896606
2896607
2896608
2896609
2896611
2896612
2896614
2896615
2896616
2896619
2896620
2896621
2896622
2896623
2896624
2896626
2896627
2896629
2896631
2896632
2896633
2896634
2896635
2896636
2896637
2896638
2896639
2896641
2896642
2896643
2896644
2896645
2896646
2896647
2896648
2896649
2896650
2896651
2896652
2896653
2896656
2896658
2896659
2896660
2896661
2896663
2896664
2896671
2896672
2896675
2896677
2896678
2896680
2896681
2896682
2896685
2896686
2896687
2896688
2896689
2896691
2896692
2896693
2896694
2896696
2896697
2896699
2896700
2896701
2896702
2896703
2896704
2896705
2896706
2896707
2896708
2896709
2896710
2896711
2896712
2896714
2896715
2896716
2896717
2896718
2896719
2896720
2896722
2896723
2896726
2896730
2896731
2896732
2896733
2896734
2896736
2896740
2896741
2896743
2896744
2896745
2896746
2896748
2896749
2896752
2896753
2896755
2896756
2896757
2896758
2896759
2896760
2896761
2896762
2896763
2896765
2896766
2896767
2896768
2896770
2896771
2896772
2896773
2896776
2896777
2896781
2896782
2896783
2896784
2896785
2896787
2896788
2896789
2896790
2896791
2896792
2896793
2896794
2896795
2896796
2896797
2896798
2896799
2896800
2896801
2896802
2896803
2896804
2896805
2896807
2896809
2896810
2896812
2896813
2896814
2896815
2896816
2896817
2896818
2896819
2896820
2896822
2896823
2896824
2896825
2896827
2896828
2896829
2896830
2896831
2896832
2896833
2896834
2896835
2896837
2896838
2896839
2896842
2896843
2896844
2896845
2896848
2896849
2896850
2896853
2896854
2896855
2896856
2896857
2896858
2896859
2896860
2896861
2896862
2896863
2896864
2896866
2896867
2896868
2896869
2896870
2896871
2896872
2896873
2896875
2896876
2896877
2896878
2896879
2896880
2896881
2896882
2896886
2896887
2896888
2896889
2896891
2896892
2896895
2896896
2896898
2896899
2896900
2896901
2896905
2896906
2896911
2896912
2896914
2896915
2896916
2896921
2896923
2896924
2896925
2896928
2896929
2896930
2896933
2896934
2896935
2896937
2896938
2896939
2896940
2896943
2896945
2896946
2896947
2896948
2896950
2896951
2896953
2896955
2896956
2896959
2896960
2896963
2896964
2896965
2896967
2896968
2896969
2896970
2896971
2896972
2896973
2896974
2896975
2896976
2896977
2896978
2896979
2896980
2896981
2896982
2896983
2896984
2896985
2896987
2896988
2896990
2896992
2896993
2896994
2896995
2896996
2896997
2896998
2896999
2897003
2897005
2897007
2897008
2897009
2897010
2897011
2897012
2897013
2897014
2897015
2897016
2897017
2897018
2897019
2897020
2897021
2897023
2897024
2897025
2897026
2897027
2897028
2897029
2897031
2897032
2897033
2897034
2897035
2897036
2897037
2897038
2897040
2897041
2897042
2897043
2897044
2897045
2897046
2897047
2897048
2897049
2897050
2897051
2897052
2897053
2897054
2897058
2897059
2897060
2897061
2897062
2897063
2897064
2897065
2897066
2897067
2897068
2897069
2897070
2897071
2897072
2897073
2897074
2897075
2897077
2897078
2897079
2897084
2897085
2897087
2897088
2897089
2897090
2897091
2897092
2897093
2897095
2897096
2897097
2897098
2897099
2897100
2897101
2897104
2897105
2897106
2897109
2897111
2897112
2897113
2897114
2897115
2897116
2897117
2897118
2897119
2897120
2897121
2897123
2897124
2897125
2897126
2897127
2897128
2897129
2897132
2897134
2897135
2897136
2897140
2897142
2897145
2897146
2897147
2897148
2897149
2897150
2897151
2897152
2897153
2897154
2897155
2897156
2897157
2897158
2897160
2897162
2897163
2897164
2897165
2897167
2897169
2897170
2897171
2897172
2897174
2897175
2897179
2897180
2897181
2897182
2897183
2897184
2897185
2897186
2897187
2897189
2897190
2897193
2897194
2897195
2897197
2897198
2897201
2897203
2897204
2897208
2897211
2897212
2897215
2897216
2897217
2897218
2897219
2897220
2897222
2897223
2897233
2897234
2897238
2897240
2897242
2897247
2897248
2897249
2897251
2897259
2897260
2897261
2897265
2897269
2897271
2897273
2897274
2897280
2897282
2897284
2897286
2897287
2897300
2897301
2897303
2897305
2897308
2897309
2897316
2897317
2897321
2897322
2897324
2897325
2897326
2897327
2897328
2897331
2897334
2897335
2897338
2897339
2897341
2897346
2897347
2897348
2897355
2897356
2897357
2897359
2897361
2897362
2897363
2897364
2897368
2897369
2897370
2897371
2897377
2897378
2897385
2897390
2897397
2897401
2897404
2897408
2897411
2897414
2897418
2897424
2897429
2897431
2897437
2897439
2897441
2897446
2897448
2897452
2897456
2897458
2897463
2897467
2897469
2897474
2897477
2897486
2897489
2897493
2897495
2897496
2897499
2897504
2897505
2897506
2897507
2897508
2897509
2897514
2897515
2897517
2897523
2897528
2897533
2897534
2897535
2897538
2897540
2897542
2897543
2897554
2897556
2897557
2897558
2897561
2897569
2897570
2897572
2897574
2897575
2897578
2897582
2897586
2897587
2897590
2897597
2897598
2897600
2897604
2897605
2897606
2897607
2897608
2897612
2897614
2897617
2897621
2897626
2897627
2897631
2897637
2897639
2897640
2897641
2897642
2897649
2897650
2897651
2897656
2897657
2897658
2897659
2897664
2897669
2897671
2897674
2897680
2897681
2897688
2897690
2897696
2897699
2897700
2897701
2897702
2897703
2897705
2897709
2897710
2897714
2897719
2897727
2897728
2897729
2897730
2897736
2897737
2897741
2897742
2897750
2897751
2897756
2897757
2897758
2897760
2897762
2897764
2897766
2897771
2897774
2897775
2897780
2897781
2897784
2897787
2897790
2897793
2897795
2897796
2897804
2897806
2897808
2897809
2897814
2897815
2897819
2897820
2897821
2897824
2897830
2897831
2897834
2897837
2897842
2897843
2897846
2897848
2897849
2897855
2897859
2897860
2897861
2897862
2897863
2897874
2897875
2897877
2897878
2897879
2897886
2897888
2897890
2897893
2897894
2897901
2897903
2897904
2897907
2897917
2897918
2897919
2897922
2897923
2897924
2897926
2897927
2897929
2897930
2897934
2897936
2897938
2897939
2897941
2897943
2897945
2897949
2897953
2897965
2897969
2897970
2897971
2897972
2897974
2897978
2897981
2897983
2897987
2897988
2897990
2897991
2897993
2897994
2897995
2897999
2898001
2898005
2898009
2898010
2898015
2898016
2898019
2898020
2898021
2898022
2898023
2898024
2898025
2898028
2898035
2898037
2898045
2898046
2898047
2898049
2898053
2898058
2898059
2898062
2898074
2898075
2898076
2898077
2898078
2898086
2898088
2898091
2898093
2898095
2898096
2898097
2898098
2898102
2898103
2898105
2898108
2898109
2898113
2898114
2898116
2898118
2898119
2898123
2898127
2898132
2898138
2898139
2898140
2898141
2898142
2898145
2898151
2898152
2898153
2898154
2898159
2898162
2898163
2898164
2898166
2898168
2898169
2898174
2898175
2898182
2898186
2898190
2898192
2898198
2898205
2898210
2898211
2898212
2898215
2898217
2898219
2898222
2898226
2898228
2898231
2898232
2898233
2898234
2898235
2898237
2898239
2898240
2898241
2898246
2898249
2898251
2898252
2898255
2898256
2898258
2898262
2898264
2898265
2898271
2898275
2898276
2898279
2898280
2898289
2898291
2898296
2898300
2898303
2898308
2898309
2898311
2898314
2898315
2898318
2898319
2898320
2898321
2898322
2898324
2898325
2898330
2898331
2898332
2898336
2898339
2898343
2898344
2898347
2898350
2898351
2898353
2898356
2898359
2898360
2898362
2898363
2898365
2898366
2898367
2898369
2898372
2898375
2898377
2898378
2898379
2898380
2898381
2898385
2898390
2898394
2898398
2898399
2898400
2898404
2898409
2898410
2898418
2898429
2898430
2898431
2898435
2898436
2898439
2898440
2898442
2898447
2898450
2898451
2898452
2898453
2898457
2898460
2898461
2898462
2898463
2898468
2898470
2898473
2898474
2898480
2898494
2898495
2898498
2898499
2898500
2898503
2898511
2898513
2898517
2898521
2898535
2898539
2898549
2898550
2898553
2898558
2898559
2898561
2898562
2898563
2898571
2898572
2898573
2898574
2898579
2898587
2898590
2898592
2898597
2898601
2898602
2898607
2898608
2898609
2898610
2898614
2898619
2898625
2898626
2898634
2898637
2898642
2898643
2898644
2898645
2898646
2898652
2898653
2898665
2898666
2898669
2898678
2898684
2898685
2898688
2898690
2898699
2898701
2898703
2898704
2898705
2898717
2898718
2898719
2898722
2898726
2898730
2898731
2898734
2898741
2898742
2898743
2898745
2898746
2898750
2898753
2898760
2898763
2898769
2898771
2898773
2898775
2898777
2898779
2898786
2898787
2898790
2898792
2898794
2898797
2898800
2898804
2898807
2898810
2898812
2898815
2898818
2898819
2898826
2898831
2898832
2898834
2898842
2898843
2898845
2898846
2898847
2898848
2898850
2898851
2898852
2898856
2898861
2898863
2898864
2898865
2898869
2898872
2898874
2898881
2898882
2898885
2898892
2898893
2898894
2898895
2898900
2898902
2898903
2898904
2898907
2898909
2898912
2898915
2898927
2898928
2898932
2898935
2898937
2898942
2898944
2898947
2898951
2898954
2898955
2898958
2898959
2898960
2898962
2898964
2898965
2898966
2898967
2898971
2898972
2898975
2898985
2898991
2898993
2898994
2898995
2898997
2899000
2899005
2899007
2899008
2899012
2899014
2899015
2899017
2899019
2899022
2899024
2899025
2899027
2899030
2899031
2899032
2899033
2899034
2899036
2899037
2899038
2899039
2899040
2899042
2899046
2899047
2899048
2899051
2899052
2899056
2899059
2899062
2899070
2899071
2899072
2899074
2899075
2899076
2899078
2899079
2899085
2899086
2899089
2899103
2899108
2899109
2899113
2899114
2899116
2899117
2899126
2899130
2899135
2899138
2899141
2899143
2899150
2899152
2899160
2899168
2899169
2899172
2899178
2899182
2899190
2899191
2899192
2899195
2899196
2899199
2899201
2899203
2899204
2899205
2899207
2899211
2899212
2899213
2899217
2899218
2899219
2899224
2899227
2899235
2899238
2899239
2899243
2899244
2899246
2899248
2899251
2899254
2899262
2899264
2899265
2899266
2899268
2899269
2899271
2899272
2899276
2899277
2899283
2899290
2899297
2899299
2899300
2899303
2899304
2899306
2899307
2899308
2899310
2899311
2899317
2899318
2899320
2899321
2899322
2899323
2899324
2899326
2899327
2899328
2899330
2899331
2899333
2899334
2899336
2899337
2899340
2899341
2899344
2899345
2899349
2899350
2899352
2899353
2899355
2899357
2899364
2899365
2899366
2899367
2899371
2899375
2899377
2899378
2899379
2899381
2899384
2899388
2899392
2899393
2899395
2899397
2899399
2899400
2899402
2899407
2899408
2899410
2899411
2899414
2899417
2899418
2899419
2899420
2899421
2899426
2899429
2899431
2899432
2899437
2899442
2899443
2899444
2899446
2899447
2899452
2899453
2899455
2899456
2899458
2899474
2899475
2899479
2899485
2899491
2899492
2899493
2899500
2899501
2899502
2899508
2899517
2899519
2899520
2899521
2899524
2899525
2899527
2899528
2899529
2899534
2899537
2899538
2899539
2899541
2899543
2899544
2899546
2899548
2899549
2899550
2899557
2899559
2899560
2899561
2899564
2899565
2899566
2899570
2899571
2899574
2899582
2899589
2899590
2899591
2899593
2899597
2899607
2899608
2899611
2899613
2899615
2899618
2899619
2899620
2899623
2899625
2899626
2899627
2899629
2899631
2899633
2899635
2899640
2899641
2899642
2899643
2899647
2899649
2899653
2899658
2899659
2899662
2899665
2899669
2899673
2899682
2899683
2899684
2899687
2899689
2899690
2899692
2899693
2899694
2899697
2899698
2899701
2899704
2899705
2899706
2899707
2899708
2899712
2899713
2899714
2899716
2899721
2899723
2899729
2899730
2899731
2899738
2899740
2899746
2899747
2899749
2899751
2899752
2899753
2899755
2899757
2899760
2899762
2899765
2899767
2899770
2899771
2899772
2899774
2899775
2899776
2899777
2899778
2899779
2899780
2899782
2899787
2899788
2899789
2899791
2899792
2899793
2899799
2899801
2899802
2899805
2899809
2899810
2899815
2899816
2899817
2899818
2899822
2899823
2899828
2899832
2899835
2899836
2899841
2899842
2899848
2899850
2899853
2899854
2899855
2899857
2899858
2899861
2899862
2899863
2899868
2899869
2899870
2899876
2899880
2899882
2899883
2899889
2899893
2899895
2899896
2899897
2899898
2899900
2899902
2899903
2899914
2899916
2899918
2899924
2899925
2899927
2899928
2899930
2899931
2899934
2899948
2899950
2899956
2899957
2899960
2899961
2899962
2899963
2899969
2899972
2899976
2899977
2899979
2899985
2899986
2899988
2899990
2899993
2899995
2900003
2900005
2900006
2900008
2900009
2900014
2900015
2900021
2900024
2900027
2900029
2900030
2900033
2900034
2900037
2900038
2900041
2900043
2900047
2900052
2900054
2900055
2900056
2900059
2900062
2900063
2900064
2900065
2900066
2900068
2900069
2900072
2900074
2900081
2900082
2900085
2900086
2900090
2900093
2900098
2900101
2900105
2900107
2900109
2900110
2900112
2900113
2900116
2900122
2900124
2900125
2900132
2900133
2900134
2900140
2900144
2900151
2900158
2900159
2900160
2900161
2900163
2900165
2900168
2900169
2900171
2900172
2900173
2900175
2900176
2900177
2900181
2900193
2900196
2900204
2900206
2900210
2900212
2900213
2900214
2900215
2900217
2900219
2900220
2900221
2900222
2900223
2900224
2900225
2900226
2900227
2900228
2900229
2900232
2900233
2900234
2900239
2900240
2900244
2900250
2900251
2900253
2900256
2900257
2900259
2900263
2900268
2900270
2900274
2900275
2900279
2900280
2900282
2900283
2900284
2900286
2900287
2900291
2900292
2900293
2900294
2900295
2900296
2900298
2900299
2900300
2900310
2900313
2900319
2900320
2900321
2900325
2900327
2900330
2900331
2900333
2900334
2900335
2900338
2900347
2900348
2900353
2900361
2900366
2900371
2900372
2900374
2900377
2900383
2900389
2900392
2900393
2900394
2900400
2900401
2900403
2900404
2900406
2900411
2900412
2900414
2900420
2900424
2900427
2900428
2900430
2900431
2900432
2900433
2900436
2900439
2900440
2900441
2900442
2900443
2900445
2900446
2900450
2900451
2900452
2900453
2900455
2900457
2900463
2900465
2900467
2900470
2900471
2900472
2900473
2900474
2900475
2900478
2900479
2900483
2900484
2900485
2900486
2900487
2900488
2900489
2900491
2900492
2900493
2900496
2900497
2900499
2900500
2900502
2900506
2900507
2900510
2900513
2900515
2900517
2900522
2900530
2900541
2900543
2900545
2900555
2900556
2900558
2900559
2900574
2900576
2900580
2900587
2900588
2900589
2900594
2900595
2900597
2900598
2900599
2900600
2900603
2900605
2900607
2900608
2900612
2900613
2900616
2900620
2900621
2900623
2900624
2900626
2900628
2900629
2900634
2900639
2900641
2900642
2900649
2900653
2900657
2900659
2900667
2900669
2900672
2900673
2900675
2900676
2900677
2900678
2900679
2900680
2900683
2900684
2900686
2900688
2900696
2900698
2900702
2900703
2900704
2900705
2900710
2900714
2900716
2900718
2900719
2900720
2900721
2900725
2900726
2900727
2900728
2900732
2900733
2900734
2900735
2900736
2900737
2900740
2900743
2900744
2900750
2900753
2900759
2900760
2900762
2900766
2900769
2900771
2900772
2900773
2900775
2900776
2900780
2900783
2900786
2900788
2900789
2900794
2900796
2900797
2900801
2900803
2900804
2900805
2900807
2900808
2900811
2900812
2900815
2900822
2900824
2900825
2900827
2900829
2900832
2900835
2900836
2900840
2900848
2900852
2900860
2900861
2900870
2900872
2900875
2900881
2900884
2900885
2900886
2900891
2900901
2900902
2900903
2900904
2900906
2900908
2900910
2900911
2900912
2900915
2900919
2900927
2900928
2900929
2900932
2900939
2900943
2900945
2900946
2900954
2900959
2900961
2900964
2900970
2900973
2900986
2900987
2900989
2900990
2900991
2900994
2900997
2900998
2901001
2901004
2901006
2901009
2901011
2901012
2901013
2901014
2901015
2901020
2901024
2901037
2901039
2901040
2901042
2901043
2901044
2901050
2901054
2901059
2901066
2901067
2901070
2901077
2901078
2901079
2901080
2901082
2901084
2901086
2901090
2901092
2901095
2901097
2901099
2901100
2901101
2901104
2901106
2901111
2901112
2901113
2901115
2901116
2901117
2901122
2901127
2901128
2901132
2901134
2901135
2901137
2901140
2901142
2901145
2901146
2901150
2901151
2901154
2901160
2901162
2901163
2901165
2901172
2901173
2901174
2901175
2901180
2901181
2901182
2901183
2901184
2901185
2901186
2901196
2901198
2901199
2901200
2901202
2901203
2901204
2901206
2901209
2901211
2901212
2901214
2901216
2901220
2901222
2901226
2901231
2901232
2901233
2901235
2901236
2901238
2901240
2901242
2901243
2901247
2901249
2901256
2901261
2901264
2901266
2901267
2901273
2901276
2901277
2901285
2901290
2901291
2901297
2901301
2901303
2901308
2901310
2901311
2901312
2901315
2901317
2901318
2901319
2901321
2901325
2901326
2901329
2901330
2901333
2901335
2901336
2901338
2901339
2901347
2901352
2901354
2901355
2901359
2901361
2901367
2901369
2901373
2901375
2901376
2901377
2901381
2901387
2901389
2901390
2901398
2901399
2901400
2901403
2901412
2901415
2901417
2901418
2901421
2901422
2901428
2901431
2901432
2901433
2901435
2901438
2901439
2901447
2901458
2901460
2901464
2901465
2901468
2901469
2901470
2901472
2901474
2901479
2901483
2901484
2901485
2901489
2901490
2901492
2901493
2901495
2901496
2901500
2901504
2901505
2901506
2901511
2901512
2901517
2901520
2901521
2901523
2901528
2901529
2901535
2901538
2901540
2901541
2901542
2901551
2901552
2901555
2901556
2901561
2901562
2901563
2901564
2901568
2901569
2901570
2901573
2901574
2901584
2901587
2901589
2901592
2901594
2901595
2901596
2901597
2901598
2901601
2901604
2901605
2901608
2901613
2901619
2901624
2901628
2901630
2901631
2901634
2901635
2901642
2901643
2901644
2901647
2901648
2901649
2901655
2901656
2901657
2901658
2901660
2901662
2901663
2901667
2901669
2901671
2901673
2901675
2901677
2901678
2901683
2901684
2901686
2901687
2901693
2901695
2901697
2901699
2901700
2901708
2901711
2901713
2901714
2901715
2901717
2901718
2901720
2901723
2901724
2901726
2901732
2901733
2901734
2901738
2901740
2901742
2901743
2901744
2901745
2901749
2901750
2901763
2901765
2901766
2901769
2901772
2901773
2901774
2901778
2901779
2901780
2901784
2901790
2901792
2901793
2901799
2901800
2901805
2901809
2901810
2901811
2901815
2901816
2901819
2901821
2901823
2901824
2901830
2901834
2901836
2901841
2901843
2901847
2901849
2901850
2901851
2901853
2901855
2901856
2901857
2901859
2901860
2901861
2901862
2901867
2901868
2901869
2901870
2901877
2901878
2901879
2901889
2901893
2901894
2901899
2901901
2901903
2901905
2901906
2901911
2901914
2901921
2901924
2901933
2901937
2901947
2901948
2901949
2901951
2901952
2901953
2901954
2901957
2901959
2901960
2901967
2901970
2901977
2901981
2901985
2901987
2901988
2901989
2901992
2901994
2901997
2901998
2902008
2902011
2902012
2902013
2902016
2902017
2902019
2902022
2902026
2902029
2902040
2902041
2902043
2902046
2902050
2902052
2902053
2902055
2902057
2902061
2902071
2902076
2902077
2902089
2902090
2902091
2902093
2902095
2902097
2902098
2902111
2902120
2902121
2902126
2902129
2902130
2902132
2902133
2902134
2902139
2902141
2902143
2902145
2902151
2902156
2902157
2902158
2902159
2902162
2902163
2902165
2902172
2902177
2902178
2902182
2902183
2902185
2902186
2902188
2902190
2902191
2902192
2902194
2902197
2902198
2902202
2902203
2902206
2902208
2902211
2902213
2902216
2902217
2902219
2902220
2902221
2902222
2902228
2902232
2902233
2902235
2902236
2902237
2902238
2902242
2902243
2902245
2902247
2902248
2902250
2902251
2902256
2902258
2902259
2902260
2902264
2902266
2902267
2902268
2902269
2902270
2902271
2902273
2902278
2902280
2902284
2902286
2902287
2902290
2902295
2902299
2902300
2902303
2902305
2902308
2902313
2902314
2902315
2902316
2902319
2902324
2902326
2902329
2902332
2902333
2902334
2902336
2902339
2902340
2902342
2902350
2902351
2902354
2902355
2902358
2902361
2902362
2902363
2902365
2902371
2902372
2902373
2902374
2902375
2902376
2902377
2902379
2902380
2902381
2902382
2902383
2902387
2902389
2902390
2902391
2902396
2902397
2902398
2902399
2902402
2902403
2902404
2902405
2902406
2902408
2902409
2902410
2902411
2902412
2902413
2902421
2902424
2902426
2902427
2902428
2902430
2902431
2902432
2902435
2902436
2902437
2902440
2902442
2902459
2902461
2902463
2902465
2902466
2902467
2902469
2902470
2902473
2902475
2902476
2902477
2902480
2902482
2902483
2902484
2902486
2902488
2902492
2902493
2902494
2902496
2902497
2902499
2902501
2902503
2902504
2902505
2902510
2902512
2902514
2902515
2902516
2902518
2902520
2902521
2902522
2902523
2902526
2902530
2902532
2902533
2902534
2902535
2902536
2902537
2902541
2902543
2902547
2902548
2902549
2902550
2902551
2902554
2902555
2902556
2902561
2902562
2902565
2902568
2902569
2902573
2902576
2902577
2902579
2902580
2902582
2902583
2902584
2902587
2902588
2902589
2902590
2902595
2902596
2902597
2902598
2902599
2902600
2902602
2902604
2902606
2902607
2902608
2902611
2902612
2902613
2902616
2902618
2902619
2902620
2902622
2902627
2902631
2902633
2902634
2902635
2902636
2902637
2902640
2902641
2902642
2902645
2902646
2902647
2902648
2902649
2902652
2902656
2902658
2902660
2902661
2902662
2902663
2902665
2902666
2902669
2902673
2902675
2902676
2902680
2902683
2902684
2902687
2902688
2902689
2902690
2902693
2902694
2902695
2902697
2902698
2902702
2902704
2902705
2902706
2902709
2902713
2902714
2902717
2902718
2902719
2902722
2902723
2902724
2902725
2902726
2902727
2902728
2902731
2902733
2902734
2902735
2902737
2902740
2902745
2902749
2902751
2902752
2902755
2902757
2902758
2902759
2902762
2902764
2902765
2902767
2902768
2902769
2902770
2902771
2902772
2902774
2902776
2902777
2902778
2902779
2902780
2902783
2902784
2902787
2902789
2902790
2902796
2902798
2902799
2902800
2902801
2902802
2902804
2902805
2902807
2902808
2902810
2902811
2902812
2902813
2902815
2902818
2902826
2902827
2902829
2902830
2902832
2902833
2902834
2902835
2902837
2902839
2902840
2902843
2902846
2902849
2902850
2902852
2902858
2902860
2902861
2902862
2902863
2902867
2902871
2902874
2902877
2902879
2902881
2902882
2902883
2902890
2902891
2902892
2902894
2902895
2902896
2902897
2902902
2902906
2902918
2902920
2902921
2902922
2902923
2902927
2902930
2902931
2902933
2902936
2902938
2902944
2902946
2902947
2902948
2902951
2902954
2902956
2902963
2902968
2902969
2902975
2902976
2902977
2902985
2902986
2902987
2902991
2902992
2902999
2903002
2903004
2903009
2903011
2903012
2903013
2903020
2903025
2903027
2903031
2903032
2903033
2903034
2903036
2903040
2903041
2903042
2903048
2903049
2903053
2903055
2903060
2903061
2903062
2903063
2903065
2903066
2903067
2903068
2903070
2903072
2903075
2903082
2903086
2903087
2903088
2903101
2903103
2903106
2903110
2903112
2903113
2903117
2903118
2903124
2903127
2903128
2903134
2903135
2903136
2903138
2903140
2903141
2903142
2903144
2903149
2903151
2903152
2903153
2903157
2903159
2903162
2903165
2903171
2903172
2903174
2903179
2903180
2903181
2903188
2903189
2903192
2903198
2903200
2903203
2903206
2903207
2903208
2903210
2903211
2903212
2903217
2903219
2903221
2903223
2903224
2903228
2903230
2903237
2903238
2903245
2903251
2903276
2903278
2903283
2903285
2903286
2903288
2903289
2903294
2903297
2903300
2903304
2903306
2903307
2903309
2903310
2903315
2903317
2903318
2903319
2903322
2903323
2903324
2903329
2903336
2903337
2903338
2903345
2903347
2903348
2903352
2903356
2903357
2903359
2903360
2903366
2903367
2903368
2903369
2903375
2903376
2903377
2903381
2903390
2903391
2903392
2903393
2903397
2903403
2903405
2903410
2903411
2903412
2903413
2903414
2903416
2903417
2903420
2903424
2903425
2903428
2903429
2903432
2903433
2903444
2903449
2903450
2903453
2903457
2903459
2903460
2903462
2903464
2903468
2903469
2903471
2903473
2903480
2903495
2903496
2903502
2903504
2903506
2903507
2903511
2903512
2903514
2903515
2903522
2903525
2903527
2903528
2903530
2903537
2903540
2903545
2903547
2903550
2903551
2903552
2903553
2903554
2903556
2903560
2903563
2903566
2903572
2903573
2903574
2903581
2903582
2903583
2903585
2903588
2903589
2903590
2903591
2903592
2903593
2903595
2903596
2903597
2903598
2903599
2903601
2903605
2903606
2903607
2903609
2903610
2903611
2903612
2903615
2903616
2903617
2903618
2903627
2903629
2903630
2903631
2903632
2903633
2903637
2903640
2903641
2903642
2903643
2903644
2903645
2903648
2903649
2903650
2903653
2903654
2903655
2903658
2903660
2903661
2903669
2903670
2903673
2903676
2903677
2903683
2903684
2903686
2903689
2903691
2903693
2903696
2903698
2903701
2903707
2903708
2903713
2903715
2903718
2903719
2903720
2903721
2903723
2903727
2903732
2903736
2903740
2903742
2903744
2903751
2903752
2903754
2903758
2903759
2903762
2903765
2903766
2903775
2903778
2903779
2903781
2903785
2903790
2903794
2903798
2903799
2903801
2903803
2903805
2903806
2903810
2903811
2903812
2903813
2903815
2903816
2903822
2903824
2903829
2903832
2903833
2903836
2903839
2903840
2903842
2903847
2903849
2903852
2903855
2903856
2903857
2903861
2903862
2903863
2903864
2903867
2903868
2903869
2903871
2903872
2903873
2903875
2903879
2903883
2903884
2903888
2903889
2903891
2903893
2903896
2903898
2903901
2903902
2903909
2903911
2903912
2903914
2903915
2903916
2903917
2903918
2903919
2903920
2903924
2903925
2903927
2903930
2903931
2903940
2903943
2903944
2903946
2903948
2903949
2903953
2903955
2903956
2903958
2903959
2903968
2903969
2903972
2903973
2903980
2903982
2903984
2903994
2903995
2904000
2904001
2904003
2904008
2904009
2904010
2904011
2904012
2904015
2904016
2904018
2904020
2904021
2904023
2904025
2904026
2904027
2904028
2904029
2904030
2904031
2904037
2904039
2904041
2904042
2904043
2904045
2904051
2904055
2904059
2904060
2904062
2904075
2904076
2904078
2904081
2904082
2904083
2904087
2904088
2904089
2904090
2904091
2904092
2904094
2904097
2904098
2904100
2904101
2904111
2904112
2904118
2904120
2904121
2904125
2904126
2904130
2904131
2904132
2904133
2904139
2904141
2904142
2904143
2904146
2904149
2904150
2904152
2904153
2904155
2904157
2904158
2904159
2904160
2904163
2904165
2904168
2904170
2904175
2904176
2904178
2904179
2904181
2904183
2904184
2904187
2904190
2904194
2904199
2904200
2904201
2904205
2904207
2904214
2904219
2904220
2904221
2904222
2904224
2904229
2904235
2904236
2904237
2904238
2904240
2904241
2904247
2904250
2904256
2904259
2904262
2904265
2904266
2904268
2904275
2904277
2904279
2904280
2904281
2904289
2904300
2904302
2904304
2904305
2904307
2904310
2904314
2904323
2904327
2904328
2904329
2904332
2904335
2904336
2904337
2904339
2904340
2904341
2904345
2904346
2904348
2904349
2904350
2904356
2904358
2904359
2904360
2904361
2904362
2904364
2904367
2904372
2904373
2904376
2904380
2904383
2904387
2904389
2904390
2904391
2904394
2904397
2904399
2904400
2904401
2904402
2904404
2904405
2904413
2904414
2904417
2904418
2904419
2904420
2904423
2904428
2904430
2904431
2904432
2904434
2904435
2904437
2904438
2904439
2904441
2904442
2904446
2904451
2904452
2904454
2904455
2904459
2904462
2904463
2904464
2904469
2904471
2904474
2904475
2904476
2904480
2904482
2904487
2904490
2904497
2904501
2904502
2904504
2904506
2904510
2904511
2904518
2904519
2904524
2904525
2904529
2904530
2904536
2904537
2904539
2904541
2904542
2904543
2904552
2904553
2904555
2904560
2904562
2904566
2904567
2904568
2904569
2904571
2904574
2904577
2904578
2904595
2904597
2904602
2904603
2904607
2904612
2904613
2904619
2904624
2904626
2904628
2904629
2904631
2904633
2904635
2904637
2904640
2904646
2904648
2904654
2904658
2904659
2904663
2904666
2904668
2904669
2904671
2904672
2904673
2904678
2904680
2904681
2904683
2904686
2904687
2904690
2904691
2904693
2904699
2904700
2904705
2904709
2904710
2904711
2904713
2904715
2904718
2904720
2904723
2904725
2904727
2904728
2904733
2904734
2904740
2904743
2904745
2904746
2904748
2904750
2904753
2904754
2904757
2904760
2904765
2904771
2904772
2904773
2904774
2904778
2904781
2904782
2904783
2904786
2904788
2904789
2904792
2904793
2904796
2904797
2904799
2904805
2904808
2904813
2904817
2904828
2904830
2904831
2904832
2904834
2904836
2904838
2904839
2904840
2904841
2904847
2904848
2904849
2904856
2904857
2904858
2904859
2904864
2904867
2904875
2904876
2904878
2904879
2904880
2904883
2904887
2904891
2904897
2904898
2904903
2904904
2904908
2904909
2904912
2904914
2904918
2904920
2904922
2904930
2904931
2904932
2904935
2904936
2904941
2904944
2904945
2904953
2904955
2904958
2904960
2904961
2904964
2904965
2904974
2904976
2904979
2904981
2904982
2904985
2904986
2904987
2904989
2904994
2904995
2904998
2905001
2905002
2905004
2905006
2905007
2905008
2905009
2905010
2905011
2905015
2905016
2905018
2905019
2905020
2905022
2905023
2905026
2905027
2905028
2905029
2905030
2905033
2905034
2905042
2905043
2905045
2905049
2905052
2905053
2905059
2905063
2905067
2905068
2905069
2905072
2905075
2905081
2905084
2905085
2905091
2905093
2905095
2905098
2905102
2905103
2905104
2905108
2905109
2905110
2905112
2905113
2905119
2905124
2905125
2905126
2905130
2905142
2905143
2905144
2905147
2905150
2905153
2905162
2905164
2905168
2905171
2905175
2905180
2905190
2905191
2905193
2905194
2905195
2905197
2905201
2905202
2905204
2905205
2905209
2905210
2905212
2905213
2905223
2905226
2905228
2905229
2905231
2905232
2905233
2905234
2905235
2905236
2905238
2905239
2905240
2905242
2905243
2905245
2905246
2905247
2905252
2905254
2905257
2905258
2905259
2905260
2905263
2905265
2905266
2905271
2905277
2905280
2905284
2905288
2905298
2905301
2905305
2905314
2905317
2905319
2905322
2905326
2905333
2905340
2905345
2905348
2905350
2905352
2905355
2905358
2905359
2905363
2905365
2905366
2905368
2905372
2905373
2905375
2905378
2905385
2905386
2905387
2905391
2905395
2905399
2905400
2905401
2905402
2905406
2905412
2905413
2905416
2905417
2905421
2905422
2905424
2905425
2905426
2905428
2905429
2905430
2905431
2905432
2905433
2905436
2905437
2905438
2905439
2905440
2905447
2905448
2905454
2905457
2905458
2905463
2905464
2905466
2905468
2905475
2905476
2905478
2905482
2905483
2905485
2905489
2905491
2905493
2905494
2905495
2905496
2905501
2905503
2905505
2905512
2905513
2905514
2905516
2905517
2905518
2905519
2905521
2905524
2905525
2905526
2905528
2905535
2905543
2905550
2905551
2905553
2905554
2905555
2905557
2905560
2905561
2905562
2905566
2905567
2905570
2905572
2905573
2905575
2905577
2905578
2905583
2905584
2905585
2905586
2905587
2905592
2905593
2905596
2905600
2905601
2905602
2905606
2905608
2905609
2905613
2905617
2905619
2905620
2905635
2905638
2905639
2905640
2905643
2905644
2905645
2905648
2905649
2905650
2905660
2905662
2905664
2905665
2905668
2905670
2905672
2905688
2905691
2905694
2905695
2905696
2905698
2905700
2905703
2905707
2905708
2905710
2905711
2905713
2905721
2905724
2905725
2905726
2905729
2905731
2905733
2905734
2905735
2905736
2905737
2905738
2905740
2905741
2905743
2905744
2905748
2905750
2905753
2905759
2905763
2905764
2905765
2905767
2905768
2905769
2905772
2905774
2905776
2905782
2905785
2905789
2905792
2905793
2905797
2905800
2905803
2905804
2905806
2905807
2905810
2905814
2905815
2905816
2905818
2905821
2905822
2905823
2905828
2905829
2905830
2905831
2905832
2905833
2905836
2905838
2905839
2905842
2905843
2905845
2905849
2905850
2905855
2905857
2905858
2905860
2905862
2905864
2905865
2905868
2905869
2905872
2905876
2905878
2905880
2905881
2905882
2905885
2905888
2905890
2905891
2905893
2905894
2905906
2905908
2905912
2905914
2905918
2905919
2905920
2905923
2905925
2905927
2905928
2905929
2905930
2905931
2905932
2905933
2905937
2905938
2905942
2905948
2905952
2905953
2905958
2905960
2905961
2905963
2905967
2905968
2905970
2905971
2905972
2905973
2905979
2905980
2905982
2905985
2905991
2905992
2905993
2905995
2905996
2905997
2906002
2906005
2906006
2906007
2906008
2906009
2906013
2906015
2906016
2906017
2906018
2906019
2906020
2906021
2906025
2906026
2906033
2906034
2906036
2906039
2906041
2906043
2906048
2906050
2906052
2906059
2906061
2906062
2906063
2906068
2906070
2906071
2906072
2906079
2906082
2906085
2906091
2906094
2906096
2906102
2906104
2906105
2906106
2906107
2906108
2906109
2906112
2906113
2906117
2906118
2906121
2906122
2906123
2906125
2906126
2906128
2906130
2906131
2906133
2906141
2906142
2906143
2906144
2906145
2906146
2906149
2906150
2906155
2906156
2906157
2906158
2906160
2906166
2906173
2906174
2906175
2906176
2906178
2906180
2906181
2906186
2906187
2906188
2906189
2906192
2906193
2906194
2906195
2906196
2906206
2906208
2906210
2906211
2906212
2906214
2906215
2906216
2906217
2906222
2906223
2906227
2906230
2906231
2906232
2906237
2906238
2906241
2906243
2906245
2906246
2906248
2906254
2906257
2906258
2906259
2906260
2906265
2906268
2906269
2906270
2906271
2906272
2906276
2906283
2906285
2906287
2906288
2906290
2906292
2906296
2906298
2906303
2906304
2906309
2906310
2906316
2906317
2906319
2906320
2906321
2906325
2906327
2906328
2906330
2906336
2906337
2906339
2906340
2906343
2906344
2906346
2906355
2906360
2906361
2906363
2906366
2906368
2906369
2906372
2906375
2906376
2906377
2906380
2906381
2906382
2906385
2906386
2906388
2906389
2906391
2906397
2906401
2906402
2906403
2906408
2906409
2906410
2906412
2906413
2906415
2906422
2906427
2906432
2906433
2906436
2906442
2906446
2906448
2906449
2906454
2906455
2906456
2906457
2906463
2906465
2906466
2906470
2906472
2906474
2906475
2906482
2906483
2906485
2906489
2906492
2906493
2906498
2906500
2906506
2906507
2906511
2906512
2906513
2906514
2906515
2906518
2906522
2906523
2906524
2906525
2906526
2906529
2906531
2906533
2906536
2906538
2906539
2906540
2906541
2906543
2906544
2906546
2906548
2906549
2906555
2906564
2906578
2906579
2906580
2906581
2906582
2906587
2906590
2906594
2906595
2906596
2906597
2906598
2906601
2906604
2906605
2906608
2906609
2906613
2906616
2906617
2906621
2906622
2906623
2906624
2906625
2906626
2906628
2906631
2906638
2906647
2906652
2906654
2906664
2906673
2906674
2906678
2906681
2906682
2906685
2906686
2906687
2906693
2906695
2906701
2906702
2906703
2906705
2906706
2906711
2906712
2906714
2906715
2906717
2906719
2906720
2906725
2906727
2906729
2906730
2906732
2906733
2906735
2906740
2906744
2906745
2906748
2906754
2906755
2906762
2906766
2906767
2906770
2906771
2906774
2906775
2906776
2906778
2906779
2906780
2906781
2906782
2906783
2906785
2906787
2906788
2906792
2906796
2906797
2906801
2906803
2906804
2906805
2906806
2906808
2906812
2906815
2906816
2906819
2906821
2906822
2906823
2906824
2906825
2906826
2906828
2906836
2906837
2906838
2906839
2906840
2906842
2906843
2906848
2906849
2906850
2906852
2906853
2906854
2906855
2906860
2906861
2906863
2906869
2906871
2906872
2906873
2906874
2906877
2906878
2906880
2906889
2906890
2906891
2906892
2906898
2906899
2906900
2906902
2906903
2906906
2906907
2906911
2906912
2906913
2906914
2906916
2906918
2906921
2906922
2906926
2906929
2906931
2906936
2906937
2906943
2906946
2906952
2906959
2906962
2906964
2906969
2906975
2906978
2906981
2906988
2906990
2906994
2906995
2907000
2907002
2907003
2907004
2907006
2907008
2907013
2907015
2907016
2907019
2907020
2907021
2907022
2907023
2907026
2907028
2907030
2907032
2907034
2907035
2907049
2907050
2907051
2907054
2907055
2907058
2907062
2907063
2907064
2907066
2907069
2907071
2907072
2907073
2907074
2907075
2907076
2907084
2907085
2907086
2907089
2907093
2907096
2907098
2907101
2907106
2907109
2907112
2907113
2907114
2907116
2907117
2907118
2907119
2907123
2907124
2907125
2907127
2907131
2907134
2907138
2907143
2907144
2907145
2907147
2907148
2907150
2907151
2907155
2907156
2907161
2907162
2907163
2907165
2907167
2907168
2907169
2907171
2907177
2907183
2907185
2907187
2907197
2907199
2907200
2907207
2907209
2907211
2907213
2907214
2907215
2907216
2907217
2907218
2907219
2907220
2907221
2907223
2907224
2907225
2907231
2907234
2907235
2907236
2907241
2907242
2907247
2907248
2907254
2907257
2907260
2907264
2907265
2907269
2907270
2907271
2907273
2907276
2907277
2907278
2907279
2907280
2907281
2907284
2907292
2907293
2907295
2907296
2907297
2907303
2907311
2907312
2907316
2907317
2907320
2907322
2907326
2907327
2907329
2907330
2907337
2907338
2907340
2907342
2907345
2907347
2907348
2907349
2907355
2907356
2907357
2907359
2907360
2907363
2907364
2907366
2907369
2907370
2907371
2907373
2907376
2907378
2907383
2907384
2907388
2907389
2907395
2907401
2907410
2907412
2907414
2907426
2907429
2907432
2907434
2907435
2907438
2907441
2907443
2907446
2907452
2907454
2907458
2907462
2907463
2907478
2907480
2907483
2907486
2907489
2907490
2907491
2907494
2907495
2907497
2907498
2907499
2907501
2907502
2907503
2907505
2907508
2907509
2907510
2907512
2907513
2907516
2907517
2907518
2907519
2907520
2907522
2907527
2907530
2907532
2907538
2907542
2907544
2907545
2907546
2907554
2907556
2907559
2907560
2907561
2907562
2907565
2907573
2907574
2907576
2907578
2907583
2907586
2907587
2907589
2907591
2907595
2907600
2907604
2907609
2907610
2907611
2907612
2907613
2907614
2907616
2907617
2907619
2907620
2907621
2907622
2907623
2907626
2907628
2907630
2907631
2907635
2907646
2907647
2907648
2907649
2907650
2907651
2907653
2907659
2907661
2907662
2907669
2907676
2907677
2907679
2907680
2907681
2907682
2907683
2907684
2907687
2907688
2907689
2907694
2907704
2907707
2907709
2907711
2907713
2907716
2907718
2907719
2907721
2907726
2907730
2907743
2907744
2907746
2907748
2907749
2907751
2907754
2907761
2907763
2907764
2907765
2907769
2907771
2907772
2907773
2907782
2907783
2907787
2907788
2907789
2907794
2907796
2907802
2907803
2907804
2907807
2907808
2907811
2907812
2907813
2907815
2907816
2907817
2907818
2907820
2907821
2907822
2907823
2907824
2907827
2907830
2907831
2907833
2907834
2907835
2907838
2907839
2907843
2907844
2907845
2907847
2907853
2907855
2907856
2907857
2907858
2907860
2907861
2907865
2907866
2907867
2907870
2907871
2907872
2907873
2907875
2907877
2907878
2907879
2907881
2907883
2907884
2907885
2907887
2907888
2907889
2907890
2907891
2907892
2907894
2907895
2907896
2907897
2907898
2907899
2907900
2907904
2907905
2907908
2907909
2907910
2907911
2907912
2907915
2907916
2907920
2907924
2907925
2907926
2907927
2907928
2907929
2907930
2907931
2907934
2907936
2907937
2907938
2907942
2907946
2907948
2907949
2907950
2907951
2907953
2907957
2907958
2907959
2907962
2907963
2907965
2907966
2907975
2907979
2907988
2907992
2907993
2907997
2907999
2908000
2908001
2908004
2908005
2908009
2908011
2908013
2908014
2908015
2908017
2908022
2908024
2908025
2908028
2908033
2908034
2908035
2908040
2908043
2908044
2908045
2908046
2908047
2908048
2908052
2908055
2908059
2908060
2908069
2908071
2908073
2908074
2908079
2908081
2908085
2908086
2908094
2908098
2908099
2908100
2908101
2908103
2908106
2908108
2908109
2908110
2908122
2908125
2908126
2908128
2908129
2908131
2908133
2908136
2908137
2908139
2908140
2908143
2908145
2908149
2908150
2908156
2908158
2908160
2908161
2908162
2908165
2908171
2908172
2908173
2908176
2908177
2908178
2908179
2908181
2908185
2908186
2908187
2908189
2908190
2908193
2908194
2908196
2908197
2908198
2908199
2908200
2908202
2908203
2908204
2908209
2908210
2908211
2908214
2908216
2908217
2908219
2908220
2908229
2908232
2908233
2908234
2908236
2908239
2908244
2908252
2908253
2908255
2908257
2908259
2908260
2908261
2908262
2908263
2908267
2908269
2908271
2908272
2908273
2908274
2908280
2908284
2908291
2908294
2908295
2908305
2908306
2908309
2908310
2908311
2908313
2908314
2908322
2908324
2908325
2908331
2908333
2908335
2908336
2908337
2908338
2908340
2908341
2908348
2908349
2908353
2908354
2908355
2908357
2908359
2908360
2908361
2908363
2908371
2908379
2908380
2908383
2908384
2908385
2908387
2908392
2908394
2908400
2908404
2908407
2908409
2908411
2908413
2908415
2908422
2908428
2908432
2908433
2908434
2908437
2908441
2908445
2908447
2908449
2908450
2908452
2908453
2908457
2908459
2908462
2908463
2908464
2908465
2908467
2908470
2908480
2908483
2908492
2908493
2908496
2908500
2908501
2908502
2908505
2908506
2908508
2908512
2908513
2908514
2908515
2908516
2908517
2908519
2908520
2908521
2908522
2908523
2908525
2908526
2908529
2908530
2908531
2908532
2908538
2908539
2908541
2908543
2908546
2908553
2908557
2908561
2908562
2908565
2908566
2908567
2908575
2908577
2908579
2908580
2908583
2908585
2908594
2908597
2908598
2908599
2908600
2908601
2908602
2908603
2908607
2908610
2908611
2908617
2908618
2908620
2908621
2908622
2908624
2908625
2908626
2908629
2908630
2908633
2908636
2908637
2908638
2908643
2908644
2908651
2908652
2908653
2908655
2908659
2908660
2908664
2908667
2908671
2908672
2908676
2908677
2908681
2908682
2908687
2908688
2908689
2908691
2908699
2908700
2908702
2908703
2908709
2908714
2908717
2908718
2908720
2908724
2908726
2908728
2908731
2908733
2908734
2908735
2908738
2908739
2908741
2908742
2908744
2908745
2908746
2908747
2908748
2908749
2908753
2908754
2908757
2908759
2908760
2908762
2908763
2908764
2908767
2908771
2908772
2908774
2908779
2908780
2908781
2908782
2908783
2908784
2908789
2908790
2908800
2908807
2908810
2908812
2908813
2908814
2908818
2908819
2908820
2908821
2908823
2908824
2908828
2908834
2908835
2908836
2908837
2908841
2908843
2908844
2908845
2908846
2908847
2908850
2908851
2908855
2908856
2908863
2908864
2908868
2908869
2908874
2908877
2908882
2908884
2908885
2908887
2908897
2908899
2908901
2908902
2908903
2908908
2908909
2908910
2908912
2908915
2908916
2908917
2908918
2908919
2908920
2908921
2908924
2908932
2908934
2908937
2908942
2908943
2908952
2908965
2908967
2908974
2908975
2908977
2908983
2908985
2908989
2908993
2908994
2908998
2908999
2909002
2909003
2909004
2909009
2909011
2909012
2909013
2909014
2909015
2909019
2909020
2909023
2909030
2909031
2909036
2909039
2909040
2909044
2909046
2909048
2909049
2909050
2909052
2909053
2909054
2909058
2909060
2909061
2909062
2909073
2909074
2909076
2909077
2909081
2909082
2909083
2909084
2909086
2909087
2909090
2909091
2909095
2909098
2909102
2909107
2909108
2909109
2909112
2909116
2909121
2909127
2909129
2909131
2909135
2909136
2909139
2909142
2909148
2909160
2909162
2909163
2909164
2909174
2909176
2909177
2909180
2909184
2909185
2909190
2909192
2909193
2909194
2909196
2909198
2909199
2909200
2909201
2909202
2909209
2909211
2909212
2909217
2909218
2909220
2909224
2909225
2909230
2909232
2909233
2909234
2909236
2909238
2909239
2909240
2909243
2909246
2909248
2909249
2909250
2909253
2909257
2909258
2909259
2909269
2909270
2909271
2909272
2909283
2909284
2909287
2909288
2909289
2909290
2909293
2909294
2909296
2909297
2909307
2909308
2909312
2909316
2909317
2909319
2909321
2909322
2909323
2909331
2909338
2909341
2909343
2909344
2909346
2909347
2909348
2909352
2909353
2909354
2909360
2909362
2909363
2909365
2909368
2909369
2909378
2909379
2909383
2909384
2909390
2909401
2909404
2909405
2909406
2909413
2909414
2909423
2909426
2909432
2909437
2909439
2909441
2909442
2909443
2909444
2909445
2909447
2909448
2909452
2909453
2909455
2909457
2909458
2909459
2909461
2909471
2909472
2909481
2909484
2909488
2909489
2909491
2909494
2909495
2909496
2909505
2909506
2909511
2909518
2909521
2909524
2909527
2909529
2909530
2909532
2909533
2909534
2909540
2909543
2909553
2909554
2909555
2909556
2909557
2909562
2909563
2909564
2909569
2909570
2909572
2909577
2909579
2909580
2909587
2909593
2909595
2909600
2909601
2909602
2909605
2909607
2909608
2909610
2909614
2909615
2909617
2909618
2909619
2909620
2909622
2909624
2909625
2909627
2909628
2909631
2909636
2909640
2909641
2909644
2909646
2909647
2909655
2909658
2909662
2909667
2909669
2909670
2909673
2909674
2909675
2909678
2909680
2909683
2909684
2909685
2909686
2909687
2909690
2909694
2909700
2909710
2909711
2909712
2909715
2909716
2909718
2909719
2909722
2909723
2909727
2909728
2909729
2909731
2909732
2909744
2909751
2909752
2909753
2909755
2909756
2909760
2909763
2909768
2909769
2909770
2909771
2909772
2909777
2909780
2909787
2909788
2909789
2909790
2909795
2909797
2909799
2909800
2909801
2909812
2909814
2909818
2909820
2909823
2909824
2909826
2909828
2909829
2909831
2909832
2909836
2909837
2909838
2909840
2909841
2909842
2909843
2909844
2909845
2909847
2909849
2909850
2909856
2909858
2909859
2909861
2909862
2909863
2909865
2909866
2909867
2909868
2909869
2909870
2909871
2909873
2909875
2909876
2909877
2909878
2909879
2909880
2909882
2909884
2909885
2909886
2909887
2909888
2909891
2909892
2909893
2909894
2909895
2909896
2909898
2909899
2909900
2909901
2909903
2909904
2909906
2909909
2909910
2909911
2909912
2909915
2909917
2909919
2909920
2909921
2909922
2909924
2909925
2909927
2909928
2909929
2909932
2909934
2909935
2909938
2909940
2909941
2909942
2909943
2909945
2909946
2909947
2909952
2909953
2909954
2909955
2909956
2909957
2909959
2909960
2909961
2909962
2909963
2909964
2909965
2909968
2909971
2909972
2909973
2909979
2909980
2909981
2909983
2909985
2909987
2909988
2909991
2909992
2909993
2909994
2909995
2909996
2909997
2910000
2910002
2910004
2910005
2910006
2910010
2910011
2910012
2910014
2910015
2910017
2910018
2910027
2910029
2910030
2910031
2910037
2910039
2910040
2910042
2910045
2910047
2910048
2910049
2910050
2910051
2910052
2910053
2910054
2910055
2910056
2910058
2910059
2910060
2910061
2910062
2910063
2910065
2910066
2910072
2910074
2910076
2910078
2910079
2910080
2910081
2910082
2910084
2910085
2910086
2910088
2910089
2910091
2910093
2910094
2910095
2910097
2910098
2910099
2910100
2910101
2910102
2910103
2910104
2910109
2910110
2910112
2910114
2910115
2910116
2910117
2910122
2910125
2910127
2910129
2910132
2910135
2910138
2910140
2910143
2910147
2910149
2910150
2910161
2910164
2910165
2910166
2910168
2910169
2910174
2910175
2910177
2910179
2910182
2910183
2910184
2910185
2910186
2910187
2910188
2910191
2910194
2910195
2910198
2910203
2910204
2910205
2910208
2910211
2910220
2910222
2910228
2910234
2910237
2910238
2910239
2910241
2910244
2910247
2910248
2910249
2910256
2910266
2910268
2910270
2910273
2910276
2910278
2910279
2910280
2910281
2910284
2910285
2910287
2910288
2910290
2910296
2910298
2910303
2910305
2910306
2910309
2910310
2910312
2910317
2910318
2910326
2910330
2910331
2910334
2910336
2910337
2910340
2910345
2910346
2910353
2910357
2910369
2910370
2910372
2910377
2910378
2910379
2910381
2910382
2910390
2910391
2910392
2910393
2910394
2910395
2910398
2910401
2910407
2910408
2910415
2910420
2910421
2910422
2910425
2910427
2910428
2910429
2910431
2910432
2910433
2910434
2910438
2910440
2910441
2910447
2910449
2910450
2910456
2910457
2910459
2910461
2910462
2910463
2910465
2910469
2910470
2910471
2910472
2910475
2910480
2910482
2910497
2910500
2910502
2910503
2910505
2910508
2910509
2910510
2910512
2910513
2910516
2910517
2910519
2910520
2910521
2910523
2910524
2910525
2910526
2910527
2910528
2910529
2910530
2910531
2910536
2910537
2910547
2910548
2910549
2910550
2910552
2910553
2910554
2910558
2910563
2910564
2910566
2910567
2910568
2910574
2910575
2910576
2910588
2910590
2910591
2910593
2910594
2910598
2910606
2910607
2910609
2910610
2910611
2910613
2910617
2910618
2910619
2910621
2910623
2910625
2910627
2910628
2910629
2910631
2910634
2910645
2910646
2910648
2910649
2910652
2910654
2910655
2910656
2910658
2910662
2910663
2910664
2910665
2910667
2910672
2910673
2910674
2910675
2910678
2910679
2910691
2910693
2910694
2910695
2910696
2910697
2910698
2910699
2910703
2910705
2910706
2910708
2910712
2910714
2910716
2910720
2910721
2910731
2910733
2910735
2910736
2910737
2910738
2910741
2910743
2910744
2910751
2910752
2910753
2910754
2910756
2910758
2910760
2910762
2910766
2910767
2910768
2910772
2910777
2910779
2910780
2910783
2910785
2910786
2910788
2910790
2910793
2910796
2910797
2910798
2910799
2910802
2910803
2910804
2910805
2910806
2910815
2910818
2910821
2910822
2910823
2910824
2910831
2910833
2910835
2910836
2910839
2910840
2910841
2910843
2910844
2910845
2910846
2910847
2910848
2910850
2910855
2910856
2910857
2910858
2910860
2910861
2910862
2910866
2910867
2910868
2910874
2910876
2910877
2910885
2910888
2910890
2910891
2910894
2910895
2910897
2910899
2910905
2910906
2910907
2910908
2910914
2910917
2910921
2910923
2910927
2910928
2910932
2910933
2910936
2910937
2910940
2910942
2910943
2910950
2910953
2910959
2910961
2910962
2910969
2910971
2910972
2910978
2910979
2910981
2910982
2910984
2910986
2910988
2910989
2910991
2910994
2910995
2910997
2911000
2911004
2911005
2911007
2911008
2911009
2911012
2911013
2911014
2911015
2911021
2911022
2911023
2911024
2911026
2911027
2911030
2911036
2911038
2911041
2911044
2911045
2911047
2911048
2911050
2911051
2911052
2911056
2911058
2911060
2911064
2911065
2911067
2911070
2911074
2911076
2911077
2911080
2911082
2911086
2911087
2911090
2911095
2911096
2911097
2911098
2911099
2911101
2911102
2911103
2911104
2911106
2911107
2911108
2911110
2911115
2911116
2911117
2911118
2911119
2911121
2911122
2911126
2911128
2911129
2911130
2911131
2911132
2911133
2911134
2911136
2911137
2911139
2911143
2911145
2911147
2911148
2911154
2911155
2911158
2911160
2911171
2911173
2911174
2911184
2911185
2911188
2911189
2911194
2911195
2911196
2911197
2911198
2911204
2911205
2911207
2911211
2911213
2911221
2911222
2911223
2911225
2911226
2911227
2911232
2911233
2911234
2911238
2911239
2911241
2911242
2911245
2911246
2911248
2911249
2911250
2911251
2911255
2911259
2911262
2911263
2911264
2911268
2911269
2911271
2911274
2911275
2911276
2911285
2911290
2911294
2911299
2911304
2911307
2911309
2911310
2911311
2911312
2911317
2911320
2911321
2911326
2911327
2911330
2911331
2911333
2911336
2911337
2911338
2911342
2911343
2911344
2911345
2911346
2911348
2911353
2911354
2911359
2911360
2911361
2911362
2911363
2911364
2911365
2911366
2911367
2911369
2911370
2911372
2911373
2911376
2911384
2911386
2911387
2911391
2911392
2911394
2911395
2911396
2911397
2911399
2911400
2911401
2911402
2911405
2911406
2911407
2911408
2911409
2911410
2911411
2911412
2911413
2911414
2911418
2911420
2911421
2911422
2911423
2911424
2911425
2911426
2911428
2911429
2911430
2911431
2911435
2911437
2911439
2911440
2911453
2911459
2911460
2911464
2911466
2911470
2911471
2911472
2911473
2911475
2911476
2911477
2911479
2911480
2911484
2911486
2911489
2911490
2911494
2911495
2911496
2911498
2911505
2911509
2911511
2911514
2911521
2911526
2911527
2911530
2911549
2911556
2911560
2911562
2911565
2911568
2911570
2911571
2911576
2911577
2911578
2911580
2911581
2911582
2911591
2911595
2911604
2911605
2911611
2911613
2911615
2911617
2911618
2911619
2911620
2911621
2911624
2911629
2911630
2911631
2911633
2911634
2911635
2911637
2911638
2911643
2911645
2911646
2911649
2911651
2911653
2911654
2911655
2911656
2911657
2911658
2911661
2911662
2911663
2911666
2911669
2911673
2911674
2911676
2911677
2911679
2911680
2911682
2911684
2911687
2911688
2911693
2911698
2911708
2911709
2911710
2911713
2911715
2911717
2911718
2911719
2911727
2911728
2911729
2911734
2911735
2911739
2911743
2911744
2911750
2911751
2911752
2911753
2911754
2911755
2911757
2911760
2911761
2911766
2911767
2911768
2911769
2911772
2911774
2911775
2911776
2911777
2911780
2911783
2911784
2911785
2911786
2911787
2911792
2911793
2911796
2911797
2911798
2911801
2911802
2911806
2911809
2911812
2911813
2911815
2911816
2911817
2911823
2911825
2911827
2911828
2911831
2911832
2911833
2911834
2911835
2911839
2911841
2911843
2911846
2911849
2911850
2911851
2911852
2911853
2911857
2911861
2911864
2911865
2911867
2911868
2911869
2911875
2911880
2911881
2911885
2911886
2911887
2911891
2911892
2911894
2911897
2911898
2911900
2911901
2911902
2911904
2911910
2911911
2911912
2911916
2911919
2911920
2911922
2911928
2911932
2911933
2911934
2911936
2911942
2911944
2911947
2911953
2911955
2911956
2911962
2911964
2911965
2911966
2911967
2911970
2911971
2911972
2911978
2911980
2911981
2911986
2911987
2911989
2911991
2911992
2911993
2911995
2911996
2911997
2911998
2912001
2912003
2912004
2912007
2912013
2912014
2912019
2912021
2912023
2912024
2912028
2912030
2912031
2912038
2912041
2912044
2912045
2912046
2912048
2912050
2912054
2912056
2912057
2912063
2912064
2912065
2912071
2912077
2912079
2912081
2912082
2912089
2912091
2912101
2912102
2912106
2912107
2912108
2912110
2912120
2912126
2912128
2912130
2912133
2912134
2912135
2912142
2912149
2912153
2912161
2912162
2912163
2912164
2912165
2912166
2912167
2912168
2912170
2912173
2912174
2912177
2912179
2912180
2912186
2912190
2912192
2912198
2912199
2912201
2912202
2912203
2912206
2912209
2912218
2912220
2912221
2912223
2912225
2912226
2912227
2912229
2912230
2912234
2912238
2912244
2912245
2912252
2912259
2912263
2912264
2912265
2912270
2912271
2912273
2912274
2912275
2912277
2912283
2912285
2912287
2912292
2912293
2912296
2912297
2912300
2912306
2912307
2912310
2912311
2912312
2912317
2912323
2912326
2912327
2912329
2912335
2912338
2912339
2912340
2912342
2912346
2912347
2912352
2912354
2912357
2912360
2912361
2912362
2912364
2912366
2912367
2912371
2912372
2912373
2912374
2912375
2912377
2912380
2912381
2912383
2912388
2912393
2912396
2912397
2912399
2912405
2912406
2912409
2912410
2912411
2912412
2912413
2912414
2912421
2912423
2912425
2912427
2912428
2912429
2912431
2912432
2912438
2912439
2912440
2912442
2912447
2912448
2912452
2912454
2912455
2912461
2912464
2912465
2912466
2912470
2912472
2912474
2912475
2912478
2912480
2912481
2912482
2912483
2912486
2912487
2912489
2912490
2912492
2912493
2912495
2912496
2912497
2912498
2912504
2912506
2912508
2912509
2912510
2912511
2912516
2912523
2912524
2912526
2912529
2912530
2912531
2912533
2912535
2912537
2912541
2912542
2912543
2912544
2912547
2912549
2912553
2912556
2912560
2912562
2912566
2912567
2912570
2912572
2912573
2912574
2912576
2912580
2912581
2912583
2912587
2912588
2912592
2912595
2912607
2912609
2912612
2912613
2912614
2912615
2912616
2912617
2912618
2912621
2912622
2912624
2912625
2912627
2912628
2912630
2912633
2912634
2912635
2912637
2912638
2912643
2912647
2912650
2912655
2912660
2912665
2912670
2912671
2912673
2912677
2912680
2912682
2912685
2912693
2912694
2912700
2912701
2912707
2912710
2912712
2912713
2912714
2912715
2912717
2912718
2912721
2912722
2912725
2912729
2912731
2912737
2912738
2912746
2912747
2912748
2912750
2912751
2912752
2912753
2912754
2912755
2912761
2912764
2912769
2912779
2912780
2912784
2912785
2912788
2912790
2912794
2912796
2912797
2912803
2912804
2912806
2912807
2912808
2912810
2912811
2912814
2912816
2912818
2912824
2912826
2912828
2912833
2912835
2912836
2912837
2912838
2912839
2912841
2912842
2912845
2912846
2912849
2912851
2912852
2912853
2912855
2912856
2912859
2912861
2912863
2912866
2912867
2912868
2912871
2912872
2912874
2912875
2912876
2912880
2912883
2912888
2912889
2912893
2912894
2912899
2912903
2912912
2912917
2912919
2912920
2912921
2912926
2912929
2912932
2912934
2912937
2912938
2912939
2912940
2912942
2912943
2912944
2912945
2912946
2912948
2912949
2912950
2912955
2912960
2912962
2912963
2912964
2912967
2912969
2912973
2912974
2912977
2912979
2912980
2912988
2912989
2912991
2912995
2912997
2913001
2913002
2913003
2913004
2913016
2913017
2913022
2913023
2913026
2913030
2913033
2913034
2913039
2913041
2913044
2913047
2913049
2913050
2913052
2913054
2913055
2913060
2913065
2913068
2913077
2913081
2913082
2913083
2913090
2913092
2913094
2913095
2913099
2913101
2913103
2913104
2913105
2913106
2913113
2913114
2913116
2913117
2913122
2913127
2913128
2913131
2913132
2913133
2913135
2913136
2913140
2913143
2913148
2913150
2913155
2913156
2913161
2913162
2913163
2913168
2913171
2913172
2913175
2913176
2913178
2913180
2913182
2913183
2913184
2913185
2913189
2913190
2913194
2913195
2913196
2913199
2913202
2913204
2913206
2913208
2913209
2913212
2913213
2913215
2913216
2913223
2913224
2913229
2913230
2913231
2913234
2913239
2913241
2913243
2913244
2913245
2913249
2913251
2913252
2913255
2913256
2913257
2913259
2913260
2913261
2913262
2913264
2913266
2913271
2913275
2913277
2913279
2913282
2913285
2913286
2913288
2913291
2913292
2913293
2913295
2913299
2913300
2913303
2913306
2913307
2913312
2913313
2913314
2913320
2913323
2913324
2913326
2913327
2913328
2913331
2913334
2913335
2913337
2913338
2913340
2913341
2913342
2913346
2913351
2913352
2913355
2913359
2913361
2913362
2913371
2913374
2913375
2913379
2913382
2913383
2913384
2913389
2913392
2913395
2913397
2913399
2913409
2913410
2913411
2913412
2913413
2913416
2913418
2913419
2913423
2913424
2913426
2913428
2913429
2913431
2913432
2913435
2913446
2913449
2913451
2913452
2913453
2913454
2913455
2913462
2913464
2913465
2913466
2913472
2913473
2913475
2913477
2913478
2913480
2913483
2913484
2913490
2913491
2913494
2913495
2913496
2913497
2913500
2913501
2913509
2913513
2913516
2913519
2913520
2913524
2913525
2913526
2913528
2913529
2913537
2913538
2913543
2913552
2913555
2913556
2913557
2913558
2913566
2913567
2913569
2913572
2913575
2913578
2913583
2913589
2913590
2913592
2913606
2913607
2913611
2913614
2913615
2913619
2913620
2913623
2913624
2913625
2913628
2913629
2913634
2913635
2913636
2913637
2913638
2913639
2913640
2913641
2913647
2913648
2913652
2913654
2913656
2913659
2913663
2913664
2913672
2913678
2913679
2913680
2913687
2913688
2913691
2913692
2913693
2913694
2913695
2913698
2913700
2913703
2913704
2913706
2913711
2913712
2913713
2913716
2913718
2913719
2913721
2913723
2913724
2913725
2913726
2913727
2913730
2913732
2913739
2913743
2913744
2913745
2913746
2913747
2913749
2913760
2913770
2913774
2913777
2913784
2913788
2913794
2913795
2913796
2913800
2913801
2913806
2913826
2913828
2913832
2913833
2913835
2913842
2913845
2913850
2913851
2913852
2913853
2913854
2913857
2913858
2913862
2913863
2913864
2913868
2913877
2913880
2913882
2913884
2913885
2913886
2913887
2913888
2913892
2913894
2913899
2913903
2913904
2913905
2913908
2913910
2913921
2913922
2913929
2913936
2913937
2913943
2913944
2913946
2913947
2913950
2913959
2913961
2913963
2913967
2913972
2913976
2913977
2913978
2913981
2913984
2913987
2913991
2913992
2913995
2914001
2914002
2914005
2914006
2914007
2914011
2914018
2914020
2914023
2914025
2914026
2914029
2914031
2914036
2914037
2914041
2914044
2914045
2914046
2914049
2914050
2914051
2914053
2914056
2914057
2914061
2914062
2914067
2914071
2914074
2914075
2914077
2914087
2914088
2914089
2914091
2914092
2914095
2914096
2914098
2914099
2914101
2914108
2914109
2914110
2914112
2914113
2914115
2914116
2914120
2914121
2914122
2914126
2914129
2914131
2914141
2914150
2914151
2914157
2914158
2914162
2914164
2914167
2914168
2914170
2914173
2914175
2914177
2914178
2914184
2914185
2914187
2914189
2914193
2914194
2914198
2914204
2914210
2914212
2914213
2914214
2914216
2914217
2914223
2914224
2914227
2914228
2914229
2914230
2914231
2914233
2914236
2914238
2914239
2914240
2914245
2914246
2914248
2914251
2914253
2914257
2914259
2914264
2914268
2914270
2914275
2914276
2914278
2914284
2914285
2914288
2914293
2914295
2914297
2914299
2914304
2914305
2914306
2914308
2914309
2914312
2914313
2914314
2914316
2914317
2914318
2914324
2914325
2914326
2914329
2914330
2914334
2914335
2914338
2914340
2914341
2914342
2914350
2914354
2914355
2914356
2914357
2914359
2914361
2914362
2914363
2914368
2914370
2914371
2914374
2914378
2914380
2914381
2914385
2914386
2914387
2914390
2914392
2914396
2914404
2914405
2914407
2914408
2914412
2914413
2914416
2914421
2914428
2914430
2914433
2914435
2914437
2914440
2914441
2914442
2914448
2914449
2914451
2914453
2914454
2914456
2914459
2914461
2914465
2914469
2914472
2914473
2914474
2914477
2914481
2914482
2914487
2914490
2914491
2914495
2914496
2914500
2914503
2914504
2914505
2914506
2914513
2914515
2914517
2914523
2914524
2914525
2914527
2914529
2914530
2914531
2914532
2914533
2914534
2914535
2914540
2914541
2914542
2914543
2914547
2914555
2914559
2914565
2914566
2914567
2914570
2914571
2914576
2914579
2914582
2914584
2914590
2914591
2914594
2914600
2914602
2914606
2914607
2914610
2914612
2914619
2914625
2914626
2914628
2914631
2914632
2914633
2914638
2914639
2914640
2914643
2914644
2914645
2914654
2914655
2914660
2914661
2914664
2914666
2914667
2914669
2914672
2914677
2914684
2914685
2914689
2914691
2914693
2914694
2914696
2914697
2914700
2914701
2914703
2914706
2914708
2914710
2914712
2914713
2914714
2914717
2914723
2914725
2914727
2914728
2914730
2914732
2914733
2914734
2914737
2914744
2914760
2914762
2914763
2914765
2914766
2914768
2914769
2914774
2914775
2914776
2914777
2914784
2914785
2914786
2914787
2914788
2914793
2914800
2914802
2914806
2914807
2914808
2914810
2914812
2914813
2914818
2914819
2914820
2914821
2914822
2914825
2914826
2914832
2914835
2914837
2914838
2914842
2914843
2914844
2914848
2914849
2914859
2914861
2914865
2914866
2914870
2914874
2914875
2914880
2914885
2914886
2914896
2914899
2914904
2914908
2914913
2914920
2914923
2914925
2914927
2914931
2914932
2914933
2914940
2914946
2914954
2914955
2914957
2914959
2914960
2914964
2914965
2914973
2914974
2914976
2914977
2914978
2914979
2914982
2914987
2914989
2914996
2914998
2914999
2915003
2915006
2915007
2915008
2915009
2915010
2915011
2915012
2915013
2915014
2915015
2915025
2915027
2915028
2915032
2915035
2915036
2915041
2915043
2915044
2915046
2915049
2915050
2915052
2915054
2915056
2915057
2915058
2915060
2915063
2915064
2915070
2915071
2915072
2915073
2915074
2915075
2915076
2915077
2915080
2915081
2915085
2915086
2915089
2915092
2915093
2915095
2915098
2915100
2915102
2915103
2915106
2915108
2915111
2915112
2915114
2915115
2915116
2915122
2915127
2915131
2915134
2915140
2915142
2915143
2915147
2915150
2915152
2915153
2915154
2915159
2915162
2915169
2915171
2915172
2915173
2915176
2915182
2915185
2915186
2915189
2915193
2915194
2915195
2915196
2915198
2915199
2915200
2915201
2915203
2915206
2915207
2915212
2915217
2915221
2915227
2915233
2915236
2915237
2915246
2915251
2915254
2915256
2915258
2915263
2915264
2915265
2915266
2915267
2915270
2915274
2915276
2915279
2915280
2915286
2915290
2915293
2915296
2915304
2915306
2915309
2915311
2915313
2915314
2915316
2915321
2915324
2915326
2915327
2915328
2915332
2915334
2915335
2915343
2915346
2915347
2915348
2915349
2915350
2915352
2915356
2915357
2915358
2915359
2915360
2915361
2915366
2915373
2915375
2915380
2915383
2915384
2915394
2915396
2915399
2915401
2915405
2915406
2915407
2915408
2915410
2915411
2915423
2915425
2915426
2915428
2915443
2915447
2915456
2915460
2915461
2915462
2915464
2915466
2915471
2915473
2915474
2915476
2915477
2915478
2915479
2915481
2915484
2915489
2915492
2915498
2915499
2915500
2915501
2915502
2915505
2915506
2915507
2915511
2915512
2915514
2915515
2915516
2915518
2915524
2915528
2915533
2915534
2915535
2915536
2915537
2915540
2915541
2915542
2915545
2915546
2915547
2915551
2915554
2915555
2915556
2915562
2915563
2915564
2915566
2915567
2915569
2915570
2915573
2915574
2915580
2915581
2915582
2915583
2915584
2915585
2915587
2915589
2915591
2915592
2915593
2915594
2915597
2915598
2915599
2915600
2915602
2915606
2915613
2915615
2915616
2915617
2915619
2915625
2915626
2915628
2915630
2915634
2915635
2915636
2915637
2915638
2915639
2915642
2915644
2915645
2915646
2915647
2915648
2915649
2915650
2915653
2915654
2915657
2915658
2915660
2915661
2915662
2915663
2915665
2915669
2915670
2915671
2915674
2915675
2915676
2915677
2915678
2915679
2915681
2915682
2915684
2915690
2915691
2915692
2915693
2915694
2915695
2915696
2915698
2915700
2915701
2915703
2915705
2915707
2915708
2915711
2915712
2915713
2915714
2915716
2915717
2915720
2915723
2915724
2915726
2915728
2915729
2915731
2915732
2915734
2915735
2915736
2915739
2915745
2915746
2915747
2915751
2915752
2915753
2915754
2915755
2915756
2915757
2915759
2915760
2915761
2915763
2915764
2915765
2915766
2915767
2915768
2915769
2915770
2915771
2915772
2915776
2915777
2915778
2915780
2915781
2915783
2915785
2915786
2915787
2915789
2915790
2915791
2915793
2915794
2915795
2915797
2915798
2915801
2915803
2915804
2915806
2915808
2915810
2915813
2915814
2915827
2915829
2915830
2915831
2915833
2915834
2915837
2915839
2915840
2915841
2915842
2915850
2915853
2915854
2915856
2915857
2915859
2915861
2915862
2915863
2915864
2915865
2915870
2915871
2915872
2915873
2915875
2915876
2915877
2915879
2915885
2915886
2915887
2915888
2915889
2915894
2915895
2915897
2915898
2915901
2915903
2915905
2915906
2915907
2915908
2915910
2915911
2915913
2915915
2915917
2915919
2915922
2915931
2915936
2915937
2915938
2915940
2915941
2915943
2915949
2915951
2915954
2915955
2915956
2915957
2915958
2915959
2915960
2915962
2915964
2915966
2915969
2915971
2915972
2915977
2915981
2915982
2915988
2915989
2915990
2915991
2915994
2915996
2916001
2916002
2916005
2916006
2916007
2916009
2916011
2916013
2916016
2916017
2916019
2916023
2916030
2916031
2916035
2916036
2916039
2916044
2916052
2916057
2916058
2916063
2916066
2916068
2916069
2916070
2916073
2916074
2916076
2916078
2916079
2916080
2916081
2916087
2916091
2916092
2916093
2916094
2916100
2916102
2916104
2916105
2916106
2916107
2916112
2916114
2916117
2916120
2916121
2916125
2916129
2916130
2916132
2916133
2916135
2916136
2916139
2916140
2916141
2916142
2916145
2916148
2916149
2916151
2916153
2916156
2916159
2916162
2916163
2916164
2916165
2916166
2916168
2916170
2916174
2916175
2916177
2916180
2916182
2916184
2916185
2916187
2916188
2916189
2916191
2916194
2916195
2916196
2916199
2916201
2916205
2916207
2916208
2916209
2916213
2916214
2916215
2916216
2916218
2916219
2916221
2916222
2916223
2916225
2916227
2916229
2916230
2916231
2916232
2916234
2916239
2916240
2916243
2916246
2916248
2916252
2916253
2916254
2916255
2916257
2916259
2916260
2916262
2916263
2916267
2916268
2916269
2916271
2916275
2916276
2916277
2916281
2916284
2916286
2916288
2916289
2916290
2916291
2916293
2916294
2916295
2916296
2916297
2916298
2916299
2916300
2916301
2916303
2916304
2916305
2916307
2916309
2916311
2916312
2916316
2916317
2916318
2916322
2916323
2916328
2916329
2916331
2916334
2916335
2916336
2916341
2916346
2916347
2916348
2916350
2916351
2916352
2916353
2916354
2916358
2916359
2916360
2916361
2916364
2916365
2916373
2916376
2916380
2916381
2916383
2916385
2916389
2916390
2916394
2916398
2916399
2916400
2916404
2916415
2916416
2916418
2916419
2916420
2916422
2916424
2916425
2916430
2916431
2916434
2916435
2916436
2916439
2916443
2916444
2916447
2916448
2916450
2916453
2916454
2916455
2916456
2916457
2916459
2916461
2916462
2916463
2916464
2916465
2916469
2916474
2916476
2916479
2916480
2916483
2916484
2916486
2916490
2916491
2916494
2916496
2916498
2916500
2916502
2916503
2916506
2916508
2916510
2916516
2916517
2916520
2916524
2916527
2916540
2916545
2916551
2916556
2916559
2916562
2916563
2916565
2916569
2916573
2916579
2916580
2916581
2916586
2916587
2916588
2916589
2916591
2916593
2916599
2916601
2916602
2916603
2916605
2916607
2916611
2916616
2916618
2916624
2916625
2916628
2916629
2916630
2916633
2916635
2916636
2916637
2916642
2916643
2916653
2916654
2916657
2916660
2916662
2916665
2916667
2916668
2916672
2916676
2916677
2916681
2916682
2916685
2916686
2916688
2916689
2916691
2916695
2916699
2916700
2916702
2916706
2916708
2916711
2916713
2916714
2916716
2916718
2916720
2916721
2916723
2916724
2916725
2916733
2916734
2916737
2916738
2916743
2916746
2916747
2916750
2916753
2916756
2916758
2916760
2916765
2916769
2916770
2916773
2916774
2916775
2916778
2916783
2916786
2916787
2916788
2916790
2916793
2916795
2916796
2916798
2916799
2916802
2916807
2916813
2916815
2916817
2916818
2916821
2916822
2916823
2916830
2916831
2916835
2916836
2916838
2916839
2916843
2916844
2916847
2916856
2916857
2916859
2916860
2916866
2916867
2916873
2916878
2916881
2916887
2916891
2916892
2916893
2916896
2916901
2916902
2916910
2916911
2916913
2916914
2916922
2916928
2916929
2916931
2916936
2916937
2916938
2916941
2916943
2916945
2916947
2916953
2916954
2916956
2916959
2916967
2916970
2916973
2916976
2916977
2916978
2916984
2916985
2916986
2916987
2916989
2916991
2916992
2916994
2916995
2916998
2917001
2917002
2917003
2917005
2917007
2917008
2917014
2917016
2917018
2917020
2917021
2917022
2917023
2917024
2917028
2917029
2917038
2917054
2917059
2917061
2917065
2917071
2917072
2917075
2917077
2917078
2917079
2917080
2917081
2917082
2917083
2917084
2917085
2917086
2917090
2917092
2917093
2917094
2917097
2917098
2917100
2917101
2917103
2917106
2917107
2917111
2917113
2917114
2917115
2917116
2917122
2917128
2917129
2917133
2917134
2917136
2917137
2917139
2917140
2917143
2917146
2917147
2917151
2917158
2917161
2917162
2917163
2917167
2917173
2917176
2917181
2917182
2917184
2917185
2917189
2917190
2917191
2917193
2917202
2917203
2917204
2917211
2917214
2917215
2917221
2917232
2917235
2917246
2917248
2917251
2917254
2917255
2917267
2917269
2917270
2917271
2917272
2917273
2917275
2917276
2917277
2917282
2917283
2917284
2917289
2917291
2917292
2917294
2917295
2917299
2917300
2917302
2917310
2917311
2917313
2917314
2917316
2917323
2917325
2917332
2917333
2917334
2917336
2917339
2917340
2917342
2917347
2917354
2917356
2917357
2917360
2917361
2917362
2917363
2917372
2917374
2917379
2917382
2917384
2917385
2917386
2917387
2917388
2917392
2917393
2917397
2917400
2917401
2917405
2917407
2917408
2917409
2917411
2917412
2917413
2917417
2917419
2917421
2917423
2917428
2917432
2917433
2917435
2917441
2917442
2917443
2917454
2917455
2917462
2917467
2917468
2917473
2917474
2917475
2917476
2917480
2917482
2917483
2917484
2917487
2917488
2917491
2917493
2917500
2917501
2917504
2917512
2917513
2917514
2917517
2917518
2917519
2917523
2917524
2917526
2917528
2917529
2917531
2917533
2917534
2917539
2917540
2917541
2917542
2917543
2917544
2917545
2917551
2917553
2917554
2917556
2917557
2917558
2917560
2917562
2917563
2917564
2917567
2917569
2917571
2917576
2917578
2917579
2917587
2917593
2917594
2917596
2917602
2917612
2917617
2917620
2917621
2917622
2917623
2917626
2917627
2917628
2917629
2917630
2917634
2917635
2917637
2917639
2917641
2917642
2917644
2917648
2917649
2917652
2917654
2917660
2917668
2917669
2917674
2917675
2917676
2917679
2917680
2917681
2917682
2917686
2917687
2917691
2917692
2917693
2917702
2917703
2917714
2917716
2917717
2917723
2917724
2917727
2917728
2917729
2917731
2917734
2917735
2917736
2917738
2917740
2917743
2917745
2917757
2917758
2917759
2917760
2917761
2917765
2917767
2917773
2917775
2917777
2917778
2917784
2917786
2917787
2917790
2917793
2917799
2917800
2917804
2917806
2917808
2917814
2917818
2917819
2917821
2917822
2917823
2917825
2917826
2917827
2917828
2917830
2917837
2917839
2917840
2917843
2917851
2917852
2917853
2917854
2917857
2917858
2917859
2917860
2917864
2917866
2917870
2917871
2917872
2917873
2917882
2917885
2917887
2917890
2917891
2917892
2917894
2917896
2917897
2917898
2917899
2917902
2917903
2917907
2917908
2917909
2917914
2917915
2917922
2917923
2917926
2917931
2917935
2917939
2917941
2917946
2917947
2917948
2917949
2917950
2917953
2917957
2917958
2917959
2917964
2917965
2917968
2917969
2917970
2917972
2917977
2917979
2917982
2917985
2917991
2917998
2918003
2918004
2918005
2918012
2918015
2918017
2918022
2918027
2918029
2918034
2918035
2918036
2918040
2918041
2918042
2918044
2918045
2918046
2918047
2918049
2918054
2918055
2918057
2918060
2918061
2918064
2918065
2918066
2918070
2918071
2918078
2918085
2918089
2918093
2918094
2918096
2918102
2918103
2918104
2918107
2918109
2918110
2918114
2918115
2918121
2918122
2918127
2918129
2918133
2918136
2918138
2918139
2918141
2918146
2918147
2918148
2918158
2918160
2918165
2918168
2918169
2918174
2918175
2918178
2918179
2918180
2918183
2918184
2918185
2918187
2918191
2918192
2918194
2918198
2918199
2918200
2918201
2918207
2918221
2918224
2918228
2918232
2918234
2918235
2918237
2918239
2918240
2918246
2918247
2918251
2918252
2918254
2918256
2918257
2918259
2918261
2918265
2918266
2918267
2918268
2918276
2918277
2918279
2918281
2918282
2918284
2918288
2918290
2918291
2918292
2918294
2918295
2918301
2918304
2918305
2918310
2918315
2918317
2918318
2918319
2918326
2918328
2918330
2918334
2918342
2918344
2918346
2918347
2918350
2918353
2918356
2918357
2918359
2918360
2918361
2918368
2918369
2918370
2918371
2918372
2918375
2918377
2918378
2918382
2918383
2918395
2918400
2918401
2918403
2918416
2918421
2918425
2918426
2918431
2918434
2918437
2918442
2918443
2918444
2918450
2918453
2918454
2918458
2918460
2918464
2918473
2918474
2918477
2918481
2918483
2918484
2918486
2918487
2918488
2918489
2918490
2918494
2918495
2918498
2918500
2918507
2918517
2918527
2918529
2918530
2918532
2918535
2918538
2918546
2918547
2918548
2918550
2918553
2918554
2918560
2918561
2918562
2918564
2918565
2918566
2918567
2918572
2918573
2918574
2918578
2918581
2918582
2918583
2918584
2918586
2918587
2918589
2918590
2918591
2918592
2918594
2918595
2918602
2918603
2918604
2918608
2918609
2918613
2918614
2918620
2918621
2918623
2918625
2918627
2918628
2918629
2918631
2918635
2918636
2918639
2918642
2918644
2918645
2918648
2918659
2918661
2918664
2918665
2918666
2918668
2918669
2918673
2918675
2918676
2918677
2918678
2918679
2918680
2918681
2918683
2918684
2918685
2918686
2918687
2918690
2918691
2918693
2918694
2918695
2918696
2918699
2918701
2918702
2918703
2918714
2918715
2918716
2918723
2918725
2918726
2918727
2918728
2918729
2918730
2918732
2918733
2918734
2918735
2918741
2918744
2918745
2918746
2918749
2918750
2918753
2918757
2918763
2918779
2918783
2918784
2918786
2918787
2918791
2918793
2918796
2918800
2918801
2918803
2918808
2918827
2918828
2918830
2918834
2918838
2918839
2918846
2918847
2918852
2918853
2918864
2918865
2918867
2918870
2918872
2918874
2918879
2918882
2918883
2918893
2918894
2918895
2918896
2918899
2918901
2918907
2918910
2918912
2918916
2918920
2918924
2918928
2918930
2918933
2918934
2918940
2918943
2918946
2918951
2918959
2918961
2918962
2918964
2918965
2918966
2918967
2918968
2918976
2918979
2918986
2918987
2918988
2918992
2918996
2918997
2918998
2918999
2919003
2919005
2919014
2919029
2919030
2919031
2919032
2919034
2919035
2919037
2919039
2919040
2919041
2919042
2919043
2919044
2919045
2919046
2919047
2919050
2919051
2919052
2919054
2919059
2919060
2919064
2919065
2919067
2919069
2919070
2919071
2919073
2919075
2919077
2919081
2919088
2919089
2919090
2919092
2919094
2919098
2919099
2919100
2919101
2919104
2919108
2919111
2919118
2919119
2919120
2919121
2919122
2919123
2919125
2919140
2919142
2919150
2919152
2919155
2919163
2919164
2919170
2919172
2919175
2919179
2919180
2919182
2919184
2919185
2919188
2919190
2919191
2919192
2919195
2919196
2919197
2919198
2919200
2919201
2919206
2919207
2919208
2919209
2919212
2919216
2919217
2919220
2919221
2919224
2919225
2919226
2919227
2919233
2919234
2919235
2919238
2919240
2919242
2919243
2919244
2919245
2919246
2919248
2919250
2919252
2919253
2919256
2919257
2919258
2919259
2919260
2919263
2919264
2919266
2919270
2919271
2919272
2919275
2919276
2919280
2919284
2919286
2919287
2919294
2919298
2919300
2919302
2919304
2919306
2919312
2919314
2919316
2919317
2919319
2919321
2919323
2919324
2919337
2919338
2919339
2919340
2919347
2919350
2919352
2919355
2919356
2919357
2919360
2919362
2919370
2919371
2919374
2919376
2919386
2919387
2919390
2919392
2919393
2919394
2919398
2919402
2919405
2919406
2919407
2919409
2919411
2919414
2919418
2919421
2919422
2919423
2919429
2919434
2919435
2919436
2919440
2919443
2919444
2919446
2919447
2919455
2919459
2919460
2919461
2919462
2919463
2919472
2919475
2919478
2919486
2919487
2919489
2919492
2919498
2919499
2919501
2919504
2919507
2919510
2919516
2919517
2919518
2919519
2919522
2919526
2919528
2919529
2919531
2919536
2919541
2919544
2919545
2919546
2919549
2919554
2919555
2919556
2919562
2919563
2919566
2919570
2919571
2919577
2919582
2919587
2919590
2919594
2919595
2919596
2919597
2919599
2919600
2919602
2919603
2919604
2919606
2919609
2919610
2919611
2919613
2919614
2919616
2919618
2919619
2919620
2919622
2919625
2919626
2919627
2919634
2919639
2919641
2919644
2919654
2919655
2919661
2919667
2919668
2919670
2919671
2919672
2919673
2919675
2919676
2919677
2919679
2919682
2919685
2919686
2919687
2919688
2919692
2919693
2919699
2919702
2919704
2919707
2919709
2919710
2919711
2919713
2919714
2919715
2919724
2919725
2919727
2919728
2919731
2919736
2919739
2919748
2919762
2919764
2919765
2919768
2919772
2919773
2919774
2919780
2919781
2919783
2919784
2919785
2919791
2919792
2919793
2919798
2919806
2919807
2919810
2919811
2919817
2919820
2919823
2919825
2919827
2919829
2919836
2919838
2919839
2919848
2919849
2919858
2919860
2919863
2919864
2919866
2919872
2919874
2919875
2919883
2919884
2919885
2919886
2919887
2919888
2919889
2919894
2919895
2919896
2919898
2919899
2919905
2919906
2919907
2919908
2919910
2919911
2919912
2919914
2919915
2919918
2919931
2919935
2919936
2919937
2919938
2919941
2919942
2919947
2919948
2919949
2919952
2919953
2919954
2919956
2919957
2919959
2919960
2919961
2919962
2919964
2919970
2919971
2919972
2919975
2919976
2919979
2919980
2919984
2919985
2919986
2919993
2919994
2919995
2919996
2919997
2919999
2920000
2920002
2920005
2920013
2920019
2920020
2920021
2920022
2920026
2920027
2920029
2920030
2920036
2920037
2920038
2920044
2920045
2920047
2920048
2920056
2920065
2920069
2920071
2920074
2920078
2920079
2920081
2920083
2920084
2920087
2920088
2920090
2920091
2920094
2920100
2920102
2920110
2920112
2920119
2920120
2920122
2920126
2920130
2920134
2920137
2920141
2920146
2920147
2920151
2920152
2920153
2920159
2920160
2920162
2920168
2920171
2920172
2920173
2920177
2920179
2920180
2920184
2920186
2920190
2920194
2920196
2920197
2920198
2920199
2920203
2920211
2920214
2920216
2920228
2920231
2920233
2920235
2920236
2920244
2920246
2920248
2920250
2920253
2920255
2920260
2920270
2920271
2920272
2920274
2920275
2920282
2920285
2920288
2920289
2920290
2920293
2920294
2920295
2920296
2920298
2920300
2920303
2920305
2920306
2920307
2920315
2920316
2920321
2920322
2920323
2920324
2920325
2920326
2920329
2920332
2920333
2920334
2920341
2920342
2920346
2920347
2920360
2920369
2920371
2920374
2920375
2920376
2920378
2920379
2920380
2920381
2920383
2920385
2920388
2920389
2920390
2920392
2920398
2920399
2920401
2920402
2920408
2920410
2920411
2920412
2920415
2920417
2920419
2920420
2920422
2920423
2920428
2920430
2920431
2920434
2920436
2920439
2920440
2920441
2920447
2920449
2920456
2920457
2920458
2920459
2920465
2920466
2920467
2920468
2920470
2920471
2920475
2920477
2920478
2920481
2920483
2920485
2920494
2920495
2920499
2920501
2920502
2920503
2920506
2920509
2920517
2920518
2920520
2920521
2920523
2920525
2920530
2920533
2920536
2920541
2920544
2920545
2920546
2920554
2920555
2920558
2920559
2920560
2920562
2920564
2920565
2920566
2920567
2920568
2920569
2920570
2920572
2920573
2920574
2920580
2920585
2920587
2920589
2920593
2920594
2920596
2920602
2920603
2920605
2920607
2920608
2920609
2920610
2920611
2920613
2920614
2920615
2920616
2920618
2920619
2920620
2920621
2920624
2920626
2920629
2920630
2920631
2920632
2920634
2920640
2920641
2920645
2920646
2920655
2920656
2920658
2920660
2920663
2920672
2920674
2920675
2920676
2920678
2920679
2920681
2920683
2920689
2920692
2920693
2920698
2920700
2920702
2920704
2920706
2920716
2920717
2920718
2920719
2920723
2920724
2920725
2920727
2920728
2920729
2920730
2920731
2920736
2920739
2920743
2920744
2920749
2920750
2920751
2920753
2920754
2920757
2920758
2920759
2920760
2920762
2920763
2920766
2920767
2920768
2920769
2920770
2920771
2920772
2920774
2920775
2920783
2920787
2920791
2920792
2920795
2920796
2920797
2920798
2920799
2920800
2920802
2920803
2920810
2920818
2920820
2920821
2920829
2920830
2920831
2920837
2920839
2920848
2920849
2920850
2920851
2920853
2920854
2920858
2920859
2920861
2920865
2920866
2920868
2920869
2920870
2920872
2920876
2920882
2920883
2920886
2920887
2920888
2920889
2920890
2920891
2920893
2920895
2920896
2920898
2920902
2920904
2920905
2920906
2920912
2920913
2920914
2920920
2920924
2920926
2920927
2920933
2920934
2920939
2920940
2920941
2920942
2920943
2920944
2920946
2920947
2920949
2920950
2920951
2920952
2920953
2920954
2920955
2920956
2920957
2920960
2920961
2920963
2920964
2920966
2920967
2920968
2920969
2920970
2920974
2920975
2920976
2920978
2920979
2920980
2920981
2920982
2920983
2920984
2920985
2920986
2920988
2920989
2920993
2920995
2920996
2920997
2920998
2920999
2921000
2921002
2921003
2921004
2921005
2921006
2921007
2921017
2921018
2921019
2921020
2921021
2921022
2921023
2921024
2921027
2921028
2921029
2921030
2921031
2921033
2921035
2921036
2921040
2921041
2921042
2921043
2921047
2921049
2921056
2921059
2921069
2921076
2921077
2921080
2921083
2921086
2921090
2921091
2921092
2921095
2921096
2921097
2921101
2921102
2921103
2921106
2921109
2921111
2921115
2921116
2921119
2921123
2921125
2921126
2921129
2921130
2921131
2921137
2921138
2921139
2921140
2921141
2921142
2921151
2921154
2921162
2921165
2921166
2921168
2921169
2921178
2921180
2921183
2921189
2921190
2921191
2921192
2921193
2921194
2921195
2921196
2921197
2921198
2921200
2921201
2921204
2921208
2921209
2921210
2921212
2921213
2921214
2921216
2921219
2921220
2921221
2921222
2921229
2921230
2921232
2921237
2921238
2921240
2921241
2921242
2921243
2921244
2921245
2921246
2921247
2921248
2921249
2921250
2921253
2921254
2921255
2921258
2921259
2921260
2921262
2921263
2921264
2921273
2921275
2921280
2921281
2921282
2921283
2921287
2921292
2921296
2921300
2921301
2921303
2921304
2921306
2921307
2921311
2921313
2921314
2921315
2921318
2921319
2921321
2921322
2921323
2921324
2921330
2921332
2921334
2921335
2921342
2921346
2921348
2921349
2921350
2921351
2921352
2921353
2921354
2921362
2921364
2921366
2921369
2921370
2921372
2921373
2921378
2921379
2921381
2921382
2921383
2921390
2921393
2921399
2921401
2921402
2921405
2921406
2921408
2921410
2921417
2921418
2921420
2921423
2921424
2921426
2921434
2921435
2921439
2921440
2921441
2921443
2921444
2921449
2921454
2921463
2921464
2921467
2921470
2921471
2921475
2921476
2921477
2921481
2921482
2921489
2921498
2921499
2921505
2921507
2921509
2921510
2921512
2921513
2921516
2921518
2921519
2921523
2921535
2921540
2921544
2921547
2921551
2921553
2921554
2921555
2921558
2921560
2921561
2921575
2921577
2921581
2921582
2921584
2921589
2921593
2921597
2921600
2921602
2921603
2921609
2921615
2921617
2921618
2921623
2921626
2921630
2921631
2921635
2921636
2921638
2921639
2921642
2921649
2921653
2921654
2921655
2921656
2921669
2921671
2921675
2921676
2921677
2921678
2921681
2921683
2921684
2921686
2921687
2921693
2921695
2921696
2921697
2921699
2921701
2921702
2921706
2921709
2921711
2921715
2921717
2921719
2921720
2921722
2921725
2921727
2921728
2921729
2921737
2921738
2921739
2921743
2921747
2921752
2921761
2921762
2921767
2921769
2921770
2921771
2921772
2921779
2921780
2921781
2921782
2921785
2921786
2921789
2921790
2921791
2921792
2921796
2921799
2921803
2921804
2921806
2921807
2921811
2921812
2921813
2921815
2921819
2921821
2921822
2921823
2921826
2921827
2921834
2921835
2921837
2921840
2921841
2921844
2921845
2921849
2921855
2921858
2921869
2921876
2921878
2921884
2921887
2921889
2921890
2921891
2921894
2921898
2921899
2921901
2921902
2921903
2921905
2921906
2921907
2921914
2921915
2921918
2921919
2921920
2921923
2921925
2921926
2921929
2921935
2921938
2921939
2921940
2921941
2921945
2921952
2921955
2921956
2921959
2921960
2921966
2921968
2921974
2921978
2921979
2921980
2921981
2921983
2921986
2921987
2921989
2921990
2921994
2921995
2922000
2922002
2922006
2922008
2922021
2922023
2922033
2922034
2922035
2922038
2922039
2922041
2922042
2922046
2922047
2922049
2922053
2922054
2922057
2922058
2922064
2922072
2922076
2922077
2922079
2922081
2922083
2922085
2922087
2922089
2922090
2922095
2922097
2922099
2922101
2922103
2922110
2922113
2922115
2922116
2922119
2922120
2922122
2922123
2922127
2922133
2922138
2922139
2922149
2922154
2922155
2922156
2922160
2922162
2922165
2922169
2922182
2922184
2922185
2922186
2922187
2922194
2922195
2922197
2922198
2922201
2922202
2922203
2922205
2922206
2922208
2922209
2922211
2922212
2922214
2922215
2922226
2922227
2922230
2922235
2922236
2922237
2922240
2922241
2922243
2922245
2922246
2922247
2922255
2922256
2922260
2922261
2922262
2922268
2922270
2922271
2922278
2922279
2922282
2922285
2922287
2922288
2922289
2922292
2922293
2922299
2922302
2922303
2922308
2922311
2922313
2922315
2922316
2922322
2922324
2922326
2922328
2922332
2922339
2922342
2922350
2922354
2922359
2922364
2922365
2922366
2922367
2922368
2922371
2922373
2922377
2922378
2922382
2922383
2922384
2922386
2922389
2922390
2922396
2922397
2922401
2922408
2922409
2922412
2922413
2922415
2922416
2922423
2922425
2922428
2922434
2922441
2922450
2922455
2922456
2922457
2922460
2922463
2922468
2922473
2922474
2922475
2922476
2922480
2922488
2922492
2922493
2922494
2922495
2922497
2922499
2922503
2922510
2922513
2922516
2922517
2922526
2922531
2922532
2922540
2922541
2922542
2922549
2922550
2922553
2922557
2922564
2922567
2922569
2922570
2922579
2922582
2922584
2922588
2922594
2922595
2922598
2922599
2922600
2922601
2922604
2922609
2922610
2922614
2922615
2922620
2922621
2922622
2922627
2922628
2922630
2922632
2922635
2922636
2922641
2922643
2922644
2922650
2922655
2922656
2922661
2922662
2922666
2922667
2922668
2922669
2922673
2922679
2922680
2922682
2922683
2922687
2922694
2922695
2922701
2922704
2922711
2922713
2922714
2922718
2922721
2922722
2922725
2922728
2922732
2922736
2922737
2922738
2922739
2922742
2922747
2922750
2922752
2922753
2922754
2922755
2922756
2922761
2922762
2922764
2922766
2922769
2922770
2922771
2922773
2922775
2922776
2922777
2922780
2922782
2922787
2922789
2922790
2922791
2922792
2922794
2922796
2922801
2922802
2922803
2922813
2922815
2922819
2922820
2922823
2922825
2922828
2922829
2922830
2922837
2922838
2922842
2922847
2922848
2922850
2922852
2922853
2922856
2922861
2922864
2922867
2922869
2922871
2922872
2922874
2922876
2922877
2922884
2922885
2922887
2922888
2922893
2922896
2922897
2922899
2922908
2922910
2922912
2922921
2922929
2922930
2922931
2922935
2922946
2922949
2922950
2922951
2922954
2922955
2922956
2922957
2922959
2922961
2922964
2922966
2922970
2922973
2922975
2922976
2922977
2922978
2922979
2922980
2922981
2922984
2922985
2922987
2922990
2922991
2922995
2922996
2923000
2923001
2923006
2923015
2923016
2923017
2923018
2923019
2923020
2923021
2923023
2923027
2923028
2923029
2923032
2923033
2923035
2923038
2923039
2923040
2923041
2923042
2923043
2923044
2923047
2923049
2923053
2923054
2923055
2923056
2923058
2923060
2923061
2923064
2923067
2923070
2923078
2923079
2923081
2923082
2923084
2923085
2923086
2923087
2923089
2923090
2923092
2923095
2923098
2923099
2923101
2923103
2923108
2923110
2923113
2923117
2923118
2923120
2923121
2923126
2923127
2923128
2923130
2923137
2923139
2923142
2923147
2923148
2923149
2923150
2923151
2923152
2923153
2923156
2923159
2923160
2923161
2923162
2923163
2923166
2923168
2923169
2923171
2923174
2923175
2923176
2923177
2923180
2923181
2923186
2923187
2923194
2923198
2923199
2923202
2923204
2923205
2923210
2923211
2923213
2923214
2923219
2923220
2923228
2923229
2923236
2923239
2923247
2923248
2923249
2923250
2923251
2923252
2923253
2923254
2923255
2923257
2923264
2923265
2923266
2923270
2923271
2923273
2923274
2923275
2923280
2923282
2923283
2923284
2923286
2923287
2923288
2923289
2923291
2923292
2923294
2923295
2923296
2923301
2923302
2923306
2923307
2923309
2923310
2923311
2923312
2923313
2923315
2923316
2923317
2923319
2923320
2923327
2923330
2923332
2923333
2923336
2923339
2923346
2923347
2923352
2923353
2923355
2923356
2923357
2923359
2923361
2923365
2923368
2923370
2923371
2923374
2923377
2923378
2923382
2923383
2923384
2923385
2923390
2923392
2923398
2923399
2923400
2923403
2923409
2923410
2923413
2923420
2923422
2923423
2923424
2923425
2923426
2923429
2923430
2923431
2923433
2923434
2923435
2923437
2923439
2923441
2923446
2923447
2923448
2923449
2923450
2923451
2923452
2923454
2923455
2923456
2923457
2923461
2923466
2923467
2923469
2923478
2923479
2923481
2923483
2923484
2923488
2923491
2923492
2923493
2923498
2923499
2923501
2923502
2923508
2923510
2923513
2923514
2923515
2923516
2923517
2923519
2923522
2923523
2923524
2923525
2923526
2923527
2923528
2923529
2923532
2923534
2923539
2923540
2923541
2923550
2923551
2923552
2923553
2923554
2923558
2923559
2923566
2923569
2923573
2923574
2923578
2923581
2923583
2923584
2923589
2923590
2923591
2923594
2923599
2923600
2923601
2923605
2923607
2923608
2923609
2923610
2923611
2923612
2923613
2923621
2923623
2923624
2923632
2923633
2923643
2923645
2923646
2923648
2923649
2923652
2923657
2923659
2923660
2923663
2923664
2923665
2923668
2923669
2923672
2923673
2923674
2923675
2923676
2923677
2923681
2923682
2923683
2923685
2923686
2923687
2923688
2923689
2923693
2923694
2923699
2923700
2923703
2923704
2923705
2923711
2923713
2923718
2923719
2923721
2923722
2923723
2923724
2923725
2923726
2923728
2923730
2923734
2923739
2923741
2923743
2923744
2923747
2923748
2923750
2923751
2923753
2923754
2923773
2923774
2923775
2923776
2923778
2923779
2923781
2923782
2923790
2923793
2923796
2923807
2923810
2923811
2923812
2923813
2923814
2923817
2923819
2923820
2923826
2923829
2923831
2923842
2923844
2923847
2923848
2923849
2923850
2923852
2923856
2923859
2923860
2923861
2923863
2923866
2923869
2923871
2923872
2923873
2923877
2923880
2923881
2923885
2923887
2923888
2923889
2923891
2923892
2923893
2923898
2923899
2923906
2923908
2923910
2923911
2923914
2923915
2923921
2923922
2923924
2923925
2923929
2923930
2923931
2923937
2923938
2923941
2923943
2923945
2923948
2923952
2923954
2923955
2923958
2923960
2923962
2923968
2923972
2923973
2923981
2923983
2923984
2923989
2923990
2923994
2923995
2923998
2924000
2924001
2924004
2924008
2924009
2924010
2924012
2924013
2924019
2924023
2924024
2924025
2924029
2924033
2924035
2924036
2924043
2924047
2924048
2924049
2924053
2924054
2924055
2924062
2924063
2924065
2924068
2924069
2924073
2924075
2924078
2924080
2924082
2924084
2924085
2924089
2924091
2924094
2924095
2924096
2924098
2924099
2924100
2924102
2924106
2924108
2924113
2924116
2924121
2924122
2924126
2924128
2924129
2924131
2924132
2924138
2924143
2924144
2924148
2924149
2924150
2924151
2924154
2924155
2924161
2924162
2924163
2924164
2924166
2924167
2924168
2924169
2924171
2924174
2924175
2924178
2924183
2924187
2924192
2924193
2924196
2924198
2924199
2924202
2924204
2924205
2924208
2924209
2924212
2924214
2924215
2924218
2924219
2924221
2924223
2924227
2924228
2924232
2924233
2924234
2924235
2924236
2924237
2924238
2924240
2924243
2924249
2924250
2924254
2924258
2924260
2924262
2924267
2924268
2924271
2924273
2924280
2924282
2924285
2924291
2924294
2924295
2924296
2924297
2924302
2924304
2924305
2924306
2924307
2924308
2924309
2924311
2924316
2924318
2924319
2924320
2924326
2924330
2924331
2924337
2924338
2924340
2924342
2924351
2924354
2924358
2924364
2924365
2924367
2924368
2924369
2924370
2924371
2924373
2924374
2924376
2924382
2924387
2924389
2924392
2924394
2924396
2924398
2924399
2924401
2924402
2924404
2924405
2924407
2924412
2924413
2924414
2924415
2924419
2924420
2924422
2924423
2924425
2924426
2924430
2924431
2924439
2924440
2924441
2924444
2924445
2924448
2924449
2924450
2924451
2924454
2924458
2924459
2924461
2924462
2924464
2924465
2924466
2924468
2924470
2924471
2924473
2924474
2924478
2924481
2924483
2924485
2924486
2924490
2924491
2924497
2924499
2924500
2924502
2924507
2924508
2924509
2924512
2924515
2924516
2924519
2924526
2924527
2924530
2924531
2924532
2924535
2924542
2924543
2924544
2924545
2924546
2924549
2924552
2924554
2924555
2924557
2924561
2924564
2924573
2924575
2924576
2924577
2924578
2924579
2924581
2924582
2924584
2924586
2924588
2924589
2924590
2924595
2924600
2924601
2924604
2924605
2924608
2924609
2924613
2924615
2924633
2924634
2924636
2924645
2924647
2924655
2924656
2924658
2924659
2924661
2924662
2924663
2924664
2924665
2924666
2924669
2924670
2924674
2924675
2924676
2924677
2924685
2924686
2924687
2924688
2924691
2924693
2924694
2924695
2924699
2924702
2924706
2924711
2924712
2924713
2924715
2924716
2924719
2924727
2924730
2924731
2924732
2924734
2924735
2924739
2924742
2924743
2924746
2924748
2924750
2924752
2924756
2924759
2924760
2924762
2924763
2924770
2924771
2924774
2924779
2924781
2924782
2924784
2924786
2924787
2924789
2924791
2924793
2924796
2924798
2924799
2924805
2924810
2924811
2924812
2924814
2924816
2924817
2924823
2924824
2924826
2924829
2924833
2924838
2924842
2924845
2924846
2924848
2924850
2924853
2924854
2924857
2924859
2924860
2924862
2924865
2924866
2924868
2924872
2924873
2924874
2924876
2924877
2924879
2924880
2924881
2924882
2924883
2924885
2924886
2924887
2924888
2924890
2924894
2924896
2924907
2924913
2924918
2924929
2924933
2924935
2924936
2924940
2924943
2924944
2924946
2924947
2924949
2924953
2924954
2924957
2924960
2924964
2924974
2924977
2924980
2924985
2924986
2924987
2924990
2924994
2924996
2924997
2925002
2925005
2925007
2925008
2925010
2925011
2925012
2925014
2925017
2925019
2925021
2925023
2925024
2925026
2925029
2925036
2925038
2925041
2925044
2925045
2925051
2925054
2925058
2925059
2925060
2925062
2925067
2925068
2925069
2925072
2925073
2925074
2925075
2925077
2925078
2925080
2925083
2925084
2925086
2925089
2925097
2925098
2925102
2925105
2925107
2925111
2925117
2925125
2925128
2925129
2925130
2925131
2925132
2925135
2925136
2925138
2925140
2925144
2925152
2925155
2925156
2925157
2925158
2925159
2925161
2925163
2925164
2925166
2925167
2925168
2925171
2925172
2925173
2925178
2925180
2925181
2925188
2925192
2925193
2925195
2925196
2925199
2925200
2925202
2925205
2925208
2925210
2925218
2925219
2925220
2925222
2925224
2925225
2925233
2925242
2925244
2925245
2925247
2925251
2925255
2925256
2925257
2925258
2925259
2925270
2925274
2925277
2925281
2925286
2925290
2925298
2925299
2925300
2925301
2925303
2925305
2925309
2925318
2925319
2925320
2925321
2925322
2925323
2925324
2925325
2925326
2925327
2925328
2925333
2925335
2925341
2925344
2925349
2925353
2925357
2925359
2925360
2925362
2925363
2925365
2925367
2925369
2925370
2925371
2925372
2925373
2925374
2925376
2925377
2925378
2925379
2925380
2925381
2925387
2925389
2925393
2925396
2925397
2925398
2925399
2925400
2925402
2925403
2925406
2925408
2925410
2925411
2925415
2925420
2925422
2925423
2925424
2925425
2925426
2925435
2925437
2925438
2925439
2925441
2925444
2925453
2925454
2925455
2925457
2925460
2925462
2925465
2925467
2925470
2925475
2925476
2925477
2925478
2925479
2925480
2925481
2925482
2925484
2925486
2925490
2925491
2925493
2925498
2925499
2925501
2925502
2925503
2925504
2925505
2925506
2925514
2925517
2925518
2925521
2925522
2925529
2925531
2925533
2925535
2925536
2925537
2925538
2925540
2925542
2925544
2925547
2925548
2925550
2925551
2925558
2925562
2925563
2925569
2925574
2925575
2925579
2925580
2925581
2925588
2925590
2925591
2925597
2925599
2925600
2925601
2925603
2925609
2925610
2925611
2925618
2925621
2925623
2925624
2925627
2925628
2925629
2925630
2925631
2925636
2925640
2925642
2925644
2925645
2925651
2925655
2925657
2925658
2925659
2925660
2925661
2925666
2925667
2925674
2925676
2925681
2925686
2925687
2925688
2925692
2925693
2925695
2925698
2925699
2925700
2925703
2925709
2925718
2925723
2925724
2925725
2925726
2925728
2925729
2925735
2925737
2925740
2925741
2925742
2925748
2925757
2925758
2925761
2925762
2925764
2925767
2925768
2925769
2925775
2925780
2925788
2925792
2925793
2925794
2925795
2925801
2925803
2925806
2925807
2925808
2925811
2925813
2925815
2925816
2925819
2925821
2925837
2925838
2925839
2925842
2925844
2925846
2925847
2925848
2925851
2925854
2925863
2925864
2925865
2925866
2925871
2925878
2925879
2925880
2925881
2925883
2925884
2925887
2925889
2925892
2925895
2925900
2925902
2925904
2925906
2925912
2925914
2925922
2925928
2925929
2925930
2925932
2925934
2925936
2925937
2925938
2925945
2925949
2925951
2925953
2925957
2925959
2925960
2925961
2925964
2925965
2925973
2925974
2925976
2925978
2925979
2925980
2925982
2925983
2925984
2925985
2925987
2925989
2925992
2925994
2925996
2926000
2926002
2926004
2926005
2926007
2926008
2926009
2926010
2926014
2926015
2926017
2926020
2926022
2926023
2926026
2926028
2926036
2926038
2926039
2926040
2926042
2926048
2926057
2926059
2926060
2926061
2926064
2926072
2926073
2926074
2926078
2926079
2926082
2926083
2926085
2926095
2926096
2926102
2926103
2926104
2926105
2926107
2926108
2926109
2926112
2926118
2926119
2926120
2926121
2926123
2926134
2926136
2926139
2926140
2926144
2926145
2926147
2926149
2926154
2926155
2926156
2926161
2926162
2926165
2926166
2926168
2926169
2926171
2926173
2926174
2926178
2926179
2926180
2926187
2926189
2926193
2926197
2926199
2926201
2926202
2926203
2926206
2926207
2926208
2926209
2926210
2926213
2926215
2926216
2926224
2926226
2926227
2926229
2926231
2926232
2926236
2926237
2926239
2926240
2926243
2926244
2926249
2926251
2926261
2926262
2926264
2926265
2926268
2926269
2926273
2926274
2926277
2926283
2926290
2926293
2926296
2926298
2926302
2926303
2926307
2926308
2926309
2926310
2926313
2926316
2926318
2926321
2926326
2926327
2926330
2926331
2926333
2926336
2926337
2926350
2926352
2926353
2926356
2926358
2926359
2926367
2926368
2926369
2926382
2926384
2926386
2926387
2926388
2926393
2926397
2926400
2926401
2926402
2926407
2926412
2926415
2926419
2926421
2926423
2926424
2926426
2926427
2926429
2926432
2926436
2926437
2926447
2926448
2926451
2926452
2926453
2926456
2926457
2926458
2926459
2926462
2926463
2926465
2926469
2926482
2926483
2926489
2926492
2926493
2926494
2926496
2926501
2926503
2926504
2926515
2926516
2926520
2926522
2926525
2926526
2926527
2926529
2926530
2926531
2926532
2926533
2926535
2926536
2926537
2926538
2926540
2926541
2926542
2926544
2926547
2926548
2926549
2926551
2926552
2926553
2926554
2926555
2926556
2926557
2926558
2926561
2926562
2926564
2926566
2926571
2926572
2926573
2926575
2926576
2926577
2926578
2926579
2926580
2926581
2926582
2926583
2926586
2926588
2926589
2926590
2926591
2926592
2926593
2926595
2926596
2926597
2926600
2926603
2926606
2926608
2926609
2926611
2926612
2926617
2926619
2926621
2926622
2926623
2926624
2926625
2926626
2926627
2926628
2926629
2926630
2926631
2926632
2926636
2926637
2926638
2926639
2926640
2926641
2926642
2926644
2926645
2926646
2926647
2926648
2926649
2926650
2926651
2926652
2926653
2926655
2926659
2926661
2926662
2926663
2926665
2926666
2926667
2926668
2926669
2926671
2926672
2926673
2926674
2926675
2926676
2926677
2926679
2926680
2926684
2926685
2926686
2926687
2926688
2926689
2926691
2926692
2926693
2926694
2926696
2926697
2926698
2926699
2926700
2926701
2926702
2926703
2926704
2926705
2926706
2926707
2926708
2926709
2926710
2926711
2926714
2926715
2926716
2926717
2926719
2926720
2926724
2926726
2926727
2926728
2926729
2926730
2926731
2926732
2926734
2926735
2926736
2926739
2926740
2926741
2926742
2926749
2926750
2926751
2926752
2926756
2926757
2926759
2926760
2926761
2926762
2926767
2926769
2926777
2926779
2926783
2926784
2926785
2926786
2926787
2926791
2926792
2926793
2926794
2926795
2926802
2926803
2926804
2926805
2926806
2926807
2926808
2926809
2926810
2926814
2926819
2926820
2926821
2926822
2926826
2926827
2926828
2926829
2926831
2926832
2926833
2926834
2926835
2926836
2926837
2926838
2926841
2926842
2926843
2926844
2926845
2926850
2926852
2926855
2926856
2926857
2926865
2926866
2926868
2926869
2926870
2926871
2926873
2926874
2926875
2926876
2926877
2926878
2926880
2926881
2926884
2926885
2926886
2926889
2926890
2926891
2926892
2926894
2926895
2926896
2926897
2926898
2926899
2926900
2926901
2926902
2926905
2926906
2926907
2926908
2926909
2926910
2926916
2926917
2926918
2926919
2926920
2926921
2926922
2926923
2926924
2926925
2926926
2926927
2926928
2926930
2926931
2926932
2926936
2926937
2926938
2926941
2926942
2926943
2926944
2926945
2926946
2926947
2926948
2926950
2926951
2926952
2926955
2926956
2926957
2926961
2926962
2926963
2926965
2926966
2926967
2926968
2926971
2926972
2926974
2926975
2926976
2926977
2926978
2926982
2926983
2926984
2926986
2926987
2926988
2926990
2926991
2926992
2926993
2926995
2927000
2927001
2927002
2927004
2927005
2927009
2927012
2927016
2927017
2927018
2927020
2927021
2927029
2927031
2927036
2927037
2927038
2927040
2927050
2927054
2927055
2927056
2927057
2927058
2927060
2927062
2927066
2927067
2927068
2927071
2927073
2927075
2927080
2927081
2927082
2927083
2927085
2927092
2927097
2927098
2927099
2927101
2927103
2927105
2927106
2927107
2927108
2927110
2927112
2927114
2927115
2927119
2927122
2927123
2927126
2927131
2927132
2927133
2927134
2927136
2927137
2927138
2927140
2927141
2927142
2927143
2927147
2927148
2927151
2927152
2927153
2927155
2927156
2927163
2927165
2927166
2927167
2927170
2927180
2927182
2927183
2927185
2927186
2927187
2927196
2927197
2927201
2927202
2927203
2927205
2927206
2927207
2927209
2927211
2927212
2927213
2927216
2927217
2927218
2927220
2927221
2927222
2927225
2927226
2927227
2927230
2927232
2927233
2927234
2927236
2927238
2927239
2927242
2927246
2927248
2927249
2927250
2927251
2927252
2927256
2927260
2927261
2927262
2927265
2927266
2927270
2927271
2927273
2927275
2927276
2927279
2927282
2927287
2927288
2927289
2927290
2927296
2927298
2927300
2927302
2927306
2927308
2927310
2927313
2927315
2927320
2927321
2927322
2927326
2927328
2927332
2927334
2927338
2927341
2927342
2927344
2927347
2927349
2927353
2927354
2927357
2927364
2927366
2927369
2927370
2927371
2927372
2927374
2927382
2927383
2927391
2927392
2927393
2927396
2927399
2927402
2927403
2927406
2927410
2927411
2927412
2927413
2927414
2927420
2927423
2927424
2927426
2927429
2927435
2927438
2927439
2927443
2927445
2927451
2927459
2927461
2927462
2927467
2927469
2927470
2927472
2927475
2927477
2927479
2927480
2927481
2927484
2927485
2927487
2927488
2927493
2927494
2927496
2927497
2927500
2927504
2927512
2927513
2927515
2927517
2927518
2927520
2927525
2927530
2927531
2927534
2927538
2927539
2927541
2927542
2927544
2927545
2927546
2927550
2927551
2927554
2927559
2927560
2927561
2927562
2927563
2927564
2927568
2927571
2927572
2927574
2927577
2927578
2927584
2927585
2927589
2927592
2927593
2927595
2927596
2927600
2927603
2927604
2927607
2927608
2927614
2927615
2927616
2927628
2927629
2927631
2927633
2927634
2927635
2927636
2927639
2927640
2927646
2927648
2927649
2927651
2927662
2927664
2927668
2927669
2927672
2927677
2927678
2927679
2927692
2927693
2927696
2927697
2927698
2927702
2927707
2927708
2927711
2927714
2927715
2927716
2927720
2927725
2927726
2927731
2927736
2927739
2927740
2927741
2927742
2927745
2927747
2927752
2927753
2927754
2927755
2927757
2927761
2927762
2927777
2927778
2927779
2927782
2927786
2927787
2927788
2927790
2927794
2927795
2927803
2927812
2927813
2927818
2927822
2927823
2927824
2927825
2927828
2927833
2927834
2927839
2927840
2927841
2927844
2927845
2927846
2927848
2927852
2927865
2927866
2927871
2927880
2927881
2927882
2927883
2927890
2927892
2927893
2927894
2927904
2927908
2927918
2927922
2927923
2927925
2927926
2927931
2927933
2927935
2927936
2927945
2927947
2927948
2927955
2927956
2927959
2927960
2927964
2927966
2927968
2927970
2927975
2927977
2927978
2927979
2927980
2927981
2927983
2927985
2927989
2927996
2928000
2928001
2928004
2928005
2928013
2928014
2928022
2928028
2928033
2928034
2928038
2928041
2928042
2928043
2928050
2928052
2928054
2928060
2928062
2928065
2928066
2928072
2928077
2928079
2928085
2928087
2928088
2928089
2928090
2928095
2928102
2928104
2928105
2928108
2928113
2928117
2928121
2928122
2928127
2928128
2928131
2928133
2928136
2928137
2928138
2928140
2928143
2928144
2928145
2928147
2928153
2928156
2928159
2928160
2928161
2928162
2928172
2928174
2928176
2928179
2928185
2928187
2928188
2928191
2928195
2928196
2928197
2928199
2928200
2928205
2928206
2928208
2928209
2928210
2928211
2928218
2928220
2928221
2928222
2928223
2928229
2928242
2928243
2928244
2928245
2928250
2928252
2928254
2928255
2928256
2928261
2928264
2928265
2928266
2928269
2928270
2928271
2928278
2928281
2928282
2928291
2928292
2928294
2928296
2928302
2928303
2928306
2928307
2928318
2928319
2928320
2928321
2928322
2928324
2928325
2928328
2928332
2928333
2928334
2928338
2928342
2928343
2928344
2928350
2928351
2928352
2928353
2928356
2928357
2928358
2928359
2928361
2928367
2928374
2928375
2928378
2928379
2928381
2928383
2928384
2928386
2928387
2928388
2928391
2928399
2928400
2928403
2928404
2928411
2928412
2928413
2928414
2928415
2928418
2928420
2928421
2928422
2928425
2928426
2928428
2928429
2928430
2928432
2928435
2928436
2928437
2928444
2928445
2928446
2928450
2928455
2928456
2928457
2928458
2928459
2928464
2928465
2928468
2928469
2928470
2928475
2928478
2928480
2928483
2928492
2928493
2928498
2928499
2928501
2928508
2928511
2928515
2928516
2928517
2928518
2928520
2928522
2928524
2928525
2928526
2928537
2928539
2928542
2928543
2928546
2928548
2928552
2928553
2928554
2928556
2928558
2928560
2928562
2928563
2928574
2928575
2928581
2928583
2928584
2928585
2928586
2928587
2928588
2928589
2928590
2928596
2928600
2928601
2928605
2928607
2928612
2928613
2928620
2928629
2928630
2928634
2928636
2928637
2928638
2928639
2928641
2928643
2928644
2928645
2928646
2928647
2928648
2928649
2928651
2928653
2928658
2928664
2928671
2928672
2928680
2928684
2928690
2928693
2928694
2928698
2928699
2928700
2928701
2928702
2928703
2928704
2928705
2928716
2928721
2928722
2928723
2928725
2928726
2928728
2928729
2928732
2928735
2928738
2928744
2928746
2928747
2928752
2928753
2928756
2928757
2928759
2928760
2928761
2928762
2928764
2928766
2928769
2928773
2928774
2928775
2928778
2928787
2928792
2928801
2928802
2928805
2928807
2928812
2928814
2928815
2928819
2928820
2928821
2928823
2928829
2928830
2928841
2928846
2928847
2928848
2928849
2928850
2928857
2928858
2928859
2928862
2928863
2928864
2928867
2928868
2928869
2928872
2928874
2928878
2928879
2928880
2928886
2928887
2928888
2928889
2928890
2928892
2928893
2928894
2928897
2928898
2928905
2928907
2928908
2928911
2928916
2928925
2928926
2928927
2928931
2928932
2928936
2928945
2928949
2928950
2928951
2928957
2928961
2928962
2928967
2928968
2928971
2928975
2928976
2928978
2928979
2928981
2928982
2928984
2928985
2928986
2928992
2929000
2929001
2929004
2929005
2929006
2929011
2929014
2929015
2929016
2929027
2929028
2929029
2929030
2929031
2929032
2929034
2929036
2929037
2929043
2929050
2929051
2929058
2929059
2929061
2929063
2929064
2929066
2929071
2929072
2929073
2929074
2929079
2929084
2929088
2929089
2929090
2929092
2929093
2929094
2929095
2929096
2929098
2929099
2929103
2929104
2929106
2929107
2929108
2929112
2929113
2929115
2929116
2929120
2929122
2929123
2929124
2929126
2929140
2929141
2929143
2929147
2929148
2929150
2929152
2929153
2929158
2929159
2929160
2929162
2929163
2929165
2929168
2929169
2929170
2929174
2929181
2929190
2929192
2929194
2929195
2929198
2929202
2929207
2929219
2929221
2929223
2929225
2929226
2929227
2929230
2929233
2929234
2929235
2929241
2929243
2929244
2929247
2929249
2929253
2929266
2929270
2929271
2929272
2929277
2929278
2929282
2929285
2929288
2929289
2929290
2929293
2929296
2929297
2929298
2929299
2929304
2929308
2929309
2929310
2929313
2929315
2929319
2929322
2929324
2929327
2929328
2929329
2929330
2929332
2929335
2929336
2929337
2929343
2929347
2929349
2929350
2929351
2929353
2929356
2929359
2929361
2929362
2929366
2929367
2929368
2929369
2929370
2929371
2929375
2929380
2929391
2929392
2929393
2929396
2929398
2929402
2929403
2929405
2929406
2929410
2929411
2929415
2929420
2929421
2929422
2929424
2929426
2929427
2929429
2929430
2929431
2929432
2929433
2929434
2929443
2929446
2929451
2929452
2929455
2929458
2929463
2929464
2929465
2929467
2929468
2929469
2929470
2929471
2929473
2929474
2929475
2929476
2929480
2929484
2929486
2929496
2929497
2929500
2929501
2929502
2929504
2929517
2929520
2929522
2929528
2929529
2929536
2929537
2929543
2929546
2929548
2929549
2929550
2929554
2929558
2929559
2929560
2929564
2929565
2929568
2929573
2929575
2929578
2929580
2929581
2929585
2929586
2929589
2929590
2929594
2929598
2929599
2929601
2929605
2929607
2929609
2929610
2929615
2929616
2929617
2929618
2929619
2929622
2929624
2929626
2929630
2929632
2929633
2929635
2929637
2929642
2929644
2929646
2929648
2929649
2929655
2929661
2929672
2929673
2929674
2929676
2929678
2929683
2929684
2929688
2929691
2929693
2929696
2929699
2929703
2929712
2929725
2929727
2929729
2929735
2929739
2929742
2929747
2929751
2929754
2929763
2929764
2929771
2929776
2929777
2929778
2929779
2929781
2929784
2929788
2929792
2929797
2929801
2929805
2929812
2929814
2929817
2929820
2929821
2929822
2929825
2929838
2929843
2929844
2929845
2929849
2929852
2929853
2929855
2929860
2929868
2929870
2929874
2929878
2929879
2929882
2929886
2929890
2929891
2929893
2929894
2929895
2929896
2929903
2929905
2929913
2929915
2929917
2929922
2929923
2929924
2929930
2929931
2929933
2929936
2929938
2929940
2929941
2929944
2929946
2929949
2929955
2929966
2929972
2929975
2929978
2929980
2929984
2929985
2929986
2929992
2929995
2929997
2929999
2930003
2930004
2930005
2930007
2930009
2930010
2930012
2930015
2930017
2930018
2930019
2930020
2930021
2930022
2930026
2930027
2930028
2930031
2930032
2930033
2930036
2930038
2930043
2930044
2930047
2930048
2930050
2930051
2930053
2930054
2930059
2930061
2930062
2930063
2930064
2930065
2930072
2930075
2930076
2930080
2930081
2930082
2930083
2930085
2930090
2930095
2930101
2930103
2930106
2930110
2930114
2930119
2930121
2930122
2930123
2930125
2930128
2930129
2930131
2930133
2930135
2930140
2930141
2930142
2930152
2930153
2930156
2930158
2930159
2930160
2930161
2930162
2930164
2930165
2930168
2930170
2930171
2930172
2930173
2930174
2930176
2930177
2930178
2930179
2930180
2930182
2930183
2930186
2930187
2930189
2930190
2930192
2930197
2930198
2930199
2930201
2930202
2930205
2930206
2930207
2930209
2930214
2930215
2930216
2930217
2930219
2930220
2930221
2930222
2930224
2930228
2930230
2930231
2930238
2930240
2930244
2930245
2930246
2930248
2930251
2930253
2930255
2930256
2930259
2930260
2930261
2930270
2930271
2930272
2930274
2930279
2930280
2930281
2930284
2930287
2930288
2930289
2930290
2930291
2930292
2930293
2930294
2930296
2930297
2930298
2930302
2930303
2930304
2930307
2930311
2930312
2930318
2930319
2930326
2930328
2930329
2930332
2930334
2930335
2930340
2930341
2930342
2930344
2930345
2930351
2930352
2930353
2930356
2930357
2930358
2930359
2930361
2930372
2930373
2930374
2930375
2930379
2930381
2930382
2930383
2930388
2930389
2930392
2930396
2930397
2930400
2930401
2930402
2930405
2930407
2930408
2930411
2930415
2930427
2930433
2930434
2930435
2930436
2930438
2930439
2930440
2930441
2930447
2930454
2930458
2930459
2930462
2930463
2930465
2930466
2930468
2930470
2930473
2930474
2930478
2930480
2930482
2930484
2930485
2930486
2930487
2930489
2930490
2930491
2930492
2930493
2930494
2930495
2930496
2930497
2930499
2930508
2930509
2930510
2930511
2930512
2930521
2930522
2930527
2930532
2930534
2930535
2930537
2930538
2930539
2930541
2930543
2930544
2930545
2930546
2930551
2930552
2930553
2930554
2930555
2930557
2930558
2930562
2930563
2930564
2930566
2930572
2930574
2930576
2930577
2930583
2930588
2930591
2930594
2930595
2930604
2930606
2930610
2930613
2930614
2930615
2930617
2930618
2930620
2930622
2930623
2930625
2930631
2930633
2930635
2930636
2930638
2930641
2930642
2930644
2930645
2930648
2930649
2930650
2930662
2930663
2930664
2930665
2930666
2930668
2930670
2930671
2930672
2930674
2930676
2930677
2930678
2930679
2930683
2930686
2930692
2930694
2930696
2930697
2930699
2930700
2930701
2930703
2930704
2930705
2930707
2930708
2930710
2930712
2930713
2930715
2930716
2930717
2930718
2930722
2930723
2930725
2930727
2930729
2930731
2930733
2930735
2930736
2930741
2930743
2930744
2930748
2930751
2930755
2930764
2930769
2930771
2930772
2930773
2930774
2930775
2930777
2930779
2930781
2930782
2930790
2930791
2930798
2930802
2930804
2930805
2930806
2930808
2930812
2930813
2930816
2930818
2930823
2930824
2930827
2930828
2930834
2930844
2930845
2930847
2930849
2930850
2930856
2930858
2930859
2930860
2930867
2930869
2930870
2930871
2930873
2930874
2930878
2930882
2930883
2930884
2930887
2930890
2930894
2930895
2930903
2930905
2930906
2930909
2930910
2930913
2930914
2930916
2930917
2930918
2930920
2930926
2930928
2930931
2930932
2930934
2930940
2930941
2930943
2930945
2930955
2930956
2930957
2930961
2930964
2930966
2930970
2930972
2930974
2930975
2930976
2930977
2930979
2930981
2930982
2930985
2930990
2930991
2930995
2930996
2930997
2930998
2931003
2931004
2931005
2931010
2931011
2931012
2931015
2931016
2931017
2931019
2931020
2931023
2931028
2931029
2931030
2931031
2931035
2931036
2931038
2931039
2931040
2931042
2931043
2931045
2931046
2931048
2931051
2931052
2931054
2931055
2931057
2931058
2931059
2931067
2931068
2931072
2931073
2931074
2931078
2931080
2931084
2931086
2931087
2931088
2931091
2931092
2931095
2931096
2931098
2931099
2931100
2931101
2931105
2931106
2931108
2931110
2931111
2931112
2931118
2931119
2931121
2931125
2931126
2931127
2931133
2931134
2931137
2931139
2931140
2931144
2931145
2931146
2931150
2931152
2931155
2931161
2931162
2931164
2931165
2931167
2931171
2931175
2931177
2931178
2931179
2931181
2931182
2931183
2931190
2931196
2931200
2931202
2931203
2931210
2931212
2931213
2931214
2931221
2931223
2931225
2931227
2931229
2931230
2931233
2931234
2931235
2931236
2931237
2931238
2931243
2931244
2931247
2931255
2931258
2931261
2931262
2931268
2931269
2931271
2931275
2931280
2931283
2931287
2931288
2931293
2931294
2931295
2931299
2931304
2931306
2931308
2931313
2931314
2931318
2931320
2931325
2931329
2931334
2931337
2931346
2931347
2931350
2931351
2931353
2931354
2931355
2931356
2931358
2931360
2931364
2931370
2931371
2931374
2931379
2931381
2931382
2931384
2931385
2931386
2931387
2931392
2931393
2931395
2931396
2931398
2931402
2931403
2931404
2931405
2931407
2931408
2931409
2931411
2931423
2931425
2931430
2931435
2931437
2931438
2931439
2931440
2931442
2931445
2931446
2931449
2931450
2931453
2931455
2931457
2931458
2931460
2931464
2931465
2931467
2931469
2931470
2931471
2931479
2931481
2931489
2931490
2931494
2931495
2931500
2931501
2931504
2931505
2931506
2931510
2931512
2931513
2931521
2931524
2931526
2931527
2931529
2931532
2931533
2931536
2931537
2931538
2931540
2931542
2931545
2931546
2931553
2931557
2931559
2931561
2931563
2931569
2931570
2931574
2931575
2931576
2931577
2931579
2931580
2931581
2931582
2931588
2931589
2931590
2931591
2931593
2931594
2931600
2931602
2931604
2931606
2931609
2931612
2931613
2931615
2931618
2931619
2931622
2931623
2931624
2931626
2931627
2931628
2931631
2931632
2931636
2931637
2931638
2931639
2931644
2931645
2931646
2931651
2931653
2931656
2931659
2931661
2931662
2931663
2931664
2931667
2931668
2931673
2931674
2931678
2931681
2931686
2931689
2931695
2931696
2931697
2931699
2931705
2931706
2931708
2931709
2931710
2931711
2931716
2931717
2931723
2931727
2931729
2931730
2931731
2931734
2931735
2931736
2931737
2931745
2931746
2931750
2931752
2931754
2931758
2931763
2931765
2931766
2931770
2931771
2931774
2931780
2931781
2931783
2931784
2931786
2931792
2931794
2931796
2931800
2931804
2931806
2931808
2931813
2931818
2931823
2931824
2931827
2931828
2931829
2931830
2931831
2931832
2931833
2931834
2931835
2931836
2931837
2931838
2931843
2931846
2931847
2931850
2931851
2931852
2931853
2931856
2931857
2931860
2931862
2931863
2931864
2931865
2931869
2931872
2931877
2931879
2931880
2931882
2931884
2931887
2931890
2931894
2931895
2931899
2931900
2931902
2931906
2931908
2931909
2931910
2931911
2931912
2931913
2931914
2931915
2931917
2931918
2931922
2931923
2931929
2931933
2931944
2931954
2931955
2931958
2931960
2931961
2931962
2931963
2931969
2931973
2931975
2931976
2931978
2931981
2931983
2931984
2931985
2931986
2931987
2931988
2931991
2931993
2932000
2932004
2932005
2932013
2932014
2932016
2932017
2932018
2932023
2932027
2932028
2932031
2932032
2932033
2932041
2932047
2932052
2932062
2932068
2932074
2932076
2932086
2932089
2932096
2932100
2932102
2932104
2932107
2932110
2932113
2932115
2932118
2932120
2932126
2932127
2932131
2932132
2932133
2932134
2932135
2932141
2932144
2932145
2932146
2932148
2932149
2932150
2932157
2932160
2932163
2932168
2932172
2932175
2932176
2932179
2932180
2932183
2932184
2932185
2932189
2932190
2932196
2932199
2932202
2932203
2932205
2932206
2932207
2932209
2932213
2932214
2932218
2932220
2932221
2932222
2932223
2932227
2932235
2932238
2932241
2932243
2932244
2932245
2932246
2932247
2932248
2932249
2932250
2932253
2932255
2932260
2932266
2932269
2932272
2932274
2932276
2932282
2932284
2932289
2932291
2932292
2932301
2932302
2932304
2932309
2932310
2932312
2932314
2932317
2932318
2932321
2932322
2932327
2932329
2932338
2932341
2932342
2932344
2932348
2932349
2932353
2932361
2932362
2932363
2932364
2932365
2932369
2932371
2932376
2932380
2932381
2932385
2932392
2932393
2932395
2932399
2932404
2932406
2932407
2932416
2932423
2932426
2932428
2932431
2932433
2932435
2932438
2932439
2932440
2932441
2932447
2932451
2932453
2932455
2932457
2932458
2932459
2932460
2932461
2932462
2932464
2932468
2932470
2932472
2932474
2932475
2932477
2932480
2932482
2932483
2932484
2932486
2932489
2932490
2932491
2932494
2932500
2932501
2932503
2932507
2932509
2932511
2932512
2932516
2932517
2932521
2932528
2932530
2932531
2932532
2932536
2932537
2932540
2932542
2932544
2932545
2932546
2932548
2932550
2932552
2932553
2932554
2932558
2932560
2932561
2932563
2932564
2932565
2932568
2932569
2932572
2932573
2932574
2932579
2932585
2932590
2932592
2932598
2932602
2932604
2932605
2932606
2932608
2932612
2932615
2932621
2932628
2932629
2932633
2932635
2932637
2932640
2932642
2932646
2932648
2932650
2932651
2932658
2932660
2932661
2932664
2932665
2932666
2932667
2932672
2932678
2932679
2932682
2932685
2932686
2932690
2932691
2932695
2932697
2932698
2932705
2932707
2932709
2932711
2932712
2932713
2932718
2932720
2932728
2932730
2932731
2932732
2932735
2932736
2932738
2932745
2932752
2932754
2932758
2932763
2932766
2932767
2932773
2932778
2932779
2932780
2932782
2932786
2932801
2932804
2932808
2932809
2932813
2932814
2932815
2932818
2932829
2932831
2932832
2932833
2932834
2932835
2932839
2932840
2932843
2932847
2932855
2932858
2932861
2932863
2932864
2932866
2932867
2932868
2932872
2932873
2932875
2932876
2932877
2932882
2932883
2932891
2932893
2932901
2932905
2932906
2932913
2932917
2932919
2932920
2932925
2932926
2932927
2932928
2932929
2932930
2932931
2932935
2932942
2932945
2932947
2932953
2932954
2932956
2932958
2932960
2932961
2932962
2932967
2932969
2932970
2932971
2932972
2932973
2932974
2932977
2932981
2932982
2932984
2932985
2932987
2932988
2932994
2932997
2932998
2932999
2933001
2933002
2933003
2933004
2933005
2933012
2933014
2933020
2933021
2933027
2933028
2933029
2933031
2933039
2933040
2933045
2933046
2933047
2933053
2933054
2933059
2933061
2933062
2933063
2933064
2933066
2933068
2933069
2933070
2933074
2933076
2933077
2933081
2933083
2933088
2933092
2933093
2933094
2933095
2933097
2933103
2933104
2933105
2933106
2933111
2933116
2933117
2933118
2933122
2933124
2933127
2933129
2933130
2933137
2933142
2933146
2933147
2933148
2933150
2933151
2933152
2933158
2933159
2933160
2933165
2933169
2933170
2933179
2933180
2933183
2933184
2933185
2933187
2933189
2933191
2933193
2933196
2933198
2933202
2933203
2933205
2933206
2933209
2933211
2933221
2933226
2933230
2933233
2933234
2933235
2933236
2933237
2933239
2933240
2933241
2933242
2933243
2933244
2933245
2933247
2933250
2933251
2933254
2933255
2933257
2933259
2933260
2933261
2933262
2933264
2933265
2933266
2933267
2933268
2933269
2933270
2933272
2933273
2933274
2933278
2933287
2933288
2933291
2933292
2933293
2933294
2933296
2933301
2933302
2933304
2933308
2933309
2933314
2933315
2933316
2933318
2933319
2933320
2933322
2933324
2933325
2933326
2933327
2933329
2933332
2933333
2933335
2933338
2933340
2933341
2933342
2933343
2933344
2933346
2933347
2933348
2933351
2933352
2933353
2933362
2933365
2933366
2933368
2933373
2933384
2933386
2933388
2933389
2933390
2933395
2933400
2933401
2933403
2933409
2933413
2933414
2933415
2933419
2933421
2933422
2933424
2933425
2933429
2933430
2933432
2933435
2933436
2933439
2933440
2933442
2933443
2933444
2933445
2933448
2933456
2933458
2933461
2933465
2933468
2933471
2933472
2933475
2933477
2933483
2933487
2933488
2933494
2933497
2933498
2933499
2933500
2933501
2933504
2933505
2933506
2933511
2933512
2933517
2933518
2933520
2933523
2933524
2933526
2933527
2933530
2933533
2933535
2933538
2933541
2933542
2933543
2933545
2933550
2933554
2933556
2933557
2933558
2933559
2933560
2933561
2933563
2933566
2933569
2933573
2933574
2933575
2933577
2933578
2933579
2933581
2933584
2933589
2933592
2933593
2933595
2933597
2933598
2933599
2933600
2933602
2933605
2933606
2933608
2933609
2933612
2933613
2933614
2933619
2933620
2933621
2933622
2933623
2933625
2933629
2933632
2933637
2933639
2933642
2933645
2933646
2933656
2933658
2933659
2933660
2933663
2933665
2933667
2933669
2933670
2933671
2933676
2933677
2933686
2933688
2933692
2933693
2933695
2933697
2933698
2933699
2933706
2933708
2933709
2933713
2933715
2933716
2933719
2933720
2933722
2933723
2933724
2933725
2933727
2933728
2933729
2933730
2933733
2933735
2933739
2933740
2933743
2933749
2933750
2933755
2933756
2933757
2933763
2933764
2933765
2933766
2933768
2933769
2933772
2933773
2933776
2933779
2933782
2933792
2933793
2933800
2933803
2933807
2933808
2933810
2933811
2933812
2933814
2933818
2933820
2933823
2933826
2933828
2933829
2933830
2933831
2933837
2933840
2933842
2933856
2933859
2933860
2933862
2933863
2933867
2933868
2933870
2933871
2933872
2933874
2933875
2933879
2933880
2933883
2933885
2933886
2933890
2933898
2933900
2933901
2933902
2933903
2933905
2933906
2933907
2933909
2933910
2933911
2933912
2933917
2933921
2933922
2933924
2933927
2933931
2933932
2933933
2933936
2933937
2933939
2933940
2933941
2933947
2933948
2933949
2933950
2933952
2933959
2933960
2933970
2933972
2933974
2933975
2933976
2933980
2933981
2933982
2933983
2933984
2933990
2933991
2933996
2934000
2934001
2934003
2934011
2934014
2934016
2934018
2934020
2934022
2934023
2934028
2934032
2934033
2934043
2934044
2934047
2934048
2934051
2934052
2934054
2934055
2934057
2934058
2934060
2934064
2934070
2934071
2934072
2934073
2934074
2934080
2934084
2934086
2934089
2934101
2934102
2934107
2934108
2934113
2934114
2934115
2934116
2934117
2934118
2934119
2934121
2934123
2934125
2934126
2934127
2934129
2934130
2934131
2934132
2934133
2934138
2934139
2934142
2934145
2934149
2934150
2934151
2934153
2934155
2934156
2934159
2934163
2934164
2934168
2934172
2934173
2934180
2934185
2934188
2934193
2934194
2934201
2934202
2934204
2934205
2934207
2934208
2934217
2934219
2934221
2934222
2934231
2934232
2934236
2934238
2934239
2934240
2934241
2934243
2934250
2934252
2934255
2934256
2934258
2934259
2934262
2934263
2934264
2934265
2934270
2934276
2934277
2934278
2934279
2934283
2934284
2934285
2934287
2934288
2934291
2934294
2934295
2934307
2934308
2934310
2934311
2934316
2934320
2934323
2934325
2934326
2934329
2934333
2934334
2934335
2934336
2934339
2934341
2934343
2934345
2934346
2934347
2934349
2934350
2934353
2934355
2934365
2934366
2934367
2934368
2934375
2934381
2934386
2934387
2934388
2934389
2934390
2934391
2934392
2934400
2934401
2934404
2934406
2934407
2934408
2934409
2934410
2934411
2934412
2934417
2934423
2934426
2934429
2934430
2934431
2934432
2934433
2934434
2934438
2934439
2934444
2934446
2934447
2934448
2934453
2934455
2934456
2934458
2934460
2934461
2934464
2934465
2934467
2934468
2934472
2934473
2934475
2934477
2934479
2934480
2934482
2934483
2934484
2934490
2934492
2934493
2934499
2934500
2934504
2934508
2934515
2934519
2934523
2934525
2934526
2934530
2934531
2934533
2934534
2934535
2934538
2934539
2934540
2934543
2934545
2934546
2934547
2934548
2934550
2934551
2934552
2934556
2934566
2934567
2934571
2934574
2934578
2934585
2934587
2934589
2934590
2934594
2934600
2934601
2934603
2934604
2934606
2934610
2934613
2934614
2934619
2934620
2934622
2934623
2934624
2934625
2934627
2934628
2934629
2934630
2934632
2934633
2934635
2934637
2934639
2934644
2934649
2934651
2934652
2934653
2934655
2934659
2934664
2934675
2934679
2934681
2934683
2934688
2934690
2934696
2934700
2934705
2934706
2934713
2934718
2934720
2934721
2934722
2934727
2934730
2934731
2934732
2934733
2934737
2934738
2934739
2934743
2934744
2934748
2934749
2934750
2934752
2934757
2934760
2934765
2934766
2934768
2934769
2934771
2934774
2934777
2934778
2934781
2934785
2934787
2934793
2934795
2934796
2934797
2934802
2934805
2934806
2934810
2934815
2934817
2934818
2934819
2934821
2934823
2934827
2934828
2934829
2934834
2934836
2934837
2934838
2934843
2934844
2934848
2934850
2934854
2934856
2934858
2934863
2934866
2934867
2934868
2934872
2934874
2934875
2934880
2934881
2934885
2934890
2934891
2934892
2934897
2934898
2934901
2934902
2934903
2934905
2934907
2934908
2934912
2934915
2934919
2934923
2934925
2934926
2934928
2934929
2934934
2934936
2934937
2934938
2934939
2934949
2934953
2934955
2934961
2934962
2934963
2934965
2934966
2934967
2934969
2934974
2934975
2934976
2934978
2934979
2934980
2934983
2934985
2934987
2934989
2934990
2934992
2934993
2934998
2934999
2935006
2935007
2935009
2935010
2935011
2935012
2935014
2935015
2935017
2935021
2935022
2935023
2935025
2935026
2935028
2935037
2935038
2935039
2935041
2935044
2935048
2935049
2935050
2935053
2935058
2935061
2935064
2935071
2935077
2935078
2935079
2935080
2935081
2935082
2935088
2935089
2935091
2935095
2935098
2935102
2935104
2935105
2935106
2935109
2935111
2935119
2935120
2935123
2935130
2935134
2935135
2935136
2935143
2935144
2935152
2935154
2935156
2935162
2935165
2935167
2935169
2935170
2935176
2935181
2935186
2935188
2935189
2935193
2935195
2935196
2935197
2935198
2935200
2935202
2935203
2935204
2935205
2935206
2935208
2935209
2935216
2935219
2935220
2935222
2935224
2935225
2935228
2935229
2935232
2935234
2935238
2935239
2935241
2935244
2935249
2935251
2935254
2935258
2935261
2935262
2935263
2935264
2935266
2935270
2935272
2935273
2935274
2935277
2935282
2935283
2935284
2935285
2935288
2935300
2935301
2935302
2935309
2935314
2935315
2935316
2935317
2935318
2935319
2935320
2935322
2935323
2935324
2935325
2935327
2935329
2935331
2935333
2935336
2935342
2935343
2935352
2935353
2935354
2935357
2935361
2935367
2935368
2935369
2935373
2935374
2935376
2935377
2935380
2935382
2935386
2935387
2935392
2935394
2935397
2935403
2935408
2935409
2935414
2935417
2935418
2935421
2935434
2935438
2935440
2935446
2935447
2935448
2935450
2935460
2935461
2935462
2935463
2935465
2935467
2935469
2935470
2935471
2935474
2935475
2935479
2935480
2935482
2935484
2935487
2935489
2935492
2935493
2935494
2935497
2935498
2935499
2935503
2935507
2935508
2935515
2935517
2935519
2935520
2935523
2935524
2935525
2935527
2935529
2935532
2935534
2935535
2935537
2935538
2935541
2935542
2935555
2935556
2935560
2935562
2935566
2935567
2935568
2935569
2935570
2935571
2935574
2935577
2935582
2935588
2935590
2935592
2935593
2935604
2935606
2935607
2935609
2935615
2935616
2935617
2935620
2935628
2935630
2935631
2935632
2935639
2935645
2935647
2935648
2935652
2935654
2935657
2935658
2935659
2935660
2935664
2935666
2935668
2935669
2935672
2935680
2935681
2935682
2935685
2935694
2935697
2935701
2935702
2935711
2935712
2935713
2935714
2935718
2935719
2935721
2935726
2935730
2935731
2935733
2935734
2935736
2935738
2935739
2935740
2935749
2935750
2935751
2935752
2935754
2935765
2935778
2935781
2935784
2935785
2935786
2935788
2935791
2935792
2935798
2935803
2935811
2935814
2935815
2935816
2935824
2935830
2935835
2935836
2935837
2935840
2935845
2935846
2935850
2935851
2935852
2935856
2935857
2935858
2935859
2935860
2935862
2935863
2935864
2935866
2935867
2935869
2935873
2935878
2935879
2935881
2935883
2935886
2935887
2935888
2935891
2935892
2935893
2935894
2935895
2935896
2935898
2935899
2935900
2935902
2935903
2935904
2935905
2935906
2935907
2935909
2935910
2935912
2935913
2935914
2935915
2935917
2935919
2935921
2935924
2935926
2935927
2935930
2935932
2935938
2935942
2935944
2935947
2935949
2935950
2935951
2935953
2935954
2935955
2935957
2935959
2935960
2935962
2935965
2935966
2935969
2935971
2935974
2935976
2935977
2935980
2935981
2935982
2935984
2935985
2935986
2935988
2935991
2935994
2936001
2936005
2936006
2936007
2936013
2936015
2936023
2936024
2936025
2936029
2936031
2936033
2936034
2936035
2936037
2936038
2936039
2936040
2936041
2936043
2936044
2936047
2936048
2936049
2936050
2936051
2936053
2936055
2936057
2936064
2936069
2936070
2936073
2936074
2936076
2936077
2936078
2936082
2936083
2936088
2936090
2936103
2936104
2936105
2936106
2936113
2936114
2936115
2936116
2936117
2936120
2936124
2936128
2936130
2936133
2936134
2936135
2936140
2936145
2936146
2936149
2936150
2936152
2936155
2936156
2936157
2936159
2936160
2936161
2936162
2936167
2936169
2936170
2936173
2936174
2936175
2936177
2936178
2936179
2936180
2936188
2936189
2936190
2936191
2936192
2936193
2936196
2936199
2936208
2936210
2936211
2936213
2936214
2936216
2936220
2936223
2936225
2936230
2936233
2936238
2936239
2936241
2936243
2936245
2936248
2936249
2936258
2936262
2936265
2936266
2936274
2936275
2936276
2936277
2936278
2936279
2936280
2936283
2936284
2936286
2936287
2936289
2936290
2936292
2936293
2936294
2936298
2936302
2936303
2936308
2936311
2936312
2936314
2936316
2936319
2936320
2936322
2936323
2936325
2936326
2936327
2936331
2936336
2936338
2936340
2936342
2936343
2936344
2936345
2936349
2936360
2936362
2936363
2936364
2936368
2936369
2936378
2936382
2936388
2936389
2936393
2936396
2936405
2936406
2936407
2936409
2936413
2936414
2936419
2936420
2936428
2936431
2936432
2936436
2936440
2936450
2936452
2936455
2936457
2936459
2936463
2936467
2936469
2936471
2936474
2936479
2936483
2936487
2936488
2936495
2936499
2936500
2936501
2936511
2936512
2936513
2936514
2936515
2936520
2936522
2936524
2936527
2936528
2936534
2936536
2936540
2936547
2936549
2936552
2936553
2936555
2936560
2936563
2936568
2936570
2936574
2936578
2936582
2936586
2936591
2936593
2936598
2936603
2936605
2936607
2936611
2936612
2936616
2936623
2936626
2936628
2936630
2936631
2936633
2936634
2936636
2936637
2936638
2936640
2936643
2936644
2936653
2936658
2936660
2936661
2936668
2936670
2936671
2936673
2936676
2936677
2936679
2936689
2936690
2936693
2936696
2936703
2936704
2936717
2936721
2936722
2936723
2936727
2936728
2936733
2936735
2936738
2936739
2936744
2936746
2936748
2936750
2936751
2936752
2936755
2936761
2936762
2936763
2936765
2936766
2936767
2936768
2936770
2936771
2936776
2936784
2936785
2936788
2936790
2936792
2936794
2936795
2936797
2936798
2936800
2936801
2936803
2936806
2936809
2936810
2936811
2936813
2936814
2936817
2936819
2936822
2936824
2936826
2936827
2936828
2936830
2936835
2936836
2936837
2936839
2936840
2936841
2936846
2936847
2936853
2936859
2936863
2936867
2936869
2936871
2936874
2936876
2936877
2936881
2936886
2936889
2936890
2936891
2936892
2936895
2936901
2936902
2936906
2936912
2936913
2936917
2936918
2936926
2936927
2936928
2936939
2936940
2936942
2936953
2936954
2936956
2936958
2936959
2936960
2936962
2936963
2936965
2936969
2936970
2936971
2936974
2936975
2936978
2936979
2936980
2936981
2936982
2936985
2936988
2936991
2936992
2936993
2936994
2936995
2936996
2936997
2936998
2937006
2937007
2937012
2937013
2937014
2937015
2937016
2937017
2937023
2937024
2937026
2937027
2937028
2937031
2937032
2937038
2937039
2937040
2937041
2937043
2937044
2937045
2937051
2937054
2937060
2937061
2937063
2937064
2937066
2937073
2937077
2937081
2937086
2937087
2937089
2937096
2937097
2937098
2937100
2937101
2937102
2937104
2937105
2937106
2937108
2937111
2937118
2937119
2937121
2937124
2937125
2937126
2937127
2937128
2937130
2937131
2937133
2937136
2937143
2937145
2937149
2937151
2937154
2937155
2937157
2937159
2937160
2937163
2937164
2937165
2937173
2937175
2937177
2937178
2937179
2937182
2937184
2937185
2937187
2937188
2937189
2937190
2937196
2937198
2937201
2937202
2937203
2937208
2937209
2937210
2937213
2937216
2937219
2937222
2937223
2937225
2937227
2937229
2937230
2937231
2937232
2937233
2937235
2937242
2937243
2937245
2937248
2937249
2937250
2937253
2937258
2937261
2937262
2937263
2937266
2937268
2937269
2937275
2937276
2937277
2937281
2937283
2937284
2937288
2937289
2937294
2937295
2937296
2937297
2937299
2937301
2937305
2937306
2937309
2937312
2937313
2937315
2937316
2937321
2937322
2937323
2937326
2937327
2937329
2937332
2937334
2937337
2937338
2937341
2937345
2937347
2937354
2937355
2937358
2937360
2937364
2937365
2937368
2937370
2937373
2937375
2937376
2937377
2937381
2937384
2937385
2937386
2937390
2937392
2937395
2937397
2937403
2937407
2937409
2937410
2937411
2937412
2937414
2937422
2937424
2937427
2937429
2937440
2937442
2937444
2937449
2937452
2937453
2937457
2937459
2937465
2937467
2937469
2937477
2937483
2937484
2937485
2937487
2937496
2937498
2937503
2937504
2937505
2937506
2937511
2937512
2937519
2937520
2937522
2937534
2937537
2937542
2937543
2937546
2937549
2937556
2937564
2937566
2937568
2937570
2937572
2937573
2937575
2937585
2937587
2937597
2937601
2937608
2937611
2937612
2937615
2937618
2937621
2937624
2937625
2937642
2937643
2937645
2937646
2937648
2937649
2937651
2937652
2937655
2937658
2937665
2937668
2937676
2937680
2937682
2937683
2937688
2937689
2937694
2937696
2937704
2937711
2937713
2937715
2937716
2937719
2937722
2937728
2937729
2937735
2937737
2937740
2937742
2937746
2937748
2937752
2937755
2937762
2937763
2937767
2937771
2937772
2937775
2937776
2937782
2937786
2937793
2937795
2937796
2937797
2937799
2937801
2937803
2937809
2937821
2937822
2937823
2937827
2937830
2937834
2937845
2937848
2937849
2937852
2937853
2937854
2937855
2937857
2937861
2937863
2937864
2937865
2937866
2937870
2937872
2937875
2937877
2937878
2937881
2937882
2937884
2937886
2937887
2937889
2937893
2937894
2937899
2937900
2937901
2937902
2937906
2937907
2937911
2937912
2937913
2937914
2937917
2937918
2937924
2937928
2937929
2937931
2937932
2937935
2937938
2937939
2937942
2937944
2937945
2937946
2937947
2937949
2937955
2937959
2937960
2937962
2937965
2937969
2937971
2937972
2937974
2937975
2937977
2937979
2937980
2937981
2937985
2937986
2937987
2937988
2937989
2937992
2937993
2937995
2937996
2937997
2937998
2937999
2938005
2938006
2938007
2938008
2938011
2938014
2938016
2938017
2938018
2938019
2938020
2938021
2938023
2938024
2938030
2938033
2938034
2938037
2938039
2938041
2938042
2938043
2938045
2938046
2938051
2938052
2938053
2938054
2938056
2938057
2938058
2938059
2938063
2938065
2938066
2938067
2938068
2938070
2938072
2938080
2938083
2938084
2938085
2938087
2938091
2938092
2938093
2938095
2938098
2938099
2938101
2938102
2938103
2938105
2938107
2938108
2938109
2938110
2938111
2938112
2938113
2938114
2938115
2938116
2938121
2938122
2938123
2938125
2938129
2938131
2938133
2938134
2938135
2938136
2938137
2938138
2938139
2938141
2938142
2938143
2938144
2938145
2938146
2938147
2938148
2938149
2938152
2938153
2938155
2938159
2938161
2938162
2938164
2938165
2938166
2938167
2938169
2938170
2938172
2938173
2938176
2938179
2938184
2938186
2938189
2938192
2938193
2938194
2938197
2938198
2938201
2938202
2938204
2938205
2938206
2938207
2938208
2938209
2938210
2938211
2938212
2938213
2938214
2938217
2938225
2938228
2938229
2938230
2938231
2938232
2938237
2938238
2938239
2938240
2938241
2938242
2938245
2938246
2938247
2938249
2938250
2938251
2938252
2938254
2938257
2938258
2938260
2938264
2938265
2938266
2938270
2938271
2938272
2938274
2938276
2938277
2938280
2938281
2938285
2938286
2938290
2938292
2938298
2938299
2938302
2938303
2938304
2938305
2938306
2938308
2938309
2938311
2938314
2938317
2938318
2938319
2938320
2938321
2938323
2938325
2938327
2938328
2938329
2938331
2938333
2938336
2938337
2938339
2938340
2938342
2938343
2938344
2938345
2938346
2938347
2938349
2938351
2938352
2938353
2938354
2938355
2938356
2938357
2938358
2938366
2938368
2938370
2938373
2938376
2938377
2938383
2938386
2938388
2938394
2938395
2938397
2938399
2938402
2938405
2938407
2938410
2938414
2938420
2938421
2938422
2938424
2938425
2938426
2938430
2938434
2938437
2938438
2938439
2938440
2938442
2938443
2938445
2938446
2938451
2938454
2938456
2938461
2938463
2938465
2938467
2938469
2938471
2938472
2938480
2938481
2938482
2938483
2938485
2938487
2938488
2938490
2938492
2938493
2938497
2938498
2938501
2938506
2938508
2938509
2938510
2938513
2938514
2938516
2938517
2938518
2938519
2938520
2938523
2938525
2938527
2938529
2938534
2938539
2938541
2938542
2938543
2938544
2938548
2938555
2938556
2938557
2938561
2938565
2938567
2938569
2938573
2938576
2938577
2938578
2938580
2938581
2938586
2938588
2938593
2938594
2938596
2938597
2938601
2938607
2938608
2938609
2938612
2938614
2938615
2938619
2938620
2938622
2938623
2938625
2938631
2938633
2938635
2938636
2938637
2938644
2938649
2938651
2938653
2938654
2938655
2938658
2938659
2938660
2938662
2938663
2938665
2938666
2938669
2938670
2938674
2938675
2938680
2938682
2938686
2938687
2938688
2938689
2938690
2938694
2938695
2938699
2938700
2938702
2938703
2938706
2938709
2938710
2938714
2938716
2938717
2938725
2938727
2938729
2938732
2938738
2938739
2938740
2938746
2938750
2938751
2938753
2938755
2938760
2938763
2938764
2938768
2938769
2938771
2938772
2938773
2938779
2938780
2938784
2938785
2938786
2938787
2938790
2938791
2938792
2938803
2938806
2938811
2938812
2938817
2938818
2938822
2938823
2938824
2938825
2938830
2938831
2938832
2938834
2938839
2938843
2938844
2938847
2938857
2938860
2938861
2938863
2938867
2938873
2938874
2938875
2938881
2938886
2938889
2938890
2938891
2938897
2938898
2938899
2938903
2938904
2938905
2938906
2938911
2938914
2938917
2938926
2938928
2938931
2938935
2938936
2938942
2938951
2938955
2938959
2938961
2938963
2938964
2938965
2938968
2938969
2938972
2938975
2938976
2938984
2938988
2938989
2938992
2938993
2938996
2938997
2938999
2939001
2939005
2939007
2939008
2939012
2939020
2939034
2939035
2939036
2939037
2939039
2939040
2939041
2939043
2939048
2939049
2939051
2939053
2939061
2939062
2939063
2939064
2939067
2939068
2939070
2939072
2939078
2939080
2939084
2939086
2939090
2939092
2939098
2939099
2939103
2939104
2939111
2939117
2939120
2939121
2939124
2939125
2939127
2939128
2939130
2939131
2939132
2939133
2939134
2939135
2939136
2939137
2939140
2939143
2939153
2939158
2939159
2939161
2939169
2939170
2939171
2939172
2939174
2939175
2939178
2939182
2939188
2939189
2939196
2939197
2939201
2939202
2939209
2939210
2939213
2939215
2939216
2939220
2939221
2939226
2939227
2939228
2939230
2939231
2939234
2939242
2939245
2939249
2939256
2939263
2939264
2939271
2939274
2939278
2939281
2939283
2939285
2939286
2939287
2939290
2939293
2939295
2939299
2939304
2939307
2939308
2939313
2939314
2939318
2939320
2939321
2939324
2939325
2939326
2939329
2939331
2939332
2939338
2939345
2939346
2939347
2939348
2939349
2939355
2939357
2939359
2939362
2939365
2939367
2939379
2939382
2939384
2939385
2939388
2939390
2939391
2939393
2939394
2939395
2939396
2939405
2939406
2939408
2939412
2939413
2939423
2939427
2939429
2939444
2939445
2939446
2939449
2939450
2939451
2939452
2939453
2939456
2939457
2939464
2939467
2939472
2939473
2939474
2939475
2939479
2939481
2939484
2939486
2939492
2939495
2939496
2939497
2939500
2939501
2939503
2939511
2939514
2939517
2939518
2939521
2939524
2939525
2939527
2939529
2939535
2939536
2939538
2939542
2939543
2939545
2939551
2939554
2939557
2939558
2939561
2939563
2939569
2939571
2939572
2939577
2939580
2939581
2939584
2939589
2939590
2939593
2939595
2939596
2939597
2939598
2939599
2939605
2939606
2939607
2939608
2939609
2939615
2939616
2939617
2939618
2939630
2939637
2939642
2939647
2939648
2939650
2939651
2939654
2939655
2939656
2939658
2939659
2939661
2939664
2939665
2939668
2939669
2939671
2939672
2939676
2939679
2939680
2939681
2939683
2939690
2939693
2939698
2939699
2939705
2939709
2939711
2939715
2939720
2939722
2939723
2939724
2939727
2939732
2939735
2939738
2939741
2939744
2939747
2939749
2939751
2939755
2939756
2939759
2939760
2939761
2939764
2939765
2939767
2939768
2939769
2939771
2939772
2939773
2939775
2939780
2939791
2939801
2939808
2939814
2939815
2939816
2939817
2939818
2939827
2939829
2939832
2939834
2939835
2939839
2939844
2939847
2939850
2939853
2939855
2939860
2939861
2939862
2939864
2939869
2939870
2939871
2939875
2939876
2939885
2939886
2939892
2939893
2939895
2939901
2939902
2939906
2939907
2939908
2939915
2939917
2939918
2939922
2939928
2939929
2939930
2939931
2939933
2939936
2939943
2939944
2939945
2939949
2939952
2939956
2939957
2939958
2939959
2939964
2939968
2939969
2939970
2939978
2939985
2939988
2939993
2940012
2940013
2940015
2940022
2940027
2940029
2940031
2940033
2940038
2940041
2940042
2940045
2940048
2940049
2940053
2940057
2940066
2940067
2940068
2940070
2940074
2940078
2940080
2940081
2940085
2940086
2940090
2940093
2940094
2940096
2940099
2940104
2940105
2940107
2940108
2940117
2940120
2940121
2940122
2940123
2940124
2940125
2940126
2940127
2940128
2940132
2940133
2940135
2940136
2940138
2940139
2940145
2940150
2940152
2940154
2940157
2940161
2940173
2940175
2940180
2940182
2940185
2940193
2940198
2940200
2940202
2940203
2940205
2940206
2940210
2940217
2940219
2940220
2940221
2940222
2940226
2940227
2940233
2940234
2940235
2940237
2940239
2940240
2940242
2940248
2940251
2940253
2940256
2940257
2940261
2940265
2940267
2940268
2940270
2940271
2940277
2940279
2940283
2940284
2940293
2940294
2940295
2940299
2940300
2940301
2940308
2940309
2940316
2940319
2940324
2940329
2940332
2940347
2940348
2940350
2940357
2940362
2940367
2940368
2940369
2940374
2940376
2940381
2940382
2940383
2940384
2940385
2940390
2940391
2940396
2940404
2940406
2940408
2940410
2940411
2940415
2940418
2940420
2940423
2940427
2940429
2940430
2940431
2940437
2940438
2940439
2940440
2940441
2940442
2940443
2940447
2940449
2940453
2940456
2940457
2940460
2940463
2940464
2940469
2940471
2940472
2940474
2940475
2940476
2940477
2940478
2940479
2940488
2940489
2940490
2940491
2940492
2940494
2940495
2940498
2940499
2940506
2940507
2940515
2940521
2940526
2940528
2940532
2940536
2940538
2940543
2940544
2940546
2940547
2940551
2940552
2940556
2940557
2940559
2940561
2940562
2940565
2940567
2940570
2940575
2940577
2940578
2940584
2940588
2940589
2940590
2940591
2940595
2940598
2940603
2940610
2940611
2940620
2940628
2940634
2940636
2940641
2940643
2940651
2940661
2940664
2940668
2940671
2940672
2940675
2940682
2940683
2940684
2940689
2940694
2940696
2940698
2940700
2940704
2940710
2940713
2940714
2940722
2940723
2940725
2940726
2940729
2940732
2940735
2940736
2940740
2940741
2940744
2940746
2940748
2940754
2940760
2940762
2940766
2940767
2940779
2940783
2940787
2940789
2940801
2940802
2940806
2940811
2940815
2940820
2940821
2940831
2940835
2940837
2940839
2940842
2940843
2940847
2940848
2940850
2940860
2940862
2940866
2940867
2940870
2940878
2940882
2940888
2940891
2940893
2940894
2940899
2940900
2940901
2940905
2940910
2940912
2940913
2940914
2940916
2940920
2940922
2940923
2940933
2940934
2940935
2940941
2940943
2940944
2940947
2940949
2940950
2940952
2940955
2940956
2940971
2940974
2940975
2940976
2940977
2940979
2940985
2940987
2940989
2940995
2940999
2941000
2941004
2941005
2941006
2941008
2941009
2941010
2941011
2941016
2941017
2941020
2941023
2941024
2941025
2941027
2941028
2941029
2941031
2941034
2941035
2941041
2941046
2941047
2941050
2941051
2941052
2941053
2941054
2941063
2941064
2941065
2941066
2941067
2941068
2941070
2941072
2941073
2941084
2941085
2941087
2941093
2941096
2941100
2941102
2941106
2941107
2941112
2941113
2941116
2941118
2941120
2941121
2941123
2941130
2941133
2941135
2941138
2941139
2941141
2941143
2941144
2941145
2941146
2941147
2941148
2941153
2941157
2941158
2941161
2941169
2941171
2941174
2941175
2941176
2941180
2941182
2941183
2941184
2941188
2941190
2941192
2941193
2941207
2941208
2941217
2941218
2941223
2941225
2941230
2941238
2941239
2941241
2941242
2941250
2941252
2941255
2941257
2941263
2941272
2941284
2941285
2941286
2941287
2941288
2941289
2941296
2941299
2941300
2941302
2941307
2941309
2941311
2941312
2941313
2941318
2941321
2941328
2941329
2941330
2941332
2941335
2941337
2941340
2941343
2941348
2941350
2941351
2941356
2941357
2941362
2941368
2941370
2941376
2941377
2941378
2941381
2941382
2941384
2941385
2941387
2941391
2941392
2941395
2941400
2941403
2941413
2941416
2941417
2941420
2941423
2941424
2941425
2941429
2941430
2941433
2941434
2941435
2941437
2941446
2941454
2941461
2941462
2941465
2941466
2941471
2941474
2941476
2941477
2941480
2941484
2941497
2941500
2941503
2941504
2941508
2941514
2941519
2941522
2941526
2941528
2941533
2941536
2941540
2941543
2941546
2941548
2941550
2941552
2941556
2941557
2941558
2941560
2941564
2941566
2941571
2941572
2941573
2941575
2941580
2941582
2941595
2941598
2941599
2941602
2941605
2941606
2941607
2941609
2941621
2941624
2941625
2941629
2941632
2941634
2941644
2941645
2941646
2941647
2941648
2941652
2941659
2941660
2941663
2941667
2941670
2941680
2941683
2941685
2941686
2941687
2941688
2941689
2941690
2941694
2941695
2941698
2941702
2941710
2941712
2941716
2941718
2941723
2941728
2941732
2941738
2941739
2941743
2941744
2941745
2941746
2941747
2941750
2941751
2941754
2941758
2941759
2941760
2941761
2941762
2941765
2941772
2941773
2941774
2941776
2941777
2941778
2941779
2941782
2941786
2941788
2941796
2941799
2941800
2941803
2941804
2941805
2941807
2941809
2941810
2941819
2941821
2941822
2941823
2941833
2941835
2941841
2941847
2941848
2941850
2941852
2941854
2941855
2941856
2941861
2941869
2941873
2941875
2941880
2941881
2941882
2941885
2941894
2941895
2941896
2941903
2941904
2941908
2941914
2941918
2941923
2941924
2941925
2941929
2941930
2941932
2941940
2941944
2941945
2941948
2941954
2941964
2941969
2941970
2941975
2941976
2941978
2941979
2941981
2941985
2941987
2941988
2941989
2941991
2941992
2941995
2941997
2941999
2942000
2942001
2942003
2942004
2942007
2942010
2942012
2942015
2942016
2942017
2942018
2942020
2942022
2942023
2942027
2942031
2942032
2942036
2942037
2942039
2942040
2942043
2942044
2942045
2942046
2942047
2942051
2942052
2942053
2942055
2942061
2942063
2942065
2942067
2942073
2942074
2942076
2942080
2942082
2942083
2942090
2942099
2942100
2942101
2942102
2942105
2942107
2942110
2942111
2942115
2942118
2942125
2942127
2942129
2942131
2942132
2942137
2942140
2942141
2942143
2942147
2942149
2942153
2942154
2942164
2942165
2942168
2942169
2942175
2942176
2942177
2942179
2942181
2942183
2942187
2942191
2942192
2942195
2942196
2942197
2942198
2942206
2942208
2942209
2942216
2942223
2942224
2942226
2942233
2942236
2942246
2942247
2942248
2942250
2942252
2942254
2942257
2942258
2942264
2942271
2942274
2942279
2942286
2942287
2942288
2942289
2942293
2942295
2942304
2942305
2942315
2942316
2942319
2942322
2942323
2942324
2942326
2942330
2942335
2942336
2942337
2942343
2942344
2942345
2942350
2942351
2942353
2942356
2942358
2942359
2942364
2942366
2942369
2942370
2942372
2942379
2942380
2942382
2942384
2942386
2942390
2942391
2942393
2942395
2942397
2942399
2942400
2942402
2942406
2942407
2942411
2942415
2942416
2942422
2942423
2942426
2942428
2942430
2942434
2942436
2942439
2942442
2942443
2942453
2942454
2942455
2942457
2942461
2942462
2942469
2942474
2942477
2942478
2942479
2942481
2942482
2942483
2942485
2942486
2942487
2942488
2942490
2942491
2942492
2942495
2942496
2942499
2942500
2942504
2942506
2942507
2942508
2942510
2942511
2942516
2942517
2942518
2942520
2942523
2942525
2942527
2942529
2942531
2942532
2942537
2942541
2942544
2942546
2942548
2942549
2942550
2942551
2942556
2942557
2942559
2942560
2942561
2942562
2942563
2942566
2942567
2942570
2942571
2942575
2942578
2942580
2942585
2942588
2942595
2942596
2942598
2942599
2942603
2942605
2942606
2942607
2942610
2942611
2942614
2942615
2942617
2942618
2942619
2942620
2942621
2942624
2942626
2942628
2942635
2942636
2942637
2942643
2942646
2942655
2942657
2942659
2942661
2942662
2942665
2942667
2942668
2942673
2942674
2942676
2942677
2942679
2942680
2942681
2942684
2942687
2942690
2942692
2942693
2942694
2942700
2942705
2942710
2942719
2942720
2942722
2942723
2942724
2942725
2942726
2942729
2942735
2942736
2942739
2942740
2942743
2942746
2942749
2942751
2942754
2942755
2942761
2942765
2942766
2942767
2942769
2942772
2942773
2942776
2942781
2942785
2942788
2942789
2942791
2942795
2942796
2942799
2942801
2942802
2942805
2942814
2942815
2942816
2942820
2942821
2942832
2942833
2942837
2942840
2942841
2942842
2942844
2942845
2942846
2942847
2942848
2942849
2942853
2942856
2942857
2942860
2942861
2942862
2942863
2942867
2942869
2942870
2942871
2942872
2942874
2942877
2942881
2942882
2942883
2942884
2942889
2942891
2942892
2942894
2942895
2942896
2942898
2942899
2942900
2942903
2942905
2942910
2942913
2942915
2942917
2942921
2942922
2942923
2942927
2942928
2942931
2942933
2942934
2942936
2942937
2942939
2942940
2942952
2942956
2942957
2942958
2942960
2942965
2942967
2942969
2942970
2942971
2942972
2942973
2942974
2942976
2942978
2942982
2942984
2942987
2942989
2942993
2942997
2942998
2942999
2943000
2943001
2943002
2943004
2943005
2943012
2943017
2943019
2943022
2943023
2943024
2943027
2943028
2943031
2943033
2943034
2943037
2943043
2943044
2943045
2943049
2943050
2943051
2943052
2943054
2943057
2943061
2943063
2943064
2943065
2943066
2943070
2943072
2943077
2943078
2943080
2943082
2943084
2943085
2943086
2943091
2943092
2943094
2943095
2943097
2943106
2943111
2943112
2943115
2943116
2943117
2943122
2943123
2943125
2943126
2943131
2943132
2943136
2943141
2943143
2943144
2943146
2943148
2943154
2943157
2943166
2943167
2943168
2943169
2943172
2943173
2943174
2943175
2943178
2943184
2943189
2943190
2943194
2943198
2943199
2943200
2943201
2943202
2943203
2943211
2943215
2943217
2943224
2943226
2943227
2943228
2943230
2943231
2943237
2943243
2943244
2943245
2943248
2943251
2943254
2943255
2943267
2943268
2943269
2943270
2943274
2943277
2943279
2943280
2943281
2943285
2943286
2943287
2943290
2943291
2943293
2943294
2943296
2943297
2943299
2943300
2943302
2943304
2943305
2943310
2943311
2943312
2943313
2943314
2943315
2943316
2943319
2943320
2943340
2943341
2943342
2943343
2943350
2943351
2943353
2943358
2943359
2943360
2943361
2943363
2943370
2943371
2943372
2943373
2943384
2943386
2943399
2943402
2943406
2943407
2943411
2943412
2943417
2943423
2943424
2943425
2943431
2943436
2943439
2943442
2943449
2943451
2943453
2943460
2943462
2943466
2943473
2943476
2943477
2943480
2943481
2943482
2943483
2943490
2943503
2943504
2943505
2943508
2943519
2943522
2943526
2943527
2943530
2943534
2943537
2943539
2943542
2943543
2943550
2943551
2943553
2943554
2943557
2943558
2943562
2943563
2943564
2943566
2943567
2943570
2943573
2943575
2943576
2943577
2943578
2943579
2943580
2943582
2943585
2943586
2943587
2943588
2943591
2943594
2943595
2943596
2943597
2943605
2943607
2943611
2943615
2943619
2943623
2943627
2943629
2943636
2943638
2943639
2943640
2943644
2943645
2943646
2943649
2943650
2943655
2943660
2943661
2943665
2943666
2943671
2943673
2943674
2943678
2943685
2943700
2943701
2943704
2943706
2943708
2943712
2943713
2943714
2943719
2943723
2943727
2943730
2943732
2943736
2943737
2943747
2943751
2943752
2943753
2943756
2943760
2943763
2943764
2943765
2943767
2943768
2943774
2943778
2943779
2943781
2943785
2943786
2943787
2943788
2943793
2943795
2943798
2943800
2943801
2943803
2943805
2943812
2943815
2943825
2943826
2943831
2943838
2943839
2943840
2943846
2943851
2943852
2943854
2943857
2943860
2943861
2943862
2943864
2943865
2943866
2943867
2943868
2943869
2943872
2943874
2943875
2943876
2943877
2943879
2943880
2943881
2943882
2943886
2943891
2943895
2943900
2943902
2943903
2943907
2943909
2943910
2943911
2943915
2943921
2943922
2943923
2943924
2943926
2943927
2943928
2943929
2943931
2943936
2943940
2943944
2943945
2943949
2943950
2943951
2943952
2943957
2943958
2943959
2943963
2943964
2943965
2943967
2943969
2943970
2943973
2943979
2943982
2943984
2943985
2943988
2943993
2943994
2943995
2943997
2943999
2944000
2944002
2944004
2944006
2944010
2944012
2944013
2944014
2944015
2944019
2944022
2944024
2944025
2944028
2944032
2944033
2944037
2944038
2944039
2944040
2944044
2944048
2944051
2944053
2944054
2944057
2944058
2944059
2944060
2944062
2944067
2944071
2944072
2944075
2944076
2944078
2944079
2944080
2944083
2944087
2944089
2944093
2944100
2944102
2944104
2944105
2944106
2944107
2944115
2944116
2944117
2944118
2944119
2944125
2944132
2944135
2944138
2944142
2944146
2944147
2944148
2944149
2944151
2944154
2944155
2944157
2944158
2944165
2944166
2944169
2944170
2944171
2944173
2944178
2944181
2944182
2944186
2944196
2944197
2944198
2944200
2944201
2944202
2944204
2944205
2944210
2944216
2944217
2944225
2944226
2944227
2944228
2944232
2944233
2944234
2944235
2944236
2944240
2944242
2944243
2944244
2944245
2944248
2944249
2944252
2944253
2944254
2944255
2944256
2944264
2944266
2944267
2944270
2944271
2944274
2944280
2944282
2944283
2944293
2944297
2944299
2944303
2944304
2944307
2944316
2944317
2944318
2944322
2944324
2944325
2944328
2944329
2944333
2944337
2944338
2944339
2944340
2944341
2944346
2944347
2944348
2944349
2944350
2944351
2944353
2944358
2944364
2944371
2944375
2944379
2944382
2944386
2944388
2944394
2944399
2944408
2944409
2944412
2944413
2944415
2944417
2944420
2944423
2944424
2944426
2944427
2944430
2944431
2944432
2944437
2944441
2944444
2944445
2944448
2944451
2944452
2944454
2944458
2944462
2944463
2944465
2944468
2944472
2944475
2944479
2944480
2944482
2944484
2944486
2944487
2944489
2944490
2944491
2944499
2944500
2944501
2944506
2944509
2944513
2944516
2944523
2944529
2944531
2944532
2944533
2944540
2944541
2944543
2944544
2944545
2944548
2944551
2944552
2944553
2944559
2944560
2944562
2944563
2944565
2944567
2944568
2944570
2944571
2944574
2944575
2944578
2944583
2944585
2944587
2944594
2944598
2944602
2944603
2944605
2944608
2944609
2944611
2944613
2944614
2944615
2944616
2944617
2944619
2944624
2944625
2944628
2944642
2944644
2944645
2944646
2944648
2944649
2944653
2944655
2944657
2944658
2944666
2944667
2944670
2944673
2944675
2944676
2944677
2944679
2944682
2944683
2944684
2944687
2944688
2944689
2944691
2944693
2944698
2944699
2944700
2944701
2944703
2944704
2944705
2944707
2944708
2944709
2944710
2944711
2944724
2944725
2944726
2944729
2944730
2944732
2944733
2944736
2944738
2944739
2944741
2944742
2944743
2944744
2944745
2944746
2944747
2944748
2944751
2944752
2944753
2944754
2944755
2944756
2944757
2944758
2944759
2944760
2944763
2944764
2944765
2944766
2944768
2944769
2944770
2944771
2944772
2944773
2944774
2944775
2944776
2944778
2944779
2944780
2944781
2944784
2944788
2944789
2944790
2944791
2944792
2944794
2944795
2944796
2944797
2944798
2944799
2944802
2944806
2944807
2944808
2944809
2944810
2944811
2944812
2944813
2944824
2944825
2944832
2944836
2944839
2944840
2944842
2944848
2944849
2944851
2944853
2944854
2944855
2944860
2944861
2944862
2944863
2944866
2944868
2944869
2944876
2944877
2944878
2944879
2944880
2944881
2944882
2944884
2944887
2944892
2944893
2944894
2944896
2944898
2944901
2944902
2944903
2944906
2944907
2944908
2944909
2944911
2944914
2944915
2944916
2944917
2944918
2944920
2944921
2944922
2944923
2944927
2944928
2944929
2944931
2944932
2944933
2944934
2944935
2944936
2944937
2944938
2944940
2944941
2944942
2944943
2944947
2944951
2944952
2944953
2944959
2944960
2944963
2944964
2944965
2944966
2944967
2944969
2944970
2944971
2944974
2944975
2944978
2944979
2944980
2944981
2944982
2944983
2944985
2944986
2944987
2944988
2944989
2944990
2944991
2944993
2944994
2944995
2944996
2944997
2944999
2945004
2945006
2945007
2945013
2945014
2945015
2945016
2945017
2945018
2945019
2945021
2945024
2945027
2945030
2945032
2945033
2945034
2945035
2945036
2945037
2945038
2945043
2945044
2945046
2945048
2945050
2945051
2945053
2945054
2945055
2945056
2945057
2945058
2945061
2945062
2945063
2945064
2945068
2945069
2945074
2945078
2945079
2945080
2945082
2945085
2945087
2945088
2945089
2945090
2945091
2945093
2945098
2945100
2945106
2945107
2945108
2945110
2945112
2945116
2945117
2945124
2945125
2945130
2945133
2945134
2945137
2945138
2945141
2945142
2945147
2945150
2945152
2945154
2945155
2945158
2945161
2945162
2945169
2945170
2945178
2945180
2945181
2945182
2945184
2945194
2945196
2945197
2945203
2945207
2945209
2945211
2945220
2945222
2945234
2945235
2945239
2945240
2945241
2945248
2945250
2945255
2945256
2945257
2945258
2945265
2945266
2945269
2945270
2945271
2945272
2945278
2945282
2945284
2945287
2945289
2945290
2945294
2945295
2945297
2945299
2945301
2945305
2945306
2945307
2945308
2945310
2945313
2945314
2945315
2945321
2945323
2945326
2945329
2945330
2945332
2945333
2945338
2945339
2945341
2945344
2945348
2945349
2945350
2945355
2945358
2945362
2945364
2945365
2945366
2945368
2945374
2945376
2945379
2945381
2945382
2945383
2945384
2945385
2945389
2945390
2945395
2945396
2945401
2945403
2945406
2945408
2945410
2945412
2945413
2945416
2945417
2945418
2945419
2945420
2945422
2945423
2945426
2945428
2945432
2945434
2945440
2945441
2945446
2945451
2945452
2945453
2945454
2945456
2945457
2945460
2945463
2945464
2945467
2945470
2945473
2945476
2945481
2945482
2945485
2945493
2945499
2945504
2945509
2945510
2945513
2945515
2945520
2945522
2945528
2945530
2945532
2945534
2945538
2945539
2945544
2945548
2945551
2945552
2945555
2945560
2945563
2945564
2945565
2945566
2945567
2945570
2945577
2945581
2945588
2945591
2945594
2945595
2945596
2945600
2945601
2945604
2945605
2945608
2945612
2945613
2945615
2945617
2945618
2945620
2945621
2945624
2945628
2945630
2945636
2945638
2945639
2945644
2945645
2945650
2945652
2945653
2945659
2945660
2945661
2945663
2945666
2945671
2945673
2945677
2945678
2945679
2945682
2945686
2945687
2945692
2945697
2945701
2945702
2945703
2945707
2945709
2945710
2945711
2945713
2945724
2945726
2945732
2945734
2945739
2945745
2945747
2945761
2945763
2945767
2945769
2945770
2945786
2945788
2945789
2945790
2945792
2945793
2945794
2945795
2945797
2945800
2945801
2945806
2945807
2945809
2945810
2945811
2945818
2945819
2945821
2945822
2945825
2945830
2945832
2945839
2945840
2945841
2945843
2945846
2945847
2945848
2945851
2945854
2945855
2945858
2945859
2945863
2945864
2945867
2945869
2945870
2945876
2945881
2945883
2945886
2945887
2945888
2945891
2945893
2945895
2945896
2945897
2945898
2945900
2945903
2945905
2945909
2945910
2945912
2945921
2945923
2945925
2945929
2945930
2945933
2945936
2945942
2945944
2945945
2945947
2945953
2945956
2945957
2945958
2945959
2945973
2945974
2945980
2945982
2945985
2945987
2945991
2945994
2945996
2945997
2946000
2946001
2946003
2946007
2946010
2946013
2946014
2946017
2946018
2946019
2946021
2946027
2946031
2946032
2946038
2946044
2946047
2946048
2946056
2946058
2946059
2946065
2946068
2946069
2946071
2946073
2946074
2946075
2946076
2946079
2946083
2946084
2946085
2946087
2946088
2946089
2946091
2946094
2946096
2946100
2946101
2946103
2946104
2946106
2946107
2946109
2946111
2946112
2946115
2946116
2946123
2946124
2946126
2946135
2946140
2946145
2946146
2946148
2946153
2946156
2946157
2946159
2946162
2946166
2946167
2946168
2946171
2946172
2946173
2946177
2946181
2946182
2946187
2946188
2946189
2946195
2946196
2946198
2946202
2946203
2946205
2946207
2946210
2946212
2946213
2946217
2946219
2946229
2946230
2946231
2946239
2946240
2946243
2946245
2946250
2946251
2946254
2946255
2946256
2946259
2946260
2946262
2946263
2946266
2946272
2946274
2946277
2946278
2946279
2946280
2946285
2946286
2946288
2946293
2946294
2946298
2946299
2946301
2946303
2946304
2946305
2946306
2946308
2946311
2946312
2946313
2946314
2946315
2946316
2946321
2946323
2946329
2946330
2946331
2946337
2946338
2946340
2946347
2946351
2946352
2946353
2946354
2946355
2946356
2946358
2946363
2946364
2946367
2946368
2946375
2946376
2946378
2946380
2946381
2946382
2946383
2946384
2946385
2946386
2946387
2946391
2946393
2946396
2946398
2946401
2946402
2946404
2946406
2946408
2946409
2946410
2946411
2946412
2946413
2946414
2946415
2946416
2946417
2946418
2946421
2946422
2946423
2946431
2946432
2946433
2946438
2946442
2946448
2946456
2946458
2946459
2946461
2946464
2946472
2946474
2946476
2946478
2946482
2946483
2946485
2946487
2946489
2946491
2946494
2946495
2946496
2946499
2946501
2946502
2946506
2946507
2946508
2946512
2946513
2946517
2946518
2946519
2946524
2946525
2946530
2946533
2946534
2946536
2946541
2946543
2946544
2946545
2946548
2946552
2946556
2946557
2946558
2946559
2946560
2946561
2946564
2946565
2946569
2946571
2946573
2946574
2946576
2946578
2946581
2946582
2946589
2946591
2946596
2946598
2946599
2946600
2946602
2946603
2946604
2946606
2946607
2946609
2946610
2946611
2946614
2946617
2946622
2946624
2946637
2946638
2946639
2946641
2946642
2946643
2946646
2946655
2946656
2946659
2946660
2946661
2946662
2946666
2946668
2946669
2946671
2946674
2946675
2946678
2946679
2946680
2946682
2946685
2946686
2946687
2946688
2946689
2946690
2946692
2946693
2946694
2946695
2946696
2946701
2946702
2946704
2946709
2946710
2946721
2946722
2946723
2946724
2946725
2946728
2946731
2946736
2946738
2946739
2946742
2946754
2946755
2946764
2946769
2946770
2946779
2946782
2946783
2946784
2946789
2946790
2946792
2946794
2946795
2946796
2946797
2946798
2946800
2946805
2946808
2946809
2946813
2946815
2946819
2946820
2946821
2946823
2946825
2946827
2946829
2946830
2946832
2946833
2946835
2946837
2946839
2946840
2946845
2946847
2946848
2946849
2946850
2946856
2946858
2946861
2946872
2946875
2946882
2946883
2946887
2946888
2946893
2946899
2946907
2946909
2946912
2946914
2946915
2946917
2946918
2946923
2946928
2946937
2946939
2946943
2946944
2946945
2946948
2946949
2946951
2946956
2946961
2946963
2946969
2946972
2946973
2946979
2946980
2946981
2946982
2946983
2946985
2946987
2946990
2946991
2946994
2946995
2947000
2947003
2947006
2947011
2947012
2947014
2947021
2947022
2947023
2947028
2947031
2947036
2947037
2947039
2947044
2947049
2947051
2947062
2947064
2947066
2947069
2947071
2947072
2947073
2947074
2947075
2947076
2947077
2947083
2947084
2947085
2947089
2947090
2947091
2947093
2947095
2947097
2947104
2947107
2947109
2947111
2947124
2947127
2947128
2947129
2947131
2947133
2947136
2947138
2947140
2947141
2947144
2947147
2947150
2947154
2947159
2947161
2947162
2947163
2947165
2947168
2947169
2947171
2947175
2947178
2947180
2947181
2947182
2947184
2947186
2947190
2947195
2947201
2947206
2947207
2947208
2947216
2947217
2947224
2947228
2947230
2947233
2947235
2947236
2947237
2947238
2947245
2947246
2947247
2947250
2947251
2947253
2947254
2947261
2947262
2947265
2947266
2947267
2947270
2947273
2947274
2947275
2947278
2947283
2947286
2947287
2947289
2947295
2947306
2947309
2947317
2947319
2947320
2947321
2947323
2947324
2947333
2947335
2947338
2947341
2947345
2947351
2947352
2947354
2947359
2947360
2947363
2947368
2947374
2947376
2947380
2947383
2947384
2947385
2947391
2947401
2947402
2947404
2947408
2947409
2947416
2947420
2947421
2947423
2947426
2947428
2947429
2947432
2947435
2947436
2947437
2947439
2947440
2947445
2947446
2947448
2947452
2947454
2947456
2947461
2947463
2947466
2947467
2947474
2947475
2947481
2947485
2947489
2947491
2947492
2947494
2947496
2947497
2947499
2947500
2947501
2947502
2947509
2947510
2947512
2947513
2947515
2947518
2947519
2947523
2947526
2947528
2947531
2947532
2947533
2947538
2947540
2947543
2947544
2947545
2947548
2947551
2947552
2947556
2947559
2947571
2947574
2947586
2947589
2947594
2947595
2947598
2947601
2947607
2947608
2947609
2947611
2947612
2947623
2947624
2947626
2947633
2947636
2947637
2947640
2947642
2947652
2947655
2947656
2947659
2947663
2947673
2947674
2947678
2947679
2947680
2947683
2947684
2947687
2947691
2947695
2947706
2947711
2947712
2947714
2947717
2947722
2947726
2947727
2947730
2947731
2947732
2947734
2947735
2947736
2947740
2947741
2947744
2947745
2947747
2947748
2947749
2947750
2947751
2947752
2947754
2947755
2947757
2947759
2947760
2947763
2947764
2947765
2947766
2947768
2947773
2947774
2947781
2947784
2947785
2947788
2947790
2947799
2947801
2947806
2947807
2947809
2947811
2947812
2947816
2947827
2947829
2947837
2947839
2947840
2947841
2947850
2947853
2947855
2947856
2947857
2947858
2947859
2947866
2947868
2947876
2947877
2947889
2947890
2947895
2947898
2947903
2947904
2947907
2947909
2947913
2947915
2947916
2947918
2947920
2947925
2947926
2947927
2947928
2947929
2947930
2947931
2947932
2947934
2947936
2947937
2947939
2947943
2947945
2947947
2947948
2947949
2947950
2947951
2947952
2947956
2947957
2947958
2947959
2947962
2947967
2947968
2947972
2947973
2947974
2947975
2947976
2947977
2947978
2947980
2947981
2947982
2947984
2947987
2947988
2947990
2947993
2947994
2947995
2947998
2948000
2948009
2948011
2948012
2948015
2948020
2948022
2948024
2948030
2948033
2948034
2948035
2948037
2948038
2948042
2948045
2948054
2948059
2948060
2948068
2948072
2948078
2948080
2948081
2948085
2948091
2948102
2948111
2948115
2948116
2948117
2948122
2948128
2948137
2948139
2948140
2948142
2948143
2948144
2948148
2948153
2948154
2948158
2948161
2948164
2948171
2948172
2948176
2948177
2948180
2948184
2948185
2948188
2948196
2948197
2948200
2948201
2948202
2948204
2948205
2948211
2948217
2948218
2948221
2948222
2948223
2948224
2948225
2948226
2948229
2948230
2948231
2948236
2948238
2948240
2948242
2948250
2948251
2948252
2948253
2948254
2948257
2948258
2948262
2948264
2948267
2948268
2948271
2948272
2948274
2948278
2948283
2948284
2948286
2948294
2948297
2948298
2948300
2948301
2948302
2948303
2948305
2948307
2948308
2948310
2948311
2948314
2948316
2948317
2948319
2948320
2948322
2948323
2948330
2948332
2948340
2948341
2948345
2948346
2948348
2948353
2948355
2948357
2948362
2948363
2948366
2948370
2948374
2948375
2948381
2948384
2948386
2948387
2948391
2948395
2948396
2948397
2948398
2948402
2948407
2948408
2948409
2948410
2948411
2948414
2948415
2948420
2948421
2948423
2948425
2948429
2948432
2948436
2948438
2948452
2948455
2948456
2948459
2948461
2948463
2948466
2948469
2948471
2948472
2948473
2948475
2948476
2948478
2948481
2948482
2948484
2948485
2948494
2948496
2948500
2948505
2948506
2948508
2948513
2948514
2948515
2948518
2948519
2948524
2948526
2948532
2948533
2948535
2948538
2948540
2948541
2948542
2948547
2948548
2948554
2948555
2948558
2948560
2948563
2948565
2948569
2948572
2948580
2948581
2948583
2948585
2948586
2948587
2948590
2948600
2948601
2948603
2948606
2948612
2948616
2948617
2948621
2948625
2948627
2948628
2948629
2948631
2948633
2948634
2948635
2948636
2948637
2948644
2948651
2948655
2948656
2948660
2948665
2948666
2948667
2948668
2948669
2948670
2948672
2948673
2948676
2948677
2948678
2948679
2948681
2948685
2948686
2948689
2948690
2948694
2948695
2948704
2948706
2948708
2948711
2948713
2948718
2948719
2948721
2948724
2948725
2948726
2948727
2948730
2948736
2948742
2948743
2948745
2948746
2948747
2948748
2948756
2948761
2948763
2948765
2948772
2948775
2948777
2948782
2948783
2948784
2948786
2948789
2948790
2948791
2948792
2948794
2948795
2948802
2948805
2948806
2948807
2948810
2948811
2948812
2948820
2948822
2948824
2948825
2948827
2948830
2948832
2948834
2948835
2948840
2948842
2948844
2948846
2948848
2948850
2948851
2948852
2948853
2948854
2948855
2948856
2948858
2948859
2948861
2948867
2948877
2948878
2948879
2948880
2948881
2948884
2948886
2948887
2948889
2948892
2948893
2948894
2948898
2948899
2948900
2948905
2948910
2948913
2948914
2948915
2948917
2948918
2948920
2948924
2948931
2948932
2948933
2948935
2948936
2948937
2948939
2948941
2948943
2948947
2948948
2948951
2948955
2948960
2948961
2948962
2948966
2948968
2948974
2948975
2948979
2948982
2948989
2948993
2948994
2948995
2948996
2948997
2949005
2949008
2949011
2949013
2949014
2949015
2949016
2949017
2949019
2949024
2949026
2949027
2949028
2949032
2949034
2949035
2949042
2949044
2949046
2949047
2949053
2949054
2949057
2949058
2949061
2949062
2949063
2949064
2949065
2949071
2949072
2949074
2949075
2949077
2949081
2949083
2949088
2949092
2949093
2949094
2949095
2949097
2949109
2949111
2949113
2949119
2949123
2949125
2949132
2949138
2949141
2949142
2949143
2949146
2949147
2949150
2949152
2949153
2949156
2949159
2949160
2949162
2949171
2949172
2949173
2949176
2949177
2949178
2949182
2949189
2949193
2949198
2949199
2949202
2949205
2949206
2949208
2949210
2949216
2949217
2949218
2949220
2949221
2949225
2949227
2949228
2949230
2949234
2949236
2949237
2949239
2949240
2949243
2949244
2949246
2949250
2949252
2949253
2949254
2949256
2949257
2949258
2949259
2949260
2949261
2949263
2949265
2949266
2949273
2949279
2949280
2949285
2949288
2949289
2949294
2949296
2949300
2949305
2949310
2949313
2949314
2949316
2949317
2949318
2949319
2949324
2949332
2949334
2949339
2949340
2949342
2949345
2949351
2949361
2949367
2949368
2949369
2949371
2949373
2949382
2949385
2949386
2949389
2949390
2949394
2949395
2949396
2949399
2949400
2949402
2949413
2949414
2949417
2949419
2949420
2949421
2949422
2949424
2949430
2949432
2949436
2949442
2949445
2949446
2949448
2949449
2949452
2949453
2949455
2949456
2949457
2949458
2949466
2949472
2949475
2949476
2949478
2949482
2949486
2949489
2949490
2949495
2949505
2949509
2949516
2949533
2949534
2949535
2949536
2949540
2949542
2949548
2949553
2949555
2949556
2949557
2949558
2949561
2949562
2949563
2949564
2949566
2949575
2949576
2949577
2949578
2949579
2949580
2949581
2949586
2949588
2949591
2949593
2949594
2949602
2949603
2949604
2949606
2949607
2949612
2949613
2949618
2949620
2949622
2949625
2949626
2949627
2949628
2949630
2949633
2949635
2949638
2949639
2949646
2949647
2949649
2949652
2949653
2949655
2949656
2949661
2949662
2949669
2949670
2949672
2949674
2949675
2949676
2949677
2949679
2949680
2949704
2949705
2949710
2949711
2949717
2949718
2949719
2949720
2949727
2949733
2949734
2949757
2949759
2949767
2949768
2949769
2949772
2949773
2949777
2949782
2949788
2949790
2949798
2949799
2949802
2949805
2949808
2949809
2949816
2949817
2949818
2949820
2949822
2949823
2949824
2949831
2949832
2949834
2949841
2949851
2949852
2949853
2949856
2949857
2949858
2949860
2949862
2949865
2949867
2949869
2949870
2949871
2949872
2949873
2949879
2949880
2949892
2949894
2949897
2949899
2949900
2949901
2949904
2949906
2949907
2949914
2949916
2949920
2949921
2949924
2949926
2949927
2949929
2949932
2949947
2949948
2949949
2949950
2949953
2949962
2949963
2949965
2949966
2949967
2949969
2949970
2949973
2949974
2949975
2949976
2949977
2949978
2949983
2949992
2949998
2949999
2950001
2950004
2950006
2950009
2950012
2950013
2950014
2950017
2950018
2950019
2950020
2950024
2950026
2950027
2950034
2950035
2950036
2950037
2950039
2950043
2950046
2950047
2950048
2950050
2950053
2950056
2950057
2950061
2950062
2950063
2950066
2950070
2950072
2950073
2950076
2950080
2950081
2950083
2950085
2950086
2950088
2950090
2950091
2950092
2950093
2950096
2950098
2950099
2950100
2950106
2950108
2950109
2950112
2950113
2950118
2950120
2950122
2950124
2950126
2950128
2950129
2950130
2950131
2950132
2950133
2950137
2950140
2950143
2950144
2950147
2950149
2950152
2950159
2950160
2950162
2950163
2950165
2950166
2950170
2950171
2950172
2950173
2950175
2950180
2950182
2950183
2950184
2950186
2950187
2950188
2950190
2950198
2950199
2950200
2950204
2950205
2950207
2950209
2950210
2950215
2950216
2950217
2950220
2950224
2950232
2950235
2950236
2950238
2950241
2950242
2950244
2950248
2950249
2950250
2950251
2950252
2950255
2950257
2950261
2950266
2950267
2950269
2950270
2950278
2950279
2950280
2950281
2950287
2950288
2950295
2950296
2950297
2950299
2950301
2950302
2950303
2950304
2950308
2950309
2950311
2950313
2950314
2950317
2950321
2950327
2950328
2950330
2950332
2950333
2950334
2950337
2950338
2950342
2950349
2950350
2950353
2950354
2950355
2950357
2950361
2950362
2950363
2950371
2950377
2950378
2950379
2950384
2950389
2950390
2950392
2950395
2950400
2950402
2950413
2950414
2950420
2950423
2950424
2950425
2950426
2950431
2950436
2950438
2950440
2950444
2950448
2950450
2950451
2950453
2950454
2950455
2950457
2950459
2950461
2950463
2950464
2950465
2950470
2950472
2950473
2950476
2950483
2950484
2950486
2950492
2950494
2950495
2950496
2950497
2950499
2950506
2950507
2950508
2950512
2950515
2950519
2950520
2950521
2950522
2950523
2950524
2950526
2950527
2950530
2950531
2950537
2950542
2950543
2950547
2950548
2950549
2950555
2950556
2950559
2950563
2950566
2950567
2950575
2950576
2950579
2950580
2950587
2950594
2950595
2950597
2950600
2950602
2950610
2950611
2950612
2950614
2950617
2950618
2950619
2950620
2950622
2950628
2950630
2950635
2950649
2950650
2950653
2950654
2950657
2950659
2950665
2950669
2950670
2950675
2950676
2950680
2950681
2950687
2950690
2950692
2950694
2950704
2950705
2950710
2950711
2950712
2950715
2950716
2950719
2950722
2950723
2950731
2950733
2950735
2950738
2950740
2950741
2950744
2950746
2950748
2950749
2950751
2950757
2950759
2950761
2950768
2950770
2950772
2950773
2950775
2950776
2950778
2950780
2950782
2950783
2950784
2950785
2950788
2950791
2950797
2950803
2950811
2950812
2950813
2950817
2950818
2950822
2950828
2950830
2950833
2950837
2950841
2950849
2950850
2950851
2950853
2950859
2950863
2950865
2950866
2950867
2950871
2950874
2950879
2950886
2950888
2950891
2950897
2950899
2950901
2950904
2950905
2950908
2950911
2950913
2950916
2950917
2950918
2950922
2950923
2950924
2950926
2950927
2950932
2950936
2950940
2950944
2950946
2950947
2950948
2950950
2950955
2950957
2950959
2950960
2950961
2950964
2950969
2950971
2950978
2950986
2950987
2950989
2950990
2950992
2950997
2950998
2951001
2951002
2951007
2951008
2951010
2951012
2951014
2951017
2951018
2951019
2951020
2951027
2951028
2951032
2951033
2951040
2951041
2951043
2951049
2951056
2951057
2951059
2951061
2951062
2951067
2951068
2951071
2951073
2951077
2951078
2951081
2951082
2951083
2951085
2951087
2951088
2951092
2951093
2951100
2951101
2951106
2951108
2951112
2951113
2951114
2951117
2951119
2951122
2951127
2951129
2951131
2951133
2951134
2951138
2951145
2951146
2951148
2951158
2951159
2951160
2951161
2951164
2951170
2951171
2951172
2951183
2951186
2951191
2951194
2951195
2951196
2951201
2951203
2951208
2951211
2951213
2951215
2951216
2951217
2951220
2951222
2951223
2951224
2951225
2951231
2951232
2951234
2951237
2951241
2951242
2951245
2951248
2951249
2951250
2951252
2951255
2951257
2951259
2951261
2951262
2951267
2951270
2951275
2951277
2951281
2951288
2951289
2951290
2951291
2951292
2951303
2951311
2951313
2951314
2951317
2951318
2951319
2951321
2951336
2951344
2951345
2951346
2951349
2951356
2951358
2951362
2951363
2951374
2951375
2951379
2951388
2951398
2951400
2951405
2951406
2951409
2951421
2951428
2951431
2951438
2951440
2951441
2951443
2951444
2951445
2951446
2951450
2951451
2951457
2951459
2951463
2951464
2951465
2951466
2951469
2951481
2951482
2951485
2951487
2951488
2951491
2951493
2951494
2951495
2951500
2951501
2951503
2951505
2951508
2951509
2951510
2951513
2951514
2951516
2951518
2951524
2951531
2951532
2951533
2951536
2951537
2951544
2951548
2951550
2951556
2951557
2951559
2951560
2951562
2951564
2951567
2951568
2951570
2951571
2951572
2951573
2951576
2951577
2951579
2951585
2951587
2951594
2951595
2951601
2951602
2951604
2951607
2951610
2951611
2951612
2951613
2951618
2951619
2951621
2951622
2951625
2951629
2951630
2951631
2951632
2951634
2951635
2951640
2951644
2951645
2951646
2951653
2951655
2951656
2951657
2951661
2951662
2951663
2951666
2951670
2951671
2951674
2951675
2951679
2951682
2951683
2951685
2951690
2951701
2951704
2951708
2951712
2951715
2951719
2951721
2951725
2951729
2951732
2951737
2951738
2951739
2951745
2951748
2951751
2951753
2951754
2951757
2951762
2951764
2951767
2951768
2951769
2951771
2951773
2951776
2951781
2951790
2951791
2951794
2951795
2951796
2951797
2951801
2951803
2951806
2951808
2951818
2951819
2951820
2951830
2951833
2951834
2951837
2951838
2951842
2951846
2951849
2951850
2951852
2951853
2951855
2951856
2951857
2951858
2951860
2951862
2951863
2951864
2951865
2951866
2951867
2951868
2951875
2951876
2951878
2951880
2951888
2951889
2951890
2951891
2951892
2951894
2951895
2951897
2951899
2951900
2951901
2951907
2951908
2951909
2951910
2951913
2951914
2951915
2951917
2951918
2951922
2951924
2951925
2951926
2951930
2951931
2951933
2951934
2951935
2951937
2951939
2951942
2951949
2951952
2951953
2951954
2951955
2951958
2951961
2951963
2951964
2951969
2951972
2951973
2951976
2951977
2951986
2951990
2951996
2951999
2952001
2952002
2952003
2952004
2952005
2952012
2952014
2952017
2952023
2952024
2952025
2952026
2952027
2952032
2952037
2952038
2952039
2952040
2952044
2952047
2952048
2952051
2952052
2952053
2952054
2952055
2952056
2952057
2952062
2952067
2952072
2952077
2952078
2952081
2952082
2952084
2952087
2952088
2952091
2952092
2952095
2952096
2952101
2952107
2952108
2952109
2952110
2952111
2952115
2952117
2952119
2952121
2952125
2952128
2952133
2952135
2952136
2952137
2952138
2952139
2952141
2952144
2952145
2952151
2952156
2952157
2952162
2952163
2952164
2952165
2952170
2952174
2952175
2952177
2952179
2952181
2952182
2952184
2952188
2952190
2952192
2952196
2952197
2952198
2952204
2952205
2952208
2952209
2952212
2952214
2952216
2952218
2952221
2952222
2952238
2952240
2952242
2952243
2952244
2952245
2952246
2952250
2952253
2952255
2952257
2952259
2952262
2952265
2952266
2952267
2952270
2952272
2952276
2952277
2952279
2952281
2952287
2952291
2952292
2952293
2952294
2952299
2952301
2952303
2952304
2952308
2952311
2952314
2952316
2952320
2952321
2952322
2952324
2952325
2952329
2952330
2952331
2952333
2952334
2952335
2952337
2952339
2952342
2952344
2952347
2952353
2952356
2952357
2952358
2952360
2952364
2952365
2952366
2952373
2952374
2952377
2952384
2952385
2952386
2952391
2952392
2952393
2952394
2952398
2952399
2952400
2952401
2952404
2952406
2952411
2952413
2952414
2952419
2952422
2952424
2952425
2952426
2952427
2952428
2952433
2952434
2952437
2952438
2952441
2952442
2952444
2952447
2952452
2952457
2952458
2952463
2952464
2952465
2952466
2952467
2952469
2952474
2952476
2952479
2952481
2952482
2952483
2952489
2952490
2952492
2952493
2952494
2952498
2952499
2952500
2952501
2952502
2952504
2952509
2952510
2952513
2952514
2952519
2952521
2952523
2952529
2952530
2952531
2952535
2952538
2952539
2952543
2952544
2952547
2952548
2952551
2952554
2952555
2952557
2952558
2952560
2952562
2952565
2952566
2952570
2952572
2952573
2952576
2952580
2952581
2952582
2952587
2952591
2952592
2952598
2952602
2952604
2952609
2952610
2952611
2952613
2952614
2952616
2952617
2952621
2952624
2952631
2952634
2952639
2952640
2952641
2952642
2952643
2952645
2952646
2952647
2952648
2952650
2952651
2952652
2952656
2952658
2952661
2952662
2952666
2952667
2952671
2952672
2952673
2952676
2952677
2952681
2952683
2952684
2952685
2952686
2952687
2952688
2952689
2952690
2952692
2952694
2952697
2952699
2952702
2952707
2952709
2952710
2952711
2952713
2952718
2952719
2952720
2952725
2952727
2952729
2952732
2952735
2952746
2952748
2952749
2952751
2952755
2952762
2952765
2952768
2952769
2952770
2952771
2952772
2952777
2952778
2952780
2952781
2952783
2952785
2952786
2952788
2952790
2952791
2952795
2952796
2952797
2952800
2952801
2952802
2952808
2952814
2952815
2952817
2952818
2952820
2952825
2952831
2952832
2952834
2952839
2952840
2952841
2952847
2952849
2952854
2952855
2952858
2952860
2952861
2952871
2952873
2952874
2952875
2952876
2952884
2952885
2952887
2952888
2952899
2952905
2952906
2952907
2952908
2952912
2952913
2952917
2952918
2952919
2952920
2952922
2952923
2952924
2952926
2952927
2952928
2952929
2952942
2952944
2952945
2952946
2952947
2952950
2952953
2952954
2952956
2952958
2952960
2952962
2952963
2952966
2952969
2952972
2952975
2952976
2952978
2952981
2952984
2952986
2952990
2952991
2952993
2952999
2953000
2953002
2953003
2953006
2953008
2953010
2953012
2953015
2953016
2953029
2953035
2953039
2953040
2953041
2953042
2953044
2953046
2953052
2953056
2953062
2953064
2953065
2953070
2953074
2953081
2953087
2953088
2953091
2953096
2953101
2953103
2953104
2953105
2953114
2953124
2953128
2953130
2953131
2953132
2953136
2953139
2953140
2953151
2953153
2953157
2953162
2953163
2953167
2953168
2953171
2953174
2953179
2953182
2953184
2953185
2953186
2953189
2953190
2953195
2953198
2953203
2953206
2953207
2953209
2953211
2953213
2953216
2953217
2953222
2953224
2953226
2953235
2953238
2953239
2953242
2953243
2953247
2953249
2953250
2953252
2953253
2953258
2953265
2953266
2953268
2953269
2953271
2953272
2953278
2953279
2953280
2953281
2953285
2953288
2953290
2953295
2953303
2953305
2953306
2953307
2953308
2953310
2953314
2953315
2953317
2953318
2953320
2953321
2953322
2953323
2953325
2953328
2953332
2953334
2953337
2953351
2953352
2953353
2953354
2953357
2953362
2953369
2953370
2953376
2953378
2953383
2953384
2953387
2953398
2953400
2953403
2953404
2953407
2953408
2953410
2953415
2953417
2953420
2953426
2953432
2953433
2953438
2953441
2953442
2953446
2953447
2953450
2953453
2953455
2953456
2953462
2953464
2953469
2953475
2953486
2953491
2953492
2953493
2953495
2953503
2953504
2953505
2953512
2953513
2953516
2953520
2953521
2953526
2953540
2953543
2953545
2953546
2953547
2953549
2953553
2953556
2953560
2953561
2953562
2953564
2953567
2953569
2953570
2953571
2953578
2953581
2953584
2953585
2953590
2953591
2953593
2953594
2953595
2953597
2953600
2953601
2953604
2953607
2953608
2953620
2953624
2953629
2953631
2953639
2953640
2953642
2953646
2953647
2953648
2953650
2953653
2953655
2953658
2953663
2953664
2953666
2953673
2953674
2953681
2953683
2953695
2953697
2953714
2953720
2953721
2953723
2953734
2953739
2953740
2953743
2953746
2953747
2953749
2953750
2953752
2953753
2953754
2953757
2953758
2953761
2953763
2953764
2953768
2953769
2953770
2953771
2953776
2953778
2953779
2953784
2953787
2953791
2953794
2953795
2953796
2953798
2953804
2953806
2953809
2953811
2953813
2953816
2953831
2953833
2953834
2953840
2953847
2953848
2953849
2953851
2953859
2953869
2953870
2953871
2953873
2953874
2953878
2953879
2953883
2953884
2953885
2953895
2953897
2953898
2953900
2953902
2953905
2953907
2953908
2953914
2953918
2953922
2953925
2953926
2953927
2953928
2953929
2953931
2953935
2953939
2953940
2953942
2953946
2953948
2953950
2953952
2953955
2953965
2953966
2953967
2953976
2953977
2953981
2953982
2953984
2953985
2953986
2953993
2953994
2953995
2953997
2954004
2954011
2954013
2954014
2954016
2954018
2954019
2954020
2954021
2954022
2954029
2954030
2954033
2954040
2954048
2954049
2954051
2954060
2954068
2954069
2954072
2954074
2954077
2954082
2954085
2954086
2954091
2954092
2954093
2954094
2954095
2954096
2954101
2954105
2954106
2954107
2954108
2954109
2954113
2954114
2954118
2954119
2954121
2954123
2954124
2954125
2954129
2954130
2954131
2954133
2954134
2954139
2954152
2954153
2954156
2954157
2954159
2954161
2954162
2954163
2954164
2954173
2954174
2954185
2954187
2954188
2954190
2954196
2954208
2954213
2954215
2954216
2954222
2954229
2954237
2954239
2954240
2954244
2954246
2954247
2954249
2954254
2954255
2954256
2954261
2954267
2954271
2954273
2954282
2954290
2954291
2954292
2954293
2954297
2954303
2954304
2954305
2954309
2954311
2954314
2954315
2954316
2954342
2954344
2954346
2954348
2954350
2954351
2954354
2954355
2954357
2954359
2954364
2954371
2954372
2954378
2954379
2954382
2954384
2954385
2954386
2954387
2954389
2954396
2954397
2954401
2954402
2954406
2954409
2954410
2954412
2954413
2954414
2954415
2954416
2954420
2954425
2954426
2954430
2954433
2954439
2954448
2954450
2954452
2954453
2954459
2954465
2954466
2954469
2954471
2954476
2954477
2954478
2954482
2954483
2954484
2954486
2954495
2954497
2954499
2954500
2954508
2954514
2954516
2954517
2954520
2954523
2954524
2954525
2954528
2954529
2954535
2954538
2954539
2954544
2954545
2954550
2954554
2954555
2954560
2954561
2954563
2954564
2954565
2954568
2954572
2954586
2954591
2954593
2954594
2954597
2954599
2954600
2954601
2954604
2954608
2954612
2954615
2954616
2954617
2954625
2954628
2954633
2954635
2954641
2954645
2954647
2954649
2954654
2954656
2954657
2954658
2954661
2954668
2954669
2954673
2954674
2954679
2954681
2954683
2954684
2954685
2954687
2954688
2954692
2954694
2954695
2954696
2954697
2954698
2954699
2954701
2954704
2954708
2954711
2954712
2954713
2954720
2954722
2954724
2954732
2954733
2954734
2954736
2954738
2954739
2954740
2954741
2954744
2954746
2954753
2954755
2954756
2954759
2954763
2954768
2954769
2954770
2954772
2954774
2954775
2954776
2954781
2954782
2954785
2954791
2954792
2954794
2954796
2954800
2954801
2954804
2954806
2954807
2954813
2954815
2954821
2954828
2954830
2954833
2954837
2954838
2954840
2954843
2954846
2954849
2954850
2954851
2954852
2954857
2954858
2954859
2954860
2954863
2954865
2954876
2954881
2954887
2954892
2954901
2954902
2954903
2954904
2954905
2954907
2954913
2954914
2954915
2954916
2954917
2954922
2954923
2954926
2954928
2954931
2954932
2954933
2954935
2954943
2954944
2954945
2954946
2954947
2954950
2954957
2954960
2954961
2954962
2954963
2954967
2954969
2954970
2954975
2954977
2954978
2954981
2954985
2954987
2954988
2954993
2954995
2954999
2955001
2955006
2955007
2955016
2955022
2955031
2955035
2955038
2955039
2955042
2955043
2955054
2955059
2955061
2955069
2955072
2955076
2955077
2955082
2955088
2955091
2955092
2955097
2955107
2955108
2955109
2955110
2955113
2955114
2955115
2955116
2955117
2955120
2955122
2955134
2955135
2955139
2955140
2955141
2955142
2955145
2955152
2955156
2955167
2955168
2955169
2955171
2955176
2955184
2955188
2955189
2955190
2955191
2955197
2955198
2955203
2955204
2955209
2955210
2955212
2955213
2955216
2955229
2955234
2955242
2955247
2955249
2955253
2955256
2955267
2955270
2955275
2955276
2955281
2955286
2955287
2955288
2955290
2955292
2955298
2955301
2955302
2955303
2955304
2955305
2955311
2955313
2955315
2955316
2955317
2955319
2955321
2955322
2955323
2955324
2955325
2955327
2955329
2955331
2955336
2955337
2955338
2955339
2955345
2955347
2955349
2955351
2955357
2955359
2955360
2955361
2955362
2955363
2955365
2955368
2955370
2955371
2955372
2955376
2955378
2955379
2955380
2955381
2955385
2955387
2955390
2955392
2955394
2955395
2955399
2955400
2955401
2955406
2955407
2955408
2955409
2955410
2955413
2955414
2955415
2955416
2955418
2955421
2955422
2955423
2955430
2955431
2955433
2955438
2955439
2955440
2955443
2955447
2955450
2955455
2955456
2955461
2955466
2955469
2955470
2955475
2955479
2955484
2955485
2955486
2955489
2955492
2955501
2955506
2955508
2955509
2955513
2955518
2955519
2955523
2955525
2955528
2955533
2955537
2955538
2955539
2955540
2955542
2955543
2955544
2955546
2955549
2955550
2955553
2955556
2955565
2955567
2955572
2955576
2955578
2955580
2955583
2955587
2955589
2955590
2955592
2955597
2955602
2955603
2955604
2955608
2955609
2955610
2955611
2955612
2955618
2955622
2955628
2955633
2955640
2955641
2955642
2955647
2955649
2955650
2955655
2955664
2955667
2955669
2955673
2955674
2955678
2955679
2955680
2955685
2955692
2955698
2955704
2955710
2955712
2955713
2955714
2955719
2955720
2955721
2955723
2955725
2955730
2955733
2955735
2955736
2955737
2955738
2955746
2955751
2955754
2955757
2955758
2955764
2955765
2955771
2955772
2955778
2955779
2955782
2955787
2955788
2955790
2955792
2955794
2955802
2955803
2955804
2955807
2955811
2955812
2955813
2955817
2955818
2955819
2955820
2955821
2955823
2955824
2955828
2955833
2955835
2955840
2955843
2955848
2955850
2955853
2955858
2955859
2955864
2955865
2955868
2955871
2955873
2955874
2955877
2955880
2955882
2955883
2955889
2955892
2955894
2955899
2955903
2955905
2955906
2955908
2955913
2955914
2955915
2955917
2955920
2955922
2955923
2955926
2955927
2955930
2955931
2955932
2955933
2955935
2955939
2955940
2955944
2955946
2955949
2955950
2955951
2955960
2955962
2955966
2955968
2955970
2955971
2955972
2955973
2955975
2955979
2955983
2955998
2955999
2956001
2956003
2956005
2956010
2956011
2956014
2956018
2956021
2956022
2956025
2956027
2956034
2956035
2956036
2956038
2956040
2956041
2956043
2956045
2956048
2956049
2956050
2956051
2956052
2956062
2956066
2956073
2956076
2956077
2956079
2956080
2956085
2956087
2956088
2956091
2956092
2956093
2956097
2956101
2956107
2956114
2956115
2956118
2956122
2956126
2956127
2956131
2956133
2956135
2956139
2956140
2956141
2956145
2956147
2956149
2956150
2956153
2956163
2956166
2956167
2956168
2956174
2956176
2956177
2956178
2956181
2956182
2956184
2956188
2956189
2956197
2956198
2956205
2956211
2956214
2956216
2956220
2956224
2956226
2956229
2956230
2956231
2956234
2956236
2956238
2956240
2956241
2956245
2956248
2956249
2956252
2956260
2956269
2956271
2956273
2956280
2956282
2956284
2956287
2956295
2956297
2956303
2956305
2956306
2956307
2956308
2956314
2956316
2956322
2956324
2956329
2956331
2956338
2956341
2956347
2956349
2956353
2956356
2956360
2956361
2956363
2956369
2956370
2956374
2956379
2956380
2956381
2956382
2956383
2956387
2956388
2956389
2956391
2956398
2956402
2956404
2956405
2956407
2956411
2956414
2956417
2956421
2956425
2956428
2956432
2956433
2956434
2956436
2956440
2956447
2956448
2956451
2956453
2956454
2956455
2956457
2956461
2956465
2956468
2956472
2956479
2956480
2956481
2956483
2956486
2956487
2956490
2956496
2956498
2956500
2956505
2956506
2956508
2956511
2956512
2956520
2956527
2956536
2956543
2956545
2956550
2956551
2956552
2956553
2956556
2956559
2956569
2956570
2956571
2956578
2956579
2956582
2956583
2956585
2956587
2956588
2956589
2956591
2956601
2956602
2956603
2956612
2956614
2956617
2956620
2956623
2956626
2956628
2956630
2956631
2956634
2956639
2956644
2956647
2956648
2956651
2956653
2956654
2956660
2956663
2956669
2956672
2956674
2956675
2956677
2956678
2956680
2956682
2956683
2956686
2956690
2956691
2956693
2956694
2956696
2956700
2956702
2956704
2956705
2956707
2956714
2956717
2956719
2956721
2956730
2956732
2956733
2956735
2956736
2956737
2956738
2956740
2956742
2956747
2956750
2956753
2956754
2956755
2956758
2956759
2956760
2956764
2956767
2956769
2956770
2956771
2956775
2956776
2956778
2956782
2956783
2956792
2956794
2956795
2956796
2956797
2956800
2956802
2956803
2956804
2956808
2956810
2956811
2956812
2956824
2956829
2956831
2956834
2956838
2956841
2956844
2956845
2956852
2956855
2956857
2956858
2956860
2956862
2956864
2956869
2956872
2956874
2956876
2956879
2956880
2956882
2956885
2956886
2956892
2956895
2956899
2956901
2956903
2956904
2956916
2956917
2956922
2956929
2956931
2956934
2956935
2956938
2956940
2956942
2956948
2956949
2956951
2956955
2956961
2956962
2956963
2956976
2956977
2956983
2956984
2956986
2956990
2956993
2956996
2956997
2956998
2957001
2957003
2957005
2957006
2957009
2957010
2957016
2957017
2957018
2957019
2957020
2957022
2957023
2957028
2957030
2957031
2957040
2957043
2957044
2957049
2957050
2957055
2957057
2957058
2957062
2957064
2957070
2957071
2957078
2957079
2957083
2957084
2957089
2957091
2957095
2957099
2957102
2957104
2957105
2957108
2957110
2957111
2957114
2957117
2957123
2957124
2957127
2957130
2957131
2957132
2957133
2957140
2957141
2957146
2957147
2957150
2957154
2957162
2957163
2957165
2957170
2957172
2957174
2957176
2957177
2957190
2957191
2957192
2957195
2957196
2957197
2957198
2957204
2957205
2957206
2957207
2957208
2957209
2957213
2957217
2957218
2957226
2957234
2957235
2957241
2957246
2957252
2957255
2957257
2957259
2957260
2957264
2957265
2957266
2957267
2957268
2957269
2957270
2957276
2957285
2957286
2957290
2957292
2957293
2957295
2957300
2957301
2957308
2957309
2957310
2957311
2957312
2957314
2957316
2957324
2957325
2957329
2957333
2957336
2957340
2957343
2957346
2957347
2957355
2957357
2957358
2957359
2957364
2957373
2957374
2957376
2957377
2957380
2957388
2957390
2957392
2957394
2957399
2957402
2957403
2957408
2957410
2957411
2957414
2957416
2957420
2957423
2957425
2957427
2957429
2957444
2957449
2957451
2957452
2957453
2957455
2957457
2957459
2957472
2957479
2957486
2957489
2957497
2957498
2957499
2957500
2957501
2957502
2957509
2957510
2957511
2957512
2957516
2957518
2957521
2957524
2957525
2957531
2957532
2957533
2957534
2957539
2957541
2957543
2957544
2957547
2957560
2957570
2957579
2957581
2957598
2957606
2957608
2957609
2957612
2957613
2957614
2957615
2957618
2957619
2957621
2957625
2957630
2957631
2957632
2957633
2957635
2957636
2957639
2957641
2957643
2957646
2957650
2957652
2957655
2957658
2957659
2957664
2957667
2957669
2957673
2957678
2957680
2957683
2957686
2957687
2957689
2957691
2957694
2957695
2957696
2957697
2957700
2957701
2957705
2957706
2957711
2957717
2957719
2957721
2957723
2957724
2957729
2957730
2957732
2957733
2957734
2957735
2957742
2957743
2957745
2957759
2957761
2957762
2957765
2957766
2957771
2957772
2957773
2957793
2957794
2957800
2957805
2957812
2957813
2957817
2957819
2957820
2957821
2957824
2957825
2957830
2957832
2957835
2957844
2957846
2957848
2957852
2957853
2957856
2957859
2957860
2957861
2957867
2957874
2957880
2957881
2957884
2957885
2957886
2957887
2957894
2957906
2957909
2957913
2957916
2957917
2957920
2957921
2957934
2957937
2957938
2957946
2957947
2957951
2957955
2957958
2957962
2957977
2957978
2957979
2957980
2957982
2957983
2957985
2957987
2957990
2957994
2957996
2957999
2958003
2958004
2958005
2958007
2958009
2958010
2958011
2958012
2958017
2958024
2958026
2958027
2958028
2958029
2958031
2958033
2958034
2958041
2958043
2958046
2958048
2958049
2958050
2958054
2958056
2958059
2958060
2958061
2958063
2958064
2958068
2958069
2958072
2958073
2958075
2958076
2958078
2958088
2958092
2958096
2958105
2958106
2958110
2958113
2958114
2958118
2958120
2958122
2958123
2958125
2958126
2958127
2958128
2958132
2958133
2958135
2958136
2958138
2958139
2958140
2958141
2958146
2958149
2958155
2958156
2958157
2958158
2958163
2958164
2958167
2958171
2958172
2958176
2958177
2958180
2958181
2958182
2958185
2958191
2958196
2958200
2958201
2958204
2958205
2958210
2958212
2958213
2958216
2958220
2958221
2958222
2958224
2958231
2958233
2958235
2958236
2958239
2958241
2958242
2958243
2958244
2958250
2958255
2958256
2958258
2958260
2958262
2958264
2958265
2958268
2958270
2958272
2958274
2958279
2958280
2958281
2958282
2958284
2958288
2958292
2958296
2958297
2958298
2958299
2958300
2958304
2958305
2958306
2958308
2958309
2958321
2958325
2958331
2958332
2958334
2958341
2958343
2958345
2958353
2958354
2958355
2958356
2958361
2958363
2958368
2958373
2958375
2958383
2958391
2958394
2958396
2958397
2958399
2958400
2958401
2958402
2958407
2958408
2958409
2958415
2958416
2958417
2958421
2958424
2958425
2958428
2958430
2958434
2958435
2958437
2958438
2958440
2958447
2958450
2958451
2958453
2958455
2958457
2958462
2958464
2958467
2958469
2958473
2958477
2958478
2958483
2958488
2958492
2958493
2958496
2958500
2958502
2958507
2958508
2958509
2958511
2958512
2958516
2958523
2958528
2958529
2958531
2958542
2958546
2958547
2958548
2958553
2958554
2958555
2958556
2958561
2958562
2958563
2958564
2958565
2958566
2958569
2958575
2958578
2958579
2958582
2958584
2958585
2958586
2958587
2958588
2958589
2958590
2958592
2958593
2958596
2958599
2958608
2958612
2958613
2958614
2958615
2958618
2958619
2958622
2958624
2958625
2958626
2958630
2958635
2958636
2958637
2958638
2958640
2958641
2958647
2958650
2958651
2958664
2958668
2958669
2958673
2958675
2958677
2958678
2958679
2958682
2958685
2958691
2958692
2958696
2958698
2958699
2958704
2958705
2958707
2958708
2958711
2958712
2958714
2958715
2958720
2958722
2958723
2958724
2958727
2958733
2958736
2958740
2958741
2958744
2958747
2958748
2958750
2958752
2958758
2958760
2958761
2958770
2958771
2958772
2958774
2958779
2958780
2958784
2958785
2958786
2958788
2958791
2958797
2958798
2958799
2958802
2958804
2958806
2958814
2958816
2958817
2958818
2958821
2958824
2958825
2958829
2958830
2958838
2958841
2958842
2958844
2958847
2958848
2958850
2958851
2958854
2958863
2958864
2958869
2958873
2958874
2958877
2958881
2958882
2958883
2958884
2958885
2958887
2958891
2958898
2958900
2958903
2958904
2958906
2958911
2958913
2958918
2958920
2958921
2958926
2958929
2958933
2958935
2958937
2958946
2958947
2958948
2958949
2958952
2958953
2958955
2958956
2958961
2958962
2958963
2958970
2958971
2958977
2958980
2958981
2958982
2958983
2958985
2958988
2958989
2958992
2958995
2958998
2958999
2959002
2959003
2959005
2959006
2959008
2959009
2959011
2959013
2959014
2959016
2959021
2959022
2959023
2959025
2959028
2959037
2959038
2959042
2959044
2959047
2959048
2959049
2959054
2959059
2959069
2959072
2959073
2959075
2959077
2959078
2959079
2959081
2959082
2959083
2959084
2959085
2959091
2959092
2959093
2959094
2959095
2959097
2959098
2959100
2959105
2959108
2959112
2959115
2959116
2959123
2959124
2959125
2959128
2959130
2959133
2959134
2959135
2959140
2959145
2959147
2959148
2959149
2959150
2959151
2959156
2959157
2959159
2959168
2959170
2959171
2959172
2959174
2959179
2959183
2959188
2959191
2959192
2959200
2959201
2959202
2959203
2959204
2959207
2959208
2959213
2959218
2959220
2959222
2959226
2959228
2959231
2959233
2959243
2959244
2959252
2959254
2959256
2959263
2959264
2959265
2959271
2959276
2959277
2959279
2959285
2959292
2959294
2959297
2959298
2959302
2959303
2959304
2959305
2959307
2959321
2959323
2959325
2959328
2959330
2959331
2959332
2959345
2959346
2959352
2959366
2959367
2959368
2959371
2959374
2959375
2959377
2959380
2959381
2959385
2959386
2959389
2959391
2959394
2959397
2959398
2959399
2959400
2959402
2959405
2959407
2959420
2959429
2959430
2959434
2959436
2959438
2959440
2959446
2959451
2959453
2959454
2959461
2959464
2959465
2959466
2959468
2959471
2959473
2959474
2959476
2959477
2959485
2959486
2959488
2959490
2959494
2959497
2959498
2959499
2959502
2959503
2959510
2959513
2959515
2959516
2959518
2959523
2959525
2959526
2959530
2959534
2959537
2959538
2959545
2959546
2959547
2959550
2959552
2959562
2959564
2959567
2959571
2959572
2959573
2959574
2959575
2959576
2959577
2959582
2959592
2959605
2959608
2959609
2959612
2959616
2959618
2959619
2959621
2959624
2959625
2959627
2959628
2959629
2959631
2959639
2959648
2959649
2959652
2959654
2959655
2959662
2959663
2959664
2959669
2959672
2959673
2959675
2959676
2959678
2959679
2959681
2959682
2959684
2959685
2959688
2959694
2959695
2959710
2959711
2959712
2959713
2959719
2959723
2959732
2959733
2959735
2959739
2959740
2959741
2959743
2959745
2959754
2959756
2959758
2959759
2959764
2959769
2959773
2959777
2959780
2959782
2959783
2959785
2959786
2959790
2959791
2959792
2959793
2959795
2959797
2959799
2959800
2959801
2959804
2959805
2959808
2959811
2959813
2959818
2959819
2959821
2959823
2959824
2959825
2959828
2959829
2959837
2959838
2959839
2959843
2959845
2959846
2959850
2959852
2959853
2959856
2959857
2959860
2959863
2959869
2959871
2959881
2959886
2959887
2959890
2959891
2959897
2959901
2959906
2959909
2959913
2959917
2959918
2959920
2959931
2959935
2959937
2959942
2959947
2959951
2959952
2959954
2959956
2959958
2959973
2959975
2959976
2959977
2959978
2959981
2959982
2959987
2959988
2959990
2959995
2959997
2959998
2959999
2960002
2960003
2960005
2960010
2960013
2960025
2960026
2960031
2960033
2960034
2960035
2960039
2960043
2960046
2960051
2960052
2960057
2960058
2960062
2960066
2960067
2960068
2960069
2960070
2960071
2960073
2960076
2960079
2960082
2960088
2960089
2960091
2960098
2960099
2960107
2960113
2960117
2960118
2960120
2960125
2960126
2960127
2960128
2960129
2960130
2960137
2960140
2960147
2960148
2960154
2960156
2960160
2960162
2960163
2960167
2960171
2960175
2960182
2960184
2960185
2960186
2960191
2960193
2960194
2960195
2960197
2960209
2960212
2960216
2960220
2960221
2960222
2960224
2960225
2960227
2960233
2960234
2960235
2960242
2960243
2960244
2960248
2960249
2960250
2960254
2960256
2960257
2960258
2960261
2960265
2960267
2960273
2960276
2960277
2960280
2960281
2960284
2960286
2960287
2960289
2960292
2960294
2960298
2960299
2960301
2960303
2960307
2960308
2960310
2960313
2960318
2960320
2960321
2960322
2960327
2960329
2960330
2960331
2960334
2960338
2960346
2960347
2960348
2960350
2960352
2960354
2960359
2960360
2960368
2960369
2960370
2960371
2960372
2960377
2960379
2960381
2960383
2960385
2960386
2960387
2960389
2960393
2960396
2960398
2960405
2960406
2960410
2960417
2960418
2960419
2960423
2960426
2960429
2960431
2960432
2960435
2960440
2960442
2960448
2960457
2960458
2960459
2960460
2960466
2960469
2960470
2960474
2960475
2960476
2960478
2960479
2960480
2960482
2960483
2960484
2960486
2960487
2960490
2960491
2960503
2960506
2960507
2960508
2960510
2960511
2960513
2960516
2960518
2960525
2960529
2960537
2960539
2960540
2960541
2960545
2960547
2960551
2960553
2960563
2960564
2960570
2960575
2960578
2960579
2960583
2960588
2960591
2960594
2960595
2960596
2960598
2960601
2960605
2960608
2960614
2960618
2960619
2960623
2960625
2960629
2960634
2960637
2960639
2960642
2960643
2960644
2960646
2960647
2960648
2960649
2960652
2960653
2960654
2960655
2960658
2960659
2960663
2960664
2960665
2960666
2960667
2960671
2960676
2960677
2960678
2960680
2960683
2960684
2960686
2960687
2960689
2960692
2960694
2960698
2960699
2960701
2960703
2960705
2960707
2960709
2960711
2960714
2960722
2960723
2960724
2960725
2960728
2960729
2960730
2960734
2960735
2960736
2960741
2960743
2960746
2960747
2960748
2960750
2960752
2960753
2960754
2960755
2960756
2960757
2960758
2960761
2960767
2960768
2960769
2960771
2960772
2960773
2960780
2960788
2960798
2960799
2960807
2960809
2960810
2960815
2960818
2960820
2960821
2960822
2960826
2960827
2960831
2960833
2960835
2960836
2960839
2960844
2960848
2960849
2960851
2960855
2960857
2960859
2960862
2960864
2960866
2960867
2960868
2960873
2960874
2960877
2960880
2960882
2960883
2960884
2960885
2960887
2960895
2960896
2960897
2960902
2960904
2960907
2960909
2960914
2960916
2960917
2960918
2960919
2960928
2960931
2960932
2960935
2960936
2960938
2960939
2960942
2960944
2960950
2960951
2960954
2960955
2960956
2960958
2960961
2960962
2960965
2960969
2960971
2960979
2960982
2960988
2960989
2960991
2960993
2960995
2960996
2960998
2960999
2961000
2961007
2961008
2961009
2961011
2961014
2961022
2961024
2961028
2961029
2961030
2961033
2961041
2961044
2961045
2961046
2961047
2961051
2961053
2961054
2961059
2961061
2961066
2961067
2961071
2961073
2961074
2961081
2961086
2961088
2961089
2961094
2961095
2961096
2961099
2961100
2961103
2961104
2961107
2961109
2961110
2961111
2961112
2961114
2961115
2961116
2961118
2961123
2961130
2961131
2961132
2961139
2961145
2961149
2961151
2961152
2961156
2961157
2961159
2961163
2961167
2961168
2961174
2961175
2961176
2961179
2961182
2961183
2961185
2961190
2961192
2961193
2961200
2961202
2961204
2961205
2961207
2961209
2961211
2961218
2961220
2961221
2961223
2961224
2961227
2961229
2961230
2961231
2961232
2961233
2961238
2961239
2961240
2961243
2961246
2961251
2961255
2961257
2961259
2961268
2961269
2961273
2961274
2961275
2961278
2961286
2961287
2961288
2961292
2961296
2961304
2961309
2961310
2961311
2961312
2961315
2961316
2961318
2961319
2961320
2961321
2961323
2961326
2961330
2961332
2961334
2961337
2961338
2961339
2961340
2961341
2961343
2961344
2961351
2961352
2961354
2961358
2961359
2961360
2961366
2961367
2961371
2961376
2961381
2961384
2961385
2961388
2961389
2961390
2961391
2961394
2961399
2961404
2961405
2961406
2961408
2961411
2961412
2961414
2961418
2961419
2961422
2961426
2961430
2961432
2961433
2961434
2961436
2961437
2961440
2961446
2961448
2961451
2961458
2961459
2961464
2961467
2961468
2961472
2961477
2961485
2961486
2961496
2961500
2961505
2961510
2961511
2961513
2961514
2961516
2961517
2961520
2961531
2961534
2961547
2961556
2961557
2961558
2961560
2961561
2961562
2961565
2961568
2961578
2961580
2961582
2961584
2961586
2961597
2961599
2961606
2961608
2961610
2961615
2961616
2961617
2961622
2961623
2961624
2961626
2961627
2961633
2961637
2961640
2961641
2961642
2961651
2961652
2961653
2961654
2961655
2961657
2961661
2961662
2961664
2961666
2961667
2961669
2961672
2961673
2961676
2961677
2961678
2961681
2961683
2961689
2961691
2961701
2961706
2961707
2961708
2961709
2961711
2961712
2961714
2961718
2961720
2961721
2961722
2961727
2961729
2961730
2961733
2961737
2961738
2961739
2961740
2961747
2961750
2961751
2961754
2961760
2961769
2961770
2961771
2961772
2961777
2961780
2961781
2961783
2961786
2961789
2961794
2961796
2961798
2961803
2961807
2961808
2961810
2961811
2961813
2961816
2961821
2961824
2961825
2961827
2961829
2961835
2961837
2961839
2961840
2961842
2961843
2961844
2961848
2961849
2961852
2961860
2961862
2961864
2961865
2961867
2961869
2961872
2961876
2961883
2961887
2961888
2961889
2961890
2961891
2961892
2961893
2961899
2961900
2961901
2961902
2961903
2961905
2961911
2961912
2961914
2961916
2961920
2961924
2961928
2961930
2961932
2961933
2961936
2961937
2961938
2961939
2961940
2961943
2961944
2961947
2961948
2961953
2961956
2961957
2961960
2961961
2961963
2961964
2961965
2961966
2961967
2961968
2961972
2961973
2961974
2961978
2961979
2961983
2961984
2961985
2961988
2961990
2961991
2961992
2961993
2961995
2961996
2961997
2962001
2962002
2962003
2962004
2962005
2962006
2962008
2962013
2962015
2962019
2962022
2962029
2962030
2962032
2962033
2962034
2962037
2962040
2962042
2962044
2962046
2962048
2962049
2962054
2962055
2962060
2962062
2962064
2962066
2962067
2962068
2962069
2962072
2962075
2962077
2962078
2962080
2962081
2962086
2962087
2962088
2962089
2962094
2962095
2962101
2962104
2962106
2962108
2962111
2962121
2962125
2962130
2962131
2962137
2962138
2962140
2962143
2962144
2962145
2962146
2962149
2962154
2962156
2962157
2962159
2962160
2962164
2962167
2962170
2962171
2962172
2962173
2962174
2962175
2962177
2962180
2962181
2962182
2962186
2962188
2962189
2962190
2962192
2962193
2962196
2962197
2962199
2962201
2962204
2962205
2962207
2962210
2962213
2962214
2962215
2962216
2962217
2962221
2962223
2962224
2962228
2962229
2962241
2962246
2962248
2962249
2962252
2962253
2962255
2962256
2962258
2962259
2962261
2962262
2962264
2962265
2962266
2962267
2962268
2962269
2962271
2962273
2962279
2962281
2962285
2962292
2962294
2962298
2962300
2962302
2962303
2962304
2962305
2962306
2962307
2962308
2962309
2962310
2962316
2962319
2962323
2962325
2962326
2962329
2962331
2962332
2962334
2962335
2962336
2962337
2962341
2962342
2962343
2962346
2962349
2962350
2962354
2962356
2962360
2962361
2962362
2962364
2962365
2962368
2962369
2962370
2962372
2962376
2962377
2962380
2962387
2962389
2962390
2962391
2962392
2962396
2962400
2962401
2962411
2962414
2962415
2962417
2962420
2962421
2962423
2962424
2962425
2962426
2962428
2962429
2962431
2962432
2962438
2962439
2962442
2962443
2962445
2962447
2962450
2962452
2962453
2962458
2962459
2962460
2962464
2962465
2962471
2962472
2962474
2962475
2962476
2962477
2962481
2962483
2962485
2962486
2962487
2962489
2962491
2962496
2962497
2962498
2962501
2962502
2962503
2962504
2962506
2962508
2962509
2962510
2962512
2962514
2962517
2962518
2962519
2962520
2962521
2962530
2962535
2962536
2962542
2962545
2962546
2962554
2962556
2962561
2962567
2962569
2962571
2962572
2962575
2962576
2962577
2962579
2962581
2962588
2962589
2962591
2962593
2962595
2962597
2962598
2962600
2962607
2962608
2962613
2962614
2962617
2962619
2962622
2962624
2962626
2962631
2962632
2962634
2962636
2962642
2962643
2962644
2962649
2962651
2962654
2962655
2962656
2962657
2962661
2962662
2962665
2962666
2962671
2962672
2962679
2962680
2962684
2962685
2962686
2962688
2962692
2962693
2962696
2962701
2962702
2962703
2962705
2962708
2962709
2962711
2962716
2962718
2962723
2962729
2962732
2962735
2962738
2962739
2962740
2962742
2962744
2962745
2962748
2962752
2962755
2962761
2962763
2962764
2962765
2962766
2962767
2962768
2962769
2962776
2962777
2962779
2962780
2962782
2962784
2962787
2962788
2962790
2962793
2962795
2962797
2962798
2962808
2962810
2962817
2962818
2962819
2962820
2962822
2962824
2962825
2962827
2962828
2962829
2962830
2962832
2962837
2962839
2962845
2962852
2962853
2962855
2962857
2962874
2962875
2962878
2962879
2962882
2962884
2962886
2962893
2962899
2962900
2962905
2962910
2962911
2962912
2962914
2962915
2962916
2962925
2962932
2962936
2962937
2962940
2962944
2962946
2962947
2962950
2962951
2962957
2962958
2962960
2962962
2962965
2962966
2962967
2962968
2962972
2962974
2962977
2962978
2962979
2962982
2962983
2962985
2962989
2962990
2962994
2962995
2962996
2962998
2963001
2963002
2963003
2963005
2963008
2963009
2963010
2963012
2963015
2963016
2963018
2963019
2963020
2963022
2963024
2963031
2963032
2963033
2963039
2963045
2963050
2963053
2963054
2963056
2963057
2963061
2963066
2963068
2963077
2963082
2963083
2963084
2963085
2963087
2963089
2963090
2963091
2963094
2963101
2963103
2963104
2963105
2963106
2963107
2963108
2963109
2963110
2963112
2963116
2963117
2963120
2963121
2963123
2963124
2963125
2963128
2963132
2963134
2963136
2963142
2963143
2963148
2963149
2963150
2963153
2963155
2963161
2963165
2963167
2963168
2963169
2963172
2963180
2963181
2963183
2963186
2963187
2963188
2963190
2963193
2963194
2963204
2963207
2963208
2963214
2963215
2963217
2963218
2963219
2963222
2963223
2963224
2963225
2963229
2963230
2963231
2963233
2963236
2963238
2963245
2963247
2963248
2963251
2963254
2963257
2963259
2963262
2963263
2963264
2963270
2963271
2963276
2963277
2963282
2963283
2963284
2963285
2963291
2963293
2963299
2963300
2963302
2963305
2963308
2963309
2963312
2963314
2963316
2963318
2963319
2963321
2963322
2963323
2963324
2963326
2963327
2963329
2963330
2963338
2963343
2963346
2963347
2963348
2963349
2963353
2963355
2963362
2963363
2963364
2963365
2963371
2963375
2963378
2963381
2963383
2963385
2963387
2963389
2963393
2963396
2963397
2963406
2963410
2963414
2963415
2963416
2963418
2963420
2963425
2963426
2963427
2963430
2963434
2963441
2963442
2963449
2963450
2963454
2963456
2963457
2963458
2963459
2963460
2963465
2963469
2963471
2963472
2963474
2963475
2963479
2963482
2963492
2963496
2963498
2963500
2963504
2963505
2963507
2963509
2963511
2963512
2963514
2963515
2963516
2963520
2963521
2963522
2963524
2963525
2963532
2963540
2963542
2963549
2963550
2963552
2963560
2963561
2963565
2963566
2963568
2963572
2963573
2963575
2963577
2963580
2963582
2963583
2963590
2963595
2963600
2963602
2963606
2963611
2963618
2963619
2963621
2963623
2963626
2963627
2963631
2963635
2963636
2963637
2963647
2963648
2963649
2963653
2963656
2963657
2963663
2963672
2963673
2963674
2963675
2963676
2963683
2963684
2963685
2963686
2963689
2963691
2963693
2963694
2963695
2963696
2963697
2963698
2963699
2963700
2963701
2963703
2963707
2963708
2963709
2963711
2963713
2963715
2963722
2963723
2963724
2963728
2963729
2963730
2963731
2963733
2963734
2963735
2963737
2963738
2963739
2963740
2963741
2963744
2963745
2963746
2963747
2963753
2963754
2963755
2963756
2963759
2963763
2963768
2963770
2963776
2963778
2963779
2963783
2963785
2963786
2963787
2963788
2963789
2963799
2963802
2963805
2963806
2963807
2963808
2963809
2963810
2963812
2963815
2963825
2963826
2963827
2963829
2963830
2963831
2963835
2963836
2963839
2963841
2963842
2963845
2963846
2963849
2963853
2963855
2963858
2963859
2963863
2963865
2963866
2963867
2963868
2963869
2963874
2963876
2963879
2963881
2963882
2963883
2963893
2963894
2963895
2963896
2963897
2963898
2963904
2963911
2963913
2963914
2963915
2963916
2963919
2963922
2963925
2963926
2963929
2963933
2963937
2963938
2963939
2963942
2963949
2963951
2963952
2963953
2963954
2963955
2963965
2963966
2963967
2963968
2963972
2963974
2963977
2963979
2963982
2963989
2963991
2963996
2963997
2964001
2964006
2964007
2964008
2964013
2964017
2964021
2964022
2964023
2964024
2964025
2964028
2964032
2964033
2964035
2964036
2964039
2964040
2964045
2964046
2964047
2964048
2964049
2964072
2964073
2964078
2964080
2964082
2964083
2964090
2964095
2964098
2964099
2964106
2964107
2964110
2964111
2964117
2964120
2964121
2964125
2964126
2964127
2964129
2964131
2964132
2964133
2964136
2964138
2964139
2964144
2964149
2964151
2964153
2964155
2964156
2964157
2964162
2964164
2964168
2964170
2964171
2964177
2964183
2964189
2964190
2964192
2964194
2964202
2964210
2964211
2964217
2964219
2964222
2964223
2964227
2964228
2964231
2964232
2964236
2964237
2964238
2964245
2964248
2964249
2964252
2964253
2964254
2964257
2964259
2964262
2964265
2964266
2964269
2964270
2964277
2964278
2964280
2964281
2964282
2964286
2964289
2964296
2964299
2964300
2964304
2964305
2964306
2964308
2964312
2964316
2964317
2964319
2964323
2964324
2964330
2964332
2964336
2964341
2964347
2964350
2964355
2964359
2964360
2964365
2964367
2964368
2964374
2964377
2964378
2964387
2964391
2964393
2964394
2964395
2964397
2964399
2964400
2964401
2964404
2964405
2964407
2964410
2964413
2964416
2964417
2964418
2964419
2964420
2964423
2964428
2964432
2964436
2964437
2964443
2964446
2964450
2964451
2964452
2964453
2964455
2964457
2964458
2964467
2964470
2964475
2964476
2964479
2964481
2964482
2964488
2964490
2964491
2964495
2964501
2964503
2964504
2964509
2964512
2964515
2964517
2964518
2964520
2964523
2964524
2964525
2964526
2964528
2964531
2964532
2964539
2964540
2964541
2964547
2964551
2964554
2964555
2964556
2964559
2964560
2964561
2964562
2964563
2964564
2964567
2964568
2964569
2964575
2964578
2964579
2964580
2964581
2964582
2964584
2964586
2964588
2964589
2964592
2964593
2964595
2964597
2964601
2964603
2964604
2964605
2964608
2964609
2964611
2964612
2964616
2964617
2964619
2964622
2964623
2964624
2964626
2964632
2964633
2964635
2964636
2964639
2964640
2964641
2964643
2964649
2964654
2964655
2964656
2964657
2964659
2964661
2964663
2964665
2964672
2964681
2964682
2964684
2964685
2964691
2964692
2964693
2964695
2964697
2964700
2964701
2964703
2964704
2964707
2964708
2964709
2964710
2964711
2964713
2964714
2964715
2964716
2964717
2964722
2964724
2964725
2964727
2964728
2964732
2964733
2964737
2964739
2964742
2964747
2964752
2964753
2964754
2964755
2964756
2964759
2964760
2964761
2964762
2964763
2964765
2964766
2964768
2964769
2964770
2964772
2964773
2964775
2964776
2964783
2964787
2964791
2964792
2964795
2964796
2964798
2964799
2964804
2964805
2964806
2964807
2964810
2964811
2964812
2964813
2964814
2964815
2964817
2964818
2964819
2964820
2964822
2964823
2964824
2964826
2964830
2964831
2964834
2964836
2964838
2964839
2964840
2964846
2964847
2964850
2964856
2964858
2964859
2964860
2964862
2964863
2964867
2964869
2964870
2964872
2964873
2964874
2964875
2964877
2964878
2964880
2964881
2964885
2964886
2964887
2964894
2964899
2964902
2964904
2964905
2964906
2964908
2964909
2964916
2964917
2964921
2964928
2964929
2964933
2964934
2964938
2964952
2964953
2964955
2964958
2964963
2964964
2964966
2964968
2964969
2964972
2964977
2964978
2964980
2964981
2964989
2964992
2964994
2964997
2964999
2965010
2965015
2965018
2965021
2965022
2965025
2965027
2965028
2965029
2965030
2965031
2965041
2965044
2965045
2965047
2965051
2965052
2965055
2965056
2965059
2965060
2965061
2965062
2965063
2965065
2965068
2965075
2965076
2965082
2965083
2965085
2965086
2965087
2965088
2965090
2965091
2965092
2965093
2965094
2965096
2965097
2965098
2965100
2965102
2965103
2965105
2965107
2965108
2965114
2965115
2965116
2965117
2965120
2965121
2965122
2965123
2965124
2965126
2965127
2965128
2965129
2965130
2965131
2965133
2965134
2965135
2965137
2965139
2965140
2965142
2965144
2965145
2965150
2965151
2965152
2965153
2965154
2965156
2965157
2965158
2965159
2965160
2965161
2965163
2965164
2965167
2965169
2965171
2965172
2965173
2965174
2965175
2965180
2965182
2965184
2965186
2965189
2965190
2965193
2965194
2965195
2965196
2965197
2965198
2965201
2965203
2965205
2965207
2965208
2965212
2965213
2965215
2965216
2965219
2965220
2965223
2965226
2965227
2965232
2965233
2965234
2965235
2965236
2965238
2965239
2965242
2965246
2965248
2965249
2965250
2965251
2965254
2965255
2965259
2965260
2965265
2965267
2965270
2965271
2965272
2965274
2965277
2965280
2965283
2965284
2965291
2965292
2965293
2965294
2965296
2965305
2965310
2965312
2965313
2965315
2965316
2965317
2965321
2965322
2965326
2965331
2965332
2965333
2965335
2965336
2965337
2965343
2965347
2965349
2965352
2965356
2965359
2965362
2965367
2965372
2965374
2965375
2965381
2965383
2965384
2965386
2965389
2965393
2965395
2965397
2965400
2965402
2965405
2965406
2965410
2965411
2965412
2965413
2965415
2965418
2965423
2965424
2965425
2965426
2965429
2965430
2965436
2965439
2965440
2965441
2965442
2965446
2965448
2965451
2965452
2965453
2965457
2965461
2965467
2965468
2965476
2965479
2965487
2965488
2965490
2965491
2965492
2965493
2965496
2965497
2965500
2965501
2965504
2965507
2965511
2965515
2965524
2965526
2965527
2965528
2965529
2965532
2965541
2965543
2965544
2965545
2965548
2965549
2965550
2965552
2965553
2965556
2965559
2965561
2965563
2965565
2965566
2965570
2965572
2965575
2965576
2965577
2965578
2965582
2965583
2965591
2965595
2965598
2965600
2965608
2965609
2965610
2965611
2965617
2965618
2965626
2965627
2965630
2965634
2965635
2965636
2965640
2965644
2965645
2965653
2965655
2965657
2965659
2965661
2965663
2965674
2965675
2965678
2965680
2965684
2965690
2965691
2965696
2965698
2965699
2965701
2965702
2965704
2965705
2965707
2965709
2965711
2965712
2965713
2965714
2965717
2965726
2965727
2965731
2965734
2965736
2965739
2965740
2965741
2965744
2965753
2965756
2965760
2965763
2965765
2965769
2965773
2965775
2965776
2965780
2965782
2965784
2965791
2965792
2965794
2965795
2965799
2965800
2965803
2965807
2965811
2965816
2965819
2965826
2965828
2965829
2965831
2965835
2965836
2965840
2965847
2965849
2965850
2965851
2965854
2965855
2965858
2965865
2965873
2965875
2965879
2965881
2965883
2965884
2965887
2965889
2965890
2965893
2965894
2965900
2965903
2965904
2965909
2965911
2965912
2965917
2965918
2965922
2965929
2965930
2965931
2965936
2965939
2965942
2965945
2965946
2965955
2965956
2965959
2965960
2965969
2965975
2965976
2965979
2965980
2965983
2965987
2965988
2965990
2965993
2965997
2965998
2966000
2966002
2966004
2966010
2966011
2966012
2966013
2966014
2966017
2966018
2966021
2966022
2966023
2966026
2966027
2966028
2966029
2966032
2966033
2966037
2966041
2966045
2966046
2966050
2966052
2966053
2966054
2966055
2966060
2966061
2966066
2966068
2966081
2966091
2966097
2966100
2966103
2966104
2966116
2966119
2966120
2966128
2966131
2966134
2966135
2966138
2966139
2966140
2966141
2966142
2966147
2966152
2966154
2966155
2966156
2966158
2966162
2966168
2966172
2966173
2966175
2966176
2966177
2966180
2966181
2966185
2966188
2966190
2966191
2966193
2966194
2966197
2966207
2966210
2966212
2966213
2966214
2966215
2966216
2966222
2966223
2966225
2966226
2966227
2966231
2966234
2966235
2966237
2966238
2966239
2966247
2966250
2966253
2966255
2966258
2966260
2966262
2966263
2966268
2966271
2966273
2966277
2966278
2966286
2966290
2966296
2966304
2966306
2966309
2966312
2966320
2966322
2966337
2966343
2966344
2966352
2966353
2966354
2966358
2966362
2966363
2966364
2966373
2966374
2966375
2966378
2966382
2966385
2966387
2966388
2966390
2966392
2966395
2966398
2966399
2966400
2966403
2966404
2966406
2966409
2966410
2966411
2966417
2966422
2966423
2966426
2966427
2966429
2966430
2966431
2966432
2966433
2966434
2966435
2966436
2966438
2966440
2966442
2966446
2966448
2966450
2966451
2966455
2966456
2966457
2966460
2966461
2966462
2966463
2966466
2966473
2966478
2966479
2966480
2966485
2966487
2966491
2966495
2966497
2966498
2966501
2966504
2966511
2966512
2966513
2966514
2966515
2966519
2966522
2966523
2966524
2966528
2966529
2966530
2966531
2966539
2966541
2966542
2966544
2966546
2966553
2966555
2966556
2966558
2966561
2966562
2966566
2966567
2966569
2966570
2966574
2966575
2966580
2966582
2966583
2966584
2966585
2966587
2966590
2966592
2966595
2966596
2966601
2966603
2966604
2966605
2966607
2966608
2966609
2966612
2966615
2966624
2966629
2966630
2966632
2966634
2966635
2966637
2966639
2966640
2966642
2966644
2966652
2966653
2966654
2966656
2966659
2966662
2966664
2966673
2966675
2966677
2966682
2966683
2966686
2966689
2966690
2966691
2966692
2966693
2966697
2966701
2966703
2966704
2966711
2966714
2966717
2966719
2966725
2966727
2966729
2966730
2966733
2966738
2966739
2966742
2966743
2966747
2966748
2966749
2966750
2966751
2966752
2966753
2966756
2966757
2966758
2966760
2966765
2966766
2966768
2966769
2966771
2966774
2966775
2966778
2966780
2966783
2966784
2966789
2966790
2966791
2966792
2966794
2966803
2966804
2966807
2966808
2966809
2966811
2966818
2966820
2966821
2966822
2966823
2966824
2966826
2966827
2966832
2966836
2966837
2966839
2966840
2966841
2966845
2966854
2966868
2966869
2966876
2966877
2966878
2966879
2966883
2966884
2966887
2966888
2966891
2966894
2966895
2966900
2966916
2966918
2966920
2966927
2966928
2966929
2966932
2966935
2966939
2966945
2966948
2966950
2966952
2966953
2966961
2966962
2966966
2966967
2966970
2966974
2966975
2966979
2966986
2966993
2966998
2967004
2967009
2967010
2967011
2967016
2967017
2967020
2967021
2967022
2967024
2967026
2967027
2967034
2967035
2967039
2967040
2967041
2967043
2967044
2967045
2967048
2967055
2967056
2967062
2967063
2967064
2967067
2967072
2967075
2967076
2967077
2967082
2967083
2967086
2967087
2967088
2967089
2967093
2967094
2967095
2967101
2967102
2967107
2967108
2967109
2967111
2967112
2967113
2967114
2967115
2967118
2967119
2967120
2967127
2967129
2967130
2967134
2967137
2967138
2967145
2967147
2967148
2967149
2967153
2967154
2967158
2967161
2967162
2967165
2967166
2967169
2967173
2967175
2967178
2967179
2967180
2967185
2967191
2967192
2967193
2967197
2967201
2967203
2967204
2967209
2967218
2967220
2967224
2967225
2967229
2967232
2967233
2967240
2967241
2967242
2967244
2967247
2967248
2967258
2967260
2967266
2967269
2967272
2967273
2967274
2967276
2967282
2967286
2967289
2967295
2967296
2967299
2967300
2967305
2967307
2967308
2967309
2967312
2967316
2967318
2967325
2967326
2967327
2967336
2967337
2967340
2967344
2967345
2967352
2967353
2967364
2967372
2967373
2967375
2967376
2967377
2967380
2967381
2967389
2967390
2967397
2967400
2967401
2967402
2967403
2967405
2967406
2967408
2967409
2967417
2967419
2967420
2967423
2967426
2967427
2967430
2967435
2967436
2967438
2967440
2967442
2967444
2967445
2967447
2967449
2967450
2967451
2967452
2967454
2967455
2967456
2967459
2967461
2967463
2967465
2967470
2967471
2967472
2967474
2967478
2967479
2967480
2967484
2967485
2967486
2967487
2967488
2967489
2967497
2967499
2967500
2967506
2967507
2967508
2967511
2967512
2967514
2967515
2967517
2967518
2967520
2967523
2967527
2967529
2967532
2967533
2967535
2967536
2967537
2967538
2967539
2967540
2967541
2967543
2967544
2967545
2967546
2967550
2967552
2967553
2967556
2967557
2967559
2967564
2967566
2967567
2967571
2967573
2967574
2967577
2967582
2967583
2967593
2967594
2967596
2967597
2967598
2967600
2967601
2967602
2967603
2967605
2967606
2967611
2967612
2967617
2967620
2967621
2967628
2967630
2967631
2967633
2967639
2967643
2967644
2967646
2967650
2967655
2967659
2967661
2967663
2967665
2967666
2967668
2967670
2967673
2967674
2967678
2967680
2967683
2967684
2967697
2967700
2967701
2967704
2967708
2967715
2967721
2967735
2967739
2967740
2967743
2967744
2967745
2967746
2967753
2967756
2967760
2967761
2967762
2967763
2967776
2967777
2967779
2967784
2967785
2967790
2967791
2967802
2967804
2967811
2967812
2967813
2967814
2967816
2967818
2967819
2967821
2967823
2967824
2967825
2967827
2967829
2967830
2967832
2967833
2967834
2967837
2967839
2967841
2967847
2967849
2967852
2967853
2967863
2967865
2967867
2967870
2967873
2967878
2967885
2967887
2967890
2967893
2967894
2967895
2967896
2967900
2967901
2967902
2967903
2967906
2967907
2967908
2967911
2967921
2967923
2967928
2967934
2967935
2967943
2967944
2967945
2967950
2967951
2967953
2967954
2967956
2967958
2967960
2967968
2967969
2967970
2967980
2967981
2967983
2967984
2967995
2967996
2967998
2967999
2968004
2968010
2968018
2968020
2968026
2968037
2968039
2968040
2968041
2968042
2968043
2968045
2968048
2968049
2968050
2968051
2968054
2968055
2968056
2968057
2968059
2968060
2968061
2968069
2968070
2968072
2968079
2968080
2968081
2968082
2968083
2968086
2968087
2968091
2968093
2968095
2968097
2968098
2968099
2968101
2968102
2968109
2968110
2968113
2968118
2968120
2968124
2968125
2968127
2968128
2968129
2968130
2968131
2968132
2968137
2968138
2968142
2968143
2968148
2968149
2968150
2968151
2968152
2968154
2968155
2968157
2968159
2968162
2968166
2968171
2968175
2968176
2968178
2968180
2968181
2968190
2968191
2968194
2968197
2968199
2968202
2968210
2968213
2968215
2968218
2968224
2968227
2968228
2968229
2968231
2968235
2968237
2968238
2968239
2968243
2968245
2968246
2968247
2968248
2968249
2968250
2968251
2968252
2968254
2968258
2968261
2968264
2968265
2968266
2968267
2968268
2968269
2968270
2968271
2968274
2968276
2968281
2968288
2968292
2968293
2968294
2968298
2968302
2968303
2968305
2968307
2968311
2968318
2968321
2968322
2968325
2968333
2968334
2968338
2968339
2968350
2968351
2968353
2968354
2968355
2968357
2968359
2968361
2968363
2968368
2968369
2968371
2968376
2968383
2968384
2968385
2968386
2968388
2968393
2968398
2968405
2968413
2968417
2968420
2968421
2968423
2968424
2968425
2968431
2968432
2968434
2968435
2968436
2968438
2968441
2968446
2968448
2968449
2968450
2968452
2968456
2968457
2968466
2968467
2968468
2968469
2968473
2968474
2968475
2968477
2968478
2968481
2968485
2968486
2968489
2968492
2968494
2968498
2968499
2968501
2968502
2968505
2968506
2968507
2968508
2968509
2968510
2968512
2968513
2968514
2968515
2968516
2968519
2968520
2968521
2968526
2968527
2968537
2968539
2968542
2968544
2968548
2968549
2968551
2968553
2968557
2968564
2968565
2968566
2968569
2968570
2968571
2968579
2968580
2968585
2968586
2968588
2968592
2968593
2968594
2968595
2968596
2968597
2968599
2968603
2968604
2968605
2968612
2968614
2968618
2968626
2968627
2968628
2968633
2968637
2968640
2968641
2968642
2968643
2968644
2968645
2968646
2968647
2968648
2968649
2968650
2968655
2968661
2968662
2968665
2968666
2968673
2968674
2968678
2968679
2968680
2968681
2968682
2968683
2968686
2968687
2968690
2968692
2968694
2968695
2968697
2968698
2968700
2968701
2968702
2968703
2968704
2968708
2968709
2968711
2968713
2968714
2968716
2968718
2968719
2968721
2968722
2968723
2968724
2968725
2968727
2968728
2968730
2968731
2968732
2968736
2968738
2968739
2968740
2968743
2968747
2968749
2968750
2968751
2968755
2968756
2968757
2968758
2968759
2968760
2968761
2968763
2968774
2968777
2968782
2968783
2968784
2968785
2968790
2968796
2968799
2968802
2968804
2968806
2968808
2968809
2968811
2968813
2968815
2968816
2968819
2968820
2968823
2968824
2968826
2968827
2968829
2968830
2968831
2968832
2968839
2968840
2968842
2968845
2968846
2968847
2968848
2968850
2968852
2968854
2968855
2968861
2968865
2968868
2968875
2968890
2968891
2968894
2968895
2968900
2968901
2968904
2968906
2968908
2968909
2968913
2968914
2968919
2968920
2968924
2968926
2968927
2968928
2968929
2968933
2968934
2968935
2968936
2968937
2968938
2968939
2968940
2968947
2968959
2968960
2968961
2968962
2968967
2968971
2968972
2968980
2968988
2968991
2968993
2968994
2968996
2968997
2969001
2969004
2969008
2969011
2969017
2969018
2969021
2969027
2969028
2969029
2969032
2969034
2969035
2969036
2969038
2969044
2969054
2969058
2969062
2969064
2969066
2969072
2969073
2969076
2969077
2969078
2969087
2969093
2969094
2969096
2969100
2969103
2969105
2969107
2969108
2969109
2969111
2969114
2969117
2969124
2969127
2969129
2969132
2969134
2969135
2969136
2969139
2969143
2969144
2969145
2969147
2969153
2969157
2969163
2969168
2969171
2969172
2969174
2969175
2969178
2969179
2969183
2969184
2969185
2969187
2969188
2969189
2969190
2969191
2969194
2969195
2969198
2969201
2969203
2969205
2969206
2969209
2969210
2969214
2969216
2969222
2969229
2969230
2969231
2969232
2969233
2969235
2969236
2969239
2969243
2969247
2969251
2969252
2969253
2969254
2969255
2969256
2969257
2969258
2969259
2969261
2969262
2969264
2969265
2969268
2969269
2969272
2969274
2969278
2969281
2969285
2969286
2969290
2969297
2969299
2969302
2969307
2969309
2969312
2969313
2969320
2969325
2969326
2969327
2969328
2969329
2969330
2969331
2969333
2969335
2969336
2969342
2969348
2969355
2969356
2969358
2969359
2969360
2969361
2969364
2969365
2969367
2969369
2969372
2969373
2969376
2969378
2969379
2969384
2969390
2969392
2969394
2969395
2969398
2969402
2969404
2969405
2969406
2969408
2969409
2969411
2969412
2969413
2969416
2969417
2969419
2969422
2969423
2969428
2969433
2969436
2969437
2969439
2969442
2969446
2969449
2969452
2969454
2969457
2969460
2969462
2969464
2969465
2969470
2969472
2969476
2969479
2969485
2969498
2969499
2969500
2969501
2969502
2969503
2969504
2969505
2969511
2969516
2969519
2969520
2969523
2969525
2969526
2969527
2969535
2969538
2969542
2969544
2969545
2969547
2969548
2969549
2969554
2969555
2969560
2969567
2969568
2969570
2969572
2969573
2969581
2969582
2969583
2969589
2969591
2969594
2969596
2969603
2969610
2969611
2969614
2969619
2969621
2969624
2969629
2969634
2969636
2969638
2969639
2969642
2969644
2969645
2969646
2969647
2969648
2969649
2969650
2969651
2969658
2969659
2969661
2969664
2969667
2969668
2969670
2969671
2969673
2969677
2969678
2969683
2969685
2969687
2969689
2969693
2969694
2969696
2969699
2969702
2969703
2969705
2969707
2969710
2969712
2969715
2969718
2969721
2969732
2969733
2969736
2969739
2969743
2969744
2969745
2969749
2969751
2969753
2969754
2969755
2969756
2969761
2969762
2969763
2969765
2969766
2969771
2969772
2969774
2969775
2969776
2969777
2969778
2969779
2969789
2969793
2969795
2969796
2969797
2969802
2969812
2969816
2969821
2969830
2969831
2969832
2969837
2969838
2969839
2969842
2969843
2969848
2969849
2969850
2969851
2969853
2969854
2969856
2969857
2969858
2969864
2969867
2969872
2969873
2969874
2969875
2969879
2969881
2969882
2969884
2969888
2969893
2969898
2969899
2969905
2969914
2969916
2969919
2969920
2969921
2969922
2969928
2969929
2969932
2969934
2969935
2969938
2969939
2969940
2969941
2969945
2969946
2969947
2969949
2969950
2969955
2969958
2969960
2969961
2969962
2969965
2969970
2969971
2969975
2969979
2969980
2969981
2969982
2969984
2969987
2969988
2969989
2969990
2969992
2969993
2969994
2969999
2970006
2970007
2970013
2970014
2970015
2970018
2970019
2970020
2970021
2970025
2970026
2970031
2970033
2970034
2970035
2970036
2970037
2970038
2970039
2970040
2970041
2970042
2970046
2970049
2970051
2970052
2970053
2970054
2970055
2970058
2970064
2970065
2970066
2970067
2970069
2970070
2970075
2970076
2970077
2970078
2970079
2970081
2970082
2970083
2970085
2970086
2970087
2970089
2970090
2970091
2970092
2970093
2970095
2970096
2970097
2970100
2970101
2970102
2970103
2970106
2970107
2970108
2970109
2970111
2970112
2970114
2970117
2970127
2970128
2970130
2970132
2970133
2970135
2970138
2970141
2970143
2970150
2970151
2970154
2970155
2970160
2970162
2970163
2970165
2970166
2970167
2970170
2970171
2970172
2970175
2970176
2970178
2970180
2970184
2970185
2970191
2970192
2970193
2970194
2970196
2970199
2970201
2970206
2970207
2970209
2970210
2970211
2970216
2970218
2970224
2970227
2970228
2970230
2970234
2970235
2970236
2970237
2970242
2970246
2970247
2970248
2970250
2970251
2970253
2970254
2970262
2970265
2970266
2970279
2970282
2970285
2970294
2970295
2970298
2970300
2970303
2970304
2970309
2970310
2970311
2970312
2970313
2970315
2970316
2970317
2970324
2970326
2970328
2970331
2970332
2970333
2970334
2970335
2970336
2970340
2970341
2970342
2970347
2970352
2970353
2970354
2970355
2970356
2970357
2970358
2970365
2970367
2970368
2970370
2970371
2970374
2970376
2970377
2970381
2970386
2970389
2970390
2970394
2970395
2970397
2970398
2970399
2970401
2970403
2970408
2970410
2970413
2970414
2970415
2970418
2970420
2970426
2970427
2970428
2970429
2970438
2970439
2970449
2970451
2970452
2970453
2970455
2970456
2970458
2970459
2970460
2970461
2970462
2970465
2970466
2970467
2970472
2970475
2970477
2970478
2970480
2970482
2970486
2970488
2970491
2970495
2970496
2970499
2970500
2970501
2970508
2970509
2970511
2970513
2970514
2970516
2970517
2970518
2970523
2970526
2970527
2970528
2970530
2970535
2970536
2970537
2970539
2970540
2970553
2970554
2970555
2970556
2970558
2970559
2970560
2970563
2970564
2970567
2970569
2970570
2970571
2970572
2970573
2970574
2970580
2970583
2970584
2970588
2970594
2970596
2970597
2970598
2970600
2970601
2970603
2970604
2970606
2970608
2970609
2970617
2970618
2970621
2970627
2970628
2970629
2970632
2970635
2970641
2970642
2970644
2970645
2970648
2970650
2970651
2970652
2970653
2970654
2970658
2970660
2970661
2970662
2970663
2970664
2970665
2970669
2970670
2970671
2970676
2970678
2970682
2970683
2970687
2970692
2970693
2970695
2970705
2970707
2970710
2970719
2970720
2970725
2970729
2970731
2970732
2970735
2970736
2970747
2970750
2970751
2970755
2970756
2970761
2970763
2970764
2970767
2970768
2970770
2970771
2970774
2970781
2970784
2970785
2970786
2970787
2970788
2970789
2970791
2970792
2970794
2970798
2970801
2970804
2970809
2970811
2970818
2970820
2970825
2970829
2970831
2970839
2970840
2970842
2970844
2970845
2970847
2970848
2970849
2970851
2970858
2970860
2970863
2970865
2970866
2970870
2970871
2970872
2970873
2970878
2970879
2970880
2970881
2970882
2970883
2970884
2970885
2970886
2970888
2970889
2970891
2970894
2970895
2970896
2970897
2970899
2970900
2970902
2970915
2970917
2970921
2970922
2970924
2970929
2970930
2970931
2970935
2970936
2970937
2970938
2970942
2970943
2970945
2970946
2970947
2970948
2970951
2970953
2970955
2970956
2970957
2970960
2970961
2970962
2970966
2970967
2970971
2970972
2970973
2970975
2970977
2970981
2970987
2970989
2970990
2970991
2971003
2971004
2971006
2971008
2971009
2971013
2971016
2971021
2971023
2971025
2971026
2971029
2971037
2971038
2971039
2971042
2971044
2971046
2971047
2971048
2971049
2971052
2971054
2971055
2971061
2971072
2971077
2971078
2971084
2971085
2971093
2971095
2971097
2971099
2971100
2971101
2971107
2971108
2971109
2971113
2971117
2971121
2971123
2971124
2971125
2971128
2971130
2971134
2971137
2971139
2971140
2971141
2971143
2971144
2971145
2971150
2971151
2971152
2971155
2971159
2971160
2971166
2971171
2971175
2971178
2971179
2971182
2971183
2971186
2971187
2971188
2971192
2971196
2971200
2971207
2971208
2971210
2971211
2971216
2971217
2971221
2971225
2971226
2971230
2971232
2971233
2971234
2971237
2971239
2971242
2971243
2971244
2971246
2971247
2971251
2971252
2971255
2971256
2971257
2971258
2971259
2971260
2971265
2971269
2971271
2971274
2971277
2971284
2971285
2971289
2971294
2971296
2971297
2971299
2971304
2971307
2971309
2971313
2971315
2971317
2971320
2971321
2971322
2971323
2971324
2971328
2971329
2971330
2971331
2971332
2971334
2971336
2971339
2971341
2971343
2971345
2971347
2971353
2971357
2971362
2971363
2971364
2971374
2971375
2971376
2971378
2971379
2971380
2971381
2971384
2971386
2971387
2971394
2971397
2971400
2971401
2971403
2971405
2971407
2971412
2971414
2971418
2971419
2971421
2971424
2971431
2971433
2971434
2971441
2971444
2971445
2971449
2971452
2971458
2971460
2971461
2971465
2971468
2971471
2971477
2971478
2971480
2971482
2971485
2971487
2971491
2971496
2971498
2971502
2971503
2971506
2971507
2971510
2971512
2971513
2971514
2971515
2971520
2971524
2971527
2971534
2971536
2971545
2971547
2971549
2971552
2971553
2971573
2971574
2971577
2971578
2971582
2971583
2971584
2971587
2971588
2971594
2971595
2971597
2971598
2971601
2971603
2971606
2971607
2971618
2971620
2971621
2971622
2971625
2971627
2971628
2971630
2971632
2971636
2971637
2971640
2971642
2971643
2971645
2971647
2971650
2971652
2971655
2971656
2971657
2971667
2971671
2971674
2971675
2971676
2971685
2971695
2971697
2971701
2971702
2971704
2971706
2971707
2971708
2971709
2971710
2971712
2971713
2971715
2971716
2971717
2971718
2971720
2971721
2971722
2971725
2971729
2971731
2971732
2971733
2971734
2971737
2971738
2971741
2971742
2971745
2971747
2971753
2971756
2971757
2971767
2971769
2971770
2971771
2971780
2971781
2971783
2971784
2971785
2971786
2971787
2971788
2971790
2971795
2971796
2971799
2971801
2971804
2971805
2971807
2971811
2971812
2971815
2971816
2971818
2971819
2971821
2971829
2971834
2971836
2971840
2971841
2971842
2971843
2971844
2971846
2971847
2971852
2971856
2971858
2971859
2971860
2971861
2971862
2971866
2971868
2971869
2971871
2971872
2971875
2971876
2971881
2971883
2971885
2971891
2971892
2971893
2971899
2971900
2971901
2971902
2971903
2971905
2971907
2971910
2971912
2971913
2971919
2971920
2971922
2971926
2971927
2971931
2971936
2971937
2971940
2971941
2971942
2971945
2971955
2971957
2971960
2971961
2971976
2971980
2971981
2971982
2971988
2971989
2971990
2971991
2971993
2971994
2971996
2972000
2972002
2972007
2972008
2972009
2972010
2972011
2972012
2972014
2972016
2972019
2972020
2972023
2972024
2972025
2972026
2972030
2972032
2972035
2972037
2972038
2972039
2972046
2972047
2972048
2972060
2972061
2972062
2972066
2972067
2972068
2972069
2972071
2972072
2972073
2972074
2972079
2972084
2972085
2972088
2972090
2972093
2972096
2972097
2972098
2972099
2972104
2972106
2972108
2972112
2972113
2972116
2972121
2972126
2972128
2972141
2972142
2972146
2972147
2972149
2972150
2972155
2972157
2972161
2972163
2972166
2972169
2972171
2972173
2972174
2972177
2972183
2972186
2972187
2972188
2972193
2972200
2972202
2972203
2972206
2972209
2972212
2972214
2972218
2972220
2972224
2972227
2972228
2972232
2972233
2972234
2972235
2972239
2972240
2972241
2972244
2972246
2972247
2972248
2972249
2972257
2972258
2972262
2972264
2972265
2972266
2972268
2972269
2972270
2972275
2972276
2972277
2972278
2972284
2972288
2972289
2972293
2972295
2972297
2972302
2972306
2972307
2972311
2972321
2972322
2972323
2972326
2972329
2972333
2972334
2972335
2972336
2972337
2972338
2972341
2972342
2972344
2972345
2972348
2972350
2972351
2972356
2972357
2972359
2972360
2972361
2972363
2972365
2972370
2972371
2972373
2972374
2972375
2972378
2972382
2972384
2972385
2972386
2972387
2972388
2972391
2972399
2972400
2972402
2972407
2972411
2972412
2972413
2972415
2972416
2972420
2972421
2972422
2972427
2972428
2972429
2972430
2972436
2972438
2972439
2972451
2972452
2972453
2972454
2972457
2972458
2972459
2972463
2972465
2972468
2972469
2972470
2972473
2972475
2972476
2972477
2972480
2972484
2972489
2972494
2972497
2972501
2972502
2972505
2972506
2972511
2972513
2972514
2972515
2972517
2972518
2972520
2972521
2972523
2972528
2972530
2972535
2972538
2972543
2972544
2972547
2972548
2972551
2972552
2972556
2972561
2972565
2972566
2972567
2972568
2972569
2972572
2972574
2972575
2972578
2972582
2972587
2972589
2972590
2972591
2972597
2972599
2972600
2972602
2972603
2972604
2972606
2972607
2972608
2972610
2972611
2972613
2972614
2972615
2972616
2972617
2972619
2972620
2972622
2972626
2972627
2972628
2972637
2972638
2972640
2972642
2972646
2972647
2972648
2972649
2972650
2972652
2972655
2972659
2972660
2972661
2972664
2972665
2972668
2972673
2972674
2972676
2972678
2972688
2972692
2972693
2972695
2972697
2972698
2972702
2972703
2972704
2972707
2972708
2972712
2972713
2972714
2972716
2972717
2972720
2972721
2972722
2972726
2972728
2972732
2972733
2972736
2972737
2972739
2972742
2972743
2972747
2972749
2972750
2972752
2972758
2972759
2972760
2972763
2972765
2972767
2972768
2972772
2972774
2972780
2972781
2972782
2972784
2972785
2972786
2972788
2972789
2972790
2972791
2972792
2972793
2972794
2972795
2972797
2972799
2972801
2972802
2972806
2972810
2972811
2972812
2972815
2972821
2972825
2972834
2972836
2972837
2972838
2972839
2972840
2972842
2972847
2972849
2972850
2972851
2972852
2972853
2972862
2972864
2972865
2972867
2972869
2972870
2972871
2972873
2972875
2972876
2972877
2972879
2972880
2972883
2972892
2972893
2972894
2972895
2972896
2972897
2972898
2972900
2972901
2972902
2972905
2972906
2972909
2972911
2972912
2972913
2972914
2972926
2972928
2972929
2972931
2972932
2972935
2972936
2972938
2972939
2972944
2972946
2972947
2972948
2972949
2972950
2972955
2972959
2972960
2972961
2972965
2972966
2972974
2972976
2972977
2972988
2972994
2972995
2972999
2973007
2973015
2973016
2973019
2973022
2973023
2973028
2973031
2973032
2973035
2973037
2973039
2973041
2973043
2973048
2973049
2973054
2973056
2973057
2973059
2973060
2973061
2973063
2973067
2973072
2973073
2973075
2973077
2973079
2973081
2973086
2973089
2973090
2973095
2973096
2973097
2973099
2973100
2973103
2973104
2973106
2973107
2973108
2973110
2973115
2973116
2973120
2973121
2973122
2973124
2973125
2973127
2973128
2973133
2973134
2973135
2973136
2973139
2973141
2973142
2973143
2973148
2973149
2973150
2973152
2973155
2973158
2973165
2973166
2973167
2973171
2973176
2973177
2973178
2973179
2973186
2973188
2973189
2973190
2973193
2973194
2973196
2973198
2973199
2973202
2973205
2973208
2973210
2973211
2973213
2973214
2973217
2973219
2973225
2973230
2973231
2973232
2973233
2973234
2973238
2973245
2973249
2973250
2973251
2973254
2973255
2973257
2973258
2973260
2973264
2973265
2973267
2973269
2973270
2973279
2973281
2973283
2973287
2973292
2973293
2973294
2973298
2973299
2973300
2973310
2973313
2973314
2973315
2973316
2973320
2973326
2973327
2973331
2973332
2973333
2973335
2973336
2973337
2973339
2973345
2973346
2973347
2973348
2973349
2973352
2973357
2973362
2973363
2973364
2973368
2973371
2973375
2973377
2973379
2973380
2973381
2973386
2973387
2973388
2973389
2973392
2973393
2973395
2973400
2973401
2973404
2973405
2973407
2973410
2973411
2973415
2973419
2973424
2973429
2973434
2973435
2973436
2973443
2973445
2973447
2973452
2973454
2973458
2973459
2973460
2973461
2973462
2973464
2973465
2973466
2973468
2973470
2973475
2973476
2973478
2973479
2973481
2973482
2973483
2973484
2973486
2973488
2973489
2973491
2973492
2973494
2973502
2973504
2973511
2973512
2973514
2973518
2973522
2973523
2973525
2973526
2973527
2973528
2973536
2973541
2973542
2973544
2973553
2973554
2973555
2973561
2973563
2973568
2973572
2973576
2973577
2973579
2973583
2973591
2973592
2973600
2973601
2973602
2973609
2973611
2973612
2973615
2973617
2973618
2973624
2973629
2973635
2973640
2973642
2973651
2973653
2973654
2973661
2973662
2973666
2973667
2973675
2973677
2973678
2973682
2973686
2973687
2973690
2973692
2973693
2973694
2973696
2973697
2973698
2973703
2973704
2973707
2973708
2973709
2973710
2973714
2973716
2973718
2973722
2973723
2973724
2973726
2973728
2973729
2973736
2973738
2973740
2973742
2973743
2973745
2973746
2973748
2973760
2973764
2973770
2973771
2973783
2973784
2973785
2973786
2973789
2973790
2973791
2973792
2973796
2973799
2973800
2973802
2973805
2973806
2973807
2973809
2973810
2973812
2973814
2973819
2973820
2973824
2973826
2973827
2973837
2973839
2973842
2973843
2973845
2973850
2973852
2973854
2973858
2973862
2973865
2973868
2973879
2973880
2973881
2973882
2973883
2973884
2973886
2973889
2973892
2973900
2973902
2973903
2973908
2973909
2973910
2973913
2973915
2973916
2973922
2973923
2973926
2973929
2973930
2973931
2973934
2973936
2973937
2973944
2973946
2973951
2973955
2973959
2973964
2973969
2973974
2973976
2973977
2973978
2973981
2973982
2973985
2973986
2973987
2973989
2973991
2973992
2973994
2973996
2973997
2974000
2974003
2974007
2974008
2974010
2974015
2974017
2974018
2974020
2974022
2974027
2974032
2974036
2974040
2974041
2974050
2974051
2974056
2974058
2974059
2974060
2974065
2974069
2974073
2974074
2974078
2974079
2974080
2974083
2974084
2974085
2974086
2974088
2974089
2974092
2974094
2974095
2974096
2974100
2974101
2974104
2974110
2974112
2974116
2974121
2974122
2974123
2974124
2974129
2974130
2974131
2974136
2974138
2974140
2974142
2974143
2974145
2974157
2974160
2974167
2974171
2974172
2974173
2974176
2974179
2974182
2974183
2974184
2974189
2974190
2974192
2974197
2974200
2974201
2974202
2974203
2974207
2974209
2974210
2974211
2974218
2974223
2974228
2974232
2974233
2974234
2974239
2974240
2974243
2974244
2974247
2974248
2974253
2974254
2974255
2974258
2974265
2974269
2974272
2974273
2974276
2974279
2974284
2974286
2974291
2974295
2974299
2974302
2974303
2974304
2974305
2974309
2974314
2974319
2974320
2974323
2974326
2974334
2974335
2974336
2974339
2974341
2974343
2974345
2974350
2974351
2974353
2974358
2974360
2974361
2974364
2974365
2974366
2974367
2974368
2974372
2974380
2974384
2974386
2974387
2974392
2974393
2974395
2974396
2974399
2974402
2974403
2974404
2974407
2974409
2974410
2974412
2974414
2974416
2974418
2974419
2974420
2974428
2974429
2974432
2974433
2974434
2974436
2974437
2974438
2974442
2974443
2974446
2974450
2974451
2974452
2974455
2974457
2974458
2974460
2974467
2974468
2974469
2974470
2974471
2974472
2974473
2974479
2974480
2974482
2974484
2974495
2974509
2974516
2974517
2974518
2974519
2974521
2974523
2974524
2974526
2974528
2974529
2974530
2974531
2974534
2974536
2974539
2974540
2974541
2974543
2974544
2974545
2974549
2974554
2974555
2974556
2974558
2974559
2974561
2974562
2974567
2974571
2974572
2974573
2974574
2974575
2974576
2974578
2974579
2974580
2974581
2974582
2974584
2974585
2974586
2974587
2974588
2974589
2974590
2974591
2974592
2974594
2974595
2974596
2974597
2974598
2974599
2974600
2974601
2974602
2974603
2974604
2974606
2974607
2974608
2974609
2974610
2974611
2974613
2974614
2974617
2974618
2974619
2974620
2974621
2974622
2974623
2974624
2974625
2974626
2974630
2974631
2974632
2974633
2974635
2974639
2974640
2974641
2974642
2974644
2974645
2974646
2974647
2974648
2974649
2974650
2974651
2974652
2974653
2974654
2974655
2974656
2974657
2974658
2974659
2974666
2974667
2974668
2974669
2974670
2974672
2974673
2974674
2974678
2974679
2974681
2974686
2974687
2974688
2974689
2974690
2974691
2974692
2974697
2974698
2974699
2974701
2974705
2974706
2974708
2974710
2974711
2974712
2974725
2974727
2974730
2974732
2974733
2974734
2974735
2974736
2974737
2974739
2974741
2974742
2974743
2974746
2974747
2974748
2974750
2974752
2974754
2974756
2974757
2974758
2974759
2974760
2974761
2974762
2974768
2974770
2974772
2974773
2974774
2974775
2974778
2974779
2974780
2974781
2974787
2974788
2974792
2974795
2974796
2974797
2974805
2974811
2974814
2974819
2974820
2974821
2974833
2974836
2974840
2974841
2974842
2974843
2974847
2974849
2974851
2974852
2974854
2974859
2974862
2974863
2974866
2974867
2974868
2974874
2974876
2974879
2974882
2974883
2974885
2974898
2974902
2974903
2974904
2974910
2974917
2974918
2974920
2974921
2974922
2974925
2974931
2974933
2974934
2974936
2974938
2974948
2974949
2974951
2974952
2974953
2974957
2974960
2974961
2974964
2974965
2974969
2974970
2974977
2974978
2974987
2974988
2974990
2974991
2974993
2974994
2974996
2974998
2974999
2975000
2975001
2975004
2975006
2975010
2975011
2975012
2975016
2975018
2975019
2975020
2975025
2975026
2975029
2975034
2975035
2975042
2975048
2975049
2975052
2975056
2975058
2975059
2975060
2975063
2975065
2975071
2975072
2975073
2975074
2975081
2975082
2975083
2975084
2975094
2975095
2975101
2975102
2975103
2975104
2975107
2975108
2975109
2975112
2975113
2975114
2975115
2975117
2975118
2975120
2975123
2975126
2975127
2975131
2975132
2975133
2975139
2975143
2975144
2975152
2975155
2975157
2975160
2975161
2975163
2975167
2975171
2975172
2975173
2975174
2975175
2975182
2975183
2975186
2975192
2975200
2975201
2975203
2975204
2975208
2975210
2975211
2975213
2975216
2975217
2975221
2975222
2975225
2975226
2975228
2975229
2975230
2975233
2975234
2975235
2975237
2975238
2975240
2975245
2975248
2975249
2975251
2975258
2975262
2975267
2975268
2975271
2975279
2975281
2975287
2975290
2975291
2975296
2975297
2975298
2975299
2975301
2975302
2975305
2975307
2975311
2975312
2975315
2975323
2975325
2975326
2975327
2975328
2975330
2975333
2975334
2975335
2975337
2975340
2975342
2975343
2975346
2975348
2975349
2975352
2975353
2975355
2975363
2975372
2975375
2975384
2975387
2975389
2975393
2975394
2975397
2975401
2975405
2975412
2975413
2975414
2975416
2975418
2975421
2975422
2975423
2975428
2975429
2975430
2975431
2975435
2975437
2975444
2975451
2975452
2975453
2975456
2975457
2975458
2975459
2975464
2975468
2975474
2975475
2975476
2975477
2975481
2975482
2975489
2975490
2975491
2975492
2975493
2975494
2975498
2975503
2975505
2975506
2975507
2975509
2975511
2975515
2975520
2975521
2975522
2975523
2975525
2975526
2975527
2975529
2975530
2975532
2975533
2975536
2975538
2975542
2975546
2975547
2975549
2975559
2975560
2975561
2975562
2975564
2975565
2975566
2975567
2975568
2975571
2975573
2975579
2975581
2975583
2975584
2975585
2975586
2975588
2975592
2975593
2975594
2975597
2975600
2975601
2975602
2975606
2975610
2975611
2975612
2975613
2975614
2975616
2975618
2975623
2975625
2975626
2975627
2975631
2975634
2975635
2975639
2975640
2975641
2975642
2975644
2975646
2975648
2975649
2975652
2975661
2975662
2975665
2975669
2975670
2975675
2975676
2975678
2975679
2975683
2975685
2975686
2975688
2975689
2975691
2975694
2975695
2975697
2975698
2975699
2975702
2975706
2975707
2975710
2975711
2975716
2975717
2975718
2975721
2975723
2975727
2975728
2975731
2975732
2975733
2975734
2975736
2975737
2975738
2975745
2975746
2975752
2975754
2975756
2975757
2975759
2975761
2975769
2975771
2975772
2975773
2975774
2975779
2975780
2975787
2975789
2975793
2975794
2975795
2975796
2975802
2975803
2975804
2975805
2975806
2975813
2975814
2975816
2975820
2975821
2975822
2975824
2975825
2975826
2975830
2975831
2975832
2975833
2975834
2975836
2975841
2975845
2975849
2975850
2975851
2975856
2975858
2975859
2975860
2975864
2975865
2975867
2975868
2975870
2975873
2975874
2975878
2975879
2975886
2975889
2975891
2975892
2975894
2975899
2975904
2975911
2975914
2975922
2975927
2975928
2975930
2975932
2975933
2975938
2975942
2975955
2975958
2975959
2975964
2975969
2975975
2975978
2975982
2975985
2975993
2976006
2976014
2976018
2976019
2976023
2976024
2976031
2976035
2976038
2976040
2976041
2976042
2976046
2976053
2976056
2976060
2976076
2976077
2976078
2976088
2976090
2976092
2976093
2976094
2976098
2976099
2976107
2976108
2976110
2976112
2976113
2976114
2976119
2976122
2976125
2976126
2976134
2976136
2976141
2976147
2976148
2976155
2976159
2976166
2976167
2976169
2976170
2976173
2976176
2976184
2976185
2976190
2976193
2976194
2976199
2976200
2976202
2976204
2976206
2976207
2976209
2976211
2976222
2976223
2976226
2976228
2976229
2976231
2976232
2976237
2976240
2976241
2976244
2976245
2976247
2976251
2976254
2976257
2976259
2976262
2976263
2976264
2976265
2976266
2976270
2976276
2976277
2976279
2976282
2976284
2976286
2976291
2976294
2976295
2976300
2976301
2976302
2976305
2976306
2976307
2976308
2976310
2976311
2976312
2976313
2976315
2976317
2976318
2976319
2976322
2976324
2976326
2976331
2976335
2976336
2976337
2976342
2976343
2976344
2976347
2976349
2976357
2976363
2976365
2976366
2976368
2976371
2976372
2976373
2976374
2976377
2976378
2976381
2976383
2976384
2976388
2976395
2976398
2976399
2976400
2976401
2976402
2976404
2976408
2976409
2976410
2976413
2976420
2976422
2976423
2976424
2976425
2976426
2976427
2976428
2976431
2976435
2976436
2976437
2976438
2976440
2976441
2976450
2976453
2976455
2976456
2976457
2976465
2976469
2976470
2976475
2976481
2976483
2976485
2976486
2976487
2976488
2976489
2976490
2976492
2976493
2976495
2976496
2976497
2976498
2976499
2976507
2976511
2976512
2976513
2976514
2976515
2976517
2976520
2976521
2976522
2976523
2976525
2976527
2976528
2976530
2976531
2976532
2976533
2976534
2976535
2976536
2976540
2976541
2976542
2976543
2976544
2976546
2976550
2976551
2976552
2976553
2976554
2976555
2976557
2976558
2976564
2976565
2976566
2976567
2976572
2976573
2976574
2976575
2976577
2976579
2976580
2976582
2976585
2976586
2976589
2976590
2976591
2976592
2976593
2976594
2976595
2976596
2976597
2976598
2976599
2976602
2976605
2976606
2976607
2976608
2976609
2976613
2976615
2976616
2976618
2976619
2976620
2976623
2976627
2976628
2976629
2976635
2976636
2976637
2976638
2976640
2976641
2976646
2976648
2976649
2976651
2976652
2976654
2976655
2976656
2976657
2976658
2976660
2976662
2976663
2976667
2976670
2976672
2976676
2976677
2976678
2976679
2976683
2976684
2976685
2976687
2976688
2976690
2976691
2976695
2976696
2976697
2976698
2976699
2976700
2976706
2976709
2976710
2976716
2976718
2976719
2976723
2976725
2976726
2976729
2976730
2976732
2976734
2976735
2976736
2976740
2976743
2976744
2976745
2976749
2976753
2976754
2976755
2976757
2976759
2976762
2976766
2976770
2976775
2976776
2976777
2976779
2976786
2976790
2976792
2976794
2976795
2976798
2976804
2976805
2976809
2976812
2976813
2976814
2976815
2976822
2976826
2976828
2976833
2976836
2976837
2976840
2976841
2976842
2976847
2976848
2976849
2976851
2976853
2976858
2976860
2976861
2976862
2976868
2976869
2976870
2976872
2976873
2976877
2976878
2976879
2976881
2976888
2976892
2976894
2976896
2976901
2976902
2976904
2976905
2976908
2976912
2976915
2976916
2976920
2976921
2976922
2976931
2976937
2976941
2976942
2976943
2976946
2976949
2976951
2976957
2976959
2976960
2976962
2976963
2976967
2976970
2976975
2976978
2976979
2976980
2976981
2976982
2976983
2976986
2976989
2976990
2976991
2976992
2976994
2976998
2976999
2977000
2977001
2977002
2977008
2977009
2977013
2977017
2977018
2977019
2977020
2977021
2977022
2977023
2977030
2977033
2977034
2977035
2977036
2977037
2977038
2977039
2977040
2977041
2977042
2977043
2977049
2977050
2977051
2977054
2977057
2977058
2977059
2977061
2977062
2977068
2977069
2977072
2977073
2977077
2977078
2977079
2977081
2977082
2977084
2977089
2977090
2977093
2977094
2977097
2977098
2977099
2977101
2977102
2977112
2977113
2977117
2977119
2977122
2977123
2977124
2977128
2977129
2977133
2977134
2977136
2977137
2977138
2977141
2977145
2977146
2977147
2977148
2977149
2977151
2977155
2977156
2977158
2977159
2977160
2977164
2977165
2977166
2977167
2977168
2977169
2977176
2977177
2977180
2977182
2977183
2977184
2977185
2977186
2977187
2977188
2977190
2977191
2977195
2977196
2977199
2977201
2977203
2977205
2977206
2977208
2977212
2977213
2977214
2977215
2977218
2977219
2977220
2977222
2977223
2977224
2977225
2977226
2977227
2977228
2977233
2977234
2977236
2977237
2977238
2977239
2977240
2977241
2977244
2977245
2977246
2977248
2977251
2977252
2977253
2977255
2977256
2977257
2977260
2977261
2977264
2977268
2977269
2977271
2977272
2977273
2977274
2977278
2977281
2977283
2977284
2977285
2977286
2977287
2977288
2977290
2977291
2977292
2977294
2977295
2977296
2977297
2977298
2977302
2977303
2977304
2977305
2977306
2977307
2977308
2977309
2977310
2977311
2977312
2977317
2977318
2977322
2977323
2977324
2977325
2977326
2977327
2977328
2977329
2977332
2977336
2977339
2977341
2977343
2977344
2977345
2977346
2977347
2977348
2977353
2977356
2977357
2977359
2977363
2977364
2977365
2977366
2977368
2977369
2977370
2977372
2977373
2977375
2977381
2977384
2977385
2977386
2977387
2977389
2977390
2977394
2977400
2977402
2977403
2977404
2977405
2977406
2977407
2977408
2977409
2977410
2977415
2977416
2977419
2977420
2977421
2977422
2977426
2977428
2977429
2977430
2977431
2977433
2977436
2977437
2977439
2977440
2977441
2977444
2977445
2977446
2977447
2977448
2977449
2977460
2977462
2977464
2977465
2977466
2977467
2977468
2977469
2977475
2977476
2977479
2977483
2977485
2977486
2977487
2977488
2977492
2977496
2977497
2977500
2977503
2977504
2977505
2977506
2977507
2977508
2977509
2977512
2977513
2977519
2977520
2977522
2977524
2977525
2977526
2977527
2977528
2977529
2977530
2977534
2977535
2977536
2977537
2977539
2977542
2977543
2977544
2977545
2977546
2977547
2977549
2977551
2977555
2977558
2977559
2977560
2977563
2977564
2977565
2977569
2977570
2977571
2977572
2977575
2977576
2977577
2977581
2977582
2977583
2977584
2977587
2977591
2977593
2977594
2977596
2977597
2977598
2977599
2977601
2977602
2977603
2977604
2977606
2977608
2977609
2977610
2977611
2977612
2977617
2977619
2977622
2977623
2977624
2977625
2977626
2977627
2977628
2977630
2977631
2977632
2977633
2977637
2977638
2977639
2977641
2977644
2977645
2977651
2977652
2977654
2977659
2977660
2977663
2977665
2977666
2977667
2977668
2977669
2977671
2977674
2977675
2977677
2977679
2977680
2977681
2977683
2977685
2977686
2977687
2977688
2977689
2977690
2977691
2977695
2977696
2977697
2977698
2977699
2977703
2977704
2977705
2977706
2977707
2977708
2977710
2977711
2977712
2977713
2977714
2977715
2977716
2977717
2977719
2977720
2977723
2977724
2977725
2977726
2977727
2977728
2977730
2977733
2977736
2977737
2977739
2977740
2977744
2977745
2977746
2977747
2977748
2977757
2977764
2977765
2977766
2977768
2977769
2977770
2977772
2977774
2977777
2977780
2977781
2977783
2977784
2977785
2977787
2977789
2977790
2977791
2977792
2977793
2977794
2977795
2977800
2977801
2977804
2977805
2977806
2977807
2977808
2977809
2977810
2977812
2977813
2977814
2977817
2977818
2977819
2977820
2977821
2977823
2977824
2977825
2977826
2977827
2977828
2977829
2977831
2977832
2977837
2977838
2977839
2977841
2977842
2977843
2977845
2977847
2977848
2977851
2977852
2977853
2977854
2977855
2977857
2977859
2977860
2977861
2977863
2977864
2977868
2977869
2977872
2977874
2977878
2977879
2977880
2977881
2977882
2977887
2977888
2977889
2977891
2977892
2977894
2977897
2977898
2977904
2977908
2977909
2977911
2977912
2977913
2977914
2977921
2977924
2977928
2977931
2977932
2977933
2977937
2977938
2977939
2977941
2977943
2977944
2977945
2977949
2977951
2977952
2977953
2977954
2977956
2977961
2977962
2977964
2977967
2977968
2977969
2977970
2977972
2977973
2977975
2977976
2977986
2977987
2977989
2977990
2977992
2977994
2977995
2977996
2977999
2978001
2978004
2978007
2978010
2978012
2978013
2978019
2978021
2978022
2978027
2978028
2978029
2978031
2978032
2978033
2978036
2978037
2978038
2978039
2978041
2978042
2978043
2978047
2978048
2978050
2978057
2978060
2978064
2978065
2978066
2978070
2978077
2978080
2978081
2978082
2978084
2978085
2978087
2978088
2978090
2978091
2978095
2978096
2978102
2978105
2978107
2978116
2978117
2978119
2978122
2978125
2978126
2978129
2978130
2978132
2978133
2978134
2978136
2978138
2978143
2978144
2978145
2978158
2978159
2978161
2978162
2978163
2978166
2978167
2978168
2978172
2978173
2978176
2978188
2978189
2978192
2978194
2978196
2978200
2978201
2978203
2978207
2978211
2978217
2978218
2978219
2978220
2978228
2978230
2978236
2978237
2978240
2978243
2978245
2978246
2978248
2978251
2978252
2978263
2978264
2978266
2978271
2978275
2978283
2978284
2978285
2978288
2978290
2978292
2978293
2978295
2978296
2978297
2978299
2978304
2978308
2978311
2978312
2978313
2978314
2978316
2978319
2978320
2978323
2978326
2978331
2978342
2978344
2978351
2978353
2978357
2978360
2978361
2978362
2978365
2978366
2978368
2978369
2978370
2978388
2978394
2978395
2978396
2978402
2978404
2978405
2978406
2978408
2978410
2978411
2978412
2978414
2978416
2978417
2978418
2978420
2978421
2978422
2978424
2978426
2978427
2978428
2978429
2978431
2978433
2978438
2978439
2978440
2978441
2978443
2978444
2978445
2978446
2978450
2978451
2978455
2978456
2978462
2978471
2978473
2978479
2978480
2978483
2978485
2978487
2978488
2978495
2978505
2978509
2978510
2978513
2978515
2978523
2978527
2978528
2978532
2978534
2978535
2978542
2978543
2978545
2978546
2978547
2978555
2978556
2978557
2978558
2978559
2978560
2978561
2978564
2978565
2978570
2978575
2978576
2978578
2978579
2978580
2978581
2978583
2978584
2978586
2978588
2978598
2978604
2978608
2978609
2978610
2978614
2978615
2978616
2978617
2978618
2978619
2978623
2978624
2978626
2978628
2978631
2978632
2978633
2978634
2978645
2978646
2978647
2978648
2978652
2978657
2978658
2978659
2978660
2978661
2978662
2978663
2978664
2978669
2978670
2978671
2978672
2978673
2978674
2978675
2978676
2978678
2978682
2978683
2978684
2978686
2978693
2978694
2978695
2978702
2978708
2978711
2978712
2978716
2978728
2978729
2978731
2978741
2978747
2978755
2978756
2978757
2978759
2978761
2978763
2978764
2978765
2978766
2978769
2978770
2978773
2978774
2978775
2978780
2978783
2978784
2978785
2978787
2978788
2978793
2978796
2978798
2978799
2978800
2978801
2978803
2978808
2978814
2978815
2978817
2978824
2978825
2978826
2978837
2978839
2978841
2978844
2978845
2978849
2978855
2978856
2978858
2978859
2978861
2978862
2978865
2978870
2978878
2978879
2978890
2978894
2978897
2978898
2978900
2978907
2978908
2978909
2978910
2978912
2978913
2978915
2978916
2978921
2978924
2978925
2978930
2978936
2978937
2978938
2978940
2978947
2978948
2978949
2978951
2978953
2978954
2978955
2978956
2978957
2978958
2978959
2978960
2978963
2978964
2978965
2978966
2978974
2978975
2978976
2978978
2978979
2978980
2978987
2978994
2978995
2978997
2979001
2979006
2979007
2979008
2979011
2979013
2979022
2979023
2979024
2979026
2979031
2979032
2979033
2979036
2979037
2979038
2979039
2979042
2979044
2979045
2979047
2979050
2979051
2979053
2979055
2979056
2979057
2979058
2979060
2979061
2979062
2979064
2979071
2979072
2979073
2979074
2979075
2979079
2979084
2979086
2979087
2979088
2979089
2979090
2979091
2979093
2979094
2979095
2979096
2979097
2979098
2979099
2979101
2979103
2979105
2979107
2979109
2979110
2979112
2979117
2979120
2979121
2979123
2979124
2979125
2979127
2979133
2979136
2979138
2979139
2979146
2979147
2979150
2979153
2979158
2979160
2979161
2979163
2979174
2979176
2979177
2979178
2979179
2979180
2979181
2979182
2979183
2979184
2979186
2979187
2979189
2979192
2979196
2979198
2979204
2979205
2979209
2979210
2979211
2979215
2979216
2979219
2979220
2979225
2979226
2979227
2979229
2979233
2979236
2979245
2979246
2979247
2979249
2979250
2979252
2979253
2979255
2979256
2979260
2979262
2979263
2979264
2979266
2979267
2979269
2979270
2979272
2979274
2979276
2979277
2979278
2979283
2979285
2979286
2979287
2979288
2979292
2979298
2979299
2979303
2979307
2979308
2979309
2979318
2979319
2979320
2979323
2979325
2979326
2979327
2979328
2979329
2979331
2979335
2979337
2979338
2979341
2979342
2979343
2979348
2979354
2979357
2979359
2979368
2979370
2979373
2979374
2979375
2979376
2979377
2979378
2979382
2979386
2979390
2979391
2979396
2979398
2979401
2979402
2979410
2979414
2979427
2979428
2979430
2979431
2979434
2979435
2979437
2979438
2979443
2979445
2979446
2979451
2979452
2979454
2979455
2979460
2979465
2979470
2979471
2979473
2979475
2979476
2979478
2979479
2979480
2979483
2979484
2979485
2979494
2979495
2979499
2979502
2979503
2979506
2979507
2979509
2979510
2979519
2979523
2979531
2979533
2979535
2979540
2979545
2979546
2979547
2979548
2979549
2979551
2979552
2979553
2979555
2979556
2979559
2979560
2979570
2979573
2979574
2979575
2979576
2979577
2979586
2979587
2979588
2979589
2979590
2979591
2979596
2979597
2979602
2979604
2979606
2979609
2979610
2979611
2979612
2979614
2979615
2979621
2979622
2979626
2979628
2979629
2979637
2979640
2979641
2979642
2979643
2979646
2979647
2979649
2979653
2979654
2979658
2979659
2979660
2979661
2979662
2979664
2979667
2979669
2979670
2979674
2979677
2979683
2979686
2979688
2979689
2979692
2979694
2979697
2979700
2979702
2979704
2979705
2979709
2979710
2979714
2979715
2979719
2979721
2979723
2979724
2979729
2979733
2979734
2979742
2979745
2979746
2979747
2979748
2979749
2979750
2979756
2979762
2979763
2979765
2979766
2979767
2979768
2979773
2979778
2979782
2979783
2979786
2979787
2979788
2979789
2979790
2979793
2979800
2979801
2979802
2979804
2979806
2979808
2979809
2979817
2979818
2979822
2979825
2979826
2979828
2979833
2979834
2979835
2979836
2979839
2979844
2979846
2979848
2979850
2979851
2979855
2979858
2979862
2979864
2979865
2979867
2979870
2979871
2979873
2979880
2979881
2979884
2979891
2979893
2979894
2979900
2979902
2979903
2979904
2979905
2979906
2979912
2979915
2979917
2979919
2979922
2979925
2979926
2979927
2979928
2979929
2979935
2979936
2979937
2979941
2979947
2979948
2979950
2979951
2979956
2979957
2979960
2979962
2979963
2979964
2979967
2979968
2979976
2979977
2979979
2979983
2979990
2979994
2979999
2980000
2980001
2980002
2980003
2980005
2980009
2980010
2980011
2980012
2980013
2980014
2980019
2980020
2980022
2980023
2980024
2980026
2980027
2980030
2980031
2980032
2980033
2980034
2980036
2980041
2980045
2980052
2980053
2980056
2980059
2980061
2980062
2980069
2980070
2980072
2980073
2980076
2980080
2980083
2980087
2980089
2980096
2980100
2980101
2980102
2980103
2980106
2980112
2980117
2980118
2980122
2980123
2980133
2980140
2980141
2980143
2980144
2980148
2980150
2980154
2980157
2980159
2980165
2980166
2980173
2980175
2980177
2980178
2980182
2980187
2980188
2980190
2980195
2980196
2980198
2980203
2980204
2980205
2980208
2980212
2980214
2980215
2980217
2980218
2980223
2980224
2980225
2980226
2980230
2980231
2980233
2980237
2980243
2980244
2980247
2980248
2980250
2980251
2980252
2980256
2980259
2980265
2980266
2980267
2980268
2980270
2980271
2980277
2980280
2980282
2980283
2980286
2980287
2980288
2980289
2980292
2980295
2980297
2980302
2980307
2980308
2980309
2980310
2980313
2980316
2980317
2980319
2980320
2980323
2980326
2980327
2980329
2980330
2980336
2980340
2980341
2980342
2980344
2980346
2980351
2980353
2980355
2980357
2980362
2980363
2980364
2980368
2980369
2980370
2980371
2980375
2980377
2980378
2980379
2980380
2980387
2980388
2980390
2980392
2980393
2980395
2980396
2980399
2980400
2980402
2980404
2980406
2980409
2980410
2980412
2980413
2980414
2980416
2980417
2980418
2980423
2980428
2980429
2980431
2980433
2980434
2980435
2980437
2980439
2980440
2980443
2980444
2980446
2980447
2980448
2980449
2980450
2980456
2980457
2980459
2980460
2980462
2980463
2980465
2980467
2980470
2980472
2980475
2980476
2980478
2980479
2980480
2980481
2980482
2980486
2980489
2980490
2980492
2980493
2980494
2980495
2980496
2980497
2980498
2980503
2980510
2980512
2980514
2980515
2980516
2980517
2980518
2980526
2980531
2980534
2980549
2980550
2980551
2980554
2980555
2980557
2980560
2980563
2980570
2980572
2980574
2980575
2980576
2980580
2980582
2980584
2980585
2980586
2980587
2980588
2980592
2980593
2980594
2980595
2980597
2980598
2980599
2980600
2980602
2980609
2980610
2980614
2980618
2980619
2980620
2980622
2980623
2980625
2980626
2980628
2980642
2980651
2980652
2980653
2980656
2980659
2980662
2980669
2980671
2980674
2980675
2980679
2980681
2980682
2980684
2980685
2980698
2980700
2980701
2980704
2980706
2980707
2980708
2980709
2980710
2980711
2980712
2980714
2980716
2980718
2980719
2980725
2980728
2980730
2980732
2980734
2980738
2980739
2980740
2980746
2980748
2980752
2980753
2980756
2980757
2980760
2980763
2980764
2980765
2980766
2980767
2980768
2980771
2980772
2980775
2980781
2980782
2980786
2980787
2980789
2980792
2980793
2980795
2980796
2980801
2980806
2980808
2980809
2980813
2980815
2980817
2980829
2980832
2980834
2980835
2980845
2980849
2980850
2980852
2980854
2980857
2980858
2980862
2980863
2980864
2980865
2980867
2980868
2980870
2980871
2980872
2980879
2980880
2980882
2980884
2980885
2980889
2980895
2980907
2980908
2980912
2980913
2980914
2980917
2980918
2980919
2980920
2980924
2980926
2980927
2980928
2980932
2980938
2980940
2980941
2980942
2980946
2980947
2980950
2980951
2980952
2980953
2980955
2980956
2980961
2980962
2980965
2980967
2980971
2980977
2980978
2980985
2980986
2980987
2980990
2980991
2980992
2980996
2980997
2980998
2980999
2981004
2981005
2981007
2981008
2981010
2981012
2981013
2981020
2981027
2981028
2981035
2981039
2981040
2981041
2981043
2981048
2981049
2981050
2981055
2981056
2981057
2981058
2981063
2981066
2981067
2981068
2981069
2981070
2981071
2981072
2981073
2981074
2981075
2981076
2981077
2981079
2981081
2981083
2981084
2981085
2981086
2981087
2981089
2981090
2981091
2981093
2981094
2981096
2981098
2981099
2981102
2981105
2981106
2981108
2981109
2981111
2981113
2981116
2981121
2981123
2981124
2981126
2981134
2981136
2981139
2981141
2981146
2981155
2981157
2981158
2981159
2981160
2981161
2981162
2981163
2981165
2981166
2981168
2981170
2981171
2981180
2981184
2981185
2981187
2981188
2981190
2981196
2981206
2981209
2981216
2981217
2981219
2981221
2981223
2981224
2981227
2981228
2981234
2981238
2981240
2981242
2981244
2981245
2981246
2981247
2981249
2981251
2981254
2981256
2981257
2981260
2981261
2981262
2981263
2981269
2981271
2981277
2981278
2981280
2981282
2981291
2981292
2981295
2981297
2981298
2981299
2981302
2981303
2981308
2981309
2981317
2981318
2981319
2981320
2981321
2981322
2981324
2981327
2981328
2981330
2981331
2981332
2981333
2981334
2981336
2981338
2981342
2981346
2981347
2981348
2981349
2981351
2981353
2981354
2981356
2981359
2981360
2981363
2981364
2981365
2981366
2981369
2981370
2981371
2981375
2981377
2981378
2981379
2981381
2981382
2981384
2981385
2981386
2981387
2981388
2981389
2981394
2981397
2981398
2981407
2981408
2981410
2981411
2981412
2981414
2981416
2981420
2981423
2981425
2981428
2981431
2981433
2981434
2981444
2981448
2981449
2981450
2981451
2981454
2981455
2981457
2981461
2981463
2981464
2981466
2981474
2981475
2981478
2981479
2981482
2981485
2981486
2981488
2981491
2981492
2981493
2981494
2981498
2981504
2981507
2981508
2981509
2981511
2981524
2981526
2981528
2981529
2981531
2981534
2981536
2981537
2981543
2981544
2981546
2981547
2981549
2981552
2981553
2981556
2981559
2981562
2981565
2981566
2981569
2981572
2981573
2981574
2981581
2981582
2981586
2981587
2981590
2981591
2981592
2981593
2981599
2981600
2981603
2981604
2981605
2981607
2981609
2981610
2981611
2981613
2981614
2981615
2981616
2981617
2981620
2981621
2981624
2981629
2981630
2981631
2981638
2981639
2981640
2981644
2981646
2981649
2981654
2981659
2981660
2981663
2981664
2981665
2981667
2981668
2981670
2981671
2981673
2981675
2981677
2981679
2981681
2981682
2981688
2981691
2981693
2981695
2981696
2981697
2981699
2981702
2981705
2981706
2981709
2981712
2981721
2981722
2981727
2981728
2981732
2981736
2981737
2981740
2981742
2981746
2981750
2981751
2981752
2981753
2981755
2981756
2981758
2981762
2981767
2981771
2981775
2981776
2981778
2981779
2981783
2981784
2981786
2981790
2981791
2981792
2981794
2981795
2981799
2981807
2981809
2981811
2981812
2981820
2981821
2981822
2981823
2981826
2981830
2981831
2981833
2981834
2981841
2981844
2981845
2981846
2981847
2981848
2981853
2981861
2981863
2981865
2981871
2981875
2981882
2981883
2981885
2981888
2981891
2981898
2981899
2981903
2981904
2981916
2981918
2981921
2981927
2981928
2981932
2981934
2981936
2981937
2981938
2981939
2981940
2981943
2981944
2981946
2981948
2981953
2981955
2981956
2981957
2981960
2981966
2981971
2981972
2981973
2981974
2981978
2981980
2981981
2981982
2981986
2981987
2981989
2981990
2981994
2981995
2981996
2982004
2982006
2982007
2982010
2982012
2982022
2982026
2982027
2982036
2982042
2982044
2982054
2982056
2982059
2982064
2982066
2982067
2982072
2982080
2982082
2982086
2982090
2982097
2982099
2982102
2982103
2982106
2982111
2982115
2982120
2982121
2982124
2982125
2982126
2982129
2982133
2982134
2982135
2982137
2982139
2982140
2982141
2982144
2982146
2982151
2982154
2982155
2982156
2982158
2982159
2982160
2982162
2982163
2982171
2982173
2982178
2982190
2982194
2982196
2982198
2982200
2982201
2982202
2982205
2982206
2982208
2982210
2982215
2982216
2982217
2982219
2982220
2982226
2982230
2982231
2982232
2982235
2982237
2982238
2982240
2982241
2982242
2982245
2982250
2982251
2982252
2982253
2982254
2982258
2982259
2982260
2982261
2982263
2982269
2982271
2982273
2982274
2982275
2982276
2982277
2982279
2982281
2982284
2982285
2982289
2982290
2982295
2982296
2982298
2982300
2982302
2982304
2982306
2982312
2982315
2982317
2982320
2982323
2982324
2982336
2982337
2982344
2982345
2982346
2982347
2982348
2982350
2982354
2982357
2982359
2982361
2982365
2982366
2982367
2982368
2982369
2982370
2982373
2982374
2982375
2982379
2982392
2982394
2982401
2982402
2982411
2982412
2982413
2982416
2982417
2982425
2982426
2982429
2982430
2982431
2982432
2982434
2982435
2982436
2982440
2982443
2982446
2982447
2982450
2982451
2982452
2982453
2982455
2982457
2982458
2982460
2982461
2982462
2982465
2982468
2982469
2982470
2982471
2982474
2982475
2982476
2982484
2982485
2982486
2982487
2982489
2982496
2982501
2982508
2982509
2982515
2982520
2982522
2982523
2982527
2982529
2982530
2982535
2982537
2982549
2982550
2982552
2982555
2982556
2982560
2982561
2982566
2982567
2982568
2982573
2982575
2982576
2982578
2982579
2982581
2982584
2982585
2982588
2982595
2982596
2982597
2982599
2982605
2982608
2982609
2982610
2982612
2982613
2982614
2982615
2982616
2982620
2982622
2982623
2982627
2982632
2982636
2982638
2982641
2982643
2982644
2982646
2982648
2982649
2982650
2982652
2982656
2982658
2982661
2982665
2982668
2982669
2982670
2982672
2982673
2982676
2982677
2982678
2982681
2982682
2982685
2982689
2982690
2982691
2982692
2982694
2982695
2982696
2982697
2982700
2982701
2982703
2982707
2982708
2982711
2982712
2982713
2982717
2982718
2982723
2982726
2982728
2982730
2982731
2982735
2982737
2982738
2982743
2982744
2982746
2982747
2982748
2982751
2982752
2982754
2982755
2982763
2982764
2982766
2982767
2982771
2982779
2982781
2982796
2982799
2982800
2982801
2982803
2982805
2982806
2982808
2982809
2982810
2982811
2982812
2982813
2982816
2982820
2982823
2982830
2982831
2982832
2982835
2982836
2982843
2982844
2982848
2982849
2982851
2982853
2982854
2982855
2982856
2982857
2982859
2982860
2982865
2982867
2982869
2982870
2982871
2982872
2982873
2982875
2982877
2982881
2982882
2982883
2982884
2982885
2982886
2982887
2982889
2982890
2982893
2982894
2982895
2982896
2982898
2982899
2982900
2982902
2982903
2982906
2982913
2982914
2982922
2982933
2982934
2982935
2982936
2982937
2982938
2982939
2982941
2982945
2982946
2982947
2982948
2982949
2982954
2982956
2982961
2982963
2982964
2982967
2982971
2982972
2982976
2982989
2982990
2982993
2982998
2983002
2983003
2983005
2983007
2983009
2983011
2983012
2983014
2983015
2983019
2983027
2983029
2983030
2983032
2983033
2983034
2983036
2983042
2983043
2983046
2983049
2983051
2983052
2983054
2983057
2983058
2983060
2983063
2983066
2983067
2983068
2983072
2983075
2983078
2983082
2983087
2983088
2983090
2983092
2983093
2983096
2983098
2983099
2983100
2983102
2983106
2983109
2983110
2983111
2983115
2983120
2983121
2983122
2983124
2983128
2983129
2983140
2983141
2983142
2983145
2983147
2983148
2983154
2983155
2983156
2983159
2983160
2983161
2983163
2983164
2983167
2983169
2983171
2983176
2983178
2983179
2983180
2983181
2983182
2983183
2983185
2983189
2983190
2983191
2983192
2983193
2983197
2983198
2983199
2983203
2983204
2983205
2983206
2983207
2983210
2983211
2983212
2983215
2983218
2983219
2983223
2983226
2983227
2983229
2983231
2983234
2983235
2983245
2983246
2983247
2983248
2983249
2983250
2983258
2983260
2983261
2983262
2983267
2983269
2983270
2983271
2983272
2983275
2983276
2983280
2983282
2983283
2983284
2983286
2983287
2983290
2983299
2983306
2983308
2983314
2983315
2983318
2983319
2983320
2983322
2983323
2983328
2983329
2983330
2983331
2983332
2983337
2983338
2983339
2983343
2983345
2983347
2983353
2983354
2983361
2983363
2983365
2983367
2983368
2983369
2983370
2983372
2983373
2983374
2983375
2983380
2983381
2983382
2983388
2983390
2983391
2983392
2983396
2983400
2983401
2983402
2983406
2983412
2983414
2983422
2983423
2983425
2983427
2983432
2983434
2983435
2983441
2983442
2983446
2983447
2983449
2983452
2983453
2983458
2983461
2983463
2983464
2983466
2983468
2983480
2983482
2983484
2983496
2983498
2983501
2983502
2983504
2983505
2983506
2983509
2983510
2983514
2983516
2983517
2983518
2983520
2983521
2983524
2983528
2983529
2983532
2983533
2983535
2983536
2983540
2983543
2983544
2983546
2983547
2983548
2983549
2983550
2983551
2983552
2983555
2983556
2983559
2983561
2983563
2983567
2983568
2983569
2983573
2983574
2983576
2983577
2983578
2983580
2983581
2983582
2983583
2983587
2983590
2983592
2983593
2983594
2983595
2983596
2983597
2983598
2983599
2983600
2983601
2983605
2983606
2983611
2983612
2983613
2983615
2983616
2983617
2983619
2983623
2983624
2983625
2983627
2983631
2983637
2983639
2983640
2983645
2983650
2983655
2983656
2983658
2983664
2983665
2983666
2983669
2983679
2983680
2983687
2983688
2983692
2983695
2983696
2983697
2983700
2983704
2983705
2983707
2983717
2983718
2983722
2983725
2983726
2983728
2983736
2983737
2983740
2983741
2983744
2983746
2983748
2983758
2983766
2983768
2983770
2983771
2983772
2983774
2983778
2983783
2983787
2983788
2983790
2983797
2983799
2983801
2983802
2983807
2983811
2983812
2983814
2983815
2983818
2983820
2983822
2983824
2983826
2983827
2983828
2983830
2983831
2983832
2983835
2983836
2983839
2983840
2983843
2983844
2983845
2983847
2983848
2983853
2983855
2983856
2983857
2983861
2983864
2983865
2983867
2983870
2983871
2983873
2983874
2983876
2983877
2983881
2983882
2983884
2983885
2983887
2983888
2983889
2983892
2983893
2983895
2983896
2983898
2983899
2983900
2983903
2983904
2983905
2983906
2983908
2983909
2983910
2983914
2983915
2983917
2983918
2983922
2983923
2983925
2983926
2983932
2983933
2983934
2983946
2983947
2983948
2983963
2983964
2983972
2983973
2983977
2983979
2983983
2983987
2983997
2984002
2984003
2984006
2984007
2984015
2984022
2984026
2984027
2984029
2984030
2984031
2984032
2984033
2984035
2984039
2984045
2984046
2984047
2984048
2984052
2984053
2984055
2984058
2984062
2984065
2984067
2984068
2984069
2984070
2984072
2984079
2984080
2984086
2984087
2984088
2984089
2984100
2984106
2984111
2984112
2984116
2984119
2984122
2984125
2984126
2984127
2984129
2984135
2984141
2984142
2984144
2984145
2984146
2984150
2984155
2984156
2984158
2984161
2984165
2984167
2984172
2984173
2984174
2984176
2984177
2984179
2984180
2984181
2984182
2984183
2984184
2984186
2984188
2984189
2984191
2984192
2984194
2984195
2984196
2984199
2984200
2984202
2984203
2984208
2984210
2984211
2984213
2984215
2984220
2984222
2984225
2984226
2984230
2984232
2984233
2984234
2984235
2984236
2984237
2984239
2984242
2984244
2984245
2984248
2984249
2984250
2984256
2984257
2984259
2984260
2984262
2984264
2984265
2984266
2984271
2984275
2984279
2984281
2984286
2984293
2984295
2984296
2984298
2984300
2984303
2984304
2984305
2984307
2984310
2984318
2984325
2984326
2984327
2984333
2984334
2984336
2984344
2984346
2984347
2984349
2984352
2984367
2984368
2984370
2984372
2984373
2984378
2984390
2984391
2984392
2984393
2984396
2984397
2984398
2984399
2984400
2984403
2984408
2984416
2984418
2984424
2984427
2984431
2984433
2984434
2984437
2984448
2984451
2984452
2984453
2984454
2984458
2984459
2984463
2984464
2984468
2984469
2984470
2984473
2984474
2984477
2984478
2984480
2984482
2984483
2984484
2984485
2984488
2984490
2984491
2984492
2984493
2984498
2984499
2984500
2984511
2984515
2984520
2984521
2984523
2984524
2984526
2984527
2984528
2984529
2984530
2984531
2984533
2984534
2984537
2984538
2984541
2984546
2984548
2984550
2984551
2984552
2984556
2984564
2984567
2984572
2984575
2984576
2984577
2984578
2984581
2984582
2984583
2984584
2984591
2984593
2984594
2984597
2984598
2984600
2984603
2984604
2984605
2984617
2984618
2984620
2984621
2984624
2984626
2984628
2984629
2984630
2984632
2984634
2984635
2984636
2984638
2984639
2984640
2984642
2984648
2984651
2984652
2984656
2984658
2984670
2984674
2984675
2984677
2984687
2984690
2984691
2984694
2984698
2984701
2984706
2984707
2984708
2984710
2984712
2984718
2984719
2984721
2984723
2984725
2984728
2984732
2984740
2984742
2984744
2984745
2984757
2984762
2984763
2984767
2984768
2984770
2984771
2984777
2984778
2984780
2984781
2984782
2984786
2984787
2984788
2984790
2984794
2984795
2984798
2984801
2984802
2984803
2984805
2984810
2984811
2984812
2984813
2984819
2984822
2984827
2984828
2984832
2984833
2984834
2984835
2984841
2984843
2984844
2984845
2984846
2984849
2984851
2984853
2984860
2984861
2984862
2984863
2984867
2984870
2984872
2984873
2984874
2984877
2984878
2984881
2984882
2984885
2984886
2984887
2984888
2984893
2984894
2984895
2984896
2984898
2984900
2984902
2984911
2984913
2984914
2984916
2984918
2984921
2984923
2984929
2984931
2984932
2984935
2984938
2984940
2984947
2984949
2984953
2984956
2984957
2984966
2984970
2984971
2984974
2984975
2984982
2984984
2984985
2984986
2984990
2984991
2984992
2984993
2984994
2984996
2984998
2985006
2985009
2985011
2985012
2985015
2985016
2985020
2985021
2985024
2985025
2985028
2985029
2985030
2985032
2985033
2985034
2985036
2985037
2985039
2985040
2985045
2985049
2985050
2985061
2985063
2985069
2985075
2985078
2985080
2985084
2985086
2985088
2985089
2985090
2985093
2985096
2985105
2985106
2985107
2985109
2985112
2985114
2985116
2985123
2985126
2985128
2985131
2985139
2985145
2985146
2985150
2985151
2985154
2985160
2985165
2985166
2985167
2985169
2985176
2985177
2985179
2985180
2985187
2985194
2985196
2985197
2985199
2985202
2985203
2985205
2985210
2985215
2985219
2985220
2985222
2985223
2985224
2985225
2985226
2985228
2985229
2985231
2985232
2985234
2985236
2985240
2985245
2985247
2985250
2985254
2985255
2985257
2985258
2985259
2985264
2985265
2985268
2985270
2985276
2985286
2985288
2985289
2985290
2985291
2985300
2985304
2985305
2985306
2985307
2985308
2985309
2985310
2985313
2985314
2985317
2985318
2985321
2985326
2985330
2985333
2985334
2985335
2985336
2985337
2985338
2985340
2985341
2985343
2985344
2985345
2985348
2985352
2985357
2985361
2985362
2985366
2985368
2985369
2985373
2985375
2985376
2985377
2985382
2985383
2985389
2985396
2985397
2985398
2985400
2985401
2985402
2985404
2985405
2985407
2985411
2985413
2985414
2985415
2985417
2985419
2985420
2985421
2985422
2985423
2985426
2985429
2985435
2985438
2985441
2985446
2985449
2985458
2985460
2985461
2985464
2985466
2985467
2985468
2985469
2985472
2985473
2985474
2985475
2985476
2985478
2985483
2985487
2985488
2985491
2985492
2985495
2985496
2985497
2985502
2985503
2985507
2985510
2985515
2985518
2985521
2985522
2985523
2985524
2985526
2985529
2985534
2985538
2985542
2985544
2985545
2985546
2985552
2985553
2985557
2985561
2985566
2985567
2985571
2985575
2985577
2985584
2985585
2985586
2985587
2985588
2985589
2985594
2985595
2985599
2985604
2985605
2985606
2985615
2985617
2985618
2985626
2985628
2985630
2985631
2985632
2985634
2985636
2985638
2985642
2985646
2985648
2985650
2985657
2985659
2985660
2985670
2985671
2985673
2985675
2985676
2985677
2985678
2985679
2985684
2985685
2985690
2985692
2985695
2985699
2985700
2985701
2985702
2985704
2985706
2985707
2985708
2985709
2985715
2985718
2985724
2985728
2985733
2985734
2985738
2985743
2985745
2985747
2985748
2985751
2985754
2985761
2985765
2985767
2985768
2985771
2985772
2985776
2985777
2985781
2985790
2985791
2985792
2985800
2985802
2985803
2985806
2985812
2985813
2985816
2985817
2985820
2985821
2985823
2985825
2985826
2985827
2985828
2985829
2985833
2985835
2985837
2985839
2985842
2985843
2985844
2985847
2985849
2985857
2985858
2985859
2985861
2985862
2985865
2985867
2985873
2985874
2985875
2985876
2985879
2985880
2985882
2985885
2985890
2985891
2985892
2985893
2985895
2985896
2985897
2985899
2985901
2985902
2985903
2985910
2985914
2985919
2985920
2985921
2985922
2985923
2985924
2985925
2985927
2985929
2985931
2985935
2985938
2985939
2985940
2985942
2985947
2985948
2985949
2985950
2985951
2985952
2985953
2985954
2985958
2985961
2985962
2985963
2985964
2985965
2985967
2985968
2985969
2985970
2985972
2985973
2985974
2985975
2985977
2985978
2985979
2985980
2985982
2985985
2985986
2985987
2985988
2985989
2985990
2985991
2985992
2985993
2985994
2985995
2985996
2985997
2985999
2986000
2986001
2986002
2986003
2986005
2986006
2986007
2986012
2986015
2986017
2986019
2986021
2986022
2986024
2986025
2986026
2986028
2986030
2986032
2986033
2986036
2986037
2986038
2986039
2986041
2986042
2986043
2986044
2986046
2986047
2986051
2986052
2986054
2986056
2986057
2986059
2986061
2986062
2986063
2986065
2986067
2986068
2986069
2986070
2986073
2986074
2986075
2986076
2986078
2986079
2986080
2986082
2986083
2986089
2986090
2986091
2986093
2986094
2986095
2986097
2986099
2986100
2986102
2986103
2986106
2986107
2986108
2986114
2986120
2986123
2986129
2986136
2986141
2986144
2986145
2986146
2986147
2986149
2986151
2986152
2986153
2986154
2986157
2986159
2986160
2986161
2986165
2986168
2986170
2986176
2986179
2986181
2986182
2986190
2986192
2986200
2986204
2986207
2986208
2986210
2986213
2986215
2986216
2986219
2986222
2986223
2986224
2986226
2986227
2986229
2986232
2986233
2986236
2986238
2986239
2986240
2986241
2986249
2986253
2986254
2986255
2986258
2986264
2986266
2986267
2986268
2986270
2986272
2986277
2986279
2986280
2986291
2986294
2986298
2986304
2986305
2986306
2986307
2986312
2986324
2986327
2986329
2986330
2986338
2986340
2986347
2986349
2986359
2986360
2986368
2986369
2986370
2986377
2986380
2986382
2986385
2986386
2986387
2986388
2986390
2986393
2986396
2986400
2986401
2986407
2986411
2986412
2986413
2986418
2986419
2986431
2986433
2986434
2986436
2986439
2986443
2986447
2986451
2986452
2986453
2986458
2986459
2986461
2986465
2986466
2986467
2986472
2986474
2986478
2986479
2986480
2986481
2986485
2986487
2986490
2986492
2986494
2986497
2986498
2986509
2986511
2986513
2986514
2986515
2986523
2986524
2986526
2986528
2986531
2986534
2986537
2986539
2986540
2986541
2986546
2986548
2986554
2986558
2986561
2986562
2986565
2986566
2986568
2986571
2986575
2986579
2986586
2986588
2986589
2986590
2986591
2986603
2986604
2986606
2986608
2986614
2986618
2986621
2986623
2986627
2986629
2986630
2986632
2986635
2986636
2986637
2986638
2986645
2986647
2986649
2986651
2986654
2986655
2986656
2986658
2986659
2986662
2986664
2986666
2986668
2986669
2986672
2986673
2986675
2986681
2986697
2986698
2986699
2986700
2986701
2986702
2986703
2986704
2986706
2986710
2986711
2986715
2986717
2986718
2986719
2986720
2986721
2986722
2986728
2986730
2986739
2986743
2986745
2986751
2986752
2986759
2986768
2986775
2986776
2986784
2986785
2986786
2986787
2986788
2986789
2986793
2986796
2986803
2986808
2986810
2986814
2986818
2986822
2986823
2986825
2986826
2986829
2986830
2986836
2986838
2986839
2986841
2986843
2986844
2986846
2986852
2986853
2986857
2986858
2986859
2986863
2986865
2986867
2986869
2986870
2986871
2986872
2986873
2986874
2986880
2986884
2986885
2986889
2986890
2986894
2986896
2986901
2986902
2986906
2986907
2986909
2986910
2986911
2986912
2986918
2986919
2986921
2986922
2986923
2986924
2986930
2986934
2986937
2986942
2986947
2986949
2986952
2986956
2986957
2986959
2986960
2986963
2986964
2986969
2986972
2986974
2986975
2986983
2986985
2986988
2986989
2986991
2986997
2987001
2987002
2987005
2987006
2987007
2987009
2987010
2987011
2987017
2987021
2987022
2987024
2987029
2987032
2987034
2987037
2987038
2987039
2987040
2987042
2987046
2987052
2987053
2987055
2987061
2987066
2987067
2987068
2987069
2987070
2987071
2987072
2987073
2987074
2987076
2987077
2987078
2987082
2987089
2987091
2987094
2987095
2987097
2987098
2987101
2987102
2987109
2987110
2987113
2987115
2987118
2987119
2987120
2987123
2987125
2987127
2987128
2987133
2987136
2987138
2987139
2987142
2987143
2987152
2987156
2987157
2987163
2987167
2987170
2987174
2987177
2987180
2987187
2987188
2987190
2987191
2987193
2987196
2987197
2987205
2987207
2987218
2987219
2987220
2987221
2987223
2987224
2987227
2987229
2987231
2987233
2987234
2987236
2987238
2987239
2987240
2987241
2987247
2987249
2987252
2987254
2987255
2987259
2987260
2987261
2987264
2987267
2987277
2987278
2987283
2987285
2987290
2987292
2987294
2987297
2987299
2987300
2987301
2987307
2987314
2987316
2987318
2987319
2987321
2987322
2987324
2987329
2987331
2987333
2987334
2987336
2987338
2987339
2987340
2987341
2987349
2987350
2987351
2987352
2987355
2987356
2987363
2987365
2987366
2987371
2987375
2987376
2987390
2987393
2987395
2987399
2987400
2987404
2987405
2987413
2987414
2987415
2987423
2987425
2987427
2987428
2987429
2987431
2987432
2987433
2987434
2987435
2987438
2987439
2987442
2987449
2987450
2987451
2987457
2987462
2987463
2987465
2987469
2987477
2987478
2987479
2987480
2987483
2987487
2987488
2987494
2987495
2987497
2987498
2987503
2987506
2987510
2987514
2987515
2987517
2987518
2987520
2987521
2987533
2987534
2987536
2987539
2987542
2987543
2987545
2987546
2987553
2987554
2987555
2987556
2987557
2987559
2987560
2987561
2987564
2987574
2987576
2987583
2987587
2987592
2987596
2987601
2987603
2987604
2987609
2987610
2987611
2987612
2987613
2987614
2987616
2987617
2987620
2987622
2987624
2987625
2987626
2987628
2987630
2987634
2987635
2987636
2987640
2987643
2987644
2987646
2987648
2987652
2987654
2987660
2987662
2987667
2987668
2987670
2987674
2987676
2987678
2987682
2987683
2987684
2987686
2987688
2987692
2987695
2987696
2987699
2987700
2987702
2987707
2987708
2987709
2987718
2987719
2987720
2987721
2987722
2987723
2987728
2987729
2987732
2987734
2987738
2987748
2987750
2987752
2987754
2987755
2987756
2987758
2987760
2987767
2987768
2987772
2987775
2987779
2987785
2987787
2987792
2987793
2987795
2987796
2987803
2987804
2987807
2987813
2987814
2987815
2987817
2987820
2987821
2987824
2987827
2987828
2987829
2987830
2987831
2987838
2987840
2987842
2987843
2987844
2987845
2987850
2987851
2987854
2987855
2987857
2987859
2987862
2987863
2987865
2987867
2987871
2987872
2987875
2987878
2987880
2987882
2987883
2987887
2987888
2987889
2987890
2987891
2987895
2987901
2987902
2987904
2987906
2987911
2987918
2987921
2987922
2987923
2987924
2987925
2987929
2987932
2987943
2987945
2987953
2987955
2987959
2987963
2987966
2987967
2987968
2987969
2987973
2987975
2987976
2987977
2987980
2987981
2987985
2987990
2987993
2987997
2987998
2987999
2988004
2988005
2988006
2988012
2988013
2988018
2988022
2988023
2988025
2988028
2988031
2988032
2988034
2988036
2988037
2988041
2988042
2988044
2988047
2988048
2988050
2988052
2988053
2988055
2988059
2988062
2988063
2988064
2988066
2988075
2988076
2988077
2988079
2988080
2988085
2988089
2988090
2988092
2988095
2988096
2988097
2988099
2988102
2988104
2988106
2988112
2988114
2988115
2988120
2988122
2988124
2988127
2988130
2988132
2988136
2988137
2988145
2988148
2988150
2988152
2988156
2988159
2988162
2988163
2988164
2988165
2988166
2988171
2988173
2988174
2988175
2988177
2988178
2988181
2988187
2988190
2988193
2988197
2988201
2988206
2988207
2988208
2988209
2988215
2988217
2988219
2988220
2988221
2988227
2988228
2988234
2988235
2988239
2988243
2988244
2988247
2988252
2988254
2988259
2988262
2988263
2988267
2988272
2988275
2988278
2988281
2988282
2988283
2988284
2988285
2988286
2988288
2988290
2988292
2988297
2988302
2988303
2988304
2988305
2988306
2988308
2988313
2988314
2988317
2988318
2988319
2988321
2988322
2988323
2988324
2988326
2988330
2988331
2988332
2988333
2988338
2988345
2988348
2988352
2988354
2988358
2988359
2988361
2988362
2988363
2988364
2988365
2988366
2988367
2988369
2988370
2988374
2988375
2988376
2988381
2988385
2988386
2988389
2988391
2988392
2988393
2988398
2988400
2988401
2988403
2988405
2988408
2988410
2988412
2988414
2988416
2988417
2988419
2988420
2988421
2988430
2988431
2988433
2988443
2988445
2988446
2988449
2988458
2988460
2988467
2988468
2988469
2988470
2988474
2988475
2988476
2988481
2988482
2988483
2988487
2988488
2988489
2988491
2988493
2988494
2988495
2988496
2988498
2988504
2988507
2988509
2988513
2988519
2988525
2988529
2988530
2988531
2988532
2988539
2988544
2988549
2988550
2988555
2988556
2988558
2988559
2988563
2988564
2988565
2988566
2988569
2988571
2988573
2988577
2988578
2988583
2988584
2988588
2988589
2988590
2988591
2988592
2988594
2988595
2988598
2988599
2988601
2988604
2988606
2988608
2988617
2988620
2988621
2988622
2988624
2988626
2988633
2988636
2988642
2988644
2988646
2988648
2988650
2988651
2988655
2988665
2988666
2988668
2988674
2988675
2988678
2988685
2988691
2988702
2988703
2988706
2988707
2988713
2988714
2988715
2988716
2988717
2988719
2988731
2988735
2988740
2988741
2988742
2988745
2988750
2988754
2988755
2988756
2988759
2988761
2988765
2988766
2988769
2988771
2988772
2988789
2988790
2988791
2988792
2988794
2988795
2988799
2988808
2988809
2988823
2988827
2988828
2988830
2988832
2988835
2988839
2988842
2988847
2988849
2988850
2988852
2988853
2988856
2988858
2988859
2988867
2988868
2988870
2988874
2988887
2988889
2988893
2988894
2988897
2988904
2988910
2988912
2988914
2988920
2988923
2988932
2988934
2988936
2988940
2988941
2988946
2988950
2988951
2988953
2988957
2988960
2988963
2988966
2988967
2988970
2988971
2988974
2988977
2988978
2988984
2988986
2988988
2988990
2988991
2988998
2988999
2989001
2989003
2989007
2989011
2989012
2989013
2989016
2989018
2989019
2989021
2989024
2989026
2989030
2989031
2989037
2989048
2989050
2989057
2989058
2989064
2989065
2989067
2989068
2989070
2989075
2989077
2989078
2989079
2989080
2989091
2989093
2989096
2989097
2989098
2989101
2989103
2989104
2989105
2989106
2989107
2989108
2989110
2989113
2989114
2989116
2989119
2989120
2989121
2989123
2989124
2989126
2989129
2989134
2989137
2989141
2989143
2989144
2989145
2989146
2989153
2989155
2989158
2989161
2989163
2989164
2989165
2989166
2989171
2989175
2989179
2989180
2989183
2989186
2989188
2989189
2989194
2989195
2989198
2989202
2989203
2989204
2989207
2989209
2989212
2989213
2989215
2989216
2989220
2989223
2989225
2989226
2989228
2989229
2989230
2989231
2989233
2989234
2989239
2989240
2989241
2989244
2989245
2989246
2989248
2989252
2989257
2989258
2989259
2989267
2989269
2989270
2989271
2989272
2989273
2989277
2989278
2989281
2989282
2989283
2989284
2989286
2989288
2989289
2989293
2989294
2989295
2989297
2989298
2989304
2989306
2989314
2989318
2989321
2989322
2989330
2989333
2989334
2989335
2989340
2989341
2989342
2989343
2989348
2989353
2989354
2989358
2989360
2989363
2989364
2989374
2989375
2989378
2989379
2989382
2989383
2989385
2989388
2989392
2989393
2989394
2989396
2989397
2989400
2989402
2989404
2989406
2989408
2989409
2989410
2989411
2989413
2989414
2989415
2989424
2989425
2989427
2989429
2989432
2989436
2989437
2989442
2989443
2989445
2989450
2989454
2989456
2989458
2989460
2989461
2989462
2989464
2989465
2989471
2989474
2989475
2989476
2989477
2989478
2989479
2989480
2989482
2989483
2989488
2989490
2989491
2989492
2989493
2989494
2989495
2989496
2989497
2989498
2989499
2989500
2989501
2989502
2989503
2989504
2989505
2989507
2989508
2989509
2989510
2989511
2989512
2989515
2989516
2989519
2989521
2989522
2989524
2989526
2989527
2989528
2989529
2989533
2989534
2989535
2989537
2989538
2989540
2989548
2989551
2989555
2989557
2989559
2989563
2989566
2989567
2989568
2989570
2989571
2989573
2989575
2989580
2989581
2989582
2989586
2989588
2989589
2989590
2989592
2989594
2989595
2989596
2989597
2989599
2989602
2989604
2989605
2989606
2989608
2989609
2989610
2989611
2989614
2989616
2989622
2989623
2989625
2989634
2989636
2989637
2989639
2989640
2989641
2989649
2989652
2989653
2989655
2989656
2989657
2989666
2989668
2989669
2989670
2989671
2989672
2989674
2989681
2989683
2989684
2989686
2989690
2989691
2989696
2989697
2989699
2989701
2989703
2989704
2989705
2989707
2989714
2989715
2989725
2989726
2989731
2989732
2989737
2989738
2989739
2989742
2989748
2989752
2989754
2989757
2989759
2989760
2989763
2989764
2989767
2989768
2989769
2989770
2989772
2989774
2989776
2989781
2989788
2989790
2989791
2989792
2989793
2989798
2989800
2989802
2989807
2989810
2989812
2989814
2989816
2989817
2989824
2989832
2989838
2989840
2989851
2989852
2989853
2989857
2989859
2989860
2989861
2989866
2989867
2989868
2989870
2989871
2989873
2989874
2989876
2989877
2989880
2989883
2989884
2989885
2989891
2989893
2989896
2989897
2989901
2989902
2989903
2989906
2989907
2989911
2989912
2989913
2989917
2989918
2989923
2989924
2989927
2989936
2989937
2989938
2989941
2989943
2989944
2989945
2989950
2989952
2989964
2989970
2989972
2989978
2989979
2989983
2989985
2989988
2989989
2989993
2989994
2989996
2989998
2989999
2990000
2990002
2990006
2990007
2990010
2990011
2990012
2990014
2990019
2990022
2990026
2990027
2990028
2990029
2990034
2990035
2990037
2990040
2990041
2990042
2990043
2990044
2990045
2990046
2990047
2990050
2990059
2990060
2990061
2990063
2990065
2990066
2990070
2990074
2990079
2990081
2990085
2990091
2990093
2990094
2990095
2990096
2990097
2990102
2990105
2990106
2990107
2990110
2990112
2990113
2990116
2990121
2990122
2990127
2990132
2990134
2990136
2990144
2990146
2990157
2990160
2990161
2990162
2990163
2990164
2990168
2990171
2990172
2990173
2990174
2990175
2990177
2990180
2990184
2990186
2990187
2990189
2990191
2990199
2990208
2990211
2990212
2990215
2990217
2990218
2990219
2990221
2990222
2990227
2990228
2990233
2990235
2990239
2990242
2990246
2990251
2990252
2990256
2990259
2990260
2990264
2990265
2990270
2990271
2990272
2990275
2990283
2990289
2990292
2990294
2990295
2990297
2990298
2990299
2990302
2990303
2990304
2990309
2990310
2990311
2990314
2990316
2990317
2990318
2990321
2990330
2990331
2990332
2990335
2990338
2990339
2990340
2990344
2990348
2990350
2990354
2990355
2990356
2990360
2990367
2990369
2990370
2990374
2990376
2990377
2990378
2990380
2990382
2990385
2990386
2990388
2990393
2990396
2990397
2990398
2990399
2990402
2990403
2990406
2990409
2990413
2990414
2990422
2990424
2990426
2990430
2990431
2990436
2990438
2990448
2990450
2990454
2990456
2990457
2990459
2990460
2990461
2990467
2990468
2990469
2990470
2990474
2990476
2990480
2990482
2990485
2990492
2990496
2990497
2990499
2990504
2990505
2990506
2990507
2990509
2990512
2990513
2990514
2990517
2990518
2990519
2990523
2990524
2990526
2990528
2990529
2990533
2990535
2990536
2990538
2990543
2990546
2990547
2990548
2990549
2990553
2990557
2990558
2990561
2990562
2990566
2990570
2990571
2990577
2990578
2990580
2990581
2990583
2990592
2990593
2990594
2990595
2990597
2990598
2990603
2990606
2990607
2990608
2990610
2990612
2990613
2990615
2990618
2990619
2990623
2990624
2990628
2990630
2990633
2990634
2990635
2990638
2990640
2990642
2990644
2990646
2990649
2990651
2990652
2990653
2990654
2990658
2990661
2990662
2990665
2990667
2990668
2990669
2990672
2990675
2990676
2990677
2990680
2990681
2990683
2990685
2990688
2990690
2990691
2990692
2990694
2990695
2990696
2990698
2990699
2990702
2990706
2990712
2990715
2990716
2990723
2990726
2990728
2990729
2990730
2990735
2990739
2990744
2990747
2990751
2990752
2990756
2990758
2990760
2990763
2990766
2990767
2990769
2990771
2990779
2990781
2990782
2990787
2990790
2990791
2990792
2990793
2990794
2990795
2990801
2990804
2990807
2990809
2990813
2990814
2990815
2990817
2990819
2990820
2990822
2990824
2990830
2990833
2990836
2990837
2990841
2990842
2990848
2990850
2990851
2990852
2990859
2990863
2990865
2990869
2990873
2990874
2990875
2990877
2990879
2990880
2990889
2990890
2990892
2990893
2990897
2990898
2990899
2990901
2990903
2990909
2990913
2990914
2990917
2990923
2990926
2990928
2990929
2990931
2990938
2990941
2990946
2990953
2990954
2990955
2990958
2990960
2990969
2990970
2990972
2990976
2990983
2990986
2990987
2990988
2990989
2990992
2990994
2990998
2991004
2991007
2991008
2991010
2991013
2991014
2991015
2991016
2991019
2991020
2991023
2991025
2991026
2991028
2991029
2991030
2991031
2991037
2991038
2991039
2991042
2991046
2991049
2991050
2991055
2991061
2991064
2991065
2991066
2991075
2991077
2991080
2991083
2991087
2991088
2991091
2991095
2991097
2991100
2991101
2991106
2991107
2991110
2991112
2991115
2991122
2991125
2991126
2991132
2991135
2991146
2991147
2991152
2991157
2991160
2991164
2991167
2991169
2991171
2991173
2991176
2991180
2991185
2991191
2991193
2991201
2991202
2991203
2991210
2991216
2991219
2991221
2991223
2991224
2991231
2991232
2991234
2991235
2991241
2991251
2991253
2991255
2991261
2991268
2991269
2991271
2991273
2991274
2991275
2991276
2991279
2991283
2991290
2991294
2991295
2991299
2991300
2991302
2991303
2991305
2991306
2991307
2991312
2991313
2991314
2991317
2991318
2991325
2991326
2991328
2991336
2991337
2991340
2991341
2991342
2991344
2991350
2991351
2991352
2991353
2991355
2991364
2991368
2991369
2991374
2991375
2991382
2991388
2991391
2991392
2991397
2991399
2991401
2991403
2991404
2991405
2991410
2991411
2991412
2991413
2991419
2991420
2991421
2991424
2991427
2991430
2991436
2991439
2991440
2991443
2991448
2991452
2991455
2991462
2991465
2991467
2991468
2991479
2991483
2991484
2991486
2991495
2991496
2991499
2991500
2991502
2991504
2991508
2991509
2991514
2991519
2991520
2991522
2991527
2991528
2991535
2991539
2991540
2991542
2991543
2991547
2991548
2991557
2991558
2991560
2991561
2991577
2991578
2991584
2991587
2991589
2991593
2991594
2991597
2991604
2991605
2991606
2991609
2991610
2991611
2991612
2991614
2991615
2991619
2991620
2991621
2991628
2991631
2991632
2991634
2991635
2991636
2991637
2991639
2991640
2991641
2991645
2991648
2991654
2991656
2991658
2991659
2991672
2991676
2991678
2991679
2991680
2991682
2991684
2991685
2991688
2991692
2991693
2991696
2991703
2991709
2991711
2991713
2991716
2991717
2991719
2991723
2991726
2991730
2991731
2991735
2991737
2991740
2991743
2991751
2991754
2991755
2991758
2991759
2991762
2991769
2991771
2991773
2991782
2991789
2991791
2991792
2991793
2991795
2991798
2991800
2991801
2991803
2991813
2991817
2991821
2991833
2991839
2991840
2991842
2991848
2991849
2991851
2991852
2991860
2991863
2991865
2991866
2991871
2991876
2991877
2991878
2991879
2991880
2991882
2991883
2991886
2991887
2991889
2991894
2991895
2991896
2991897
2991899
2991900
2991902
2991904
2991905
2991913
2991914
2991915
2991917
2991919
2991928
2991932
2991934
2991935
2991938
2991939
2991940
2991942
2991943
2991945
2991946
2991947
2991948
2991950
2991952
2991955
2991956
2991966
2991967
2991968
2991976
2991978
2991984
2991987
2991988
2991989
2991993
2991994
2991995
2992002
2992005
2992006
2992009
2992010
2992011
2992014
2992018
2992021
2992022
2992023
2992024
2992025
2992026
2992032
2992033
2992039
2992041
2992044
2992046
2992047
2992052
2992053
2992060
2992065
2992066
2992067
2992069
2992072
2992075
2992081
2992082
2992083
2992086
2992087
2992089
2992090
2992099
2992100
2992102
2992103
2992105
2992108
2992110
2992116
2992123
2992126
2992127
2992128
2992129
2992131
2992134
2992140
2992144
2992148
2992151
2992153
2992155
2992157
2992159
2992162
2992168
2992169
2992173
2992174
2992176
2992177
2992185
2992187
2992189
2992191
2992192
2992197
2992198
2992200
2992208
2992210
2992214
2992215
2992217
2992219
2992222
2992226
2992227
2992229
2992230
2992231
2992232
2992233
2992237
2992238
2992240
2992245
2992247
2992252
2992257
2992258
2992259
2992260
2992261
2992262
2992263
2992265
2992266
2992267
2992270
2992272
2992273
2992277
2992278
2992279
2992280
2992282
2992287
2992289
2992292
2992297
2992301
2992302
2992307
2992308
2992310
2992311
2992313
2992317
2992319
2992320
2992323
2992324
2992325
2992327
2992330
2992332
2992333
2992335
2992336
2992338
2992339
2992340
2992341
2992342
2992345
2992348
2992349
2992350
2992352
2992357
2992358
2992359
2992362
2992367
2992372
2992375
2992376
2992380
2992382
2992383
2992385
2992386
2992391
2992392
2992394
2992395
2992399
2992407
2992409
2992412
2992414
2992418
2992419
2992420
2992421
2992424
2992427
2992429
2992437
2992438
2992439
2992440
2992444
2992450
2992451
2992453
2992457
2992458
2992459
2992462
2992469
2992471
2992473
2992476
2992481
2992484
2992485
2992488
2992492
2992495
2992497
2992498
2992501
2992503
2992506
2992508
2992509
2992514
2992515
2992521
2992523
2992524
2992536
2992542
2992544
2992550
2992555
2992559
2992561
2992562
2992566
2992568
2992570
2992571
2992576
2992579
2992580
2992584
2992590
2992591
2992596
2992598
2992603
2992604
2992609
2992610
2992617
2992618
2992619
2992628
2992629
2992632
2992634
2992636
2992640
2992656
2992657
2992665
2992666
2992667
2992669
2992672
2992675
2992676
2992680
2992681
2992690
2992691
2992696
2992698
2992701
2992702
2992703
2992705
2992709
2992710
2992711
2992714
2992715
2992720
2992728
2992729
2992734
2992735
2992736
2992739
2992745
2992746
2992750
2992751
2992764
2992771
2992775
2992781
2992782
2992784
2992785
2992787
2992788
2992792
2992797
2992802
2992810
2992811
2992812
2992813
2992815
2992817
2992818
2992819
2992824
2992830
2992831
2992832
2992833
2992834
2992835
2992844
2992846
2992848
2992849
2992858
2992859
2992861
2992862
2992867
2992872
2992875
2992885
2992892
2992899
2992900
2992902
2992905
2992910
2992913
2992916
2992917
2992918
2992920
2992921
2992922
2992924
2992926
2992932
2992935
2992936
2992937
2992938
2992940
2992943
2992946
2992951
2992952
2992953
2992955
2992956
2992959
2992960
2992963
2992967
2992970
2992974
2992976
2992980
2992987
2992988
2992989
2992990
2992991
2992992
2992997
2993003
2993004
2993008
2993014
2993015
2993016
2993020
2993021
2993025
2993026
2993032
2993035
2993041
2993044
2993046
2993048
2993049
2993050
2993053
2993055
2993056
2993057
2993060
2993062
2993064
2993069
2993072
2993076
2993078
2993079
2993082
2993086
2993087
2993089
2993090
2993094
2993096
2993097
2993102
2993104
2993109
2993111
2993117
2993120
2993122
2993124
2993125
2993127
2993129
2993134
2993135
2993136
2993138
2993139
2993140
2993141
2993145
2993146
2993154
2993155
2993159
2993164
2993165
2993168
2993169
2993171
2993178
2993179
2993180
2993181
2993182
2993186
2993188
2993189
2993193
2993197
2993199
2993200
2993201
2993203
2993212
2993213
2993220
2993223
2993227
2993231
2993232
2993235
2993237
2993240
2993244
2993245
2993246
2993248
2993249
2993254
2993257
2993265
2993266
2993267
2993270
2993278
2993281
2993282
2993284
2993286
2993290
2993291
2993296
2993297
2993298
2993303
2993304
2993308
2993310
2993315
2993316
2993319
2993322
2993331
2993334
2993339
2993340
2993341
2993342
2993344
2993346
2993353
2993357
2993358
2993359
2993360
2993368
2993369
2993372
2993376
2993377
2993381
2993383
2993384
2993386
2993390
2993392
2993393
2993394
2993407
2993410
2993412
2993414
2993416
2993421
2993431
2993433
2993438
2993440
2993443
2993446
2993449
2993450
2993454
2993459
2993460
2993463
2993464
2993465
2993466
2993471
2993473
2993474
2993482
2993483
2993485
2993491
2993492
2993493
2993497
2993498
2993499
2993500
2993504
2993506
2993510
2993513
2993517
2993520
2993522
2993528
2993529
2993530
2993533
2993536
2993538
2993541
2993543
2993546
2993547
2993550
2993551
2993552
2993555
2993556
2993557
2993558
2993560
2993561
2993562
2993563
2993565
2993566
2993575
2993577
2993585
2993587
2993588
2993589
2993595
2993596
2993599
2993600
2993604
2993605
2993607
2993610
2993611
2993613
2993615
2993618
2993622
2993626
2993628
2993629
2993637
2993643
2993646
2993648
2993652
2993653
2993656
2993657
2993666
2993668
2993671
2993673
2993675
2993676
2993680
2993682
2993684
2993686
2993688
2993689
2993690
2993693
2993697
2993701
2993705
2993706
2993707
2993711
2993717
2993719
2993720
2993728
2993730
2993732
2993734
2993735
2993738
2993739
2993741
2993744
2993747
2993750
2993753
2993756
2993758
2993771
2993772
2993775
2993776
2993785
2993787
2993792
2993798
2993802
2993808
2993815
2993817
2993818
2993822
2993824
2993826
2993829
2993830
2993840
2993841
2993842
2993848
2993849
2993850
2993857
2993858
2993861
2993862
2993863
2993864
2993868
2993869
2993870
2993879
2993882
2993883
2993887
2993889
2993895
2993898
2993899
2993902
2993903
2993914
2993916
2993919
2993921
2993922
2993923
2993926
2993927
2993928
2993931
2993934
2993936
2993938
2993943
2993944
2993950
2993951
2993953
2993954
2993955
2993960
2993962
2993971
2993977
2993980
2993981
2993984
2993986
2993988
2993993
2993997
2993998
2993999
2994013
2994016
2994018
2994020
2994023
2994027
2994031
2994032
2994033
2994034
2994037
2994039
2994040
2994043
2994046
2994050
2994053
2994054
2994062
2994064
2994065
2994076
2994077
2994079
2994080
2994081
2994091
2994093
2994096
2994097
2994109
2994110
2994125
2994132
2994133
2994135
2994141
2994144
2994149
2994157
2994159
2994166
2994167
2994170
2994171
2994172
2994181
2994182
2994184
2994185
2994186
2994187
2994189
2994193
2994194
2994196
2994197
2994199
2994201
2994206
2994208
2994209
2994210
2994221
2994223
2994224
2994225
2994228
2994230
2994231
2994235
2994236
2994237
2994238
2994239
2994240
2994243
2994246
2994248
2994249
2994250
2994252
2994254
2994257
2994260
2994262
2994268
2994269
2994270
2994279
2994288
2994289
2994291
2994305
2994309
2994311
2994313
2994315
2994320
2994327
2994328
2994332
2994337
2994340
2994341
2994342
2994351
2994356
2994360
2994364
2994365
2994366
2994367
2994377
2994379
2994381
2994385
2994389
2994391
2994394
2994397
2994398
2994400
2994401
2994402
2994407
2994414
2994416
2994419
2994422
2994425
2994430
2994434
2994436
2994438
2994442
2994443
2994447
2994451
2994452
2994455
2994456
2994457
2994458
2994460
2994466
2994469
2994470
2994473
2994474
2994475
2994480
2994481
2994488
2994490
2994498
2994504
2994506
2994507
2994508
2994510
2994515
2994516
2994517
2994518
2994519
2994520
2994534
2994535
2994537
2994542
2994545
2994548
2994555
2994556
2994560
2994562
2994566
2994568
2994576
2994580
2994581
2994583
2994585
2994586
2994588
2994590
2994591
2994599
2994604
2994606
2994614
2994618
2994620
2994624
2994626
2994629
2994630
2994632
2994633
2994635
2994639
2994643
2994649
2994650
2994654
2994655
2994656
2994661
2994662
2994664
2994671
2994673
2994674
2994677
2994682
2994694
2994695
2994696
2994697
2994699
2994700
2994702
2994705
2994708
2994709
2994711
2994712
2994720
2994723
2994725
2994728
2994733
2994740
2994744
2994745
2994748
2994754
2994756
2994760
2994761
2994762
2994764
2994768
2994776
2994778
2994782
2994785
2994789
2994791
2994805
2994806
2994812
2994815
2994819
2994820
2994821
2994822
2994824
2994826
2994827
2994828
2994830
2994831
2994832
2994833
2994834
2994835
2994839
2994841
2994843
2994844
2994845
2994849
2994851
2994852
2994857
2994858
2994860
2994864
2994867
2994868
2994869
2994870
2994873
2994879
2994887
2994889
2994893
2994902
2994908
2994909
2994914
2994915
2994916
2994917
2994923
2994926
2994927
2994928
2994931
2994932
2994934
2994935
2994937
2994940
2994950
2994952
2994953
2994954
2994958
2994964
2994965
2994971
2994972
2994974
2994975
2994987
2994988
2994989
2994990
2994991
2994992
2994993
2994994
2994995
2994999
2995003
2995004
2995005
2995016
2995017
2995018
2995019
2995025
2995027
2995030
2995032
2995033
2995036
2995037
2995039
2995041
2995043
2995045
2995048
2995049
2995050
2995051
2995055
2995056
2995057
2995062
2995063
2995068
2995080
2995082
2995083
2995084
2995089
2995093
2995094
2995100
2995101
2995103
2995107
2995119
2995121
2995122
2995125
2995126
2995127
2995128
2995130
2995131
2995133
2995134
2995135
2995136
2995145
2995146
2995153
2995156
2995158
2995163
2995165
2995169
2995173
2995175
2995180
2995182
2995183
2995186
2995189
2995190
2995196
2995197
2995199
2995202
2995204
2995205
2995206
2995211
2995212
2995213
2995214
2995221
2995222
2995225
2995226
2995229
2995230
2995231
2995233
2995234
2995239
2995243
2995244
2995246
2995248
2995251
2995252
2995255
2995257
2995259
2995260
2995261
2995262
2995263
2995280
2995281
2995282
2995283
2995284
2995285
2995286
2995288
2995289
2995290
2995293
2995294
2995297
2995298
2995299
2995302
2995304
2995305
2995306
2995308
2995309
2995315
2995320
2995321
2995322
2995324
2995326
2995328
2995329
2995334
2995335
2995337
2995338
2995339
2995340
2995341
2995347
2995348
2995352
2995359
2995361
2995372
2995373
2995377
2995378
2995379
2995380
2995385
2995386
2995387
2995395
2995396
2995397
2995398
2995400
2995402
2995404
2995410
2995411
2995412
2995416
2995418
2995425
2995427
2995437
2995438
2995439
2995443
2995447
2995448
2995452
2995454
2995457
2995459
2995467
2995472
2995479
2995481
2995482
2995483
2995484
2995489
2995492
2995494
2995495
2995505
2995508
2995512
2995513
2995519
2995523
2995524
2995529
2995530
2995532
2995534
2995537
2995538
2995539
2995540
2995541
2995543
2995546
2995547
2995552
2995553
2995555
2995561
2995563
2995564
2995578
2995583
2995586
2995599
2995603
2995611
2995613
2995621
2995624
2995625
2995630
2995631
2995640
2995642
2995643
2995644
2995649
2995650
2995651
2995657
2995660
2995666
2995667
2995670
2995671
2995674
2995676
2995678
2995692
2995693
2995698
2995699
2995701
2995702
2995707
2995712
2995714
2995719
2995725
2995726
2995727
2995728
2995729
2995734
2995736
2995737
2995743
2995745
2995749
2995750
2995751
2995756
2995758
2995760
2995761
2995763
2995765
2995768
2995770
2995772
2995773
2995774
2995776
2995778
2995779
2995791
2995792
2995793
2995798
2995802
2995807
2995809
2995810
2995815
2995823
2995832
2995833
2995834
2995835
2995837
2995842
2995847
2995849
2995850
2995853
2995855
2995857
2995859
2995860
2995864
2995865
2995871
2995872
2995874
2995877
2995883
2995884
2995885
2995886
2995892
2995894
2995897
2995898
2995904
2995905
2995912
2995918
2995919
2995921
2995930
2995931
2995933
2995934
2995938
2995941
2995942
2995943
2995945
2995948
2995949
2995950
2995954
2995955
2995956
2995971
2995973
2995983
2995986
2995989
2995992
2995997
2996001
2996004
2996007
2996008
2996009
2996015
2996023
2996025
2996027
2996028
2996030
2996031
2996035
2996040
2996046
2996049
2996051
2996053
2996054
2996055
2996057
2996058
2996060
2996065
2996066
2996068
2996070
2996072
2996079
2996080
2996082
2996084
2996085
2996090
2996092
2996094
2996095
2996097
2996100
2996106
2996107
2996108
2996109
2996111
2996118
2996127
2996128
2996129
2996132
2996136
2996137
2996140
2996141
2996143
2996144
2996147
2996148
2996156
2996158
2996159
2996165
2996166
2996170
2996171
2996181
2996182
2996183
2996186
2996188
2996192
2996194
2996195
2996197
2996198
2996200
2996205
2996211
2996213
2996218
2996219
2996220
2996222
2996223
2996224
2996226
2996227
2996229
2996230
2996232
2996237
2996240
2996241
2996246
2996255
2996257
2996261
2996262
2996263
2996267
2996272
2996276
2996281
2996288
2996289
2996290
2996292
2996293
2996296
2996297
2996299
2996301
2996304
2996305
2996307
2996309
2996311
2996313
2996315
2996319
2996323
2996331
2996333
2996336
2996337
2996338
2996339
2996353
2996354
2996356
2996357
2996361
2996364
2996366
2996367
2996370
2996374
2996377
2996379
2996382
2996383
2996385
2996386
2996388
2996389
2996391
2996392
2996396
2996398
2996400
2996404
2996405
2996410
2996413
2996414
2996416
2996417
2996420
2996422
2996423
2996426
2996427
2996429
2996430
2996431
2996433
2996435
2996440
2996441
2996443
2996448
2996449
2996450
2996452
2996453
2996454
2996462
2996463
2996472
2996476
2996477
2996482
2996483
2996484
2996486
2996489
2996494
2996495
2996496
2996499
2996501
2996508
2996517
2996518
2996521
2996522
2996523
2996525
2996527
2996528
2996529
2996530
2996531
2996534
2996536
2996537
2996538
2996540
2996547
2996548
2996550
2996553
2996554
2996559
2996563
2996564
2996565
2996567
2996569
2996573
2996577
2996578
2996579
2996582
2996583
2996585
2996590
2996591
2996594
2996596
2996598
2996606
2996608
2996609
2996614
2996619
2996624
2996628
2996629
2996631
2996633
2996640
2996641
2996643
2996644
2996647
2996650
2996652
2996658
2996661
2996664
2996665
2996667
2996676
2996680
2996682
2996683
2996687
2996690
2996691
2996692
2996693
2996694
2996695
2996696
2996700
2996702
2996707
2996711
2996714
2996716
2996718
2996721
2996723
2996728
2996730
2996733
2996745
2996747
2996752
2996756
2996757
2996761
2996762
2996763
2996767
2996769
2996771
2996779
2996783
2996784
2996785
2996786
2996787
2996788
2996789
2996793
2996796
2996797
2996806
2996807
2996814
2996816
2996820
2996821
2996824
2996829
2996830
2996831
2996832
2996834
2996837
2996838
2996839
2996842
2996844
2996845
2996851
2996858
2996859
2996862
2996865
2996866
2996867
2996868
2996870
2996872
2996874
2996878
2996882
2996888
2996889
2996890
2996892
2996894
2996896
2996897
2996900
2996901
2996906
2996912
2996924
2996926
2996927
2996930
2996936
2996937
2996939
2996940
2996948
2996950
2996952
2996953
2996955
2996957
2996968
2996971
2996972
2996974
2996977
2996978
2996980
2996994
2996995
2996997
2997002
2997003
2997006
2997007
2997009
2997011
2997017
2997018
2997019
2997021
2997026
2997030
2997035
2997036
2997039
2997040
2997047
2997048
2997049
2997050
2997053
2997055
2997056
2997057
2997058
2997060
2997061
2997062
2997069
2997070
2997071
2997079
2997087
2997103
2997110
2997114
2997115
2997117
2997119
2997124
2997126
2997129
2997132
2997139
2997140
2997148
2997150
2997155
2997156
2997157
2997158
2997160
2997161
2997163
2997167
2997181
2997183
2997186
2997189
2997191
2997192
2997196
2997199
2997203
2997207
2997209
2997219
2997220
2997221
2997224
2997231
2997235
2997236
2997244
2997245
2997252
2997253
2997257
2997258
2997259
2997263
2997265
2997269
2997273
2997276
2997280
2997283
2997287
2997289
2997290
2997291
2997293
2997295
2997300
2997301
2997303
2997312
2997317
2997319
2997320
2997325
2997327
2997330
2997338
2997340
2997344
2997347
2997348
2997349
2997350
2997351
2997352
2997353
2997365
2997367
2997369
2997375
2997377
2997378
2997382
2997391
2997398
2997407
2997409
2997411
2997413
2997419
2997420
2997425
2997426
2997427
2997431
2997432
2997440
2997441
2997442
2997443
2997444
2997446
2997447
2997450
2997453
2997455
2997456
2997457
2997458
2997462
2997465
2997470
2997474
2997475
2997476
2997478
2997480
2997482
2997484
2997488
2997489
2997496
2997497
2997499
2997500
2997501
2997502
2997512
2997516
2997519
2997520
2997522
2997524
2997528
2997534
2997535
2997543
2997544
2997549
2997551
2997553
2997554
2997555
2997556
2997557
2997572
2997579
2997584
2997585
2997587
2997593
2997594
2997595
2997598
2997600
2997604
2997605
2997608
2997611
2997612
2997614
2997615
2997616
2997617
2997620
2997622
2997625
2997627
2997628
2997634
2997636
2997638
2997639
2997644
2997645
2997651
2997653
2997656
2997658
2997661
2997662
2997664
2997671
2997674
2997676
2997678
2997680
2997681
2997682
2997683
2997691
2997697
2997708
2997710
2997716
2997717
2997720
2997721
2997722
2997727
2997728
2997729
2997730
2997731
2997732
2997733
2997734
2997735
2997736
2997737
2997738
2997739
2997740
2997741
2997742
2997743
2997744
2997745
2997746
2997747
2997748
2997752
2997753
2997756
2997774
2997778
2997780
2997785
2997786
2997790
2997794
2997798
2997802
2997803
2997804
2997807
2997810
2997811
2997813
2997814
2997815
2997818
2997820
2997821
2997824
2997825
2997829
2997830
2997835
2997836
2997837
2997842
2997843
2997849
2997856
2997858
2997861
2997862
2997863
2997869
2997875
2997877
2997878
2997879
2997887
2997901
2997902
2997903
2997904
2997906
2997910
2997911
2997915
2997918
2997919
2997920
2997923
2997930
2997934
2997942
2997948
2997950
2997951
2997961
2997962
2997966
2997967
2997971
2997973
2997974
2997978
2997983
2997990
2997994
2997995
2998001
2998004
2998005
2998007
2998013
2998014
2998018
2998022
2998023
2998025
2998033
2998035
2998040
2998042
2998043
2998044
2998048
2998052
2998059
2998061
2998063
2998067
2998068
2998069
2998070
2998075
2998076
2998077
2998078
2998079
2998081
2998082
2998085
2998088
2998089
2998091
2998092
2998093
2998095
2998096
2998099
2998101
2998114
2998119
2998128
2998129
2998130
2998131
2998138
2998141
2998147
2998148
2998154
2998156
2998158
2998160
2998161
2998169
2998174
2998175
2998177
2998179
2998180
2998188
2998189
2998191
2998193
2998194
2998195
2998200
2998201
2998208
2998209
2998212
2998213
2998217
2998218
2998220
2998225
2998226
2998228
2998229
2998233
2998235
2998239
2998241
2998244
2998250
2998254
2998258
2998260
2998264
2998265
2998266
2998269
2998271
2998275
2998278
2998284
2998287
2998288
2998291
2998293
2998297
2998303
2998304
2998306
2998307
2998309
2998314
2998317
2998318
2998321
2998322
2998323
2998324
2998326
2998328
2998335
2998336
2998338
2998340
2998342
2998343
2998345
2998348
2998349
2998354
2998357
2998360
2998362
2998371
2998373
2998376
2998377
2998383
2998384
2998387
2998391
2998392
2998393
2998395
2998396
2998399
2998405
2998406
2998407
2998410
2998413
2998415
2998417
2998419
2998421
2998432
2998437
2998443
2998448
2998451
2998454
2998455
2998456
2998458
2998459
2998460
2998462
2998464
2998466
2998468
2998475
2998480
2998481
2998486
2998487
2998489
2998493
2998495
2998496
2998503
2998506
2998507
2998510
2998520
2998522
2998525
2998526
2998527
2998529
2998530
2998533
2998534
2998541
2998544
2998545
2998548
2998551
2998554
2998555
2998556
2998557
2998574
2998577
2998579
2998581
2998582
2998584
2998588
2998591
2998592
2998595
2998601
2998605
2998607
2998612
2998617
2998618
2998622
2998624
2998625
2998628
2998629
2998630
2998632
2998636
2998639
2998642
2998643
2998646
2998647
2998651
2998652
2998655
2998658
2998662
2998663
2998668
2998669
2998670
2998672
2998677
2998684
2998685
2998686
2998687
2998688
2998697
2998703
2998706
2998707
2998711
2998712
2998717
2998718
2998722
2998728
2998729
2998732
2998734
2998735
2998739
2998743
2998746
2998748
2998750
2998755
2998762
2998766
2998772
2998774
2998776
2998779
2998780
2998781
2998782
2998783
2998787
2998789
2998790
2998791
2998795
2998796
2998797
2998798
2998812
2998815
2998816
2998817
2998818
2998819
2998820
2998823
2998836
2998840
2998844
2998846
2998852
2998853
2998855
2998856
2998859
2998862
2998863
2998864
2998865
2998868
2998869
2998871
2998876
2998883
2998884
2998886
2998892
2998893
2998894
2998895
2998896
2998898
2998906
2998909
2998911
2998912
2998914
2998915
2998916
2998919
2998920
2998926
2998927
2998928
2998929
2998932
2998934
2998938
2998939
2998940
2998949
2998950
2998953
2998954
2998955
2998957
2998958
2998959
2998960
2998962
2998967
2998974
2998976
2998981
2998983
2998986
2998994
2998995
2999008
2999010
2999012
2999013
2999017
2999019
2999022
2999025
2999030
2999031
2999032
2999035
2999038
2999039
2999043
2999045
2999048
2999049
2999050
2999051
2999057
2999059
2999060
2999061
2999062
2999068
2999070
2999085
2999088
2999089
2999091
2999098
2999099
2999101
2999102
2999103
2999105
2999107
2999109
2999111
2999112
2999113
2999116
2999120
2999121
2999123
2999124
2999125
2999126
2999127
2999128
2999130
2999131
2999132
2999141
2999143
2999144
2999150
2999152
2999153
2999154
2999155
2999157
2999158
2999159
2999161
2999162
2999168
2999169
2999172
2999175
2999178
2999184
2999190
2999194
2999197
2999199
2999203
2999205
2999206
2999209
2999210
2999214
2999218
2999219
2999220
2999223
2999224
2999229
2999232
2999239
2999242
2999246
2999249
2999250
2999251
2999252
2999253
2999255
2999257
2999259
2999267
2999270
2999275
2999277
2999278
2999280
2999283
2999284
2999287
2999299
2999300
2999308
2999309
2999311
2999312
2999317
2999318
2999322
2999327
2999328
2999330
2999333
2999338
2999342
2999344
2999348
2999350
2999351
2999355
2999357
2999359
2999363
2999365
2999368
2999372
2999376
2999380
2999384
2999388
2999389
2999395
2999399
2999403
2999404
2999410
2999412
2999418
2999420
2999423
2999426
2999428
2999442
2999444
2999446
2999451
2999455
2999459
2999461
2999465
2999469
2999470
2999471
2999473
2999475
2999476
2999479
2999491
2999492
2999494
2999495
2999497
2999500
2999501
2999507
2999511
2999514
2999519
2999523
2999527
2999530
2999533
2999535
2999537
2999538
2999539
2999540
2999541
2999542
2999546
2999556
2999561
2999570
2999575
2999576
2999577
2999580
2999586
2999589
2999594
2999599
2999600
2999602
2999603
2999606
2999613
2999617
2999621
2999623
2999624
2999626
2999627
2999628
2999629
2999634
2999635
2999637
2999638
2999640
2999641
2999645
2999646
2999647
2999648
2999651
2999652
2999653
2999656
2999658
2999661
2999662
2999665
2999666
2999669
2999672
2999684
2999685
2999691
2999692
2999693
2999701
2999703
2999704
2999705
2999708
2999710
2999712
2999714
2999715
2999720
2999721
2999722
2999726
2999735
2999740
2999742
2999745
2999746
2999751
2999754
2999757
2999760
2999761
2999762
2999763
2999767
2999769
2999770
2999775
2999776
2999777
2999779
2999784
2999786
2999789
2999795
2999800
2999801
2999803
2999807
2999808
2999811
2999813
2999814
2999819
2999820
2999821
2999823
2999824
2999825
2999826
2999827
2999829
2999833
2999835
2999841
2999844
2999847
2999849
2999852
2999855
2999857
2999858
2999864
2999866
2999870
2999874
2999875
2999876
2999877
2999883
2999884
2999885
2999886
2999889
2999890
2999892
2999897
2999899
2999910
2999912
2999914
2999915
2999918
2999923
2999929
2999931
2999933
2999939
2999943
2999946
2999951
2999957
2999963
2999965
2999967
2999968
2999969
2999970
2999971
2999974
2999975
2999977
2999980
2999981
2999982
2999994
2999995
2999999
3000000
3000001
3000003
3000008
3000011
3000012
3000013
3000018
3000019
3000024
3000026
3000028
3000035
3000039
3000040
3000041
3000045
3000046
3000051
3000052
3000063
3000065
3000066
3000067
3000068
3000075
3000077
3000082
3000083
3000085
3000087
3000090
3000093
3000095
3000097
3000098
3000099
3000103
3000112
3000113
3000121
3000123
3000126
3000128
3000130
3000134
3000141
3000143
3000144
3000146
3000147
3000154
3000156
3000158
3000166
3000169
3000171
3000174
3000176
3000182
3000183
3000184
3000185
3000189
3000190
3000191
3000192
3000196
3000205
3000206
3000208
3000210
3000211
3000212
3000215
3000217
3000220
3000221
3000224
3000225
3000226
3000227
3000229
3000230
3000235
3000237
3000238
3000242
3000243
3000244
3000245
3000250
3000251
3000252
3000257
3000259
3000260
3000266
3000269
3000278
3000280
3000281
3000284
3000285
3000286
3000287
3000293
3000294
3000298
3000299
3000300
3000301
3000305
3000306
3000307
3000308
3000310
3000314
3000318
3000324
3000328
3000329
3000331
3000334
3000335
3000336
3000349
3000353
3000355
3000358
3000362
3000364
3000367
3000368
3000369
3000372
3000376
3000380
3000381
3000385
3000386
3000387
3000389
3000392
3000393
3000394
3000395
3000396
3000397
3000398
3000399
3000400
3000401
3000402
3000404
3000406
3000413
3000414
3000415
3000416
3000424
3000430
3000431
3000432
3000436
3000437
3000441
3000446
3000447
3000448
3000456
3000457
3000458
3000462
3000463
3000468
3000469
3000472
3000473
3000474
3000475
3000479
3000484
3000487
3000489
3000490
3000493
3000494
3000495
3000496
3000497
3000499
3000503
3000504
3000506
3000507
3000508
3000509
3000510
3000511
3000513
3000514
3000519
3000525
3000527
3000530
3000533
3000534
3000535
3000538
3000540
3000543
3000544
3000545
3000547
3000549
3000551
3000552
3000555
3000557
3000559
3000564
3000575
3000577
3000579
3000582
3000584
3000585
3000587
3000590
3000597
3000601
3000602
3000603
3000606
3000607
3000608
3000613
3000618
3000619
3000620
3000621
3000623
3000624
3000625
3000626
3000627
3000630
3000631
3000632
3000638
3000639
3000647
3000648
3000650
3000651
3000657
3000658
3000664
3000671
3000673
3000674
3000678
3000679
3000681
3000684
3000685
3000687
3000688
3000690
3000692
3000693
3000694
3000701
3000703
3000707
3000708
3000709
3000710
3000716
3000718
3000719
3000725
3000726
3000727
3000729
3000732
3000734
3000736
3000741
3000742
3000753
3000754
3000759
3000760
3000761
3000764
3000767
3000773
3000774
3000776
3000777
3000785
3000799
3000811
3000816
3000817
3000818
3000819
3000820
3000831
3000832
3000834
3000839
3000840
3000841
3000845
3000846
3000847
3000850
3000852
3000855
3000856
3000857
3000860
3000863
3000865
3000866
3000867
3000873
3000875
3000878
3000880
3000882
3000883
3000884
3000902
3000903
3000905
3000906
3000914
3000915
3000916
3000918
3000920
3000922
3000924
3000927
3000931
3000938
3000941
3000942
3000944
3000945
3000946
3000951
3000952
3000955
3000956
3000961
3000964
3000965
3000968
3000970
3000971
3000973
3000975
3000977
3000978
3000980
3000981
3000982
3000985
3000989
3000992
3000995
3000996
3001003
3001005
3001007
3001010
3001014
3001016
3001020
3001021
3001022
3001023
3001025
3001026
3001029
3001032
3001033
3001036
3001040
3001043
3001045
3001046
3001047
3001048
3001049
3001051
3001052
3001054
3001057
3001058
3001060
3001069
3001070
3001074
3001076
3001079
3001080
3001086
3001092
3001093
3001098
3001101
3001102
3001110
3001113
3001114
3001115
3001117
3001118
3001121
3001125
3001126
3001127
3001138
3001139
3001143
3001145
3001147
3001148
3001149
3001150
3001153
3001160
3001162
3001167
3001169
3001173
3001174
3001175
3001177
3001181
3001183
3001185
3001187
3001191
3001192
3001193
3001206
3001211
3001212
3001216
3001217
3001218
3001220
3001222
3001223
3001225
3001228
3001231
3001237
3001239
3001241
3001242
3001244
3001250
3001251
3001253
3001258
3001259
3001260
3001262
3001264
3001267
3001268
3001269
3001270
3001273
3001278
3001280
3001282
3001286
3001289
3001290
3001293
3001294
3001295
3001297
3001303
3001304
3001305
3001306
3001309
3001318
3001328
3001330
3001331
3001335
3001336
3001337
3001339
3001344
3001347
3001348
3001350
3001351
3001353
3001354
3001358
3001361
3001362
3001364
3001370
3001371
3001375
3001380
3001381
3001383
3001384
3001385
3001386
3001387
3001388
3001389
3001390
3001391
3001397
3001402
3001403
3001406
3001407
3001420
3001421
3001422
3001423
3001424
3001427
3001434
3001438
3001444
3001447
3001448
3001451
3001452
3001455
3001459
3001460
3001461
3001467
3001473
3001474
3001475
3001481
3001483
3001484
3001486
3001487
3001488
3001489
3001493
3001495
3001496
3001505
3001508
3001512
3001514
3001517
3001518
3001519
3001522
3001526
3001530
3001537
3001542
3001543
3001546
3001547
3001548
3001549
3001553
3001557
3001558
3001559
3001563
3001564
3001565
3001567
3001568
3001571
3001573
3001575
3001578
3001579
3001585
3001586
3001587
3001590
3001592
3001594
3001599
3001600
3001602
3001603
3001604
3001607
3001608
3001609
3001613
3001614
3001615
3001618
3001623
3001627
3001628
3001635
3001637
3001640
3001641
3001643
3001644
3001645
3001646
3001647
3001648
3001651
3001653
3001661
3001662
3001670
3001672
3001673
3001679
3001680
3001684
3001685
3001692
3001693
3001704
3001705
3001706
3001708
3001710
3001713
3001714
3001715
3001717
3001720
3001721
3001722
3001723
3001724
3001726
3001727
3001728
3001729
3001734
3001736
3001737
3001738
3001739
3001741
3001747
3001748
3001750
3001751
3001753
3001754
3001755
3001758
3001759
3001760
3001761
3001762
3001764
3001766
3001767
3001770
3001771
3001773
3001774
3001776
3001782
3001784
3001789
3001793
3001798
3001800
3001802
3001803
3001806
3001808
3001812
3001813
3001814
3001815
3001816
3001819
3001820
3001821
3001825
3001827
3001828
3001830
3001832
3001838
3001839
3001840
3001841
3001842
3001857
3001861
3001866
3001869
3001872
3001873
3001874
3001878
3001880
3001881
3001883
3001886
3001887
3001892
3001894
3001895
3001897
3001902
3001905
3001906
3001910
3001912
3001915
3001916
3001919
3001920
3001923
3001929
3001934
3001935
3001936
3001941
3001942
3001945
3001949
3001950
3001951
3001952
3001953
3001957
3001962
3001963
3001965
3001966
3001967
3001968
3001969
3001970
3001973
3001974
3001975
3001977
3001981
3001982
3001983
3001984
3001989
3001990
3001992
3001994
3001995
3001997
3001998
3002002
3002005
3002006
3002011
3002012
3002013
3002014
3002015
3002016
3002017
3002018
3002020
3002024
3002026
3002027
3002028
3002029
3002036
3002037
3002040
3002042
3002044
3002045
3002047
3002048
3002052
3002053
3002054
3002055
3002056
3002060
3002072
3002074
3002076
3002081
3002082
3002083
3002088
3002091
3002092
3002093
3002095
3002096
3002097
3002098
3002099
3002100
3002102
3002103
3002104
3002106
3002111
3002115
3002118
3002120
3002121
3002122
3002124
3002125
3002126
3002127
3002128
3002129
3002131
3002133
3002135
3002136
3002138
3002140
3002141
3002142
3002143
3002144
3002145
3002146
3002147
3002149
3002154
3002156
3002157
3002159
3002163
3002164
3002168
3002172
3002173
3002175
3002176
3002177
3002178
3002180
3002183
3002184
3002187
3002191
3002208
3002209
3002212
3002218
3002222
3002234
3002237
3002251
3002252
3002253
3002255
3002256
3002263
3002269
3002270
3002271
3002279
3002285
3002290
3002292
3002294
3002296
3002297
3002298
3002299
3002300
3002305
3002306
3002307
3002310
3002311
3002312
3002315
3002316
3002321
3002325
3002326
3002328
3002331
3002335
3002339
3002345
3002346
3002347
3002348
3002349
3002350
3002353
3002354
3002355
3002356
3002357
3002358
3002362
3002364
3002371
3002378
3002379
3002381
3002386
3002388
3002390
3002393
3002396
3002398
3002399
3002400
3002407
3002408
3002410
3002414
3002415
3002416
3002417
3002431
3002432
3002433
3002434
3002437
3002438
3002439
3002445
3002454
3002457
3002459
3002464
3002465
3002467
3002468
3002471
3002473
3002474
3002475
3002477
3002478
3002481
3002483
3002484
3002487
3002488
3002493
3002497
3002498
3002500
3002508
3002509
3002514
3002515
3002517
3002520
3002521
3002522
3002523
3002526
3002532
3002534
3002541
3002543
3002547
3002548
3002552
3002554
3002555
3002563
3002565
3002567
3002568
3002569
3002573
3002580
3002590
3002599
3002601
3002605
3002619
3002620
3002624
3002628
3002630
3002635
3002636
3002641
3002642
3002643
3002644
3002648
3002652
3002653
3002654
3002656
3002661
3002663
3002664
3002665
3002669
3002673
3002677
3002678
3002685
3002687
3002688
3002689
3002690
3002694
3002702
3002707
3002709
3002710
3002713
3002718
3002721
3002722
3002723
3002724
3002725
3002729
3002731
3002735
3002742
3002746
3002747
3002751
3002752
3002753
3002754
3002756
3002765
3002766
3002767
3002772
3002775
3002776
3002778
3002780
3002782
3002785
3002790
3002791
3002793
3002794
3002795
3002798
3002799
3002800
3002801
3002802
3002803
3002805
3002806
3002808
3002809
3002812
3002814
3002817
3002818
3002819
3002821
3002822
3002830
3002832
3002837
3002838
3002839
3002840
3002844
3002859
3002860
3002862
3002863
3002865
3002866
3002868
3002869
3002873
3002875
3002876
3002881
3002883
3002884
3002888
3002890
3002891
3002892
3002893
3002895
3002898
3002899
3002902
3002908
3002909
3002910
3002912
3002914
3002915
3002920
3002921
3002926
3002927
3002928
3002930
3002936
3002937
3002938
3002940
3002942
3002948
3002952
3002953
3002954
3002963
3002964
3002965
3002966
3002967
3002983
3002985
3002986
3002987
3002989
3002996
3002998
3003003
3003004
3003007
3003008
3003009
3003014
3003026
3003030
3003033
3003034
3003041
3003044
3003052
3003056
3003064
3003075
3003076
3003077
3003078
3003082
3003092
3003094
3003096
3003097
3003099
3003100
3003103
3003104
3003107
3003108
3003110
3003112
3003114
3003115
3003116
3003118
3003119
3003120
3003123
3003125
3003129
3003130
3003133
3003134
3003135
3003137
3003138
3003140
3003143
3003159
3003160
3003161
3003162
3003163
3003170
3003171
3003175
3003177
3003179
3003180
3003181
3003189
3003190
3003194
3003195
3003200
3003202
3003204
3003205
3003206
3003207
3003208
3003210
3003221
3003222
3003223
3003224
3003227
3003228
3003230
3003231
3003233
3003234
3003236
3003238
3003239
3003240
3003245
3003247
3003248
3003249
3003255
3003256
3003264
3003265
3003270
3003271
3003272
3003273
3003275
3003279
3003287
3003288
3003295
3003296
3003298
3003300
3003301
3003302
3003303
3003304
3003308
3003310
3003311
3003313
3003316
3003320
3003322
3003323
3003326
3003328
3003329
3003330
3003333
3003335
3003336
3003337
3003339
3003344
3003345
3003346
3003347
3003348
3003349
3003350
3003351
3003352
3003354
3003355
3003356
3003359
3003362
3003364
3003365
3003366
3003368
3003369
3003380
3003381
3003385
3003386
3003387
3003393
3003395
3003401
3003402
3003412
3003417
3003421
3003423
3003427
3003428
3003429
3003430
3003439
3003441
3003444
3003445
3003448
3003449
3003459
3003460
3003465
3003466
3003468
3003469
3003470
3003471
3003480
3003481
3003482
3003483
3003486
3003489
3003490
3003493
3003494
3003495
3003503
3003504
3003506
3003507
3003508
3003520
3003522
3003527
3003529
3003533
3003534
3003541
3003542
3003546
3003551
3003554
3003559
3003560
3003561
3003562
3003568
3003569
3003572
3003579
3003580
3003581
3003584
3003585
3003586
3003591
3003596
3003599
3003603
3003604
3003608
3003609
3003612
3003613
3003621
3003623
3003626
3003632
3003633
3003635
3003636
3003640
3003641
3003651
3003657
3003658
3003661
3003662
3003663
3003664
3003671
3003676
3003677
3003678
3003687
3003693
3003694
3003696
3003697
3003698
3003699
3003706
3003707
3003708
3003713
3003714
3003715
3003722
3003724
3003728
3003730
3003731
3003734
3003735
3003740
3003742
3003749
3003754
3003756
3003758
3003759
3003764
3003766
3003773
3003778
3003779
3003789
3003790
3003791
3003793
3003794
3003795
3003798
3003801
3003803
3003804
3003805
3003813
3003821
3003823
3003828
3003829
3003830
3003835
3003836
3003837
3003855
3003858
3003859
3003863
3003864
3003865
3003869
3003870
3003876
3003882
3003883
3003885
3003886
3003888
3003889
3003891
3003892
3003893
3003894
3003907
3003914
3003916
3003925
3003926
3003928
3003929
3003930
3003932
3003933
3003938
3003939
3003941
3003942
3003947
3003948
3003951
3003954
3003955
3003957
3003963
3003965
3003966
3003969
3003971
3003978
3003982
3003984
3003994
3003995
3003997
3003998
3004002
3004005
3004008
3004009
3004010
3004011
3004013
3004017
3004018
3004019
3004020
3004024
3004028
3004030
3004031
3004033
3004034
3004035
3004036
3004037
3004038
3004039
3004040
3004044
3004049
3004050
3004052
3004053
3004054
3004055
3004056
3004057
3004059
3004060
3004062
3004063
3004065
3004066
3004067
3004068
3004069
3004070
3004075
3004076
3004079
3004081
3004085
3004090
3004092
3004093
3004095
3004100
3004106
3004110
3004112
3004114
3004120
3004124
3004127
3004129
3004130
3004131
3004136
3004139
3004144
3004145
3004149
3004158
3004162
3004165
3004166
3004171
3004172
3004173
3004174
3004176
3004177
3004179
3004183
3004186
3004187
3004188
3004189
3004194
3004195
3004197
3004208
3004211
3004214
3004220
3004224
3004229
3004231
3004233
3004235
3004236
3004239
3004240
3004244
3004245
3004246
3004255
3004258
3004266
3004272
3004277
3004278
3004279
3004280
3004281
3004283
3004284
3004285
3004286
3004288
3004291
3004294
3004297
3004298
3004299
3004300
3004302
3004304
3004305
3004307
3004312
3004313
3004317
3004319
3004320
3004322
3004327
3004328
3004330
3004331
3004336
3004338
3004342
3004343
3004344
3004346
3004348
3004353
3004358
3004360
3004363
3004364
3004365
3004367
3004372
3004376
3004379
3004380
3004381
3004386
3004387
3004391
3004392
3004394
3004395
3004396
3004399
3004405
3004406
3004412
3004425
3004427
3004428
3004429
3004434
3004437
3004440
3004441
3004446
3004450
3004462
3004463
3004469
3004470
3004472
3004473
3004474
3004476
3004477
3004480
3004483
3004487
3004491
3004492
3004500
3004501
3004503
3004506
3004508
3004511
3004514
3004515
3004526
3004528
3004529
3004533
3004534
3004535
3004537
3004539
3004543
3004549
3004550
3004551
3004555
3004556
3004562
3004565
3004566
3004567
3004573
3004574
3004576
3004578
3004582
3004583
3004587
3004589
3004592
3004595
3004596
3004597
3004599
3004600
3004602
3004603
3004608
3004611
3004614
3004616
3004617
3004618
3004622
3004625
3004629
3004633
3004638
3004640
3004641
3004643
3004645
3004647
3004648
3004652
3004657
3004659
3004662
3004665
3004674
3004677
3004684
3004685
3004688
3004693
3004694
3004702
3004707
3004710
3004712
3004716
3004721
3004723
3004725
3004728
3004729
3004735
3004736
3004737
3004744
3004745
3004746
3004748
3004752
3004753
3004758
3004764
3004765
3004766
3004767
3004779
3004781
3004785
3004792
3004793
3004795
3004800
3004802
3004805
3004806
3004808
3004813
3004814
3004818
3004821
3004828
3004829
3004830
3004832
3004837
3004842
3004844
3004847
3004856
3004857
3004862
3004875
3004876
3004877
3004888
3004891
3004892
3004893
3004896
3004898
3004902
3004903
3004909
3004914
3004915
3004918
3004920
3004926
3004927
3004932
3004938
3004942
3004944
3004948
3004949
3004950
3004954
3004955
3004956
3004960
3004961
3004963
3004964
3004966
3004970
3004981
3004983
3004986
3004992
3004998
3004999
3005000
3005009
3005012
3005013
3005015
3005017
3005018
3005021
3005022
3005023
3005028
3005029
3005031
3005033
3005034
3005036
3005037
3005038
3005040
3005046
3005048
3005055
3005056
3005057
3005061
3005064
3005065
3005066
3005070
3005071
3005072
3005073
3005075
3005076
3005077
3005080
3005086
3005088
3005089
3005093
3005095
3005096
3005101
3005103
3005104
3005105
3005106
3005109
3005110
3005114
3005123
3005131
3005134
3005135
3005136
3005138
3005144
3005154
3005155
3005161
3005167
3005170
3005171
3005172
3005180
3005182
3005184
3005185
3005186
3005190
3005191
3005192
3005194
3005198
3005201
3005208
3005212
3005215
3005218
3005220
3005221
3005222
3005229
3005231
3005237
3005239
3005241
3005242
3005243
3005244
3005255
3005256
3005257
3005258
3005259
3005260
3005261
3005262
3005263
3005264
3005265
3005272
3005273
3005276
3005279
3005288
3005289
3005291
3005293
3005302
3005303
3005306
3005308
3005310
3005311
3005314
3005317
3005319
3005320
3005321
3005325
3005327
3005332
3005333
3005342
3005347
3005348
3005350
3005352
3005356
3005361
3005362
3005363
3005364
3005365
3005366
3005369
3005370
3005371
3005378
3005380
3005381
3005383
3005385
3005386
3005391
3005392
3005393
3005394
3005395
3005399
3005403
3005407
3005412
3005413
3005414
3005415
3005421
3005422
3005423
3005425
3005427
3005431
3005432
3005433
3005434
3005439
3005444
3005448
3005449
3005450
3005452
3005453
3005454
3005462
3005463
3005464
3005465
3005466
3005467
3005472
3005473
3005475
3005477
3005479
3005480
3005481
3005488
3005489
3005492
3005496
3005500
3005501
3005504
3005508
3005510
3005512
3005513
3005515
3005522
3005525
3005527
3005530
3005531
3005533
3005535
3005539
3005540
3005541
3005546
3005547
3005551
3005552
3005553
3005554
3005555
3005556
3005565
3005566
3005567
3005568
3005571
3005574
3005575
3005580
3005583
3005584
3005588
3005589
3005593
3005594
3005596
3005597
3005598
3005599
3005600
3005605
3005612
3005617
3005618
3005621
3005624
3005626
3005627
3005632
3005633
3005634
3005639
3005644
3005646
3005649
3005650
3005654
3005655
3005656
3005657
3005659
3005662
3005669
3005670
3005675
3005678
3005679
3005681
3005683
3005684
3005685
3005689
3005690
3005693
3005695
3005709
3005711
3005714
3005715
3005716
3005719
3005720
3005722
3005723
3005725
3005729
3005731
3005736
3005737
3005740
3005744
3005746
3005748
3005749
3005752
3005754
3005758
3005759
3005760
3005761
3005765
3005766
3005769
3005772
3005777
3005779
3005781
3005786
3005788
3005789
3005790
3005791
3005796
3005798
3005803
3005804
3005809
3005818
3005819
3005820
3005823
3005828
3005829
3005834
3005835
3005841
3005842
3005843
3005844
3005848
3005852
3005859
3005865
3005878
3005879
3005882
3005885
3005887
3005888
3005890
3005892
3005898
3005899
3005900
3005903
3005910
3005911
3005912
3005914
3005915
3005919
3005924
3005925
3005926
3005927
3005928
3005932
3005934
3005935
3005943
3005944
3005947
3005948
3005949
3005951
3005953
3005955
3005957
3005958
3005959
3005960
3005962
3005964
3005967
3005975
3005977
3005985
3005990
3005998
3005999
3006004
3006005
3006006
3006007
3006008
3006011
3006015
3006020
3006021
3006023
3006029
3006032
3006035
3006036
3006037
3006040
3006043
3006045
3006046
3006048
3006049
3006050
3006051
3006052
3006055
3006056
3006059
3006060
3006070
3006080
3006092
3006097
3006101
3006109
3006110
3006111
3006113
3006117
3006121
3006122
3006126
3006128
3006135
3006138
3006139
3006141
3006142
3006143
3006144
3006151
3006152
3006155
3006157
3006158
3006167
3006170
3006174
3006177
3006182
3006184
3006198
3006204
3006207
3006210
3006211
3006214
3006219
3006220
3006221
3006223
3006224
3006225
3006227
3006231
3006236
3006237
3006238
3006239
3006246
3006254
3006256
3006259
3006260
3006262
3006264
3006265
3006266
3006269
3006270
3006272
3006273
3006274
3006276
3006281
3006282
3006290
3006291
3006297
3006299
3006300
3006302
3006303
3006305
3006306
3006307
3006308
3006309
3006312
3006314
3006323
3006324
3006325
3006327
3006330
3006331
3006334
3006338
3006341
3006342
3006343
3006350
3006356
3006357
3006358
3006359
3006361
3006362
3006363
3006368
3006369
3006370
3006374
3006375
3006376
3006381
3006383
3006389
3006394
3006395
3006397
3006399
3006401
3006402
3006404
3006406
3006410
3006415
3006416
3006417
3006418
3006420
3006423
3006426
3006429
3006433
3006434
3006435
3006437
3006439
3006440
3006444
3006447
3006448
3006455
3006456
3006457
3006458
3006460
3006464
3006470
3006472
3006473
3006474
3006478
3006479
3006481
3006484
3006491
3006495
3006499
3006500
3006501
3006502
3006503
3006504
3006507
3006510
3006512
3006515
3006516
3006519
3006521
3006524
3006534
3006535
3006542
3006543
3006544
3006548
3006549
3006551
3006555
3006558
3006559
3006561
3006562
3006566
3006568
3006571
3006572
3006577
3006580
3006582
3006586
3006597
3006601
3006602
3006605
3006606
3006607
3006608
3006609
3006611
3006614
3006616
3006617
3006620
3006622
3006625
3006626
3006635
3006647
3006649
3006654
3006655
3006656
3006658
3006660
3006662
3006665
3006666
3006668
3006669
3006671
3006676
3006679
3006687
3006689
3006693
3006697
3006701
3006705
3006709
3006710
3006711
3006714
3006717
3006724
3006726
3006727
3006729
3006732
3006733
3006734
3006736
3006742
3006743
3006746
3006750
3006754
3006756
3006757
3006762
3006763
3006771
3006772
3006774
3006775
3006776
3006778
3006779
3006782
3006785
3006786
3006788
3006790
3006791
3006798
3006801
3006803
3006804
3006807
3006811
3006813
3006822
3006824
3006825
3006831
3006833
3006834
3006841
3006842
3006850
3006852
3006855
3006858
3006859
3006864
3006865
3006866
3006876
3006880
3006881
3006882
3006887
3006889
3006890
3006891
3006896
3006897
3006908
3006914
3006916
3006920
3006921
3006923
3006924
3006927
3006934
3006937
3006940
3006942
3006945
3006947
3006949
3006950
3006952
3006954
3006955
3006960
3006962
3006964
3006969
3006971
3006972
3006974
3006976
3006984
3006988
3006991
3006992
3006993
3007001
3007003
3007004
3007005
3007006
3007009
3007010
3007012
3007015
3007016
3007020
3007021
3007023
3007024
3007026
3007029
3007030
3007032
3007033
3007035
3007036
3007040
3007041
3007047
3007049
3007054
3007055
3007057
3007060
3007061
3007064
3007068
3007070
3007072
3007074
3007078
3007079
3007085
3007086
3007087
3007091
3007098
3007100
3007106
3007112
3007113
3007115
3007118
3007119
3007120
3007121
3007126
3007130
3007134
3007138
3007141
3007142
3007148
3007150
3007157
3007158
3007159
3007162
3007163
3007164
3007166
3007176
3007177
3007181
3007184
3007185
3007188
3007189
3007191
3007194
3007195
3007196
3007200
3007201
3007204
3007219
3007220
3007222
3007223
3007231
3007232
3007233
3007236
3007237
3007239
3007242
3007243
3007248
3007250
3007251
3007252
3007253
3007254
3007255
3007256
3007257
3007268
3007275
3007276
3007288
3007289
3007290
3007296
3007298
3007299
3007303
3007304
3007307
3007309
3007312
3007313
3007319
3007321
3007323
3007325
3007326
3007329
3007331
3007333
3007335
3007340
3007345
3007347
3007348
3007349
3007355
3007359
3007360
3007363
3007364
3007368
3007375
3007376
3007383
3007384
3007390
3007404
3007406
3007413
3007418
3007419
3007425
3007426
3007427
3007428
3007437
3007438
3007439
3007442
3007443
3007444
3007446
3007451
3007452
3007454
3007455
3007457
3007458
3007459
3007461
3007462
3007464
3007468
3007472
3007474
3007475
3007476
3007485
3007489
3007490
3007491
3007495
3007496
3007497
3007498
3007499
3007500
3007502
3007503
3007511
3007512
3007516
3007517
3007519
3007520
3007530
3007532
3007535
3007537
3007538
3007542
3007544
3007546
3007547
3007551
3007553
3007562
3007565
3007566
3007567
3007568
3007569
3007571
3007573
3007574
3007576
3007577
3007578
3007580
3007586
3007587
3007595
3007600
3007602
3007605
3007608
3007616
3007621
3007624
3007625
3007627
3007629
3007631
3007634
3007635
3007638
3007642
3007647
3007648
3007650
3007651
3007652
3007653
3007654
3007657
3007659
3007662
3007664
3007665
3007669
3007670
3007673
3007676
3007679
3007683
3007687
3007688
3007694
3007695
3007698
3007701
3007702
3007703
3007704
3007706
3007709
3007715
3007721
3007722
3007725
3007726
3007727
3007729
3007730
3007731
3007732
3007733
3007736
3007737
3007739
3007740
3007746
3007748
3007750
3007752
3007753
3007754
3007759
3007762
3007763
3007764
3007765
3007768
3007770
3007775
3007776
3007782
3007784
3007785
3007786
3007787
3007790
3007794
3007796
3007805
3007807
3007816
3007818
3007821
3007824
3007830
3007835
3007841
3007846
3007847
3007848
3007850
3007855
3007864
3007866
3007868
3007871
3007872
3007873
3007874
3007876
3007877
3007879
3007880
3007881
3007887
3007890
3007892
3007897
3007900
3007901
3007907
3007913
3007915
3007916
3007919
3007926
3007927
3007929
3007930
3007934
3007938
3007942
3007944
3007946
3007949
3007952
3007953
3007956
3007965
3007967
3007968
3007969
3007972
3007974
3007977
3007978
3007979
3007980
3007982
3007987
3007989
3007995
3007996
3007998
3007999
3008003
3008005
3008006
3008009
3008011
3008013
3008016
3008024
3008025
3008026
3008027
3008029
3008031
3008033
3008035
3008037
3008039
3008045
3008046
3008048
3008053
3008057
3008059
3008060
3008061
3008065
3008075
3008076
3008079
3008081
3008092
3008095
3008096
3008104
3008105
3008106
3008110
3008119
3008126
3008127
3008131
3008134
3008136
3008138
3008139
3008146
3008147
3008150
3008153
3008156
3008157
3008164
3008166
3008168
3008172
3008180
3008185
3008192
3008194
3008195
3008196
3008197
3008201
3008203
3008205
3008210
3008211
3008216
3008220
3008223
3008225
3008228
3008231
3008235
3008236
3008238
3008241
3008242
3008250
3008255
3008256
3008261
3008264
3008266
3008267
3008270
3008276
3008284
3008291
3008292
3008293
3008294
3008295
3008296
3008310
3008312
3008315
3008316
3008317
3008321
3008322
3008323
3008328
3008331
3008334
3008337
3008338
3008339
3008342
3008354
3008356
3008357
3008360
3008362
3008364
3008370
3008374
3008375
3008376
3008377
3008378
3008379
3008381
3008382
3008389
3008390
3008394
3008396
3008405
3008406
3008410
3008411
3008412
3008413
3008414
3008415
3008416
3008417
3008418
3008419
3008424
3008431
3008432
3008437
3008442
3008445
3008452
3008453
3008454
3008455
3008458
3008460
3008461
3008464
3008465
3008468
3008469
3008473
3008477
3008478
3008485
3008492
3008493
3008496
3008497
3008498
3008502
3008508
3008512
3008513
3008514
3008515
3008516
3008519
3008520
3008521
3008522
3008529
3008530
3008531
3008533
3008540
3008542
3008548
3008550
3008553
3008554
3008558
3008560
3008561
3008562
3008564
3008566
3008568
3008569
3008570
3008573
3008576
3008577
3008579
3008586
3008588
3008590
3008593
3008595
3008596
3008606
3008607
3008609
3008610
3008612
3008613
3008621
3008625
3008626
3008627
3008628
3008629
3008631
3008632
3008634
3008636
3008637
3008638
3008640
3008645
3008650
3008655
3008656
3008657
3008659
3008664
3008670
3008671
3008674
3008678
3008681
3008687
3008689
3008691
3008697
3008704
3008705
3008714
3008715
3008716
3008721
3008730
3008731
3008734
3008739
3008747
3008748
3008750
3008752
3008759
3008765
3008766
3008767
3008768
3008771
3008775
3008776
3008779
3008781
3008784
3008785
3008789
3008792
3008797
3008800
3008809
3008813
3008816
3008817
3008820
3008822
3008824
3008838
3008844
3008848
3008851
3008854
3008856
3008861
3008863
3008865
3008869
3008871
3008873
3008874
3008875
3008878
3008882
3008883
3008884
3008887
3008888
3008892
3008893
3008894
3008895
3008897
3008905
3008909
3008912
3008913
3008914
3008915
3008918
3008924
3008925
3008926
3008927
3008930
3008931
3008935
3008936
3008937
3008938
3008941
3008943
3008944
3008946
3008947
3008949
3008960
3008961
3008962
3008971
3008978
3008982
3008983
3008985
3008990
3008995
3008997
3009006
3009010
3009011
3009018
3009019
3009022
3009023
3009025
3009030
3009031
3009034
3009037
3009038
3009055
3009057
3009064
3009065
3009066
3009068
3009072
3009074
3009076
3009077
3009079
3009081
3009082
3009087
3009088
3009089
3009090
3009091
3009102
3009104
3009106
3009107
3009109
3009111
3009112
3009113
3009118
3009126
3009128
3009129
3009131
3009133
3009134
3009136
3009137
3009139
3009141
3009142
3009145
3009146
3009148
3009149
3009154
3009157
3009162
3009167
3009171
3009172
3009173
3009176
3009177
3009178
3009181
3009183
3009187
3009188
3009198
3009201
3009203
3009205
3009207
3009210
3009212
3009217
3009227
3009231
3009232
3009238
3009241
3009243
3009245
3009247
3009250
3009251
3009253
3009256
3009257
3009264
3009265
3009268
3009270
3009271
3009275
3009276
3009279
3009283
3009284
3009285
3009287
3009290
3009291
3009312
3009314
3009317
3009318
3009320
3009321
3009322
3009323
3009327
3009331
3009342
3009345
3009346
3009347
3009348
3009349
3009351
3009354
3009357
3009360
3009363
3009365
3009366
3009367
3009369
3009371
3009372
3009373
3009377
3009382
3009384
3009394
3009395
3009397
3009401
3009403
3009409
3009419
3009424
3009427
3009428
3009431
3009435
3009436
3009438
3009439
3009440
3009442
3009445
3009451
3009452
3009454
3009455
3009456
3009458
3009463
3009464
3009465
3009467
3009471
3009475
3009477
3009481
3009483
3009484
3009486
3009487
3009488
3009492
3009493
3009495
3009502
3009503
3009505
3009507
3009510
3009512
3009515
3009522
3009523
3009529
3009533
3009538
3009542
3009546
3009547
3009554
3009556
3009560
3009561
3009562
3009565
3009566
3009568
3009570
3009573
3009574
3009576
3009577
3009580
3009589
3009591
3009607
3009608
3009609
3009610
3009611
3009614
3009619
3009620
3009623
3009624
3009629
3009631
3009633
3009637
3009640
3009644
3009652
3009659
3009661
3009662
3009663
3009669
3009674
3009676
3009678
3009682
3009685
3009686
3009691
3009695
3009698
3009699
3009700
3009701
3009702
3009707
3009711
3009712
3009715
3009716
3009717
3009719
3009721
3009722
3009725
3009726
3009727
3009728
3009730
3009735
3009736
3009742
3009745
3009747
3009749
3009752
3009755
3009756
3009757
3009760
3009764
3009766
3009768
3009773
3009774
3009775
3009776
3009779
3009783
3009784
3009792
3009794
3009795
3009803
3009808
3009809
3009810
3009811
3009817
3009818
3009825
3009827
3009828
3009830
3009832
3009834
3009837
3009842
3009844
3009849
3009850
3009852
3009858
3009862
3009864
3009868
3009871
3009874
3009878
3009879
3009881
3009886
3009889
3009890
3009893
3009894
3009896
3009902
3009909
3009910
3009912
3009926
3009927
3009935
3009940
3009941
3009942
3009948
3009954
3009956
3009959
3009962
3009967
3009968
3009969
3009970
3009971
3009976
3009979
3009982
3009983
3009987
3009989
3009997
3009999
3010000
3010002
3010008
3010013
3010014
3010017
3010020
3010025
3010034
3010035
3010036
3010038
3010039
3010042
3010043
3010044
3010056
3010057
3010060
3010061
3010062
3010063
3010067
3010068
3010072
3010083
3010085
3010090
3010091
3010095
3010097
3010098
3010099
3010101
3010109
3010112
3010115
3010116
3010121
3010125
3010126
3010132
3010134
3010137
3010138
3010140
3010141
3010142
3010145
3010147
3010148
3010155
3010161
3010162
3010164
3010166
3010167
3010169
3010173
3010175
3010176
3010178
3010180
3010181
3010183
3010186
3010187
3010188
3010189
3010191
3010192
3010194
3010195
3010198
3010203
3010205
3010213
3010214
3010215
3010225
3010227
3010228
3010230
3010235
3010236
3010239
3010248
3010249
3010250
3010251
3010253
3010256
3010267
3010270
3010273
3010275
3010276
3010277
3010280
3010281
3010285
3010286
3010287
3010289
3010290
3010295
3010298
3010299
3010302
3010307
3010310
3010313
3010314
3010317
3010318
3010321
3010323
3010327
3010330
3010332
3010333
3010335
3010336
3010337
3010340
3010341
3010342
3010343
3010344
3010351
3010353
3010356
3010357
3010360
3010363
3010364
3010371
3010372
3010373
3010375
3010376
3010378
3010386
3010387
3010391
3010392
3010397
3010398
3010403
3010404
3010406
3010413
3010414
3010415
3010416
3010418
3010421
3010430
3010432
3010434
3010435
3010436
3010440
3010441
3010444
3010445
3010455
3010460
3010461
3010463
3010464
3010467
3010471
3010472
3010474
3010477
3010478
3010479
3010483
3010485
3010486
3010493
3010495
3010496
3010498
3010501
3010503
3010504
3010510
3010513
3010514
3010518
3010521
3010523
3010525
3010526
3010527
3010528
3010530
3010533
3010534
3010537
3010538
3010540
3010544
3010545
3010546
3010547
3010548
3010549
3010550
3010551
3010552
3010554
3010555
3010556
3010557
3010558
3010560
3010567
3010569
3010570
3010571
3010576
3010582
3010583
3010585
3010588
3010589
3010594
3010600
3010601
3010613
3010614
3010622
3010623
3010625
3010634
3010638
3010639
3010640
3010641
3010646
3010647
3010654
3010656
3010657
3010658
3010659
3010660
3010661
3010665
3010666
3010671
3010672
3010673
3010674
3010676
3010681
3010686
3010687
3010688
3010692
3010693
3010698
3010701
3010704
3010706
3010708
3010710
3010712
3010713
3010717
3010720
3010721
3010722
3010723
3010725
3010726
3010728
3010729
3010731
3010732
3010737
3010739
3010742
3010743
3010744
3010748
3010749
3010751
3010752
3010753
3010754
3010757
3010762
3010765
3010766
3010767
3010768
3010777
3010786
3010788
3010790
3010791
3010797
3010800
3010803
3010804
3010805
3010815
3010817
3010822
3010825
3010827
3010832
3010834
3010836
3010837
3010838
3010839
3010841
3010843
3010844
3010845
3010846
3010855
3010862
3010864
3010868
3010869
3010881
3010883
3010889
3010896
3010897
3010898
3010900
3010902
3010903
3010905
3010913
3010914
3010915
3010917
3010925
3010926
3010931
3010932
3010935
3010936
3010940
3010944
3010948
3010953
3010954
3010956
3010958
3010962
3010963
3010966
3010969
3010973
3010977
3010978
3010986
3010992
3010994
3010995
3010997
3011003
3011015
3011017
3011018
3011019
3011021
3011023
3011027
3011028
3011032
3011033
3011034
3011035
3011036
3011037
3011040
3011041
3011043
3011044
3011045
3011046
3011047
3011049
3011053
3011054
3011065
3011067
3011069
3011074
3011075
3011078
3011079
3011081
3011083
3011085
3011086
3011088
3011089
3011090
3011098
3011099
3011102
3011103
3011104
3011105
3011111
3011112
3011116
3011121
3011124
3011128
3011129
3011131
3011132
3011133
3011136
3011137
3011140
3011141
3011144
3011147
3011149
3011150
3011155
3011158
3011160
3011163
3011172
3011173
3011174
3011175
3011176
3011179
3011182
3011183
3011184
3011185
3011186
3011187
3011189
3011192
3011196
3011200
3011202
3011206
3011207
3011208
3011209
3011211
3011212
3011213
3011214
3011216
3011217
3011221
3011226
3011227
3011231
3011232
3011241
3011245
3011250
3011252
3011256
3011259
3011261
3011264
3011265
3011269
3011273
3011274
3011278
3011281
3011283
3011285
3011286
3011287
3011288
3011291
3011299
3011303
3011305
3011306
3011307
3011316
3011323
3011324
3011325
3011328
3011329
3011330
3011332
3011336
3011344
3011345
3011352
3011358
3011360
3011361
3011365
3011370
3011372
3011376
3011377
3011380
3011383
3011389
3011390
3011391
3011401
3011403
3011406
3011408
3011410
3011413
3011414
3011415
3011416
3011418
3011424
3011427
3011429
3011434
3011437
3011439
3011441
3011442
3011443
3011444
3011446
3011449
3011453
3011456
3011461
3011463
3011464
3011468
3011472
3011473
3011486
3011488
3011489
3011496
3011497
3011507
3011512
3011513
3011517
3011518
3011520
3011521
3011525
3011526
3011527
3011528
3011530
3011532
3011533
3011535
3011537
3011539
3011543
3011548
3011551
3011552
3011553
3011559
3011560
3011564
3011565
3011569
3011570
3011571
3011572
3011573
3011574
3011575
3011577
3011580
3011581
3011582
3011583
3011584
3011588
3011589
3011590
3011592
3011593
3011596
3011598
3011599
3011601
3011602
3011605
3011609
3011611
3011614
3011616
3011617
3011618
3011619
3011620
3011622
3011623
3011625
3011626
3011631
3011640
3011642
3011647
3011648
3011649
3011650
3011652
3011655
3011660
3011662
3011663
3011664
3011668
3011669
3011672
3011675
3011677
3011678
3011679
3011682
3011683
3011684
3011685
3011686
3011688
3011689
3011690
3011691
3011692
3011694
3011695
3011701
3011705
3011709
3011714
3011717
3011719
3011720
3011721
3011724
3011730
3011731
3011732
3011741
3011743
3011745
3011746
3011750
3011757
3011758
3011759
3011760
3011761
3011766
3011768
3011769
3011770
3011773
3011775
3011778
3011781
3011782
3011783
3011787
3011788
3011789
3011791
3011794
3011795
3011796
3011797
3011798
3011799
3011800
3011801
3011803
3011805
3011809
3011811
3011815
3011816
3011817
3011820
3011821
3011823
3011824
3011828
3011830
3011832
3011833
3011834
3011839
3011840
3011841
3011845
3011847
3011850
3011852
3011854
3011859
3011860
3011862
3011866
3011867
3011876
3011880
3011885
3011888
3011889
3011894
3011895
3011897
3011902
3011905
3011906
3011907
3011908
3011913
3011914
3011916
3011917
3011918
3011924
3011925
3011926
3011928
3011930
3011931
3011937
3011939
3011940
3011942
3011943
3011944
3011945
3011946
3011948
3011960
3011962
3011967
3011969
3011970
3011975
3011976
3011978
3011983
3011985
3011986
3011987
3011992
3011994
3011995
3012000
3012001
3012002
3012003
3012006
3012007
3012008
3012011
3012012
3012022
3012024
3012029
3012033
3012037
3012039
3012044
3012049
3012050
3012052
3012053
3012055
3012058
3012063
3012064
3012067
3012068
3012069
3012072
3012073
3012076
3012077
3012078
3012081
3012082
3012087
3012088
3012089
3012093
3012095
3012096
3012099
3012100
3012101
3012106
3012109
3012110
3012111
3012119
3012120
3012122
3012127
3012129
3012136
3012138
3012140
3012142
3012145
3012146
3012147
3012148
3012149
3012155
3012162
3012163
3012165
3012167
3012168
3012169
3012170
3012172
3012175
3012176
3012178
3012179
3012180
3012181
3012184
3012195
3012197
3012198
3012199
3012203
3012218
3012219
3012220
3012221
3012228
3012230
3012235
3012236
3012239
3012241
3012242
3012247
3012248
3012250
3012254
3012256
3012258
3012260
3012261
3012262
3012264
3012267
3012268
3012272
3012273
3012274
3012276
3012283
3012287
3012289
3012294
3012299
3012301
3012302
3012304
3012308
3012311
3012312
3012316
3012318
3012320
3012325
3012327
3012334
3012340
3012343
3012344
3012353
3012359
3012361
3012362
3012363
3012365
3012372
3012373
3012375
3012376
3012379
3012380
3012386
3012388
3012389
3012390
3012392
3012393
3012394
3012395
3012396
3012398
3012402
3012404
3012405
3012410
3012414
3012415
3012423
3012428
3012435
3012438
3012440
3012443
3012445
3012446
3012447
3012450
3012453
3012456
3012461
3012462
3012463
3012465
3012470
3012472
3012473
3012474
3012475
3012479
3012480
3012486
3012487
3012490
3012491
3012492
3012497
3012500
3012501
3012505
3012506
3012518
3012519
3012526
3012528
3012532
3012534
3012546
3012549
3012550
3012555
3012558
3012559
3012560
3012561
3012564
3012565
3012566
3012569
3012571
3012577
3012578
3012579
3012581
3012590
3012591
3012592
3012593
3012597
3012599
3012601
3012602
3012603
3012604
3012605
3012606
3012607
3012608
3012609
3012610
3012611
3012613
3012614
3012615
3012617
3012618
3012621
3012623
3012625
3012626
3012627
3012631
3012632
3012634
3012635
3012636
3012638
3012642
3012645
3012647
3012648
3012650
3012657
3012658
3012661
3012662
3012663
3012668
3012669
3012670
3012672
3012673
3012674
3012682
3012683
3012684
3012685
3012686
3012687
3012690
3012691
3012692
3012693
3012695
3012696
3012701
3012702
3012703
3012704
3012710
3012713
3012715
3012719
3012721
3012722
3012723
3012727
3012728
3012729
3012730
3012736
3012742
3012743
3012747
3012751
3012752
3012754
3012755
3012758
3012760
3012761
3012762
3012765
3012767
3012770
3012771
3012774
3012776
3012780
3012783
3012784
3012788
3012789
3012790
3012792
3012793
3012794
3012796
3012799
3012801
3012805
3012808
3012809
3012812
3012820
3012822
3012824
3012826
3012827
3012829
3012830
3012831
3012833
3012834
3012836
3012837
3012838
3012839
3012843
3012844
3012849
3012854
3012857
3012858
3012859
3012860
3012862
3012865
3012866
3012867
3012868
3012871
3012872
3012874
3012875
3012876
3012881
3012886
3012889
3012891
3012893
3012894
3012895
3012896
3012898
3012899
3012900
3012905
3012907
3012911
3012913
3012915
3012918
3012921
3012924
3012926
3012927
3012929
3012932
3012934
3012937
3012938
3012945
3012947
3012948
3012949
3012953
3012956
3012958
3012961
3012972
3012973
3012974
3012975
3012976
3012978
3012982
3012984
3012985
3012989
3012990
3012996
3012997
3013000
3013003
3013004
3013005
3013007
3013014
3013016
3013017
3013018
3013019
3013020
3013023
3013027
3013030
3013031
3013032
3013035
3013037
3013040
3013042
3013047
3013054
3013057
3013059
3013061
3013062
3013064
3013065
3013066
3013067
3013069
3013072
3013073
3013074
3013075
3013080
3013082
3013084
3013086
3013088
3013091
3013092
3013093
3013094
3013098
3013099
3013101
3013102
3013103
3013105
3013112
3013115
3013116
3013120
3013122
3013124
3013125
3013126
3013127
3013132
3013133
3013134
3013137
3013138
3013141
3013146
3013148
3013149
3013151
3013154
3013160
3013161
3013163
3013165
3013169
3013172
3013174
3013177
3013179
3013180
3013183
3013184
3013186
3013191
3013198
3013199
3013202
3013204
3013205
3013206
3013207
3013210
3013211
3013212
3013216
3013217
3013218
3013220
3013221
3013222
3013228
3013229
3013232
3013233
3013234
3013235
3013237
3013239
3013242
3013243
3013244
3013245
3013253
3013254
3013256
3013259
3013260
3013263
3013266
3013268
3013269
3013270
3013271
3013272
3013274
3013276
3013278
3013279
3013280
3013285
3013293
3013294
3013296
3013297
3013298
3013300
3013302
3013312
3013314
3013316
3013317
3013322
3013323
3013324
3013325
3013328
3013329
3013335
3013337
3013339
3013340
3013342
3013350
3013354
3013355
3013356
3013357
3013358
3013359
3013360
3013361
3013363
3013364
3013365
3013367
3013374
3013378
3013380
3013381
3013383
3013384
3013385
3013388
3013393
3013396
3013397
3013399
3013402
3013403
3013405
3013411
3013414
3013417
3013418
3013419
3013420
3013421
3013422
3013423
3013424
3013426
3013427
3013430
3013437
3013438
3013440
3013442
3013443
3013445
3013446
3013448
3013449
3013450
3013451
3013452
3013457
3013458
3013459
3013466
3013467
3013468
3013470
3013472
3013473
3013474
3013475
3013479
3013481
3013482
3013483
3013486
3013488
3013489
3013496
3013497
3013501
3013503
3013507
3013508
3013517
3013518
3013523
3013525
3013527
3013528
3013530
3013532
3013537
3013540
3013541
3013548
3013549
3013550
3013551
3013552
3013554
3013556
3013557
3013558
3013563
3013564
3013569
3013572
3013573
3013576
3013579
3013581
3013582
3013586
3013588
3013593
3013594
3013595
3013596
3013597
3013598
3013599
3013600
3013601
3013603
3013606
3013607
3013608
3013614
3013619
3013620
3013621
3013624
3013629
3013633
3013635
3013636
3013638
3013639
3013640
3013653
3013656
3013657
3013659
3013660
3013665
3013670
3013671
3013674
3013678
3013679
3013683
3013688
3013695
3013696
3013705
3013713
3013715
3013716
3013718
3013720
3013723
3013726
3013730
3013733
3013735
3013742
3013746
3013751
3013752
3013753
3013758
3013765
3013766
3013768
3013771
3013774
3013775
3013778
3013779
3013781
3013783
3013784
3013793
3013798
3013800
3013801
3013802
3013806
3013808
3013810
3013811
3013812
3013813
3013816
3013819
3013820
3013825
3013826
3013827
3013828
3013830
3013831
3013833
3013841
3013844
3013845
3013850
3013851
3013854
3013857
3013863
3013864
3013868
3013873
3013875
3013876
3013878
3013879
3013880
3013881
3013883
3013886
3013891
3013897
3013898
3013899
3013901
3013902
3013911
3013913
3013914
3013915
3013920
3013921
3013925
3013927
3013929
3013930
3013931
3013934
3013940
3013942
3013943
3013944
3013946
3013949
3013951
3013955
3013956
3013957
3013959
3013964
3013966
3013967
3013969
3013970
3013974
3013976
3013977
3013978
3013979
3013980
3013985
3013986
3013987
3013988
3013990
3013991
3013992
3013993
3013995
3013997
3014002
3014003
3014007
3014009
3014013
3014019
3014021
3014022
3014023
3014031
3014032
3014038
3014040
3014042
3014045
3014047
3014050
3014051
3014053
3014055
3014056
3014057
3014059
3014060
3014065
3014067
3014068
3014069
3014080
3014085
3014087
3014088
3014095
3014097
3014099
3014106
3014107
3014109
3014116
3014119
3014120
3014124
3014126
3014129
3014133
3014137
3014140
3014141
3014143
3014144
3014154
3014158
3014160
3014164
3014166
3014167
3014170
3014175
3014176
3014179
3014180
3014182
3014183
3014189
3014195
3014196
3014199
3014202
3014204
3014205
3014210
3014212
3014213
3014214
3014215
3014216
3014220
3014221
3014222
3014226
3014230
3014234
3014239
3014240
3014245
3014250
3014251
3014252
3014254
3014256
3014257
3014258
3014259
3014260
3014265
3014267
3014268
3014273
3014276
3014277
3014282
3014286
3014287
3014288
3014290
3014293
3014296
3014300
3014302
3014303
3014311
3014320
3014321
3014323
3014327
3014329
3014334
3014346
3014347
3014352
3014354
3014355
3014360
3014361
3014362
3014366
3014369
3014372
3014375
3014377
3014379
3014380
3014381
3014384
3014385
3014386
3014394
3014396
3014397
3014399
3014402
3014414
3014415
3014418
3014419
3014420
3014422
3014427
3014430
3014434
3014437
3014440
3014442
3014449
3014451
3014452
3014453
3014456
3014459
3014462
3014464
3014475
3014479
3014481
3014487
3014491
3014492
3014497
3014499
3014501
3014502
3014503
3014506
3014511
3014512
3014513
3014514
3014516
3014517
3014523
3014524
3014525
3014527
3014530
3014531
3014532
3014534
3014541
3014542
3014549
3014550
3014555
3014557
3014561
3014562
3014564
3014567
3014568
3014569
3014571
3014573
3014574
3014576
3014577
3014579
3014586
3014589
3014598
3014601
3014602
3014603
3014605
3014608
3014616
3014617
3014619
3014620
3014623
3014630
3014634
3014639
3014640
3014641
3014642
3014643
3014646
3014648
3014649
3014650
3014654
3014656
3014657
3014659
3014660
3014664
3014665
3014666
3014667
3014669
3014671
3014672
3014673
3014683
3014684
3014686
3014687
3014688
3014689
3014690
3014691
3014692
3014696
3014698
3014700
3014702
3014703
3014706
3014708
3014711
3014712
3014714
3014716
3014722
3014729
3014730
3014731
3014734
3014735
3014736
3014737
3014738
3014741
3014742
3014745
3014746
3014747
3014748
3014752
3014756
3014761
3014768
3014769
3014770
3014771
3014772
3014780
3014782
3014788
3014789
3014790
3014793
3014794
3014799
3014802
3014805
3014810
3014815
3014817
3014818
3014819
3014821
3014822
3014823
3014825
3014826
3014829
3014835
3014836
3014838
3014842
3014847
3014848
3014853
3014856
3014857
3014858
3014859
3014860
3014861
3014862
3014865
3014870
3014873
3014874
3014880
3014881
3014885
3014892
3014895
3014899
3014900
3014903
3014905
3014906
3014907
3014908
3014910
3014911
3014914
3014918
3014920
3014921
3014924
3014925
3014928
3014930
3014932
3014933
3014935
3014938
3014941
3014942
3014943
3014944
3014947
3014950
3014951
3014953
3014955
3014966
3014972
3014973
3014975
3014978
3014980
3014982
3014987
3014988
3014993
3014994
3014995
3014996
3015000
3015007
3015008
3015009
3015010
3015012
3015015
3015017
3015019
3015020
3015024
3015025
3015032
3015035
3015036
3015039
3015041
3015045
3015047
3015050
3015052
3015054
3015055
3015057
3015058
3015063
3015066
3015067
3015071
3015072
3015073
3015074
3015075
3015076
3015082
3015088
3015089
3015092
3015094
3015095
3015103
3015109
3015110
3015113
3015114
3015115
3015117
3015118
3015119
3015124
3015126
3015130
3015133
3015135
3015141
3015143
3015144
3015147
3015149
3015152
3015153
3015154
3015156
3015159
3015160
3015161
3015171
3015173
3015175
3015179
3015186
3015189
3015190
3015192
3015193
3015200
3015201
3015203
3015204
3015208
3015209
3015210
3015213
3015214
3015216
3015217
3015219
3015221
3015222
3015225
3015229
3015230
3015235
3015236
3015239
3015243
3015244
3015245
3015247
3015248
3015251
3015253
3015254
3015258
3015264
3015271
3015272
3015274
3015277
3015282
3015284
3015285
3015287
3015288
3015289
3015294
3015299
3015302
3015303
3015304
3015309
3015312
3015317
3015319
3015325
3015327
3015331
3015333
3015335
3015336
3015342
3015344
3015349
3015354
3015357
3015358
3015359
3015360
3015365
3015368
3015371
3015372
3015373
3015374
3015375
3015379
3015380
3015384
3015387
3015389
3015390
3015391
3015393
3015394
3015395
3015397
3015399
3015404
3015405
3015407
3015411
3015413
3015424
3015425
3015427
3015432
3015433
3015435
3015436
3015441
3015443
3015446
3015447
3015456
3015457
3015458
3015461
3015463
3015464
3015467
3015468
3015470
3015473
3015482
3015484
3015492
3015494
3015499
3015501
3015505
3015507
3015510
3015511
3015514
3015515
3015520
3015521
3015523
3015529
3015530
3015535
3015540
3015541
3015543
3015544
3015547
3015556
3015558
3015559
3015561
3015563
3015566
3015567
3015568
3015574
3015575
3015577
3015580
3015581
3015585
3015586
3015589
3015590
3015591
3015592
3015593
3015594
3015596
3015603
3015606
3015607
3015610
3015611
3015615
3015621
3015623
3015630
3015631
3015632
3015634
3015635
3015636
3015638
3015644
3015649
3015660
3015663
3015664
3015670
3015671
3015672
3015673
3015676
3015680
3015685
3015687
3015688
3015689
3015691
3015698
3015699
3015708
3015710
3015714
3015719
3015726
3015727
3015732
3015735
3015736
3015737
3015739
3015743
3015744
3015745
3015747
3015753
3015754
3015758
3015759
3015763
3015766
3015767
3015770
3015771
3015772
3015774
3015777
3015778
3015779
3015781
3015786
3015787
3015788
3015790
3015791
3015792
3015793
3015795
3015799
3015800
3015803
3015804
3015808
3015810
3015812
3015814
3015815
3015822
3015824
3015825
3015826
3015829
3015830
3015831
3015833
3015835
3015836
3015837
3015842
3015843
3015844
3015853
3015854
3015856
3015860
3015862
3015870
3015872
3015884
3015893
3015895
3015896
3015898
3015901
3015902
3015906
3015908
3015911
3015913
3015917
3015920
3015922
3015923
3015924
3015926
3015930
3015939
3015940
3015947
3015950
3015954
3015955
3015958
3015963
3015973
3015976
3015980
3015982
3015983
3015985
3015987
3015988
3015992
3015998
3015999
3016000
3016001
3016004
3016008
3016009
3016010
3016011
3016015
3016016
3016021
3016022
3016023
3016024
3016025
3016026
3016027
3016030
3016033
3016035
3016038
3016039
3016040
3016043
3016045
3016046
3016047
3016048
3016049
3016050
3016051
3016053
3016063
3016066
3016069
3016074
3016079
3016080
3016083
3016085
3016086
3016089
3016093
3016097
3016100
3016101
3016106
3016108
3016111
3016112
3016113
3016114
3016117
3016118
3016119
3016120
3016121
3016122
3016125
3016127
3016137
3016143
3016144
3016147
3016149
3016153
3016158
3016159
3016160
3016162
3016163
3016164
3016166
3016168
3016171
3016176
3016178
3016179
3016180
3016181
3016185
3016189
3016197
3016199
3016200
3016202
3016204
3016207
3016209
3016212
3016213
3016214
3016215
3016218
3016220
3016223
3016224
3016227
3016231
3016232
3016233
3016234
3016235
3016236
3016237
3016238
3016239
3016240
3016241
3016242
3016243
3016245
3016246
3016247
3016248
3016253
3016254
3016255
3016256
3016257
3016260
3016262
3016263
3016269
3016270
3016271
3016279
3016284
3016286
3016291
3016301
3016302
3016304
3016307
3016309
3016310
3016321
3016325
3016326
3016330
3016334
3016336
3016338
3016339
3016340
3016342
3016343
3016345
3016346
3016347
3016348
3016349
3016350
3016351
3016352
3016354
3016358
3016359
3016360
3016361
3016363
3016364
3016365
3016369
3016370
3016371
3016372
3016374
3016377
3016378
3016379
3016380
3016381
3016384
3016389
3016390
3016395
3016396
3016398
3016400
3016401
3016409
3016411
3016412
3016413
3016414
3016415
3016416
3016417
3016418
3016419
3016420
3016421
3016423
3016424
3016425
3016430
3016432
3016434
3016435
3016436
3016440
3016441
3016442
3016443
3016444
3016446
3016452
3016453
3016454
3016458
3016462
3016464
3016465
3016466
3016468
3016470
3016471
3016472
3016473
3016475
3016480
3016481
3016482
3016483
3016484
3016487
3016490
3016492
3016494
3016495
3016497
3016498
3016501
3016503
3016505
3016506
3016508
3016510
3016514
3016515
3016516
3016517
3016518
3016519
3016521
3016522
3016523
3016524
3016526
3016528
3016533
3016537
3016538
3016539
3016540
3016541
3016543
3016544
3016546
3016547
3016549
3016551
3016552
3016554
3016555
3016556
3016558
3016561
3016562
3016563
3016565
3016567
3016572
3016573
3016574
3016575
3016576
3016577
3016578
3016580
3016581
3016582
3016583
3016584
3016585
3016586
3016587
3016588
3016589
3016596
3016601
3016602
3016603
3016604
3016605
3016606
3016607
3016608
3016609
3016610
3016611
3016612
3016613
3016614
3016615
3016617
3016618
3016619
3016620
3016621
3016622
3016623
3016624
3016625
3016626
3016627
3016628
3016629
3016630
3016631
3016632
3016633
3016634
3016635
3016636
3016637
3016638
3016642
3016643
3016644
3016645
3016646
3016655
3016656
3016657
3016658
3016668
3016669
3016670
3016671
3016676
3016677
3016689
3016690
3016696
3016697
3016698
3016700
3016701
3016702
3016708
3016711
3016713
3016716
3016717
3016718
3016719
3016724
3016725
3016729
3016730
3016732
3016736
3016737
3016742
3016744
3016746
3016750
3016753
3016760
3016761
3016765
3016777
3016783
3016785
3016786
3016787
3016794
3016801
3016802
3016804
3016808
3016809
3016821
3016822
3016824
3016833
3016835
3016836
3016838
3016839
3016840
3016842
3016843
3016845
3016851
3016853
3016856
3016857
3016859
3016860
3016863
3016864
3016866
3016867
3016870
3016871
3016875
3016878
3016879
3016883
3016884
3016887
3016890
3016894
3016896
3016898
3016900
3016902
3016904
3016905
3016907
3016908
3016909
3016910
3016911
3016912
3016913
3016914
3016915
3016916
3016918
3016921
3016923
3016928
3016931
3016934
3016935
3016947
3016949
3016952
3016954
3016955
3016957
3016958
3016962
3016965
3016969
3016977
3016978
3016984
3016986
3016992
3016994
3017003
3017004
3017005
3017006
3017016
3017019
3017022
3017024
3017027
3017033
3017038
3017039
3017041
3017042
3017046
3017049
3017050
3017054
3017055
3017061
3017063
3017068
3017070
3017071
3017078
3017079
3017081
3017083
3017088
3017094
3017095
3017098
3017101
3017107
3017108
3017110
3017112
3017113
3017115
3017117
3017120
3017124
3017125
3017128
3017129
3017131
3017132
3017133
3017134
3017136
3017137
3017139
3017142
3017143
3017144
3017145
3017146
3017149
3017150
3017151
3017161
3017162
3017167
3017172
3017179
3017184
3017191
3017192
3017194
3017195
3017196
3017197
3017199
3017201
3017202
3017205
3017206
3017211
3017212
3017213
3017214
3017215
3017216
3017217
3017220
3017221
3017224
3017225
3017227
3017228
3017231
3017232
3017236
3017238
3017243
3017251
3017252
3017253
3017255
3017256
3017257
3017258
3017260
3017261
3017263
3017266
3017267
3017269
3017270
3017275
3017279
3017280
3017282
3017286
3017300
3017301
3017302
3017303
3017305
3017308
3017309
3017312
3017314
3017315
3017316
3017317
3017321
3017324
3017325
3017326
3017327
3017328
3017329
3017331
3017333
3017340
3017341
3017342
3017344
3017349
3017350
3017351
3017353
3017356
3017358
3017359
3017362
3017367
3017371
3017372
3017375
3017379
3017380
3017382
3017390
3017392
3017393
3017395
3017398
3017402
3017403
3017406
3017408
3017409
3017411
3017419
3017421
3017424
3017426
3017427
3017428
3017429
3017432
3017439
3017442
3017447
3017449
3017451
3017454
3017455
3017456
3017458
3017459
3017460
3017461
3017463
3017464
3017466
3017467
3017472
3017476
3017478
3017481
3017482
3017488
3017490
3017492
3017493
3017495
3017496
3017503
3017504
3017505
3017506
3017508
3017511
3017513
3017514
3017515
3017516
3017518
3017519
3017520
3017521
3017523
3017524
3017525
3017526
3017527
3017528
3017529
3017530
3017531
3017533
3017534
3017539
3017540
3017541
3017542
3017546
3017547
3017550
3017554
3017556
3017558
3017560
3017562
3017563
3017564
3017566
3017567
3017573
3017574
3017576
3017577
3017578
3017579
3017581
3017582
3017586
3017587
3017592
3017593
3017597
3017599
3017602
3017603
3017605
3017608
3017611
3017612
3017614
3017615
3017617
3017618
3017619
3017620
3017623
3017626
3017627
3017628
3017631
3017633
3017634
3017637
3017642
3017645
3017647
3017648
3017659
3017664
3017665
3017671
3017672
3017674
3017676
3017677
3017683
3017687
3017690
3017692
3017694
3017697
3017705
3017707
3017708
3017711
3017714
3017715
3017718
3017719
3017722
3017725
3017728
3017731
3017733
3017734
3017735
3017737
3017739
3017740
3017744
3017745
3017750
3017753
3017755
3017760
3017763
3017768
3017770
3017771
3017777
3017778
3017780
3017783
3017785
3017786
3017787
3017788
3017789
3017790
3017791
3017792
3017802
3017803
3017807
3017808
3017811
3017813
3017815
3017817
3017819
3017820
3017825
3017829
3017830
3017831
3017832
3017838
3017839
3017840
3017842
3017843
3017847
3017848
3017851
3017853
3017856
3017861
3017862
3017863
3017865
3017868
3017869
3017871
3017874
3017879
3017889
3017890
3017891
3017893
3017894
3017901
3017910
3017912
3017915
3017918
3017919
3017920
3017923
3017926
3017928
3017930
3017933
3017934
3017935
3017937
3017939
3017942
3017943
3017944
3017945
3017946
3017951
3017952
3017955
3017956
3017959
3017960
3017961
3017962
3017969
3017970
3017971
3017975
3017978
3017979
3017983
3017986
3017989
3017999
3018000
3018003
3018009
3018011
3018014
3018018
3018023
3018024
3018025
3018027
3018030
3018035
3018037
3018038
3018048
3018049
3018050
3018052
3018054
3018055
3018059
3018061
3018062
3018066
3018068
3018069
3018073
3018074
3018075
3018076
3018079
3018080
3018083
3018084
3018088
3018091
3018092
3018093
3018094
3018096
3018103
3018104
3018107
3018108
3018116
3018121
3018122
3018124
3018133
3018134
3018136
3018141
3018143
3018145
3018146
3018148
3018149
3018152
3018153
3018154
3018155
3018158
3018160
3018162
3018163
3018164
3018166
3018167
3018176
3018179
3018180
3018182
3018183
3018184
3018185
3018188
3018189
3018191
3018197
3018201
3018202
3018203
3018207
3018210
3018212
3018213
3018215
3018216
3018219
3018221
3018223
3018225
3018226
3018227
3018228
3018232
3018234
3018236
3018238
3018240
3018241
3018243
3018247
3018250
3018251
3018252
3018253
3018254
3018257
3018264
3018265
3018267
3018270
3018272
3018275
3018280
3018286
3018287
3018290
3018295
3018297
3018298
3018300
3018301
3018306
3018307
3018311
3018317
3018320
3018325
3018327
3018330
3018332
3018335
3018336
3018337
3018338
3018342
3018347
3018353
3018357
3018358
3018363
3018364
3018366
3018369
3018370
3018375
3018378
3018379
3018380
3018381
3018385
3018387
3018389
3018392
3018396
3018401
3018402
3018403
3018407
3018409
3018410
3018416
3018418
3018419
3018420
3018421
3018426
3018427
3018436
3018439
3018440
3018442
3018443
3018449
3018450
3018453
3018454
3018456
3018458
3018459
3018461
3018464
3018471
3018473
3018474
3018475
3018478
3018479
3018481
3018483
3018485
3018487
3018491
3018492
3018495
3018497
3018498
3018499
3018501
3018502
3018503
3018504
3018507
3018509
3018512
3018513
3018516
3018519
3018520
3018522
3018524
3018525
3018527
3018528
3018532
3018533
3018536
3018537
3018539
3018546
3018553
3018555
3018558
3018560
3018561
3018562
3018564
3018565
3018566
3018567
3018569
3018575
3018579
3018580
3018581
3018582
3018584
3018585
3018589
3018592
3018593
3018594
3018596
3018598
3018599
3018600
3018601
3018602
3018603
3018604
3018606
3018607
3018609
3018612
3018613
3018619
3018625
3018626
3018629
3018631
3018634
3018636
3018639
3018641
3018643
3018645
3018646
3018650
3018651
3018653
3018654
3018659
3018666
3018667
3018668
3018669
3018671
3018672
3018676
3018677
3018678
3018681
3018682
3018683
3018685
3018687
3018688
3018694
3018697
3018698
3018700
3018703
3018705
3018706
3018710
3018712
3018716
3018718
3018719
3018720
3018721
3018725
3018727
3018729
3018730
3018735
3018739
3018747
3018748
3018749
3018750
3018751
3018753
3018754
3018759
3018760
3018763
3018766
3018767
3018777
3018781
3018783
3018786
3018792
3018795
3018796
3018797
3018798
3018799
3018800
3018802
3018806
3018810
3018812
3018813
3018819
3018827
3018833
3018834
3018835
3018846
3018847
3018848
3018849
3018853
3018855
3018858
3018861
3018865
3018870
3018871
3018872
3018873
3018874
3018876
3018877
3018879
3018881
3018885
3018890
3018892
3018895
3018900
3018902
3018903
3018904
3018906
3018908
3018909
3018911
3018915
3018916
3018926
3018930
3018935
3018936
3018937
3018940
3018941
3018943
3018944
3018945
3018946
3018947
3018948
3018954
3018955
3018956
3018957
3018958
3018961
3018962
3018964
3018965
3018967
3018969
3018971
3018975
3018976
3018979
3018983
3018984
3018986
3018991
3018992
3018994
3018996
3019007
3019012
3019014
3019016
3019017
3019018
3019019
3019022
3019023
3019025
3019026
3019027
3019029
3019030
3019031
3019033
3019035
3019037
3019038
3019039
3019040
3019043
3019044
3019046
3019048
3019050
3019054
3019056
3019059
3019060
3019061
3019062
3019069
3019070
3019074
3019075
3019080
3019084
3019085
3019086
3019087
3019097
3019099
3019111
3019113
3019120
3019121
3019122
3019123
3019125
3019126
3019131
3019133
3019134
3019137
3019141
3019144
3019145
3019151
3019153
3019154
3019161
3019164
3019166
3019167
3019169
3019172
3019177
3019179
3019180
3019181
3019182
3019186
3019187
3019188
3019196
3019197
3019200
3019207
3019217
3019218
3019220
3019221
3019222
3019226
3019227
3019230
3019233
3019235
3019237
3019249
3019250
3019251
3019252
3019253
3019254
3019255
3019256
3019262
3019266
3019269
3019270
3019271
3019280
3019281
3019283
3019286
3019289
3019293
3019295
3019296
3019300
3019302
3019303
3019304
3019305
3019306
3019310
3019311
3019312
3019316
3019319
3019320
3019322
3019326
3019330
3019331
3019332
3019336
3019337
3019338
3019339
3019344
3019348
3019350
3019351
3019354
3019355
3019362
3019363
3019364
3019371
3019374
3019377
3019378
3019379
3019382
3019385
3019390
3019391
3019395
3019398
3019399
3019400
3019401
3019402
3019403
3019405
3019407
3019411
3019416
3019422
3019423
3019425
3019426
3019429
3019435
3019436
3019437
3019440
3019441
3019445
3019448
3019449
3019451
3019453
3019457
3019459
3019464
3019468
3019472
3019476
3019478
3019479
3019482
3019483
3019485
3019486
3019490
3019491
3019494
3019500
3019501
3019505
3019508
3019510
3019512
3019515
3019516
3019517
3019518
3019521
3019523
3019524
3019525
3019526
3019527
3019528
3019530
3019531
3019532
3019533
3019535
3019537
3019547
3019548
3019550
3019553
3019554
3019555
3019556
3019557
3019558
3019559
3019562
3019565
3019566
3019567
3019568
3019573
3019575
3019576
3019584
3019586
3019588
3019592
3019596
3019597
3019598
3019599
3019602
3019603
3019604
3019605
3019613
3019621
3019623
3019626
3019627
3019635
3019638
3019639
3019640
3019644
3019646
3019648
3019649
3019651
3019652
3019654
3019655
3019656
3019658
3019660
3019667
3019668
3019669
3019670
3019671
3019672
3019673
3019674
3019677
3019678
3019679
3019680
3019682
3019684
3019686
3019687
3019691
3019692
3019693
3019695
3019696
3019697
3019698
3019700
3019703
3019704
3019706
3019707
3019710
3019713
3019714
3019717
3019719
3019721
3019722
3019726
3019727
3019728
3019729
3019733
3019735
3019736
3019739
3019740
3019741
3019746
3019747
3019748
3019751
3019752
3019754
3019758
3019759
3019760
3019761
3019763
3019766
3019771
3019772
3019773
3019774
3019777
3019779
3019781
3019782
3019783
3019784
3019790
3019792
3019796
3019797
3019798
3019799
3019800
3019806
3019808
3019810
3019819
3019825
3019826
3019828
3019830
3019833
3019834
3019835
3019839
3019840
3019842
3019846
3019848
3019852
3019853
3019856
3019857
3019859
3019863
3019864
3019866
3019867
3019868
3019871
3019872
3019874
3019876
3019877
3019878
3019879
3019882
3019886
3019890
3019897
3019900
3019908
3019909
3019914
3019918
3019920
3019921
3019926
3019928
3019929
3019933
3019934
3019937
3019939
3019940
3019946
3019949
3019956
3019958
3019959
3019961
3019965
3019973
3019975
3019976
3019980
3019981
3019985
3019986
3019989
3019993
3019994
3020000
3020004
3020005
3020006
3020007
3020008
3020010
3020011
3020012
3020014
3020016
3020020
3020021
3020022
3020024
3020030
3020035
3020036
3020041
3020042
3020044
3020048
3020051
3020052
3020056
3020059
3020063
3020068
3020069
3020071
3020078
3020081
3020084
3020088
3020089
3020091
3020092
3020094
3020095
3020098
3020099
3020100
3020101
3020105
3020109
3020112
3020117
3020123
3020124
3020125
3020126
3020127
3020128
3020129
3020130
3020132
3020133
3020134
3020143
3020144
3020148
3020155
3020164
3020166
3020167
3020170
3020173
3020192
3020196
3020199
3020202
3020203
3020204
3020205
3020207
3020209
3020213
3020214
3020216
3020219
3020221
3020227
3020229
3020230
3020232
3020234
3020235
3020241
3020242
3020244
3020245
3020253
3020254
3020255
3020256
3020257
3020258
3020261
3020262
3020269
3020270
3020274
3020281
3020282
3020283
3020284
3020287
3020288
3020290
3020291
3020293
3020295
3020297
3020298
3020299
3020300
3020301
3020302
3020304
3020310
3020314
3020316
3020317
3020318
3020319
3020321
3020323
3020324
3020330
3020331
3020332
3020342
3020343
3020344
3020350
3020351
3020352
3020354
3020355
3020358
3020360
3020361
3020363
3020366
3020367
3020369
3020376
3020379
3020380
3020381
3020383
3020384
3020385
3020386
3020387
3020402
3020405
3020410
3020411
3020413
3020414
3020415
3020418
3020419
3020422
3020423
3020431
3020432
3020433
3020436
3020437
3020438
3020441
3020442
3020446
3020450
3020451
3020452
3020455
3020458
3020460
3020472
3020474
3020476
3020478
3020479
3020480
3020481
3020486
3020487
3020488
3020489
3020490
3020492
3020493
3020494
3020497
3020501
3020506
3020508
3020511
3020513
3020521
3020523
3020529
3020530
3020532
3020534
3020539
3020540
3020544
3020548
3020549
3020550
3020553
3020561
3020564
3020567
3020568
3020570
3020578
3020580
3020588
3020590
3020593
3020599
3020608
3020610
3020611
3020613
3020614
3020620
3020629
3020630
3020631
3020632
3020635
3020637
3020638
3020642
3020643
3020644
3020646
3020651
3020652
3020653
3020656
3020666
3020667
3020668
3020671
3020675
3020678
3020679
3020681
3020682
3020683
3020684
3020686
3020687
3020688
3020690
3020692
3020696
3020697
3020700
3020706
3020709
3020715
3020718
3020723
3020724
3020729
3020730
3020735
3020739
3020741
3020743
3020750
3020751
3020755
3020758
3020759
3020760
3020762
3020767
3020770
3020771
3020777
3020779
3020780
3020782
3020784
3020785
3020787
3020790
3020794
3020800
3020805
3020809
3020812
3020813
3020816
3020817
3020819
3020825
3020827
3020829
3020835
3020836
3020837
3020838
3020851
3020852
3020854
3020855
3020857
3020861
3020863
3020864
3020867
3020869
3020870
3020872
3020873
3020881
3020886
3020892
3020898
3020899
3020900
3020901
3020903
3020904
3020906
3020907
3020908
3020910
3020912
3020913
3020914
3020915
3020916
3020919
3020920
3020922
3020923
3020924
3020926
3020929
3020932
3020938
3020940
3020952
3020953
3020958
3020959
3020960
3020961
3020962
3020963
3020971
3020975
3020976
3020977
3020980
3020983
3020984
3020994
3020997
3020999
3021003
3021009
3021012
3021015
3021016
3021019
3021020
3021026
3021027
3021028
3021029
3021030
3021032
3021033
3021039
3021040
3021042
3021044
3021045
3021046
3021050
3021054
3021057
3021058
3021059
3021061
3021066
3021067
3021074
3021075
3021077
3021078
3021079
3021081
3021086
3021087
3021088
3021100
3021103
3021105
3021107
3021108
3021110
3021111
3021113
3021114
3021116
3021120
3021121
3021124
3021131
3021134
3021137
3021138
3021139
3021145
3021146
3021147
3021149
3021153
3021156
3021157
3021162
3021168
3021169
3021171
3021173
3021174
3021175
3021178
3021179
3021181
3021187
3021189
3021190
3021191
3021192
3021201
3021203
3021206
3021207
3021210
3021213
3021214
3021216
3021217
3021218
3021219
3021222
3021225
3021226
3021229
3021231
3021232
3021245
3021246
3021248
3021249
3021250
3021255
3021260
3021264
3021265
3021267
3021268
3021269
3021271
3021273
3021283
3021287
3021288
3021291
3021297
3021299
3021302
3021304
3021308
3021309
3021312
3021314
3021316
3021318
3021319
3021321
3021324
3021327
3021329
3021330
3021331
3021333
3021334
3021335
3021339
3021340
3021341
3021344
3021346
3021347
3021355
3021356
3021358
3021360
3021364
3021365
3021366
3021367
3021368
3021374
3021375
3021377
3021378
3021381
3021382
3021388
3021389
3021391
3021392
3021393
3021398
3021400
3021403
3021405
3021406
3021407
3021411
3021417
3021423
3021425
3021426
3021428
3021429
3021431
3021433
3021435
3021436
3021439
3021440
3021444
3021445
3021448
3021450
3021451
3021452
3021453
3021458
3021462
3021467
3021468
3021469
3021470
3021471
3021474
3021476
3021477
3021478
3021479
3021481
3021487
3021491
3021492
3021494
3021498
3021500
3021501
3021503
3021511
3021512
3021513
3021522
3021525
3021526
3021527
3021531
3021532
3021533
3021537
3021542
3021543
3021545
3021546
3021547
3021552
3021553
3021555
3021557
3021558
3021559
3021562
3021569
3021570
3021572
3021574
3021576
3021577
3021579
3021580
3021584
3021585
3021586
3021590
3021591
3021593
3021602
3021603
3021605
3021607
3021608
3021609
3021610
3021612
3021613
3021615
3021617
3021621
3021623
3021624
3021630
3021631
3021632
3021634
3021636
3021637
3021640
3021642
3021643
3021644
3021647
3021649
3021658
3021661
3021664
3021665
3021669
3021673
3021677
3021678
3021681
3021682
3021683
3021685
3021686
3021688
3021690
3021696
3021697
3021698
3021699
3021706
3021707
3021708
3021711
3021712
3021715
3021716
3021719
3021720
3021724
3021729
3021730
3021732
3021733
3021734
3021736
3021739
3021740
3021741
3021743
3021744
3021746
3021747
3021748
3021750
3021752
3021754
3021755
3021756
3021757
3021758
3021759
3021764
3021765
3021766
3021767
3021768
3021770
3021771
3021772
3021775
3021777
3021778
3021780
3021781
3021782
3021785
3021786
3021787
3021788
3021790
3021791
3021793
3021794
3021796
3021797
3021800
3021801
3021804
3021805
3021806
3021807
3021811
3021812
3021814
3021818
3021819
3021820
3021822
3021824
3021825
3021827
3021828
3021829
3021830
3021831
3021834
3021835
3021836
3021838
3021840
3021841
3021842
3021846
3021849
3021850
3021851
3021852
3021853
3021854
3021855
3021856
3021858
3021859
3021860
3021861
3021862
3021863
3021864
3021865
3021869
3021871
3021872
3021873
3021875
3021876
3021878
3021879
3021880
3021883
3021885
3021887
3021888
3021890
3021891
3021893
3021894
3021897
3021898
3021899
3021902
3021903
3021904
3021905
3021906
3021907
3021909
3021911
3021912
3021914
3021915
3021916
3021920
3021922
3021929
3021931
3021932
3021933
3021936
3021938
3021939
3021941
3021942
3021943
3021945
3021946
3021947
3021949
3021955
3021959
3021963
3021964
3021965
3021967
3021970
3021973
3021974
3021975
3021980
3021983
3021984
3021986
3021989
3021990
3021992
3021995
3021996
3021997
3021998
3022001
3022003
3022007
3022008
3022011
3022013
3022015
3022016
3022017
3022019
3022022
3022024
3022025
3022026
3022031
3022032
3022033
3022035
3022036
3022037
3022038
3022040
3022041
3022042
3022044
3022045
3022046
3022047
3022051
3022052
3022053
3022054
3022057
3022059
3022065
3022066
3022067
3022069
3022070
3022071
3022073
3022077
3022078
3022079
3022080
3022081
3022082
3022083
3022085
3022086
3022087
3022088
3022089
3022090
3022091
3022095
3022096
3022097
3022099
3022100
3022102
3022103
3022104
3022106
3022107
3022109
3022110
3022111
3022112
3022113
3022115
3022117
3022118
3022119
3022120
3022121
3022122
3022125
3022126
3022127
3022128
3022130
3022131
3022136
3022137
3022142
3022143
3022144
3022145
3022146
3022147
3022148
3022151
3022152
3022153
3022156
3022157
3022158
3022162
3022163
3022164
3022165
3022166
3022167
3022171
3022172
3022175
3022176
3022177
3022178
3022179
3022181
3022183
3022184
3022185
3022186
3022187
3022188
3022189
3022193
3022194
3022197
3022200
3022204
3022206
3022208
3022209
3022210
3022211
3022212
3022213
3022214
3022217
3022218
3022220
3022221
3022225
3022226
3022228
3022229
3022232
3022233
3022234
3022235
3022236
3022238
3022240
3022241
3022242
3022243
3022244
3022246
3022247
3022248
3022250
3022252
3022253
3022255
3022256
3022257
3022260
3022261
3022263
3022268
3022269
3022274
3022275
3022277
3022279
3022280
3022281
3022282
3022283
3022284
3022286
3022287
3022288
3022290
3022291
3022293
3022294
3022298
3022299
3022300
3022301
3022303
3022305
3022307
3022308
3022309
3022310
3022311
3022312
3022315
3022316
3022318
3022325
3022326
3022328
3022329
3022333
3022334
3022335
3022338
3022340
3022343
3022345
3022346
3022349
3022351
3022352
3022353
3022355
3022356
3022357
3022365
3022366
3022367
3022368
3022369
3022372
3022376
3022377
3022379
3022381
3022382
3022383
3022384
3022388
3022390
3022391
3022394
3022395
3022397
3022398
3022399
3022400
3022401
3022403
3022404
3022406
3022407
3022408
3022409
3022412
3022413
3022414
3022415
3022416
3022418
3022419
3022421
3022422
3022423
3022427
3022428
3022429
3022430
3022431
3022432
3022435
3022436
3022437
3022438
3022440
3022441
3022442
3022443
3022444
3022445
3022446
3022447
3022448
3022449
3022450
3022451
3022452
3022454
3022455
3022457
3022461
3022462
3022463
3022464
3022466
3022467
3022469
3022470
3022471
3022472
3022474
3022475
3022478
3022479
3022482
3022483
3022484
3022485
3022488
3022493
3022498
3022501
3022505
3022506
3022507
3022508
3022509
3022512
3022516
3022517
3022520
3022522
3022523
3022524
3022528
3022531
3022532
3022542
3022544
3022546
3022547
3022548
3022551
3022552
3022553
3022554
3022555
3022557
3022560
3022564
3022565
3022568
3022569
3022571
3022574
3022576
3022577
3022578
3022580
3022582
3022583
3022584
3022587
3022589
3022591
3022592
3022593
3022594
3022595
3022596
3022597
3022598
3022601
3022603
3022604
3022605
3022606
3022607
3022609
3022610
3022611
3022613
3022614
3022615
3022616
3022617
3022618
3022620
3022622
3022623
3022624
3022625
3022626
3022627
3022628
3022629
3022631
3022636
3022637
3022638
3022640
3022643
3022646
3022649
3022650
3022653
3022654
3022656
3022657
3022661
3022663
3022666
3022667
3022668
3022671
3022672
3022673
3022676
3022677
3022679
3022681
3022682
3022683
3022684
3022686
3022687
3022689
3022690
3022691
3022692
3022693
3022695
3022696
3022697
3022698
3022699
3022700
3022701
3022705
3022709
3022710
3022711
3022712
3022714
3022717
3022719
3022720
3022724
3022725
3022727
3022728
3022730
3022731
3022732
3022735
3022737
3022739
3022741
3022742
3022743
3022745
3022750
3022753
3022754
3022756
3022757
3022759
3022764
3022766
3022767
3022768
3022769
3022770
3022771
3022773
3022774
3022775
3022776
3022778
3022779
3022781
3022782
3022784
3022786
3022789
3022795
3022796
3022797
3022801
3022803
3022806
3022807
3022810
3022811
3022813
3022814
3022815
3022817
3022823
3022824
3022825
3022826
3022827
3022832
3022833
3022834
3022837
3022838
3022840
3022842
3022843
3022847
3022848
3022850
3022851
3022855
3022856
3022857
3022858
3022859
3022860
3022861
3022865
3022866
3022867
3022868
3022869
3022873
3022874
3022876
3022877
3022878
3022879
3022882
3022884
3022885
3022886
3022889
3022893
3022896
3022899
3022900
3022906
3022908
3022912
3022913
3022916
3022917
3022918
3022922
3022932
3022934
3022939
3022940
3022943
3022947
3022948
3022951
3022954
3022956
3022958
3022959
3022960
3022961
3022962
3022963
3022964
3022973
3022978
3022979
3022980
3022986
3022990
3022992
3022993
3022995
3022996
3022999
3023002
3023005
3023006
3023008
3023010
3023012
3023014
3023015
3023017
3023019
3023021
3023023
3023024
3023025
3023027
3023031
3023036
3023037
3023039
3023042
3023043
3023045
3023048
3023049
3023054
3023055
3023058
3023059
3023061
3023066
3023067
3023073
3023077
3023085
3023087
3023093
3023095
3023096
3023097
3023101
3023102
3023106
3023107
3023108
3023109
3023110
3023114
3023125
3023128
3023129
3023132
3023136
3023140
3023143
3023144
3023145
3023146
3023148
3023149
3023154
3023156
3023157
3023160
3023161
3023163
3023165
3023166
3023167
3023168
3023169
3023176
3023177
3023178
3023183
3023185
3023186
3023187
3023192
3023194
3023199
3023200
3023201
3023202
3023203
3023206
3023209
3023210
3023211
3023214
3023215
3023216
3023222
3023224
3023227
3023229
3023237
3023238
3023240
3023241
3023248
3023250
3023254
3023257
3023259
3023260
3023261
3023263
3023264
3023265
3023267
3023268
3023273
3023275
3023276
3023277
3023280
3023281
3023282
3023284
3023285
3023286
3023290
3023291
3023295
3023299
3023304
3023305
3023307
3023308
3023309
3023310
3023311
3023312
3023314
3023323
3023324
3023325
3023329
3023332
3023333
3023338
3023339
3023341
3023349
3023351
3023352
3023353
3023358
3023359
3023362
3023364
3023365
3023369
3023371
3023373
3023379
3023385
3023386
3023388
3023392
3023394
3023396
3023398
3023399
3023400
3023407
3023415
3023418
3023431
3023432
3023436
3023441
3023443
3023444
3023450
3023451
3023453
3023455
3023456
3023457
3023459
3023461
3023470
3023471
3023473
3023474
3023484
3023485
3023486
3023489
3023490
3023492
3023495
3023496
3023502
3023503
3023504
3023505
3023507
3023509
3023515
3023517
3023518
3023520
3023522
3023534
3023540
3023541
3023545
3023546
3023548
3023549
3023550
3023555
3023556
3023559
3023565
3023568
3023569
3023570
3023571
3023577
3023578
3023580
3023581
3023584
3023587
3023589
3023591
3023592
3023593
3023594
3023600
3023601
3023603
3023605
3023606
3023607
3023609
3023610
3023613
3023614
3023619
3023624
3023629
3023631
3023633
3023635
3023637
3023644
3023645
3023646
3023647
3023653
3023654
3023657
3023659
3023666
3023668
3023672
3023677
3023678
3023679
3023682
3023684
3023685
3023686
3023687
3023689
3023692
3023693
3023695
3023697
3023698
3023700
3023705
3023706
3023710
3023711
3023715
3023718
3023719
3023720
3023723
3023724
3023725
3023729
3023730
3023731
3023732
3023733
3023738
3023742
3023743
3023746
3023747
3023760
3023764
3023765
3023766
3023767
3023769
3023770
3023778
3023779
3023780
3023781
3023785
3023787
3023789
3023790
3023792
3023794
3023796
3023801
3023802
3023803
3023804
3023806
3023813
3023819
3023823
3023824
3023830
3023832
3023835
3023836
3023843
3023845
3023850
3023856
3023865
3023870
3023875
3023876
3023877
3023882
3023883
3023885
3023889
3023899
3023900
3023903
3023907
3023908
3023911
3023913
3023914
3023917
3023918
3023927
3023935
3023936
3023937
3023940
3023947
3023949
3023950
3023952
3023953
3023955
3023961
3023962
3023965
3023966
3023968
3023973
3023974
3023976
3023981
3023986
3023990
3023992
3023999
3024000
3024002
3024005
3024006
3024007
3024010
3024013
3024014
3024015
3024017
3024018
3024019
3024024
3024027
3024031
3024034
3024035
3024036
3024041
3024042
3024043
3024044
3024049
3024055
3024060
3024061
3024063
3024064
3024065
3024067
3024073
3024075
3024077
3024078
3024082
3024086
3024087
3024093
3024094
3024095
3024099
3024101
3024102
3024105
3024111
3024117
3024120
3024122
3024124
3024126
3024127
3024137
3024138
3024139
3024141
3024146
3024151
3024152
3024157
3024164
3024166
3024169
3024170
3024177
3024179
3024185
3024186
3024188
3024195
3024196
3024197
3024202
3024203
3024204
3024209
3024212
3024215
3024216
3024219
3024220
3024222
3024223
3024224
3024225
3024226
3024227
3024228
3024232
3024233
3024234
3024235
3024236
3024237
3024238
3024239
3024240
3024244
3024245
3024246
3024249
3024261
3024262
3024265
3024272
3024273
3024281
3024292
3024293
3024296
3024297
3024299
3024301
3024302
3024311
3024312
3024316
3024317
3024318
3024321
3024324
3024325
3024326
3024329
3024330
3024337
3024338
3024339
3024340
3024341
3024343
3024350
3024353
3024355
3024357
3024360
3024362
3024365
3024374
3024375
3024379
3024380
3024381
3024382
3024385
3024386
3024388
3024391
3024403
3024404
3024405
3024407
3024409
3024411
3024412
3024416
3024418
3024420
3024426
3024429
3024430
3024431
3024437
3024438
3024442
3024443
3024444
3024445
3024447
3024448
3024449
3024451
3024452
3024455
3024461
3024463
3024465
3024466
3024470
3024472
3024474
3024478
3024484
3024494
3024499
3024501
3024504
3024505
3024508
3024509
3024515
3024517
3024521
3024522
3024530
3024532
3024533
3024536
3024537
3024538
3024539
3024542
3024544
3024545
3024546
3024547
3024550
3024552
3024559
3024561
3024564
3024576
3024579
3024581
3024595
3024596
3024600
3024601
3024606
3024611
3024616
3024620
3024627
3024628
3024629
3024635
3024636
3024640
3024641
3024642
3024644
3024646
3024650
3024654
3024657
3024662
3024663
3024666
3024670
3024675
3024677
3024679
3024680
3024682
3024687
3024690
3024691
3024692
3024693
3024697
3024699
3024702
3024703
3024704
3024706
3024709
3024714
3024718
3024719
3024722
3024723
3024724
3024725
3024730
3024731
3024733
3024735
3024736
3024737
3024739
3024745
3024746
3024747
3024753
3024756
3024758
3024761
3024764
3024771
3024775
3024777
3024778
3024779
3024780
3024784
3024787
3024790
3024793
3024797
3024805
3024809
3024811
3024812
3024816
3024817
3024818
3024819
3024822
3024824
3024826
3024827
3024835
3024838
3024844
3024847
3024848
3024851
3024852
3024853
3024855
3024857
3024858
3024859
3024867
3024874
3024875
3024878
3024879
3024883
3024884
3024885
3024893
3024895
3024897
3024902
3024904
3024908
3024909
3024910
3024911
3024913
3024914
3024916
3024928
3024929
3024938
3024940
3024945
3024946
3024947
3024951
3024953
3024954
3024956
3024958
3024959
3024962
3024963
3024964
3024965
3024968
3024969
3024970
3024973
3024975
3024976
3024978
3024980
3024981
3024983
3024985
3024987
3024988
3024990
3024991
3024992
3024993
3024994
3024995
3024996
3024999
3025000
3025002
3025003
3025005
3025007
3025008
3025009
3025010
3025014
3025015
3025016
3025019
3025021
3025022
3025023
3025024
3025025
3025027
3025028
3025030
3025032
3025033
3025034
3025041
3025042
3025043
3025046
3025047
3025049
3025050
3025052
3025053
3025054
3025055
3025056
3025058
3025062
3025063
3025064
3025065
3025068
3025071
3025072
3025075
3025076
3025077
3025078
3025079
3025087
3025089
3025092
3025093
3025095
3025096
3025098
3025103
3025104
3025106
3025108
3025109
3025111
3025114
3025120
3025125
3025128
3025131
3025133
3025137
3025139
3025156
3025158
3025159
3025163
3025165
3025168
3025169
3025170
3025171
3025176
3025179
3025180
3025186
3025188
3025192
3025193
3025194
3025196
3025197
3025199
3025213
3025215
3025219
3025221
3025223
3025225
3025228
3025229
3025231
3025237
3025238
3025241
3025243
3025244
3025255
3025263
3025267
3025270
3025275
3025277
3025278
3025279
3025283
3025284
3025286
3025287
3025290
3025291
3025295
3025297
3025298
3025301
3025302
3025303
3025307
3025308
3025309
3025310
3025311
3025313
3025314
3025318
3025319
3025322
3025323
3025330
3025337
3025340
3025343
3025347
3025349
3025352
3025353
3025354
3025355
3025356
3025361
3025362
3025363
3025364
3025365
3025366
3025367
3025368
3025371
3025373
3025374
3025375
3025377
3025382
3025383
3025384
3025385
3025388
3025389
3025399
3025401
3025403
3025405
3025409
3025412
3025422
3025423
3025426
3025430
3025434
3025442
3025443
3025444
3025447
3025448
3025456
3025461
3025465
3025474
3025480
3025481
3025484
3025489
3025490
3025491
3025492
3025493
3025494
3025495
3025501
3025509
3025511
3025512
3025513
3025514
3025517
3025522
3025528
3025530
3025531
3025533
3025534
3025536
3025538
3025540
3025543
3025555
3025560
3025564
3025566
3025570
3025571
3025572
3025573
3025579
3025585
3025590
3025592
3025595
3025596
3025597
3025598
3025600
3025601
3025605
3025607
3025610
3025611
3025612
3025614
3025617
3025620
3025622
3025624
3025625
3025626
3025627
3025630
3025635
3025637
3025640
3025641
3025643
3025644
3025646
3025651
3025653
3025658
3025659
3025665
3025667
3025672
3025674
3025677
3025678
3025679
3025682
3025683
3025688
3025689
3025690
3025692
3025694
3025697
3025702
3025706
3025709
3025720
3025722
3025724
3025726
3025727
3025731
3025732
3025734
3025735
3025737
3025739
3025740
3025741
3025745
3025748
3025749
3025751
3025755
3025757
3025759
3025762
3025763
3025768
3025773
3025774
3025776
3025779
3025781
3025782
3025785
3025787
3025791
3025792
3025793
3025794
3025796
3025798
3025804
3025805
3025806
3025807
3025815
3025818
3025821
3025824
3025825
3025826
3025827
3025831
3025836
3025839
3025840
3025841
3025843
3025845
3025846
3025847
3025848
3025849
3025851
3025852
3025853
3025854
3025855
3025857
3025858
3025860
3025861
3025862
3025863
3025864
3025865
3025866
3025869
3025870
3025872
3025874
3025875
3025877
3025878
3025879
3025880
3025881
3025882
3025884
3025888
3025889
3025890
3025891
3025892
3025898
3025899
3025904
3025905
3025906
3025908
3025909
3025912
3025913
3025914
3025915
3025917
3025921
3025922
3025924
3025925
3025926
3025927
3025928
3025929
3025930
3025931
3025933
3025934
3025939
3025940
3025942
3025943
3025944
3025945
3025946
3025949
3025951
3025952
3025953
3025954
3025955
3025956
3025957
3025958
3025961
3025962
3025963
3025964
3025966
3025967
3025969
3025971
3025972
3025973
3025974
3025975
3025979
3025980
3025981
3025982
3025983
3025984
3025985
3025986
3025987
3025988
3025989
3025990
3025991
3026002
3026003
3026004
3026005
3026006
3026007
3026008
3026009
3026015
3026019
3026020
3026021
3026022
3026023
3026024
3026028
3026041
3026047
3026048
3026052
3026053
3026054
3026056
3026058
3026060
3026061
3026069
3026077
3026078
3026079
3026080
3026081
3026082
3026083
3026084
3026085
3026086
3026087
3026088
3026098
3026099
3026100
3026101
3026102
3026103
3026107
3026108
3026109
3026110
3026111
3026112
3026113
3026114
3026115
3026116
3026117
3026118
3026119
3026120
3026121
3026122
3026123
3026124
3026125
3026126
3026127
3026128
3026129
3026130
3026131
3026132
3026133
3026134
3026135
3026136
3026137
3026138
3026139
3026140
3026141
3026143
3026144
3026145
3026146
3026147
3026148
3026149
3026150
3026151
3026152
3026153
3026155
3026156
3026158
3026159
3026160
3026161
3026162
3026164
3026166
3026167
3026168
3026169
3026170
3026171
3026172
3026173
3026176
3026177
3026179
3026181
3026182
3026183
3026185
3026187
3026188
3026189
3026190
3026192
3026193
3026194
3026195
3026196
3026200
3026202
3026203
3026207
3026209
3026210
3026212
3026217
3026218
3026220
3026223
3026224
3026226
3026230
3026231
3026232
3026234
3026235
3026236
3026239
3026240
3026242
3026245
3026246
3026247
3026249
3026253
3026254
3026256
3026257
3026258
3026267
3026269
3026273
3026274
3026275
3026276
3026277
3026278
3026279
3026280
3026281
3026283
3026284
3026285
3026286
3026287
3026288
3026289
3026291
3026292
3026294
3026295
3026296
3026297
3026298
3026299
3026300
3026301
3026303
3026305
3026306
3026307
3026308
3026311
3026312
3026313
3026314
3026318
3026319
3026320
3026321
3026322
3026325
3026333
3026334
3026337
3026340
3026343
3026345
3026349
3026352
3026354
3026357
3026358
3026359
3026360
3026362
3026363
3026365
3026366
3026367
3026368
3026371
3026372
3026373
3026375
3026376
3026378
3026380
3026382
3026383
3026384
3026385
3026386
3026387
3026388
3026393
3026394
3026396
3026397
3026398
3026399
3026408
3026414
3026415
3026418
3026420
3026422
3026423
3026430
3026431
3026432
3026433
3026434
3026435
3026436
3026439
3026440
3026441
3026442
3026443
3026447
3026451
3026454
3026456
3026457
3026465
3026466
3026467
3026468
3026469
3026470
3026471
3026473
3026474
3026478
3026479
3026480
3026481
3026482
3026483
3026498
3026502
3026504
3026505
3026506
3026525
3026530
3026533
3026545
3026546
3026548
3026549
3026550
3026554
3026556
3026562
3026564
3026565
3026567
3026569
3026573
3026577
3026578
3026582
3026583
3026586
3026588
3026589
3026592
3026594
3026595
3026596
3026600
3026603
3026606
3026613
3026615
3026624
3026635
3026638
3026643
3026644
3026645
3026651
3026654
3026661
3026665
3026667
3026668
3026669
3026670
3026676
3026677
3026682
3026683
3026684
3026685
3026697
3026700
3026701
3026710
3026714
3026716
3026717
3026719
3026720
3026732
3026733
3026734
3026744
3026747
3026750
3026754
3026756
3026757
3026760
3026763
3026770
3026777
3026783
3026784
3026785
3026786
3026788
3026790
3026792
3026793
3026795
3026799
3026802
3026804
3026805
3026808
3026810
3026811
3026814
3026818
3026819
3026820
3026825
3026826
3026830
3026832
3026839
3026843
3026851
3026855
3026856
3026858
3026861
3026862
3026863
3026865
3026868
3026871
3026874
3026876
3026879
3026882
3026883
3026884
3026887
3026888
3026892
3026895
3026897
3026899
3026900
3026905
3026906
3026909
3026910
3026914
3026917
3026918
3026921
3026922
3026926
3026928
3026929
3026932
3026933
3026937
3026939
3026940
3026941
3026942
3026943
3026946
3026951
3026952
3026957
3026958
3026960
3026961
3026965
3026971
3026976
3026980
3026990
3026996
3026998
3027002
3027007
3027008
3027011
3027012
3027015
3027017
3027019
3027023
3027024
3027025
3027026
3027028
3027029
3027030
3027031
3027033
3027036
3027038
3027048
3027050
3027055
3027063
3027064
3027066
3027067
3027068
3027069
3027071
3027072
3027073
3027075
3027076
3027077
3027078
3027079
3027085
3027086
3027090
3027095
3027096
3027100
3027101
3027102
3027106
3027107
3027110
3027111
3027112
3027113
3027115
3027119
3027129
3027132
3027136
3027143
3027148
3027149
3027153
3027156
3027158
3027163
3027166
3027169
3027176
3027179
3027182
3027183
3027185
3027186
3027190
3027191
3027192
3027195
3027196
3027197
3027199
3027205
3027206
3027208
3027220
3027222
3027228
3027229
3027233
3027236
3027237
3027238
3027239
3027240
3027241
3027242
3027243
3027245
3027247
3027253
3027256
3027258
3027259
3027261
3027263
3027264
3027268
3027271
3027272
3027276
3027277
3027278
3027281
3027282
3027283
3027286
3027287
3027288
3027290
3027291
3027293
3027294
3027301
3027303
3027304
3027307
3027308
3027309
3027317
3027321
3027323
3027324
3027325
3027327
3027328
3027331
3027333
3027334
3027335
3027337
3027346
3027347
3027349
3027350
3027354
3027355
3027356
3027362
3027366
3027370
3027371
3027372
3027375
3027376
3027378
3027382
3027385
3027386
3027392
3027393
3027394
3027395
3027399
3027400
3027403
3027404
3027406
3027408
3027409
3027411
3027412
3027417
3027420
3027421
3027422
3027423
3027426
3027428
3027429
3027430
3027431
3027433
3027434
3027441
3027446
3027447
3027448
3027450
3027452
3027453
3027459
3027461
3027462
3027463
3027465
3027466
3027467
3027470
3027471
3027476
3027479
3027480
3027481
3027483
3027484
3027485
3027486
3027490
3027492
3027493
3027494
3027495
3027497
3027501
3027502
3027505
3027507
3027508
3027510
3027511
3027513
3027514
3027515
3027516
3027517
3027518
3027520
3027524
3027525
3027526
3027530
3027533
3027537
3027541
3027542
3027544
3027545
3027550
3027551
3027552
3027553
3027556
3027557
3027558
3027559
3027564
3027567
3027570
3027573
3027574
3027576
3027577
3027579
3027581
3027582
3027583
3027585
3027587
3027589
3027590
3027591
3027593
3027594
3027595
3027597
3027599
3027600
3027601
3027604
3027605
3027606
3027610
3027611
3027613
3027614
3027616
3027617
3027618
3027619
3027620
3027621
3027622
3027623
3027624
3027631
3027632
3027633
3027634
3027635
3027636
3027637
3027638
3027639
3027640
3027641
3027642
3027644
3027645
3027646
3027648
3027650
3027652
3027656
3027659
3027661
3027662
3027663
3027666
3027667
3027671
3027673
3027675
3027676
3027680
3027683
3027689
3027691
3027693
3027695
3027698
3027701
3027703
3027711
3027715
3027716
3027718
3027719
3027720
3027721
3027722
3027723
3027725
3027728
3027730
3027731
3027732
3027734
3027739
3027743
3027748
3027751
3027753
3027755
3027762
3027763
3027764
3027766
3027768
3027769
3027775
3027778
3027782
3027783
3027788
3027790
3027791
3027792
3027794
3027804
3027807
3027811
3027816
3027818
3027819
3027821
3027822
3027826
3027827
3027829
3027832
3027840
3027842
3027843
3027846
3027847
3027850
3027851
3027859
3027862
3027866
3027868
3027869
3027871
3027872
3027873
3027874
3027875
3027878
3027882
3027884
3027885
3027886
3027887
3027891
3027892
3027899
3027900
3027902
3027906
3027907
3027910
3027913
3027914
3027915
3027920
3027925
3027926
3027928
3027929
3027936
3027937
3027940
3027941
3027946
3027949
3027958
3027966
3027968
3027969
3027970
3027971
3027978
3027980
3027984
3027987
3027988
3027989
3027991
3027992
3027993
3027994
3027995
3028000
3028009
3028010
3028014
3028017
3028022
3028023
3028026
3028028
3028029
3028030
3028032
3028033
3028035
3028036
3028039
3028041
3028042
3028046
3028047
3028049
3028054
3028061
3028063
3028064
3028068
3028073
3028076
3028078
3028081
3028083
3028085
3028086
3028087
3028088
3028091
3028092
3028093
3028099
3028100
3028103
3028104
3028105
3028110
3028116
3028117
3028119
3028121
3028122
3028130
3028131
3028134
3028135
3028136
3028137
3028139
3028143
3028144
3028150
3028151
3028152
3028155
3028156
3028158
3028159
3028160
3028161
3028162
3028163
3028164
3028165
3028172
3028173
3028174
3028176
3028177
3028179
3028181
3028182
3028186
3028187
3028190
3028191
3028193
3028194
3028195
3028197
3028199
3028200
3028203
3028205
3028206
3028209
3028210
3028215
3028217
3028218
3028225
3028227
3028228
3028230
3028237
3028238
3028242
3028244
3028250
3028251
3028255
3028256
3028259
3028260
3028263
3028265
3028266
3028268
3028269
3028270
3028271
3028278
3028283
3028284
3028286
3028287
3028288
3028289
3028292
3028294
3028295
3028296
3028300
3028303
3028305
3028308
3028312
3028315
3028316
3028317
3028318
3028320
3028322
3028326
3028328
3028331
3028333
3028334
3028346
3028347
3028353
3028360
3028361
3028362
3028363
3028364
3028365
3028366
3028367
3028368
3028370
3028372
3028376
3028387
3028388
3028389
3028391
3028394
3028397
3028398
3028399
3028400
3028401
3028405
3028409
3028413
3028414
3028415
3028416
3028417
3028420
3028421
3028423
3028425
3028426
3028428
3028431
3028435
3028436
3028438
3028440
3028442
3028444
3028445
3028446
3028450
3028451
3028455
3028458
3028460
3028467
3028468
3028470
3028473
3028476
3028482
3028483
3028484
3028495
3028500
3028501
3028506
3028509
3028510
3028511
3028518
3028519
3028520
3028522
3028524
3028525
3028526
3028527
3028531
3028532
3028534
3028543
3028548
3028549
3028550
3028551
3028555
3028557
3028559
3028561
3028565
3028568
3028570
3028571
3028574
3028576
3028578
3028580
3028581
3028585
3028589
3028590
3028593
3028598
3028600
3028601
3028602
3028607
3028610
3028612
3028613
3028615
3028623
3028628
3028630
3028631
3028636
3028637
3028642
3028643
3028644
3028647
3028648
3028651
3028653
3028658
3028659
3028661
3028663
3028669
3028670
3028673
3028682
3028683
3028685
3028688
3028689
3028690
3028692
3028693
3028694
3028695
3028699
3028701
3028702
3028705
3028706
3028708
3028713
3028715
3028719
3028720
3028721
3028722
3028724
3028729
3028731
3028733
3028734
3028737
3028745
3028746
3028748
3028755
3028758
3028766
3028767
3028769
3028771
3028772
3028773
3028774
3028779
3028780
3028787
3028788
3028791
3028792
3028795
3028797
3028800
3028802
3028803
3028804
3028807
3028808
3028809
3028816
3028817
3028819
3028820
3028821
3028822
3028828
3028832
3028838
3028840
3028841
3028842
3028850
3028852
3028853
3028854
3028857
3028859
3028863
3028865
3028868
3028869
3028871
3028872
3028874
3028876
3028879
3028880
3028882
3028885
3028886
3028888
3028889
3028891
3028892
3028894
3028895
3028896
3028899
3028900
3028907
3028911
3028916
3028920
3028921
3028923
3028926
3028931
3028932
3028934
3028935
3028936
3028942
3028945
3028946
3028949
3028953
3028954
3028961
3028962
3028968
3028969
3028970
3028975
3028981
3028985
3028986
3028987
3028990
3028992
3028993
3028994
3028997
3028998
3028999
3029002
3029005
3029006
3029007
3029008
3029010
3029012
3029013
3029014
3029015
3029016
3029019
3029021
3029022
3029024
3029025
3029026
3029030
3029034
3029037
3029039
3029040
3029042
3029043
3029045
3029046
3029050
3029051
3029052
3029053
3029055
3029056
3029059
3029060
3029061
3029062
3029063
3029067
3029068
3029069
3029072
3029074
3029077
3029078
3029079
3029081
3029083
3029084
3029085
3029089
3029096
3029099
3029106
3029108
3029109
3029116
3029117
3029119
3029120
3029123
3029125
3029127
3029129
3029131
3029132
3029136
3029137
3029138
3029140
3029141
3029142
3029144
3029146
3029148
3029152
3029153
3029154
3029155
3029156
3029158
3029166
3029167
3029170
3029174
3029175
3029177
3029178
3029179
3029180
3029181
3029190
3029191
3029193
3029196
3029200
3029202
3029206
3029207
3029209
3029210
3029212
3029217
3029218
3029219
3029220
3029221
3029224
3029226
3029227
3029232
3029235
3029238
3029244
3029245
3029246
3029247
3029248
3029251
3029252
3029255
3029257
3029260
3029261
3029267
3029270
3029274
3029276
3029280
3029282
3029283
3029284
3029285
3029288
3029289
3029298
3029299
3029302
3029305
3029306
3029308
3029309
3029311
3029312
3029313
3029315
3029316
3029317
3029319
3029320
3029324
3029325
3029327
3029330
3029331
3029338
3029342
3029346
3029347
3029348
3029349
3029352
3029358
3029359
3029361
3029363
3029365
3029366
3029370
3029371
3029372
3029373
3029379
3029380
3029383
3029384
3029385
3029386
3029388
3029389
3029391
3029392
3029393
3029394
3029396
3029402
3029404
3029406
3029408
3029409
3029410
3029419
3029421
3029422
3029425
3029427
3029430
3029434
3029435
3029439
3029440
3029445
3029446
3029447
3029452
3029457
3029459
3029460
3029462
3029464
3029465
3029468
3029469
3029470
3029472
3029473
3029474
3029475
3029476
3029477
3029478
3029482
3029485
3029488
3029492
3029493
3029494
3029499
3029500
3029502
3029504
3029506
3029511
3029514
3029518
3029519
3029520
3029521
3029526
3029527
3029530
3029531
3029533
3029534
3029535
3029544
3029551
3029560
3029562
3029563
3029565
3029566
3029567
3029568
3029574
3029575
3029576
3029578
3029579
3029580
3029583
3029587
3029588
3029589
3029593
3029598
3029599
3029600
3029601
3029604
3029605
3029607
3029610
3029611
3029612
3029613
3029614
3029615
3029616
3029617
3029618
3029620
3029622
3029623
3029624
3029627
3029628
3029634
3029635
3029636
3029637
3029639
3029641
3029642
3029643
3029645
3029646
3029647
3029653
3029658
3029662
3029669
3029674
3029675
3029679
3029682
3029683
3029687
3029688
3029690
3029693
3029696
3029699
3029707
3029709
3029710
3029711
3029713
3029714
3029719
3029720
3029721
3029724
3029725
3029726
3029729
3029731
3029732
3029734
3029735
3029737
3029738
3029746
3029747
3029748
3029749
3029753
3029754
3029763
3029765
3029769
3029770
3029771
3029772
3029773
3029776
3029778
3029784
3029785
3029786
3029787
3029788
3029789
3029792
3029794
3029795
3029796
3029797
3029800
3029801
3029802
3029807
3029808
3029809
3029811
3029815
3029816
3029817
3029819
3029821
3029823
3029824
3029831
3029832
3029834
3029835
3029836
3029841
3029845
3029854
3029856
3029857
3029858
3029860
3029869
3029872
3029873
3029874
3029878
3029880
3029881
3029894
3029895
3029897
3029906
3029909
3029911
3029914
3029915
3029916
3029917
3029919
3029920
3029922
3029928
3029935
3029938
3029940
3029943
3029944
3029948
3029949
3029950
3029951
3029955
3029959
3029961
3029962
3029963
3029965
3029968
3029970
3029971
3029973
3029974
3029978
3029985
3029986
3029987
3029988
3029989
3029990
3029992
3029995
3029999
3030004
3030005
3030012
3030013
3030014
3030015
3030016
3030019
3030020
3030021
3030022
3030024
3030025
3030027
3030028
3030029
3030033
3030034
3030038
3030039
3030041
3030043
3030045
3030046
3030047
3030050
3030053
3030055
3030058
3030060
3030061
3030064
3030066
3030067
3030068
3030072
3030076
3030080
3030087
3030091
3030094
3030098
3030099
3030100
3030102
3030103
3030104
3030105
3030107
3030108
3030110
3030111
3030117
3030119
3030120
3030125
3030131
3030132
3030133
3030134
3030136
3030137
3030138
3030140
3030141
3030143
3030144
3030147
3030153
3030156
3030158
3030164
3030165
3030166
3030167
3030169
3030171
3030176
3030178
3030181
3030182
3030183
3030186
3030188
3030189
3030192
3030194
3030195
3030201
3030203
3030205
3030206
3030207
3030210
3030212
3030213
3030214
3030216
3030218
3030219
3030221
3030222
3030223
3030224
3030225
3030226
3030236
3030237
3030238
3030242
3030243
3030248
3030249
3030251
3030253
3030259
3030261
3030262
3030265
3030271
3030272
3030274
3030275
3030279
3030282
3030284
3030285
3030290
3030291
3030293
3030295
3030296
3030301
3030302
3030304
3030305
3030306
3030308
3030309
3030315
3030318
3030322
3030327
3030328
3030330
3030333
3030334
3030335
3030338
3030339
3030340
3030341
3030342
3030344
3030349
3030350
3030351
3030354
3030362
3030363
3030365
3030367
3030368
3030369
3030370
3030371
3030373
3030375
3030376
3030381
3030383
3030387
3030388
3030392
3030398
3030399
3030402
3030408
3030410
3030414
3030415
3030416
3030420
3030425
3030426
3030427
3030430
3030435
3030437
3030438
3030443
3030445
3030456
3030457
3030458
3030459
3030462
3030463
3030465
3030466
3030467
3030470
3030471
3030472
3030474
3030480
3030482
3030483
3030484
3030485
3030486
3030487
3030489
3030490
3030491
3030494
3030496
3030497
3030498
3030502
3030503
3030504
3030505
3030509
3030514
3030520
3030522
3030524
3030525
3030527
3030529
3030530
3030532
3030534
3030539
3030543
3030545
3030546
3030551
3030552
3030558
3030563
3030564
3030569
3030571
3030572
3030573
3030577
3030579
3030584
3030587
3030588
3030589
3030590
3030592
3030601
3030603
3030604
3030606
3030610
3030614
3030616
3030621
3030622
3030624
3030626
3030627
3030628
3030630
3030636
3030637
3030638
3030640
3030651
3030654
3030655
3030656
3030657
3030658
3030659
3030660
3030662
3030665
3030666
3030670
3030675
3030677
3030689
3030692
3030694
3030701
3030706
3030708
3030710
3030711
3030712
3030713
3030714
3030718
3030719
3030722
3030725
3030727
3030734
3030735
3030738
3030739
3030740
3030741
3030746
3030749
3030750
3030751
3030755
3030758
3030768
3030770
3030774
3030781
3030782
3030783
3030785
3030787
3030793
3030800
3030801
3030805
3030806
3030815
3030816
3030817
3030820
3030821
3030822
3030823
3030830
3030833
3030834
3030837
3030838
3030842
3030843
3030844
3030847
3030850
3030851
3030852
3030860
3030861
3030864
3030866
3030867
3030868
3030869
3030870
3030871
3030872
3030876
3030877
3030880
3030882
3030888
3030890
3030892
3030895
3030897
3030900
3030906
3030907
3030908
3030909
3030917
3030918
3030922
3030925
3030927
3030934
3030937
3030943
3030945
3030948
3030950
3030955
3030957
3030964
3030966
3030970
3030971
3030973
3030974
3030976
3030980
3030981
3030984
3030989
3030991
3030992
3030996
3030997
3030998
3031001
3031005
3031006
3031007
3031009
3031010
3031013
3031015
3031017
3031020
3031021
3031024
3031025
3031027
3031031
3031033
3031037
3031039
3031040
3031041
3031045
3031046
3031047
3031051
3031055
3031056
3031059
3031064
3031068
3031072
3031075
3031076
3031080
3031081
3031083
3031084
3031090
3031092
3031094
3031099
3031102
3031106
3031108
3031109
3031115
3031116
3031117
3031120
3031122
3031124
3031125
3031127
3031131
3031132
3031133
3031134
3031136
3031137
3031138
3031140
3031141
3031142
3031145
3031148
3031152
3031165
3031166
3031174
3031175
3031181
3031182
3031183
3031187
3031189
3031190
3031195
3031197
3031199
3031200
3031202
3031203
3031205
3031207
3031208
3031209
3031211
3031214
3031215
3031219
3031223
3031227
3031228
3031230
3031232
3031235
3031238
3031246
3031248
3031249
3031253
3031254
3031256
3031258
3031261
3031263
3031264
3031267
3031268
3031271
3031274
3031278
3031279
3031285
3031290
3031300
3031305
3031308
3031310
3031311
3031312
3031313
3031314
3031316
3031317
3031318
3031322
3031324
3031326
3031327
3031334
3031340
3031342
3031348
3031350
3031355
3031359
3031366
3031368
3031371
3031372
3031373
3031374
3031379
3031381
3031383
3031384
3031387
3031388
3031389
3031390
3031391
3031393
3031397
3031398
3031399
3031400
3031405
3031406
3031407
3031412
3031413
3031414
3031417
3031419
3031425
3031426
3031427
3031428
3031429
3031430
3031431
3031432
3031433
3031436
3031440
3031441
3031443
3031445
3031447
3031451
3031452
3031454
3031458
3031461
3031462
3031466
3031467
3031468
3031469
3031474
3031482
3031485
3031488
3031489
3031493
3031496
3031497
3031498
3031501
3031502
3031503
3031504
3031515
3031517
3031518
3031520
3031522
3031523
3031524
3031526
3031527
3031529
3031530
3031532
3031533
3031535
3031536
3031538
3031539
3031540
3031541
3031543
3031545
3031546
3031547
3031548
3031550
3031551
3031552
3031556
3031557
3031558
3031559
3031560
3031561
3031562
3031563
3031565
3031566
3031572
3031573
3031574
3031575
3031577
3031586
3031587
3031588
3031590
3031593
3031594
3031596
3031599
3031601
3031603
3031605
3031616
3031619
3031620
3031621
3031622
3031623
3031624
3031625
3031638
3031642
3031649
3031650
3031658
3031661
3031663
3031666
3031667
3031669
3031670
3031671
3031675
3031677
3031684
3031691
3031692
3031693
3031695
3031698
3031700
3031702
3031703
3031704
3031705
3031708
3031709
3031710
3031711
3031712
3031713
3031716
3031719
3031721
3031724
3031729
3031730
3031733
3031739
3031742
3031743
3031746
3031748
3031751
3031758
3031759
3031760
3031761
3031763
3031766
3031768
3031769
3031770
3031772
3031774
3031786
3031788
3031789
3031790
3031791
3031792
3031796
3031799
3031803
3031804
3031805
3031806
3031807
3031808
3031809
3031811
3031815
3031824
3031825
3031832
3031833
3031835
3031839
3031846
3031847
3031849
3031850
3031852
3031853
3031854
3031856
3031857
3031858
3031859
3031860
3031865
3031866
3031868
3031869
3031871
3031872
3031873
3031874
3031876
3031877
3031881
3031884
3031887
3031892
3031894
3031896
3031897
3031900
3031901
3031903
3031904
3031910
3031911
3031913
3031915
3031916
3031917
3031918
3031920
3031922
3031926
3031930
3031938
3031939
3031940
3031941
3031943
3031945
3031947
3031948
3031949
3031951
3031953
3031954
3031955
3031958
3031960
3031961
3031962
3031964
3031965
3031966
3031970
3031971
3031972
3031983
3031986
3031987
3031988
3031989
3031991
3031992
3031993
3031994
3031997
3031998
3032001
3032002
3032003
3032006
3032008
3032010
3032011
3032012
3032014
3032016
3032017
3032018
3032019
3032021
3032027
3032028
3032030
3032032
3032034
3032037
3032038
3032040
3032041
3032042
3032043
3032045
3032046
3032047
3032048
3032049
3032051
3032055
3032057
3032058
3032059
3032060
3032063
3032067
3032068
3032069
3032080
3032083
3032085
3032087
3032092
3032093
3032094
3032096
3032099
3032100
3032101
3032110
3032111
3032114
3032115
3032116
3032118
3032120
3032122
3032123
3032127
3032131
3032134
3032136
3032137
3032138
3032139
3032141
3032146
3032147
3032152
3032154
3032155
3032156
3032157
3032158
3032159
3032160
3032161
3032164
3032165
3032167
3032168
3032169
3032170
3032173
3032177
3032180
3032185
3032186
3032187
3032188
3032189
3032191
3032192
3032200
3032201
3032202
3032205
3032207
3032212
3032215
3032217
3032220
3032221
3032222
3032224
3032225
3032226
3032229
3032234
3032239
3032242
3032243
3032245
3032248
3032249
3032256
3032259
3032261
3032262
3032266
3032273
3032274
3032278
3032292
3032293
3032296
3032297
3032300
3032301
3032302
3032304
3032311
3032312
3032313
3032314
3032318
3032323
3032324
3032325
3032327
3032330
3032332
3032336
3032337
3032342
3032343
3032352
3032356
3032358
3032360
3032362
3032364
3032365
3032366
3032367
3032368
3032373
3032374
3032375
3032376
3032379
3032381
3032383
3032385
3032388
3032389
3032394
3032395
3032396
3032397
3032399
3032403
3032405
3032406
3032407
3032409
3032410
3032412
3032414
3032417
3032418
3032419
3032427
3032430
3032431
3032435
3032438
3032439
3032443
3032444
3032447
3032454
3032455
3032456
3032459
3032460
3032474
3032478
3032481
3032485
3032489
3032491
3032492
3032493
3032494
3032497
3032499
3032500
3032502
3032503
3032504
3032505
3032506
3032508
3032509
3032513
3032519
3032520
3032523
3032524
3032526
3032527
3032537
3032541
3032543
3032545
3032546
3032547
3032548
3032552
3032553
3032556
3032559
3032560
3032564
3032567
3032569
3032570
3032571
3032572
3032574
3032576
3032577
3032579
3032581
3032583
3032585
3032588
3032590
3032591
3032592
3032594
3032595
3032598
3032599
3032600
3032606
3032607
3032608
3032609
3032610
3032613
3032614
3032615
3032616
3032618
3032619
3032620
3032626
3032627
3032631
3032632
3032635
3032638
3032639
3032640
3032641
3032647
3032651
3032652
3032653
3032664
3032670
3032679
3032687
3032688
3032690
3032693
3032697
3032702
3032705
3032707
3032708
3032710
3032712
3032713
3032715
3032716
3032717
3032718
3032721
3032722
3032723
3032724
3032728
3032729
3032731
3032732
3032733
3032736
3032737
3032738
3032739
3032743
3032746
3032747
3032749
3032750
3032753
3032754
3032755
3032756
3032759
3032761
3032762
3032763
3032764
3032765
3032770
3032771
3032772
3032773
3032778
3032781
3032782
3032784
3032793
3032794
3032796
3032797
3032799
3032803
3032807
3032809
3032814
3032816
3032817
3032819
3032820
3032827
3032829
3032831
3032835
3032836
3032838
3032839
3032840
3032844
3032848
3032850
3032853
3032858
3032860
3032867
3032868
3032871
3032872
3032873
3032874
3032876
3032879
3032880
3032888
3032894
3032895
3032896
3032901
3032904
3032908
3032909
3032910
3032912
3032917
3032918
3032921
3032924
3032925
3032929
3032930
3032931
3032932
3032939
3032943
3032945
3032946
3032947
3032950
3032953
3032957
3032959
3032960
3032963
3032965
3032967
3032974
3032976
3032977
3032981
3032983
3032987
3032988
3032990
3032993
3032997
3032999
3033001
3033002
3033011
3033013
3033015
3033017
3033019
3033020
3033023
3033025
3033027
3033035
3033036
3033038
3033039
3033049
3033050
3033051
3033052
3033058
3033059
3033062
3033064
3033065
3033069
3033070
3033071
3033076
3033078
3033079
3033083
3033085
3033097
3033098
3033099
3033107
3033108
3033109
3033110
3033113
3033120
3033121
3033122
3033124
3033126
3033128
3033130
3033133
3033135
3033140
3033141
3033142
3033143
3033144
3033145
3033149
3033151
3033152
3033158
3033162
3033167
3033170
3033177
3033179
3033182
3033183
3033187
3033189
3033190
3033194
3033195
3033197
3033204
3033205
3033211
3033213
3033214
3033215
3033216
3033222
3033224
3033226
3033227
3033228
3033229
3033232
3033233
3033237
3033242
3033243
3033244
3033245
3033247
3033248
3033250
3033251
3033252
3033253
3033254
3033260
3033261
3033265
3033266
3033267
3033268
3033269
3033270
3033272
3033277
3033278
3033280
3033281
3033283
3033287
3033288
3033291
3033298
3033302
3033305
3033306
3033308
3033311
3033312
3033315
3033317
3033320
3033324
3033325
3033326
3033327
3033331
3033332
3033337
3033338
3033339
3033342
3033344
3033348
3033349
3033350
3033354
3033356
3033359
3033363
3033365
3033367
3033373
3033375
3033377
3033383
3033386
3033391
3033395
3033399
3033400
3033401
3033402
3033403
3033406
3033410
3033411
3033412
3033413
3033414
3033418
3033419
3033420
3033421
3033422
3033423
3033428
3033429
3033430
3033431
3033432
3033433
3033437
3033438
3033440
3033441
3033443
3033446
3033448
3033451
3033452
3033453
3033460
3033461
3033462
3033463
3033464
3033465
3033466
3033468
3033476
3033478
3033483
3033484
3033487
3033488
3033489
3033498
3033500
3033505
3033506
3033509
3033510
3033512
3033515
3033518
3033520
3033524
3033526
3033539
3033540
3033542
3033543
3033546
3033547
3033550
3033551
3033561
3033563
3033564
3033572
3033573
3033579
3033580
3033582
3033584
3033585
3033589
3033591
3033592
3033594
3033596
3033597
3033598
3033601
3033602
3033603
3033605
3033606
3033610
3033611
3033612
3033613
3033615
3033616
3033622
3033624
3033627
3033630
3033632
3033638
3033639
3033641
3033645
3033646
3033647
3033649
3033652
3033654
3033656
3033658
3033659
3033662
3033669
3033676
3033677
3033682
3033688
3033689
3033691
3033692
3033695
3033696
3033698
3033699
3033700
3033713
3033719
3033720
3033721
3033728
3033730
3033732
3033736
3033742
3033743
3033744
3033745
3033746
3033747
3033748
3033753
3033755
3033758
3033759
3033760
3033761
3033762
3033763
3033765
3033768
3033773
3033781
3033783
3033790
3033791
3033792
3033796
3033799
3033803
3033814
3033815
3033816
3033818
3033819
3033821
3033824
3033830
3033835
3033839
3033844
3033848
3033852
3033853
3033863
3033866
3033867
3033869
3033870
3033873
3033874
3033880
3033881
3033883
3033886
3033889
3033891
3033896
3033897
3033900
3033902
3033903
3033904
3033906
3033907
3033913
3033914
3033917
3033918
3033927
3033934
3033936
3033937
3033942
3033943
3033949
3033951
3033952
3033953
3033957
3033958
3033960
3033967
3033970
3033975
3033976
3033983
3033986
3033991
3033993
3034004
3034005
3034009
3034016
3034019
3034021
3034023
3034038
3034043
3034045
3034053
3034054
3034056
3034060
3034061
3034063
3034071
3034084
3034085
3034089
3034097
3034102
3034103
3034108
3034110
3034112
3034113
3034118
3034120
3034121
3034124
3034125
3034126
3034128
3034129
3034135
3034137
3034139
3034141
3034149
3034153
3034155
3034156
3034158
3034160
3034163
3034164
3034165
3034172
3034175
3034176
3034187
3034189
3034190
3034193
3034198
3034200
3034208
3034214
3034216
3034217
3034218
3034219
3034222
3034233
3034240
3034241
3034242
3034245
3034250
3034252
3034257
3034263
3034266
3034267
3034275
3034279
3034280
3034282
3034284
3034285
3034286
3034290
3034291
3034294
3034297
3034298
3034305
3034306
3034310
3034313
3034315
3034317
3034328
3034329
3034335
3034336
3034338
3034339
3034342
3034343
3034345
3034347
3034351
3034352
3034357
3034359
3034365
3034367
3034369
3034372
3034374
3034375
3034376
3034377
3034381
3034383
3034386
3034387
3034390
3034394
3034396
3034399
3034400
3034402
3034404
3034405
3034406
3034408
3034411
3034412
3034417
3034418
3034419
3034420
3034423
3034426
3034429
3034433
3034435
3034437
3034443
3034444
3034449
3034451
3034454
3034459
3034460
3034461
3034464
3034472
3034475
3034480
3034484
3034485
3034489
3034491
3034493
3034494
3034495
3034497
3034498
3034500
3034505
3034506
3034507
3034508
3034510
3034511
3034512
3034515
3034516
3034517
3034520
3034521
3034522
3034523
3034525
3034526
3034527
3034528
3034530
3034531
3034532
3034536
3034539
3034543
3034544
3034547
3034549
3034550
3034551
3034556
3034562
3034564
3034566
3034568
3034570
3034571
3034573
3034576
3034577
3034579
3034582
3034583
3034588
3034589
3034590
3034594
3034597
3034598
3034603
3034605
3034606
3034607
3034613
3034614
3034618
3034624
3034630
3034632
3034637
3034638
3034642
3034644
3034645
3034653
3034654
3034656
3034657
3034658
3034660
3034661
3034667
3034671
3034675
3034688
3034689
3034693
3034696
3034700
3034701
3034707
3034708
3034714
3034715
3034716
3034718
3034719
3034721
3034726
3034727
3034733
3034735
3034736
3034738
3034741
3034742
3034744
3034745
3034746
3034747
3034762
3034770
3034774
3034775
3034779
3034781
3034789
3034790
3034792
3034795
3034797
3034800
3034802
3034807
3034811
3034812
3034814
3034815
3034819
3034822
3034826
3034837
3034840
3034843
3034845
3034851
3034855
3034857
3034858
3034859
3034865
3034867
3034868
3034869
3034870
3034872
3034873
3034874
3034876
3034877
3034878
3034879
3034886
3034888
3034890
3034892
3034893
3034900
3034904
3034906
3034910
3034917
3034919
3034921
3034924
3034933
3034934
3034935
3034937
3034938
3034942
3034944
3034945
3034952
3034954
3034955
3034965
3034968
3034974
3034975
3034977
3034978
3034979
3034980
3034981
3034983
3034984
3034986
3034988
3034995
3035003
3035005
3035011
3035019
3035020
3035021
3035022
3035028
3035029
3035033
3035036
3035038
3035041
3035046
3035048
3035049
3035050
3035054
3035055
3035060
3035065
3035070
3035076
3035077
3035082
3035083
3035084
3035089
3035090
3035091
3035092
3035096
3035102
3035104
3035107
3035112
3035113
3035115
3035116
3035118
3035122
3035124
3035125
3035127
3035129
3035132
3035133
3035134
3035136
3035138
3035140
3035143
3035144
3035145
3035149
3035150
3035152
3035157
3035158
3035160
3035162
3035165
3035167
3035168
3035175
3035176
3035179
3035188
3035190
3035196
3035202
3035208
3035210
3035218
3035224
3035226
3035227
3035228
3035234
3035235
3035240
3035245
3035246
3035247
3035253
3035254
3035257
3035258
3035259
3035260
3035261
3035262
3035265
3035266
3035267
3035274
3035276
3035278
3035289
3035293
3035295
3035300
3035301
3035302
3035303
3035305
3035310
3035311
3035314
3035321
3035322
3035324
3035325
3035326
3035327
3035328
3035329
3035330
3035331
3035332
3035333
3035334
3035335
3035337
3035340
3035341
3035350
3035351
3035353
3035354
3035357
3035359
3035360
3035361
3035362
3035369
3035370
3035374
3035375
3035376
3035377
3035379
3035381
3035393
3035394
3035402
3035407
3035409
3035410
3035417
3035419
3035427
3035428
3035429
3035430
3035435
3035436
3035437
3035441
3035444
3035448
3035449
3035450
3035451
3035459
3035462
3035472
3035473
3035474
3035477
3035479
3035480
3035484
3035488
3035489
3035491
3035500
3035501
3035503
3035504
3035506
3035510
3035513
3035514
3035517
3035522
3035523
3035524
3035525
3035529
3035530
3035533
3035534
3035536
3035542
3035543
3035544
3035545
3035546
3035551
3035553
3035554
3035557
3035559
3035560
3035561
3035565
3035566
3035568
3035569
3035573
3035575
3035577
3035579
3035585
3035586
3035590
3035591
3035594
3035595
3035596
3035597
3035604
3035605
3035606
3035607
3035608
3035610
3035614
3035616
3035624
3035625
3035629
3035631
3035634
3035635
3035636
3035641
3035649
3035650
3035651
3035653
3035657
3035661
3035662
3035665
3035668
3035670
3035671
3035672
3035674
3035675
3035678
3035679
3035681
3035682
3035683
3035686
3035688
3035692
3035693
3035695
3035696
3035697
3035699
3035700
3035703
3035704
3035705
3035706
3035712
3035715
3035716
3035722
3035726
3035728
3035735
3035743
3035750
3035752
3035753
3035756
3035757
3035761
3035762
3035772
3035773
3035775
3035779
3035780
3035786
3035787
3035793
3035798
3035799
3035800
3035801
3035803
3035805
3035809
3035821
3035822
3035830
3035835
3035837
3035845
3035852
3035853
3035855
3035857
3035858
3035859
3035864
3035874
3035875
3035881
3035886
3035887
3035889
3035890
3035891
3035896
3035897
3035900
3035902
3035903
3035906
3035910
3035914
3035916
3035922
3035923
3035928
3035929
3035932
3035933
3035939
3035940
3035944
3035947
3035950
3035951
3035952
3035956
3035957
3035958
3035961
3035962
3035963
3035966
3035967
3035968
3035971
3035972
3035973
3035974
3035975
3035976
3035977
3035978
3035980
3035985
3035987
3035989
3035991
3035992
3035994
3035995
3035997
3036000
3036004
3036007
3036010
3036012
3036015
3036017
3036019
3036024
3036025
3036026
3036036
3036037
3036039
3036041
3036043
3036045
3036053
3036055
3036059
3036061
3036064
3036066
3036070
3036073
3036076
3036077
3036079
3036081
3036082
3036085
3036087
3036088
3036090
3036092
3036093
3036094
3036096
3036098
3036099
3036100
3036104
3036105
3036106
3036108
3036110
3036114
3036119
3036121
3036123
3036128
3036132
3036137
3036139
3036142
3036143
3036146
3036148
3036149
3036152
3036153
3036154
3036157
3036158
3036165
3036168
3036169
3036170
3036174
3036175
3036178
3036180
3036188
3036191
3036192
3036202
3036203
3036207
3036210
3036212
3036213
3036220
3036226
3036228
3036243
3036244
3036247
3036250
3036252
3036254
3036255
3036257
3036261
3036265
3036268
3036269
3036270
3036272
3036274
3036278
3036279
3036280
3036282
3036283
3036287
3036288
3036290
3036291
3036293
3036294
3036297
3036300
3036307
3036311
3036317
3036319
3036322
3036325
3036328
3036329
3036330
3036339
3036343
3036344
3036347
3036350
3036351
3036352
3036353
3036354
3036356
3036363
3036364
3036366
3036367
3036368
3036369
3036372
3036373
3036376
3036381
3036382
3036387
3036394
3036400
3036405
3036408
3036413
3036414
3036415
3036419
3036421
3036422
3036426
3036432
3036434
3036435
3036436
3036437
3036438
3036439
3036440
3036442
3036445
3036448
3036451
3036454
3036455
3036459
3036460
3036461
3036463
3036467
3036468
3036473
3036474
3036475
3036476
3036477
3036478
3036485
3036493
3036494
3036497
3036500
3036505
3036506
3036507
3036508
3036509
3036511
3036514
3036515
3036521
3036522
3036523
3036524
3036527
3036528
3036531
3036537
3036539
3036542
3036544
3036550
3036551
3036557
3036563
3036564
3036565
3036567
3036569
3036571
3036575
3036582
3036584
3036587
3036588
3036589
3036590
3036591
3036593
3036594
3036597
3036599
3036601
3036604
3036605
3036609
3036611
3036612
3036614
3036615
3036616
3036620
3036621
3036622
3036623
3036624
3036625
3036628
3036629
3036632
3036635
3036638
3036639
3036641
3036642
3036644
3036645
3036646
3036647
3036652
3036656
3036658
3036664
3036665
3036666
3036668
3036672
3036673
3036674
3036678
3036683
3036684
3036696
3036698
3036704
3036710
3036711
3036714
3036715
3036716
3036719
3036720
3036735
3036736
3036737
3036740
3036741
3036742
3036745
3036748
3036750
3036754
3036755
3036760
3036761
3036764
3036765
3036766
3036767
3036772
3036780
3036783
3036790
3036792
3036799
3036801
3036803
3036805
3036806
3036810
3036812
3036813
3036817
3036820
3036821
3036822
3036823
3036824
3036826
3036829
3036830
3036834
3036835
3036840
3036841
3036842
3036849
3036851
3036852
3036853
3036855
3036859
3036862
3036867
3036868
3036869
3036874
3036875
3036877
3036881
3036884
3036887
3036891
3036896
3036898
3036905
3036907
3036908
3036909
3036912
3036920
3036921
3036929
3036930
3036934
3036939
3036940
3036944
3036945
3036947
3036950
3036959
3036960
3036962
3036963
3036969
3036970
3036971
3036972
3036973
3036975
3036976
3036977
3036982
3036988
3036991
3036993
3036996
3037000
3037001
3037008
3037017
3037018
3037023
3037025
3037026
3037029
3037031
3037032
3037034
3037041
3037042
3037043
3037045
3037047
3037048
3037050
3037052
3037053
3037054
3037058
3037060
3037067
3037071
3037072
3037080
3037084
3037089
3037090
3037092
3037093
3037094
3037095
3037102
3037103
3037105
3037106
3037111
3037113
3037120
3037121
3037122
3037124
3037128
3037129
3037132
3037133
3037140
3037142
3037148
3037149
3037151
3037155
3037157
3037159
3037161
3037162
3037165
3037167
3037168
3037169
3037171
3037172
3037173
3037177
3037178
3037179
3037180
3037184
3037185
3037188
3037189
3037190
3037193
3037200
3037201
3037202
3037204
3037206
3037207
3037208
3037209
3037210
3037211
3037212
3037213
3037215
3037217
3037218
3037221
3037222
3037223
3037228
3037230
3037231
3037233
3037234
3037237
3037239
3037240
3037242
3037243
3037244
3037247
3037253
3037254
3037255
3037257
3037262
3037263
3037271
3037275
3037276
3037279
3037283
3037285
3037288
3037289
3037294
3037296
3037297
3037300
3037304
3037305
3037306
3037307
3037309
3037310
3037311
3037312
3037314
3037317
3037318
3037319
3037327
3037333
3037334
3037340
3037341
3037343
3037349
3037350
3037352
3037357
3037359
3037362
3037363
3037368
3037370
3037377
3037378
3037379
3037381
3037386
3037388
3037389
3037391
3037394
3037396
3037397
3037398
3037399
3037402
3037404
3037405
3037407
3037408
3037414
3037415
3037418
3037419
3037422
3037424
3037426
3037428
3037429
3037430
3037433
3037434
3037435
3037436
3037441
3037443
3037444
3037446
3037447
3037449
3037455
3037459
3037460
3037465
3037469
3037470
3037471
3037472
3037475
3037476
3037478
3037493
3037499
3037501
3037506
3037507
3037509
3037512
3037514
3037519
3037520
3037521
3037522
3037523
3037524
3037536
3037537
3037538
3037544
3037545
3037548
3037549
3037550
3037551
3037553
3037554
3037557
3037561
3037562
3037563
3037564
3037570
3037571
3037572
3037573
3037574
3037575
3037577
3037582
3037585
3037590
3037591
3037594
3037596
3037606
3037607
3037611
3037615
3037617
3037619
3037620
3037622
3037624
3037625
3037626
3037627
3037629
3037633
3037642
3037647
3037653
3037654
3037656
3037657
3037661
3037669
3037670
3037677
3037678
3037680
3037681
3037682
3037686
3037687
3037688
3037690
3037692
3037693
3037696
3037698
3037706
3037708
3037709
3037710
3037716
3037717
3037718
3037719
3037722
3037730
3037738
3037739
3037742
3037743
3037744
3037745
3037747
3037748
3037749
3037750
3037751
3037755
3037758
3037759
3037762
3037763
3037764
3037765
3037768
3037773
3037774
3037778
3037781
3037782
3037783
3037788
3037791
3037793
3037794
3037795
3037796
3037797
3037800
3037804
3037807
3037809
3037810
3037811
3037812
3037818
3037819
3037821
3037822
3037827
3037828
3037829
3037830
3037831
3037832
3037833
3037837
3037838
3037840
3037841
3037842
3037844
3037845
3037846
3037847
3037850
3037851
3037852
3037853
3037855
3037857
3037859
3037861
3037863
3037865
3037866
3037870
3037872
3037873
3037874
3037875
3037876
3037881
3037883
3037885
3037886
3037887
3037888
3037890
3037891
3037892
3037894
3037895
3037896
3037897
3037898
3037899
3037903
3037906
3037907
3037908
3037913
3037916
3037918
3037920
3037925
3037926
3037928
3037929
3037931
3037932
3037937
3037940
3037941
3037947
3037952
3037956
3037957
3037961
3037962
3037963
3037965
3037974
3037975
3037976
3037977
3037978
3037983
3037984
3037985
3037991
3037994
3037996
3037997
3037998
3037999
3038003
3038009
3038010
3038013
3038014
3038018
3038021
3038025
3038032
3038035
3038036
3038044
3038050
3038055
3038056
3038061
3038063
3038064
3038067
3038070
3038076
3038077
3038078
3038079
3038082
3038083
3038084
3038089
3038090
3038091
3038095
3038097
3038098
3038099
3038103
3038105
3038106
3038111
3038112
3038116
3038118
3038119
3038121
3038123
3038126
3038127
3038130
3038131
3038133
3038137
3038141
3038142
3038143
3038146
3038147
3038152
3038156
3038157
3038163
3038164
3038165
3038168
3038169
3038171
3038172
3038174
3038177
3038181
3038182
3038183
3038184
3038187
3038189
3038190
3038191
3038198
3038202
3038203
3038208
3038209
3038211
3038212
3038217
3038222
3038224
3038232
3038233
3038240
3038241
3038247
3038248
3038249
3038250
3038257
3038262
3038263
3038264
3038269
3038270
3038271
3038273
3038278
3038279
3038282
3038283
3038284
3038287
3038288
3038290
3038291
3038292
3038293
3038294
3038295
3038296
3038302
3038304
3038306
3038310
3038311
3038313
3038316
3038322
3038323
3038324
3038325
3038333
3038334
3038336
3038341
3038346
3038349
3038353
3038359
3038367
3038371
3038372
3038381
3038385
3038387
3038388
3038389
3038390
3038392
3038394
3038396
3038397
3038400
3038401
3038404
3038406
3038408
3038411
3038412
3038416
3038417
3038418
3038421
3038428
3038434
3038437
3038442
3038443
3038445
3038446
3038447
3038449
3038451
3038455
3038458
3038461
3038469
3038472
3038473
3038479
3038480
3038482
3038483
3038484
3038487
3038489
3038490
3038493
3038496
3038497
3038498
3038501
3038507
3038509
3038510
3038512
3038513
3038514
3038515
3038516
3038517
3038518
3038519
3038524
3038526
3038535
3038539
3038540
3038541
3038542
3038543
3038545
3038546
3038547
3038550
3038551
3038554
3038555
3038558
3038559
3038561
3038562
3038563
3038569
3038572
3038575
3038576
3038577
3038585
3038588
3038591
3038596
3038597
3038598
3038602
3038603
3038605
3038612
3038617
3038618
3038626
3038627
3038632
3038634
3038637
3038638
3038647
3038654
3038655
3038657
3038658
3038659
3038662
3038663
3038665
3038668
3038672
3038675
3038685
3038690
3038692
3038693
3038696
3038701
3038702
3038703
3038704
3038705
3038706
3038708
3038709
3038713
3038715
3038720
3038722
3038725
3038726
3038728
3038729
3038730
3038732
3038734
3038737
3038738
3038741
3038747
3038748
3038749
3038752
3038754
3038755
3038760
3038764
3038765
3038767
3038768
3038769
3038770
3038774
3038776
3038777
3038779
3038780
3038782
3038788
3038789
3038790
3038792
3038797
3038798
3038799
3038801
3038803
3038805
3038806
3038808
3038809
3038811
3038813
3038820
3038822
3038824
3038829
3038830
3038832
3038836
3038838
3038839
3038840
3038844
3038846
3038850
3038853
3038855
3038856
3038863
3038871
3038877
3038880
3038881
3038887
3038888
3038890
3038897
3038900
3038901
3038902
3038903
3038904
3038907
3038909
3038911
3038913
3038915
3038921
3038922
3038923
3038924
3038925
3038926
3038928
3038929
3038930
3038931
3038932
3038933
3038938
3038940
3038944
3038945
3038946
3038947
3038948
3038954
3038955
3038962
3038965
3038970
3038971
3038972
3038973
3038974
3038975
3038976
3038978
3038985
3038986
3038990
3038998
3039001
3039003
3039004
3039012
3039013
3039015
3039019
3039020
3039025
3039027
3039028
3039030
3039031
3039034
3039037
3039038
3039040
3039041
3039042
3039047
3039054
3039059
3039063
3039065
3039066
3039067
3039070
3039072
3039073
3039075
3039076
3039078
3039082
3039084
3039086
3039091
3039096
3039098
3039099
3039105
3039108
3039112
3039113
3039114
3039116
3039118
3039119
3039120
3039123
3039128
3039129
3039130
3039131
3039132
3039133
3039137
3039141
3039142
3039144
3039146
3039154
3039156
3039157
3039160
3039162
3039163
3039167
3039171
3039172
3039174
3039176
3039180
3039182
3039183
3039185
3039186
3039187
3039188
3039190
3039194
3039195
3039196
3039198
3039200
3039203
3039204
3039205
3039206
3039207
3039209
3039216
3039220
3039222
3039229
3039233
3039235
3039236
3039241
3039248
3039249
3039260
3039274
3039275
3039277
3039279
3039284
3039285
3039286
3039287
3039289
3039292
3039294
3039300
3039302
3039305
3039307
3039309
3039310
3039320
3039322
3039323
3039325
3039327
3039334
3039335
3039338
3039339
3039340
3039343
3039344
3039352
3039353
3039354
3039355
3039357
3039361
3039371
3039372
3039376
3039377
3039380
3039383
3039385
3039390
3039391
3039395
3039396
3039398
3039400
3039405
3039406
3039407
3039408
3039412
3039413
3039414
3039415
3039417
3039418
3039419
3039420
3039422
3039426
3039427
3039431
3039432
3039440
3039441
3039442
3039443
3039447
3039448
3039451
3039452
3039456
3039457
3039463
3039466
3039470
3039473
3039475
3039476
3039483
3039484
3039485
3039486
3039488
3039495
3039498
3039503
3039504
3039506
3039511
3039517
3039518
3039520
3039521
3039525
3039529
3039531
3039534
3039535
3039541
3039543
3039544
3039545
3039549
3039553
3039556
3039561
3039562
3039564
3039565
3039567
3039568
3039578
3039579
3039584
3039586
3039590
3039592
3039605
3039606
3039608
3039609
3039615
3039617
3039620
3039623
3039628
3039629
3039630
3039637
3039640
3039646
3039652
3039655
3039656
3039657
3039658
3039661
3039663
3039664
3039667
3039668
3039670
3039671
3039672
3039674
3039676
3039677
3039680
3039683
3039685
3039686
3039688
3039690
3039691
3039692
3039698
3039700
3039708
3039715
3039716
3039718
3039720
3039728
3039729
3039731
3039738
3039743
3039744
3039748
3039753
3039757
3039761
3039762
3039769
3039772
3039774
3039780
3039781
3039784
3039786
3039793
3039794
3039797
3039799
3039801
3039802
3039804
3039805
3039806
3039810
3039815
3039817
3039818
3039819
3039823
3039824
3039825
3039828
3039829
3039830
3039831
3039832
3039833
3039837
3039839
3039841
3039842
3039846
3039847
3039851
3039852
3039858
3039860
3039861
3039862
3039864
3039867
3039868
3039869
3039871
3039878
3039880
3039883
3039885
3039888
3039889
3039893
3039898
3039900
3039905
3039908
3039910
3039912
3039917
3039921
3039925
3039927
3039928
3039929
3039930
3039931
3039934
3039935
3039937
3039938
3039939
3039943
3039950
3039953
3039958
3039959
3039961
3039962
3039963
3039964
3039972
3039974
3039979
3039982
3039983
3039986
3039991
3039994
3039995
3039997
3039998
3040000
3040001
3040002
3040003
3040004
3040005
3040007
3040008
3040011
3040012
3040013
3040014
3040020
3040021
3040024
3040025
3040026
3040027
3040029
3040035
3040038
3040044
3040045
3040047
3040050
3040057
3040058
3040059
3040062
3040067
3040068
3040069
3040073
3040076
3040078
3040085
3040094
3040095
3040096
3040104
3040105
3040106
3040109
3040110
3040111
3040113
3040125
3040127
3040128
3040129
3040130
3040131
3040134
3040140
3040144
3040146
3040151
3040152
3040153
3040154
3040158
3040177
3040180
3040186
3040188
3040189
3040193
3040194
3040195
3040196
3040198
3040200
3040207
3040209
3040212
3040214
3040215
3040219
3040220
3040222
3040223
3040225
3040226
3040230
3040233
3040236
3040241
3040256
3040262
3040264
3040265
3040269
3040270
3040274
3040275
3040276
3040284
3040290
3040294
3040296
3040298
3040302
3040303
3040310
3040313
3040316
3040322
3040324
3040325
3040326
3040327
3040329
3040330
3040331
3040334
3040335
3040337
3040340
3040341
3040346
3040347
3040351
3040353
3040355
3040358
3040359
3040360
3040362
3040363
3040364
3040366
3040367
3040368
3040369
3040370
3040374
3040376
3040377
3040378
3040388
3040390
3040394
3040401
3040402
3040405
3040407
3040408
3040410
3040412
3040415
3040416
3040418
3040419
3040420
3040421
3040431
3040433
3040437
3040438
3040441
3040448
3040450
3040451
3040461
3040466
3040469
3040471
3040485
3040486
3040487
3040488
3040491
3040494
3040497
3040500
3040502
3040505
3040514
3040516
3040519
3040525
3040526
3040529
3040530
3040531
3040532
3040533
3040534
3040536
3040538
3040539
3040545
3040546
3040550
3040551
3040557
3040558
3040562
3040563
3040574
3040577
3040578
3040580
3040586
3040587
3040589
3040595
3040596
3040597
3040599
3040610
3040613
3040614
3040616
3040617
3040618
3040619
3040622
3040626
3040627
3040629
3040634
3040635
3040636
3040638
3040643
3040645
3040648
3040649
3040651
3040652
3040655
3040661
3040662
3040664
3040668
3040669
3040670
3040674
3040675
3040689
3040690
3040692
3040696
3040702
3040704
3040706
3040707
3040708
3040710
3040712
3040718
3040721
3040722
3040725
3040731
3040734
3040739
3040741
3040742
3040744
3040746
3040747
3040751
3040753
3040755
3040756
3040758
3040759
3040762
3040763
3040764
3040765
3040766
3040768
3040769
3040770
3040772
3040773
3040774
3040779
3040782
3040786
3040787
3040793
3040795
3040798
3040803
3040810
3040813
3040816
3040818
3040820
3040824
3040825
3040832
3040834
3040838
3040842
3040847
3040850
3040852
3040855
3040858
3040859
3040865
3040869
3040870
3040872
3040874
3040878
3040879
3040880
3040881
3040885
3040886
3040887
3040889
3040891
3040894
3040896
3040898
3040903
3040904
3040905
3040912
3040919
3040920
3040921
3040922
3040931
3040939
3040940
3040945
3040950
3040966
3040974
3040977
3040979
3040981
3040988
3040991
3040995
3040996
3040997
3040999
3041000
3041001
3041003
3041005
3041007
3041009
3041010
3041014
3041015
3041016
3041019
3041020
3041023
3041024
3041028
3041031
3041032
3041033
3041039
3041042
3041048
3041057
3041058
3041068
3041069
3041071
3041073
3041075
3041080
3041081
3041082
3041083
3041084
3041088
3041096
3041102
3041105
3041106
3041110
3041111
3041112
3041119
3041120
3041133
3041134
3041150
3041151
3041154
3041157
3041159
3041162
3041164
3041166
3041173
3041177
3041178
3041181
3041186
3041188
3041193
3041194
3041195
3041202
3041203
3041206
3041212
3041213
3041223
3041225
3041227
3041228
3041229
3041231
3041237
3041240
3041246
3041247
3041248
3041249
3041252
3041255
3041256
3041257
3041258
3041260
3041261
3041268
3041269
3041271
3041273
3041279
3041281
3041283
3041284
3041285
3041298
3041299
3041303
3041312
3041313
3041316
3041318
3041319
3041320
3041321
3041323
3041328
3041329
3041331
3041339
3041340
3041345
3041347
3041349
3041351
3041353
3041355
3041363
3041364
3041365
3041367
3041374
3041376
3041377
3041379
3041381
3041382
3041387
3041392
3041393
3041398
3041400
3041405
3041406
3041407
3041410
3041412
3041414
3041416
3041417
3041419
3041420
3041424
3041425
3041426
3041431
3041432
3041433
3041434
3041437
3041438
3041440
3041445
3041446
3041451
3041456
3041460
3041463
3041471
3041473
3041474
3041478
3041481
3041482
3041485
3041486
3041488
3041490
3041491
3041494
3041495
3041496
3041498
3041501
3041503
3041509
3041511
3041514
3041518
3041521
3041523
3041525
3041527
3041528
3041530
3041533
3041534
3041535
3041540
3041547
3041548
3041550
3041554
3041555
3041558
3041561
3041562
3041569
3041570
3041571
3041573
3041580
3041583
3041593
3041595
3041599
3041601
3041602
3041604
3041608
3041609
3041611
3041612
3041615
3041618
3041620
3041621
3041622
3041624
3041628
3041630
3041631
3041634
3041635
3041636
3041642
3041649
3041653
3041654
3041657
3041660
3041661
3041663
3041664
3041665
3041675
3041676
3041677
3041678
3041680
3041685
3041686
3041688
3041690
3041691
3041692
3041693
3041695
3041696
3041698
3041699
3041701
3041702
3041703
3041704
3041706
3041707
3041708
3041709
3041713
3041716
3041719
3041722
3041724
3041726
3041730
3041731
3041734
3041735
3041737
3041739
3041741
3041743
3041744
3041746
3041749
3041753
3041754
3041756
3041757
3041758
3041764
3041766
3041768
3041769
3041772
3041778
3041783
3041786
3041789
3041790
3041791
3041793
3041794
3041795
3041796
3041797
3041799
3041802
3041803
3041812
3041813
3041814
3041815
3041820
3041821
3041825
3041830
3041831
3041833
3041841
3041846
3041850
3041851
3041852
3041854
3041857
3041859
3041867
3041868
3041870
3041872
3041879
3041882
3041885
3041888
3041893
3041898
3041902
3041911
3041915
3041918
3041919
3041923
3041924
3041926
3041927
3041928
3041930
3041931
3041934
3041946
3041951
3041952
3041959
3041961
3041965
3041966
3041972
3041973
3041975
3041977
3041978
3041981
3041982
3041983
3041984
3041987
3041988
3041989
3041992
3041993
3041994
3041996
3042000
3042001
3042002
3042005
3042006
3042007
3042010
3042012
3042014
3042015
3042016
3042017
3042018
3042019
3042020
3042021
3042023
3042024
3042025
3042027
3042028
3042031
3042032
3042035
3042037
3042038
3042040
3042042
3042045
3042046
3042048
3042052
3042053
3042055
3042056
3042057
3042059
3042069
3042074
3042075
3042076
3042077
3042080
3042083
3042087
3042090
3042091
3042099
3042102
3042104
3042108
3042114
3042115
3042119
3042120
3042124
3042128
3042134
3042135
3042136
3042140
3042141
3042146
3042148
3042151
3042153
3042156
3042160
3042162
3042163
3042164
3042165
3042170
3042171
3042175
3042177
3042178
3042180
3042181
3042183
3042189
3042195
3042197
3042199
3042200
3042202
3042203
3042204
3042206
3042207
3042208
3042217
3042219
3042220
3042226
3042228
3042233
3042234
3042235
3042237
3042239
3042242
3042243
3042246
3042249
3042250
3042251
3042252
3042255
3042257
3042260
3042263
3042268
3042271
3042275
3042276
3042277
3042280
3042281
3042282
3042284
3042285
3042290
3042295
3042298
3042299
3042301
3042305
3042307
3042318
3042320
3042322
3042324
3042325
3042326
3042327
3042330
3042332
3042333
3042334
3042335
3042338
3042348
3042349
3042350
3042357
3042360
3042361
3042366
3042371
3042372
3042375
3042379
3042381
3042382
3042390
3042394
3042395
3042397
3042399
3042401
3042406
3042417
3042422
3042425
3042431
3042433
3042434
3042436
3042438
3042439
3042451
3042452
3042453
3042458
3042460
3042461
3042464
3042466
3042467
3042468
3042469
3042473
3042474
3042476
3042479
3042482
3042489
3042491
3042493
3042498
3042502
3042503
3042504
3042506
3042507
3042509
3042510
3042512
3042516
3042517
3042521
3042523
3042529
3042532
3042534
3042538
3042543
3042545
3042548
3042549
3042550
3042551
3042555
3042563
3042564
3042565
3042572
3042577
3042578
3042582
3042585
3042586
3042587
3042589
3042590
3042591
3042592
3042593
3042595
3042606
3042607
3042613
3042617
3042619
3042620
3042624
3042625
3042627
3042628
3042629
3042630
3042631
3042632
3042633
3042634
3042635
3042636
3042637
3042638
3042639
3042640
3042642
3042645
3042646
3042651
3042655
3042656
3042658
3042660
3042661
3042663
3042667
3042668
3042669
3042670
3042671
3042672
3042673
3042674
3042675
3042679
3042682
3042683
3042684
3042689
3042690
3042692
3042704
3042706
3042708
3042709
3042715
3042717
3042720
3042723
3042724
3042731
3042732
3042733
3042734
3042736
3042742
3042745
3042746
3042748
3042751
3042752
3042757
3042760
3042763
3042764
3042767
3042775
3042776
3042778
3042779
3042783
3042786
3042788
3042793
3042796
3042802
3042803
3042806
3042811
3042813
3042814
3042815
3042817
3042821
3042823
3042825
3042827
3042828
3042831
3042837
3042839
3042843
3042845
3042850
3042858
3042863
3042875
3042877
3042879
3042882
3042887
3042892
3042894
3042897
3042898
3042900
3042902
3042904
3042905
3042909
3042921
3042927
3042928
3042935
3042936
3042941
3042944
3042946
3042950
3042951
3042954
3042956
3042960
3042964
3042968
3042969
3042972
3042974
3042976
3042980
3042982
3042983
3042984
3042986
3042988
3042993
3042996
3043003
3043005
3043008
3043011
3043012
3043014
3043016
3043017
3043018
3043019
3043021
3043024
3043026
3043028
3043029
3043037
3043040
3043041
3043042
3043043
3043044
3043051
3043057
3043067
3043068
3043073
3043074
3043076
3043080
3043082
3043084
3043085
3043086
3043095
3043096
3043103
3043104
3043105
3043106
3043107
3043114
3043115
3043116
3043120
3043121
3043123
3043124
3043126
3043127
3043129
3043130
3043132
3043136
3043137
3043138
3043145
3043147
3043148
3043149
3043150
3043151
3043153
3043154
3043155
3043157
3043160
3043166
3043168
3043169
3043171
3043172
3043178
3043180
3043183
3043185
3043189
3043194
3043196
3043197
3043203
3043210
3043211
3043212
3043216
3043219
3043220
3043223
3043230
3043232
3043236
3043248
3043251
3043254
3043255
3043256
3043261
3043265
3043267
3043271
3043275
3043276
3043277
3043279
3043280
3043284
3043285
3043291
3043292
3043294
3043299
3043301
3043318
3043319
3043320
3043322
3043326
3043334
3043335
3043336
3043337
3043339
3043341
3043342
3043343
3043344
3043347
3043352
3043353
3043355
3043357
3043359
3043360
3043361
3043363
3043364
3043365
3043366
3043368
3043373
3043376
3043378
3043385
3043386
3043387
3043388
3043389
3043390
3043394
3043396
3043401
3043404
3043405
3043416
3043420
3043421
3043422
3043423
3043424
3043427
3043428
3043438
3043440
3043442
3043443
3043445
3043451
3043454
3043459
3043461
3043462
3043463
3043464
3043465
3043467
3043471
3043472
3043473
3043474
3043479
3043490
3043491
3043492
3043494
3043495
3043496
3043502
3043503
3043504
3043505
3043507
3043510
3043512
3043513
3043521
3043529
3043533
3043540
3043543
3043545
3043547
3043551
3043553
3043557
3043560
3043564
3043565
3043566
3043572
3043575
3043581
3043583
3043584
3043585
3043586
3043588
3043589
3043590
3043591
3043595
3043598
3043599
3043600
3043601
3043603
3043606
3043607
3043612
3043613
3043614
3043617
3043618
3043623
3043630
3043635
3043636
3043637
3043640
3043642
3043646
3043647
3043649
3043650
3043651
3043655
3043658
3043659
3043661
3043664
3043667
3043670
3043677
3043680
3043681
3043682
3043684
3043690
3043692
3043695
3043697
3043698
3043699
3043701
3043708
3043710
3043715
3043720
3043724
3043727
3043731
3043735
3043736
3043739
3043742
3043743
3043744
3043754
3043756
3043761
3043762
3043763
3043764
3043765
3043767
3043769
3043775
3043778
3043779
3043782
3043783
3043786
3043790
3043791
3043792
3043793
3043794
3043795
3043796
3043798
3043799
3043800
3043803
3043814
3043820
3043821
3043823
3043824
3043826
3043827
3043831
3043833
3043834
3043835
3043840
3043842
3043843
3043844
3043848
3043849
3043850
3043854
3043858
3043866
3043876
3043878
3043879
3043881
3043887
3043896
3043897
3043899
3043905
3043910
3043912
3043913
3043916
3043921
3043923
3043933
3043934
3043935
3043936
3043939
3043940
3043942
3043944
3043948
3043951
3043952
3043953
3043955
3043956
3043964
3043965
3043970
3043976
3043980
3043981
3043984
3043986
3043988
3043992
3043994
3043996
3044000
3044005
3044007
3044009
3044012
3044015
3044016
3044019
3044020
3044021
3044022
3044024
3044029
3044035
3044036
3044037
3044038
3044039
3044040
3044041
3044042
3044047
3044048
3044050
3044054
3044060
3044062
3044064
3044067
3044069
3044070
3044072
3044076
3044079
3044082
3044083
3044084
3044090
3044092
3044094
3044097
3044102
3044104
3044105
3044109
3044112
3044116
3044126
3044134
3044136
3044138
3044141
3044143
3044144
3044147
3044148
3044149
3044150
3044154
3044158
3044159
3044161
3044168
3044177
3044178
3044179
3044180
3044190
3044191
3044193
3044194
3044197
3044199
3044200
3044204
3044205
3044206
3044207
3044208
3044209
3044211
3044214
3044228
3044230
3044233
3044236
3044238
3044242
3044246
3044248
3044249
3044258
3044259
3044264
3044268
3044269
3044270
3044273
3044274
3044275
3044278
3044280
3044281
3044282
3044284
3044285
3044286
3044287
3044291
3044292
3044298
3044300
3044301
3044303
3044305
3044306
3044308
3044309
3044313
3044318
3044322
3044325
3044331
3044333
3044340
3044344
3044345
3044348
3044352
3044354
3044359
3044364
3044366
3044371
3044373
3044375
3044377
3044378
3044383
3044384
3044386
3044387
3044392
3044393
3044400
3044401
3044408
3044410
3044413
3044414
3044419
3044421
3044422
3044424
3044430
3044431
3044432
3044433
3044437
3044444
3044447
3044449
3044451
3044461
3044462
3044463
3044465
3044466
3044467
3044472
3044475
3044480
3044484
3044486
3044487
3044489
3044490
3044493
3044494
3044497
3044499
3044505
3044509
3044512
3044513
3044515
3044517
3044520
3044521
3044526
3044528
3044531
3044533
3044534
3044535
3044538
3044541
3044542
3044549
3044550
3044551
3044559
3044565
3044566
3044567
3044568
3044579
3044584
3044586
3044591
3044595
3044598
3044599
3044600
3044605
3044606
3044607
3044609
3044610
3044611
3044618
3044624
3044626
3044629
3044635
3044637
3044639
3044641
3044642
3044645
3044648
3044650
3044651
3044652
3044662
3044663
3044664
3044666
3044674
3044675
3044676
3044678
3044680
3044684
3044688
3044689
3044692
3044694
3044698
3044699
3044700
3044704
3044706
3044709
3044710
3044715
3044718
3044719
3044720
3044723
3044724
3044725
3044728
3044735
3044736
3044740
3044741
3044753
3044755
3044763
3044772
3044774
3044775
3044776
3044777
3044778
3044779
3044781
3044783
3044785
3044789
3044791
3044792
3044794
3044795
3044798
3044799
3044811
3044816
3044817
3044827
3044828
3044836
3044840
3044856
3044857
3044859
3044860
3044870
3044871
3044872
3044875
3044878
3044880
3044883
3044892
3044895
3044896
3044898
3044904
3044905
3044915
3044916
3044917
3044919
3044921
3044923
3044925
3044927
3044931
3044932
3044935
3044938
3044945
3044946
3044947
3044948
3044949
3044950
3044951
3044952
3044959
3044960
3044961
3044963
3044967
3044968
3044973
3044974
3044975
3044982
3044985
3044987
3044992
3044993
3044994
3044998
3045000
3045001
3045008
3045010
3045011
3045013
3045014
3045015
3045016
3045019
3045021
3045022
3045023
3045027
3045029
3045031
3045032
3045039
3045040
3045047
3045053
3045054
3045055
3045058
3045061
3045069
3045070
3045071
3045074
3045075
3045077
3045078
3045079
3045080
3045081
3045086
3045087
3045088
3045090
3045094
3045095
3045096
3045105
3045106
3045108
3045111
3045113
3045116
3045118
3045120
3045122
3045123
3045130
3045131
3045133
3045134
3045141
3045145
3045146
3045147
3045149
3045153
3045162
3045168
3045169
3045170
3045171
3045172
3045174
3045181
3045183
3045185
3045187
3045197
3045198
3045199
3045202
3045207
3045208
3045214
3045223
3045224
3045229
3045230
3045233
3045234
3045235
3045240
3045241
3045245
3045248
3045250
3045252
3045253
3045254
3045255
3045258
3045259
3045261
3045262
3045263
3045264
3045265
3045269
3045278
3045279
3045280
3045282
3045283
3045286
3045289
3045290
3045299
3045301
3045303
3045308
3045317
3045319
3045323
3045325
3045328
3045338
3045339
3045340
3045349
3045350
3045354
3045356
3045357
3045359
3045362
3045363
3045364
3045366
3045367
3045369
3045371
3045372
3045374
3045375
3045376
3045384
3045398
3045402
3045403
3045407
3045408
3045409
3045413
3045415
3045417
3045419
3045421
3045425
3045430
3045431
3045433
3045434
3045435
3045436
3045439
3045441
3045447
3045450
3045453
3045454
3045457
3045460
3045461
3045463
3045464
3045465
3045475
3045476
3045479
3045486
3045488
3045490
3045491
3045495
3045496
3045499
3045500
3045501
3045502
3045503
3045505
3045506
3045510
3045511
3045512
3045513
3045514
3045521
3045524
3045530
3045531
3045537
3045544
3045546
3045553
3045555
3045558
3045559
3045562
3045572
3045576
3045591
3045592
3045596
3045597
3045598
3045601
3045603
3045607
3045612
3045616
3045617
3045622
3045624
3045626
3045627
3045628
3045630
3045631
3045634
3045639
3045640
3045647
3045649
3045650
3045652
3045653
3045654
3045655
3045659
3045665
3045666
3045669
3045673
3045674
3045676
3045677
3045678
3045679
3045682
3045684
3045687
3045689
3045697
3045704
3045706
3045707
3045708
3045710
3045718
3045729
3045732
3045735
3045741
3045744
3045745
3045748
3045750
3045753
3045754
3045755
3045760
3045762
3045763
3045765
3045767
3045772
3045782
3045784
3045785
3045786
3045795
3045797
3045799
3045802
3045803
3045804
3045805
3045807
3045809
3045812
3045813
3045816
3045818
3045820
3045821
3045822
3045824
3045825
3045826
3045829
3045834
3045837
3045839
3045844
3045847
3045851
3045853
3045857
3045862
3045863
3045865
3045868
3045869
3045870
3045872
3045874
3045875
3045889
3045890
3045892
3045893
3045894
3045895
3045907
3045912
3045915
3045917
3045920
3045926
3045927
3045931
3045933
3045934
3045936
3045940
3045941
3045943
3045944
3045945
3045946
3045947
3045954
3045957
3045959
3045961
3045962
3045970
3045971
3045973
3045976
3045979
3045980
3045984
3045986
3045988
3045990
3045999
3046003
3046009
3046015
3046016
3046018
3046019
3046023
3046024
3046030
3046037
3046038
3046039
3046041
3046053
3046054
3046061
3046064
3046066
3046067
3046070
3046071
3046073
3046075
3046076
3046078
3046079
3046083
3046084
3046085
3046088
3046089
3046093
3046094
3046096
3046102
3046104
3046115
3046121
3046123
3046124
3046125
3046127
3046129
3046135
3046136
3046138
3046140
3046144
3046146
3046148
3046150
3046160
3046161
3046162
3046166
3046167
3046169
3046170
3046171
3046173
3046174
3046177
3046184
3046185
3046186
3046190
3046208
3046209
3046210
3046211
3046215
3046216
3046217
3046221
3046222
3046223
3046224
3046232
3046237
3046239
3046245
3046253
3046254
3046256
3046260
3046261
3046265
3046266
3046270
3046277
3046278
3046279
3046280
3046281
3046283
3046285
3046286
3046288
3046289
3046292
3046293
3046298
3046305
3046306
3046310
3046314
3046316
3046324
3046325
3046328
3046332
3046333
3046334
3046335
3046341
3046345
3046347
3046352
3046353
3046354
3046356
3046357
3046360
3046361
3046364
3046365
3046367
3046368
3046371
3046373
3046382
3046385
3046391
3046396
3046399
3046401
3046404
3046405
3046406
3046408
3046413
3046415
3046418
3046419
3046420
3046424
3046429
3046430
3046433
3046435
3046436
3046437
3046438
3046439
3046447
3046454
3046456
3046459
3046462
3046467
3046469
3046470
3046471
3046475
3046477
3046482
3046491
3046498
3046500
3046501
3046510
3046511
3046512
3046518
3046522
3046523
3046525
3046528
3046529
3046532
3046533
3046539
3046546
3046547
3046550
3046561
3046562
3046568
3046570
3046572
3046575
3046576
3046583
3046589
3046593
3046597
3046601
3046602
3046605
3046606
3046609
3046610
3046614
3046616
3046619
3046620
3046621
3046625
3046633
3046634
3046637
3046638
3046639
3046647
3046655
3046656
3046662
3046665
3046666
3046669
3046670
3046675
3046683
3046684
3046685
3046686
3046691
3046692
3046693
3046697
3046699
3046703
3046706
3046707
3046710
3046712
3046715
3046721
3046726
3046729
3046730
3046731
3046733
3046737
3046739
3046740
3046742
3046744
3046753
3046761
3046763
3046768
3046771
3046781
3046784
3046785
3046787
3046789
3046790
3046791
3046794
3046795
3046796
3046797
3046801
3046802
3046803
3046804
3046805
3046806
3046809
3046818
3046820
3046821
3046822
3046827
3046829
3046830
3046833
3046834
3046837
3046842
3046843
3046846
3046848
3046851
3046855
3046857
3046859
3046867
3046868
3046874
3046877
3046879
3046881
3046890
3046893
3046898
3046901
3046907
3046912
3046913
3046914
3046915
3046923
3046926
3046933
3046934
3046939
3046940
3046941
3046942
3046943
3046944
3046946
3046947
3046950
3046953
3046959
3046961
3046971
3046975
3046976
3046977
3046980
3046981
3046984
3046992
3046996
3046997
3046998
3046999
3047003
3047006
3047007
3047008
3047011
3047012
3047013
3047015
3047021
3047024
3047026
3047030
3047031
3047035
3047043
3047044
3047045
3047051
3047052
3047055
3047056
3047057
3047059
3047061
3047062
3047071
3047073
3047077
3047078
3047084
3047085
3047087
3047090
3047091
3047094
3047095
3047097
3047101
3047103
3047105
3047109
3047111
3047112
3047114
3047118
3047119
3047120
3047122
3047124
3047128
3047130
3047133
3047137
3047142
3047145
3047146
3047151
3047152
3047154
3047157
3047158
3047159
3047162
3047163
3047164
3047170
3047174
3047176
3047179
3047187
3047188
3047189
3047191
3047192
3047198
3047201
3047206
3047220
3047225
3047226
3047234
3047236
3047238
3047244
3047252
3047253
3047255
3047260
3047261
3047262
3047263
3047265
3047268
3047270
3047273
3047279
3047289
3047296
3047303
3047306
3047307
3047312
3047313
3047316
3047320
3047328
3047329
3047331
3047332
3047333
3047334
3047336
3047340
3047341
3047342
3047344
3047354
3047359
3047361
3047373
3047380
3047381
3047385
3047386
3047392
3047393
3047394
3047395
3047396
3047400
3047401
3047404
3047405
3047407
3047414
3047415
3047418
3047419
3047425
3047426
3047430
3047437
3047445
3047449
3047451
3047452
3047454
3047458
3047459
3047460
3047464
3047465
3047471
3047474
3047478
3047479
3047482
3047484
3047487
3047489
3047492
3047493
3047496
3047503
3047518
3047528
3047529
3047530
3047531
3047532
3047534
3047543
3047546
3047547
3047551
3047559
3047561
3047563
3047564
3047568
3047569
3047573
3047582
3047584
3047585
3047588
3047589
3047590
3047600
3047601
3047604
3047606
3047607
3047612
3047614
3047623
3047628
3047634
3047635
3047636
3047637
3047643
3047656
3047658
3047659
3047660
3047667
3047674
3047676
3047683
3047684
3047687
3047691
3047693
3047701
3047713
3047717
3047719
3047724
3047727
3047738
3047744
3047745
3047746
3047747
3047748
3047751
3047754
3047759
3047761
3047765
3047768
3047772
3047777
3047784
3047787
3047789
3047790
3047796
3047802
3047804
3047805
3047809
3047816
3047820
3047821
3047822
3047837
3047841
3047845
3047871
3047872
3047873
3047878
3047886
3047887
3047888
3047891
3047892
3047893
3047894
3047895
3047902
3047903
3047905
3047909
3047913
3047916
3047922
3047923
3047924
3047925
3047935
3047941
3047944
3047945
3047946
3047947
3047949
3047951
3047952
3047956
3047959
3047960
3047961
3047962
3047965
3047966
3047973
3047974
3047980
3047981
3047982
3047983
3047984
3047990
3047993
3047994
3047995
3047996
3047997
3047998
3048014
3048015
3048019
3048021
3048022
3048024
3048026
3048029
3048031
3048032
3048036
3048037
3048041
3048047
3048048
3048050
3048054
3048057
3048060
3048065
3048066
3048067
3048068
3048071
3048074
3048079
3048080
3048085
3048087
3048094
3048099
3048100
3048106
3048107
3048110
3048117
3048118
3048122
3048125
3048128
3048129
3048130
3048131
3048132
3048133
3048134
3048139
3048141
3048143
3048144
3048145
3048156
3048158
3048173
3048174
3048177
3048178
3048184
3048185
3048186
3048188
3048190
3048194
3048199
3048200
3048201
3048202
3048204
3048205
3048212
3048215
3048226
3048230
3048231
3048232
3048233
3048235
3048240
3048241
3048243
3048245
3048247
3048252
3048254
3048255
3048257
3048259
3048260
3048261
3048263
3048264
3048269
3048270
3048275
3048278
3048279
3048280
3048282
3048289
3048292
3048293
3048296
3048297
3048299
3048300
3048301
3048306
3048310
3048317
3048320
3048327
3048331
3048335
3048338
3048341
3048346
3048350
3048352
3048353
3048359
3048365
3048367
3048368
3048369
3048374
3048376
3048377
3048380
3048385
3048394
3048399
3048400
3048401
3048405
3048411
3048421
3048424
3048426
3048428
3048430
3048431
3048433
3048434
3048435
3048437
3048442
3048443
3048444
3048446
3048450
3048454
3048455
3048457
3048461
3048463
3048464
3048466
3048477
3048484
3048485
3048486
3048491
3048494
3048497
3048500
3048508
3048509
3048511
3048515
3048516
3048517
3048519
3048520
3048523
3048525
3048528
3048531
3048532
3048535
3048539
3048541
3048543
3048546
3048548
3048549
3048551
3048552
3048553
3048554
3048555
3048560
3048566
3048567
3048568
3048569
3048571
3048573
3048574
3048575
3048576
3048578
3048582
3048583
3048587
3048588
3048589
3048590
3048591
3048594
3048596
3048597
3048603
3048605
3048606
3048608
3048612
3048615
3048616
3048617
3048626
3048628
3048629
3048630
3048633
3048634
3048635
3048638
3048640
3048642
3048645
3048647
3048650
3048651
3048655
3048656
3048658
3048661
3048662
3048665
3048666
3048668
3048669
3048671
3048672
3048674
3048677
3048679
3048680
3048683
3048684
3048685
3048687
3048689
3048694
3048698
3048699
3048703
3048704
3048706
3048707
3048712
3048716
3048719
3048720
3048727
3048730
3048732
3048734
3048735
3048742
3048745
3048759
3048765
3048767
3048768
3048769
3048770
3048772
3048777
3048780
3048781
3048782
3048784
3048786
3048792
3048793
3048798
3048799
3048800
3048809
3048810
3048812
3048817
3048818
3048823
3048828
3048829
3048833
3048834
3048836
3048837
3048838
3048844
3048846
3048851
3048857
3048858
3048860
3048870
3048874
3048877
3048886
3048890
3048892
3048893
3048894
3048896
3048900
3048904
3048906
3048907
3048908
3048910
3048911
3048913
3048914
3048917
3048920
3048921
3048922
3048927
3048936
3048956
3048960
3048961
3048962
3048963
3048965
3048967
3048969
3048976
3048978
3048982
3048985
3048986
3048987
3048994
3048995
3049000
3049001
3049004
3049013
3049020
3049021
3049026
3049029
3049032
3049033
3049035
3049043
3049046
3049049
3049050
3049053
3049054
3049055
3049056
3049058
3049062
3049066
3049067
3049071
3049075
3049076
3049077
3049086
3049088
3049089
3049095
3049097
3049102
3049103
3049106
3049107
3049111
3049112
3049114
3049115
3049116
3049124
3049129
3049131
3049132
3049134
3049139
3049140
3049141
3049142
3049145
3049148
3049151
3049154
3049155
3049157
3049163
3049164
3049166
3049171
3049172
3049176
3049177
3049180
3049182
3049185
3049186
3049189
3049192
3049194
3049196
3049202
3049203
3049204
3049207
3049209
3049210
3049212
3049213
3049214
3049215
3049234
3049239
3049243
3049251
3049252
3049253
3049256
3049264
3049265
3049266
3049267
3049268
3049269
3049270
3049272
3049273
3049277
3049280
3049284
3049291
3049298
3049301
3049305
3049308
3049309
3049314
3049315
3049316
3049321
3049323
3049324
3049329
3049330
3049333
3049340
3049343
3049345
3049346
3049348
3049349
3049352
3049353
3049358
3049360
3049361
3049362
3049369
3049370
3049371
3049376
3049377
3049378
3049380
3049382
3049386
3049387
3049391
3049392
3049400
3049403
3049407
3049408
3049413
3049416
3049418
3049421
3049423
3049426
3049428
3049434
3049450
3049453
3049455
3049460
3049461
3049465
3049472
3049476
3049481
3049484
3049485
3049488
3049491
3049492
3049493
3049494
3049501
3049508
3049509
3049510
3049512
3049519
3049520
3049527
3049528
3049530
3049531
3049534
3049541
3049542
3049546
3049551
3049555
3049558
3049562
3049567
3049568
3049572
3049577
3049583
3049591
3049593
3049594
3049595
3049596
3049597
3049599
3049601
3049602
3049603
3049607
3049613
3049614
3049617
3049621
3049623
3049625
3049631
3049632
3049633
3049634
3049636
3049637
3049641
3049643
3049644
3049645
3049648
3049651
3049655
3049669
3049673
3049679
3049681
3049684
3049689
3049695
3049697
3049700
3049702
3049707
3049708
3049710
3049711
3049712
3049716
3049722
3049724
3049729
3049732
3049734
3049739
3049740
3049743
3049746
3049747
3049749
3049751
3049752
3049755
3049756
3049757
3049761
3049763
3049768
3049776
3049780
3049785
3049786
3049788
3049789
3049791
3049793
3049795
3049801
3049805
3049806
3049812
3049817
3049819
3049822
3049827
3049829
3049839
3049843
3049848
3049849
3049860
3049870
3049872
3049873
3049881
3049888
3049894
3049895
3049902
3049905
3049907
3049909
3049910
3049915
3049918
3049924
3049929
3049930
3049931
3049933
3049937
3049939
3049946
3049948
3049955
3049956
3049957
3049958
3049960
3049961
3049962
3049978
3049981
3049982
3049989
3049993
3049995
3049996
3049997
3050000
3050001
3050002
3050004
3050007
3050008
3050011
3050012
3050013
3050015
3050016
3050017
3050022
3050023
3050034
3050037
3050043
3050048
3050049
3050051
3050054
3050055
3050056
3050057
3050060
3050063
3050065
3050066
3050067
3050068
3050071
3050072
3050073
3050075
3050080
3050081
3050088
3050089
3050090
3050096
3050103
3050106
3050107
3050109
3050111
3050112
3050115
3050116
3050121
3050123
3050124
3050127
3050133
3050135
3050139
3050142
3050143
3050150
3050152
3050153
3050155
3050157
3050164
3050165
3050169
3050170
3050172
3050173
3050174
3050175
3050176
3050177
3050178
3050179
3050183
3050184
3050185
3050186
3050188
3050189
3050191
3050194
3050197
3050200
3050201
3050202
3050204
3050205
3050206
3050208
3050209
3050210
3050213
3050214
3050224
3050234
3050237
3050239
3050241
3050244
3050250
3050251
3050253
3050257
3050258
3050259
3050262
3050265
3050268
3050269
3050271
3050273
3050288
3050292
3050294
3050296
3050297
3050299
3050304
3050306
3050309
3050317
3050318
3050323
3050325
3050327
3050328
3050329
3050337
3050342
3050343
3050347
3050348
3050353
3050354
3050355
3050356
3050358
3050359
3050360
3050361
3050364
3050365
3050368
3050369
3050370
3050372
3050373
3050376
3050377
3050378
3050380
3050381
3050387
3050389
3050392
3050395
3050397
3050400
3050403
3050414
3050415
3050425
3050426
3050434
3050435
3050436
3050439
3050441
3050442
3050443
3050445
3050447
3050448
3050451
3050455
3050456
3050457
3050458
3050462
3050463
3050467
3050469
3050477
3050478
3050479
3050483
3050490
3050505
3050506
3050511
3050517
3050526
3050529
3050530
3050532
3050539
3050542
3050543
3050544
3050546
3050550
3050551
3050553
3050555
3050556
3050564
3050565
3050567
3050571
3050572
3050573
3050574
3050575
3050580
3050581
3050583
3050584
3050586
3050593
3050595
3050598
3050605
3050607
3050608
3050609
3050610
3050612
3050616
3050618
3050620
3050622
3050623
3050624
3050625
3050629
3050632
3050633
3050634
3050637
3050638
3050642
3050651
3050652
3050653
3050656
3050659
3050662
3050664
3050674
3050675
3050679
3050682
3050684
3050691
3050692
3050695
3050698
3050699
3050704
3050705
3050707
3050713
3050720
3050721
3050722
3050724
3050727
3050729
3050732
3050737
3050740
3050750
3050751
3050752
3050753
3050756
3050759
3050760
3050765
3050769
3050772
3050775
3050779
3050780
3050785
3050786
3050788
3050791
3050793
3050794
3050797
3050799
3050800
3050807
3050814
3050820
3050823
3050827
3050828
3050830
3050838
3050840
3050841
3050842
3050844
3050846
3050849
3050850
3050851
3050852
3050858
3050860
3050861
3050870
3050881
3050882
3050884
3050889
3050893
3050897
3050898
3050899
3050904
3050906
3050911
3050912
3050914
3050917
3050921
3050923
3050925
3050934
3050940
3050941
3050943
3050948
3050963
3050968
3050971
3050981
3050991
3050994
3050995
3050997
3051001
3051002
3051004
3051006
3051007
3051008
3051009
3051013
3051017
3051020
3051023
3051024
3051028
3051030
3051032
3051033
3051035
3051036
3051040
3051048
3051053
3051057
3051060
3051061
3051062
3051065
3051066
3051070
3051073
3051077
3051079
3051081
3051085
3051091
3051092
3051094
3051095
3051098
3051099
3051100
3051102
3051106
3051108
3051111
3051112
3051113
3051114
3051115
3051116
3051119
3051121
3051123
3051124
3051130
3051131
3051132
3051133
3051135
3051137
3051138
3051139
3051140
3051141
3051142
3051144
3051149
3051150
3051157
3051161
3051170
3051171
3051172
3051174
3051175
3051176
3051179
3051180
3051181
3051183
3051184
3051187
3051188
3051190
3051191
3051192
3051193
3051196
3051197
3051199
3051202
3051203
3051204
3051205
3051206
3051207
3051208
3051216
3051217
3051218
3051220
3051223
3051228
3051235
3051236
3051241
3051242
3051244
3051245
3051246
3051247
3051249
3051251
3051253
3051254
3051255
3051257
3051258
3051259
3051262
3051263
3051266
3051267
3051269
3051270
3051273
3051274
3051276
3051277
3051278
3051280
3051281
3051282
3051285
3051286
3051287
3051288
3051291
3051294
3051296
3051297
3051300
3051305
3051306
3051308
3051311
3051318
3051322
3051325
3051327
3051330
3051331
3051333
3051334
3051337
3051338
3051341
3051342
3051344
3051347
3051351
3051361
3051362
3051363
3051364
3051370
3051371
3051372
3051373
3051374
3051377
3051380
3051384
3051385
3051388
3051390
3051392
3051393
3051394
3051396
3051397
3051405
3051407
3051411
3051413
3051414
3051421
3051423
3051424
3051425
3051426
3051427
3051428
3051430
3051435
3051436
3051438
3051441
3051448
3051450
3051454
3051455
3051459
3051460
3051468
3051469
3051470
3051476
3051478
3051479
3051480
3051481
3051483
3051485
3051486
3051487
3051488
3051489
3051491
3051493
3051495
3051496
3051497
3051498
3051501
3051503
3051504
3051507
3051508
3051509
3051515
3051516
3051517
3051520
3051521
3051522
3051523
3051524
3051525
3051529
3051530
3051532
3051533
3051541
3051544
3051546
3051548
3051549
3051550
3051552
3051553
3051556
3051558
3051560
3051562
3051563
3051564
3051565
3051566
3051570
3051572
3051577
3051578
3051579
3051584
3051585
3051586
3051588
3051591
3051593
3051594
3051595
3051596
3051597
3051601
3051604
3051608
3051609
3051611
3051612
3051614
3051616
3051617
3051618
3051621
3051622
3051624
3051629
3051630
3051631
3051632
3051633
3051634
3051635
3051636
3051637
3051638
3051639
3051640
3051641
3051643
3051645
3051646
3051647
3051648
3051651
3051652
3051653
3051654
3051656
3051658
3051662
3051663
3051664
3051666
3051667
3051670
3051671
3051672
3051673
3051674
3051676
3051677
3051678
3051680
3051681
3051684
3051685
3051688
3051696
3051697
3051698
3051700
3051701
3051702
3051703
3051706
3051709
3051711
3051713
3051714
3051716
3051717
3051718
3051719
3051722
3051724
3051728
3051729
3051730
3051731
3051732
3051734
3051735
3051736
3051739
3051741
3051742
3051743
3051745
3051746
3051748
3051749
3051750
3051751
3051752
3051753
3051755
3051757
3051758
3051759
3051762
3051763
3051764
3051769
3051770
3051771
3051772
3051774
3051776
3051777
3051778
3051779
3051780
3051783
3051784
3051788
3051789
3051792
3051793
3051794
3051796
3051797
3051798
3051800
3051801
3051805
3051809
3051811
3051818
3051820
3051823
3051824
3051825
3051828
3051829
3051830
3051831
3051832
3051833
3051834
3051835
3051839
3051840
3051841
3051842
3051843
3051845
3051846
3051847
3051848
3051849
3051850
3051851
3051853
3051854
3051855
3051856
3051857
3051858
3051859
3051860
3051861
3051862
3051863
3051864
3051865
3051866
3051867
3051868
3051869
3051870
3051871
3051872
3051873
3051874
3051877
3051878
3051879
3051882
3051884
3051885
3051887
3051888
3051894
3051895
3051896
3051898
3051900
3051901
3051902
3051903
3051906
3051907
3051909
3051910
3051911
3051912
3051913
3051914
3051915
3051917
3051918
3051919
3051922
3051924
3051925
3051926
3051927
3051929
3051930
3051932
3051933
3051934
3051935
3051938
3051942
3051944
3051946
3051947
3051948
3051950
3051957
3051963
3051964
3051968
3051973
3051975
3051976
3051977
3051980
3051981
3051982
3051983
3051984
3051990
3051991
3051992
3052001
3052005
3052006
3052007
3052008
3052011
3052015
3052016
3052020
3052022
3052025
3052026
3052027
3052028
3052029
3052031
3052040
3052042
3052044
3052045
3052046
3052048
3052050
3052056
3052058
3052059
3052060
3052062
3052065
3052067
3052074
3052077
3052086
3052088
3052095
3052096
3052103
3052106
3052107
3052108
3052111
3052112
3052114
3052115
3052116
3052118
3052122
3052125
3052128
3052130
3052131
3052133
3052134
3052138
3052139
3052141
3052142
3052143
3052144
3052145
3052146
3052148
3052151
3052152
3052153
3052155
3052156
3052160
3052161
3052162
3052165
3052166
3052171
3052172
3052173
3052174
3052175
3052183
3052185
3052191
3052192
3052197
3052200
3052202
3052203
3052205
3052206
3052210
3052211
3052213
3052214
3052216
3052220
3052223
3052226
3052227
3052230
3052232
3052235
3052239
3052242
3052243
3052244
3052252
3052255
3052258
3052261
3052262
3052263
3052266
3052267
3052270
3052272
3052273
3052275
3052276
3052277
3052279
3052290
3052291
3052292
3052293
3052297
3052300
3052301
3052303
3052305
3052310
3052312
3052315
3052316
3052317
3052321
3052322
3052323
3052324
3052325
3052330
3052331
3052332
3052340
3052342
3052345
3052348
3052350
3052354
3052359
3052361
3052363
3052369
3052371
3052373
3052379
3052380
3052381
3052382
3052383
3052385
3052386
3052387
3052390
3052391
3052396
3052402
3052404
3052407
3052408
3052417
3052422
3052425
3052426
3052427
3052428
3052430
3052431
3052432
3052435
3052437
3052442
3052443
3052444
3052448
3052451
3052452
3052453
3052456
3052460
3052469
3052470
3052472
3052473
3052475
3052481
3052482
3052484
3052488
3052490
3052499
3052502
3052505
3052509
3052510
3052520
3052522
3052525
3052530
3052538
3052539
3052541
3052542
3052544
3052546
3052547
3052550
3052551
3052555
3052558
3052566
3052567
3052568
3052569
3052574
3052577
3052579
3052588
3052591
3052593
3052594
3052598
3052601
3052602
3052612
3052613
3052614
3052619
3052622
3052623
3052624
3052625
3052626
3052629
3052631
3052632
3052634
3052638
3052642
3052644
3052646
3052648
3052651
3052657
3052658
3052659
3052661
3052663
3052671
3052673
3052674
3052677
3052679
3052680
3052682
3052684
3052688
3052689
3052693
3052699
3052703
3052704
3052705
3052709
3052710
3052714
3052716
3052717
3052721
3052723
3052724
3052725
3052726
3052729
3052731
3052732
3052733
3052735
3052739
3052741
3052743
3052744
3052745
3052748
3052751
3052752
3052753
3052757
3052759
3052761
3052762
3052768
3052778
3052779
3052783
3052785
3052786
3052787
3052788
3052790
3052791
3052795
3052797
3052798
3052799
3052804
3052806
3052807
3052810
3052811
3052812
3052815
3052816
3052818
3052825
3052829
3052831
3052832
3052839
3052851
3052852
3052855
3052856
3052857
3052863
3052869
3052870
3052876
3052877
3052883
3052887
3052888
3052894
3052897
3052898
3052899
3052901
3052902
3052908
3052913
3052916
3052922
3052924
3052925
3052929
3052931
3052933
3052935
3052936
3052937
3052942
3052943
3052945
3052947
3052950
3052956
3052957
3052958
3052962
3052963
3052965
3052973
3052977
3052978
3052983
3052990
3052991
3052994
3052998
3053007
3053009
3053010
3053014
3053015
3053016
3053017
3053018
3053019
3053022
3053023
3053025
3053026
3053027
3053029
3053031
3053034
3053035
3053039
3053041
3053045
3053050
3053051
3053052
3053056
3053063
3053068
3053070
3053072
3053073
3053075
3053076
3053077
3053079
3053082
3053090
3053091
3053095
3053108
3053110
3053111
3053113
3053121
3053125
3053131
3053132
3053133
3053134
3053136
3053137
3053139
3053147
3053149
3053152
3053153
3053154
3053155
3053159
3053160
3053167
3053170
3053172
3053173
3053176
3053179
3053186
3053193
3053196
3053198
3053199
3053200
3053201
3053203
3053205
3053208
3053209
3053213
3053221
3053226
3053227
3053229
3053232
3053233
3053234
3053241
3053249
3053250
3053253
3053254
3053255
3053257
3053258
3053259
3053261
3053263
3053264
3053265
3053266
3053269
3053270
3053272
3053273
3053275
3053279
3053285
3053292
3053299
3053306
3053309
3053313
3053314
3053315
3053317
3053322
3053326
3053327
3053330
3053332
3053333
3053336
3053338
3053339
3053347
3053348
3053349
3053351
3053352
3053353
3053354
3053360
3053361
3053363
3053372
3053374
3053376
3053378
3053379
3053381
3053384
3053385
3053387
3053388
3053389
3053397
3053398
3053400
3053401
3053404
3053410
3053419
3053421
3053422
3053423
3053428
3053429
3053436
3053440
3053445
3053447
3053448
3053450
3053451
3053453
3053455
3053457
3053461
3053465
3053466
3053475
3053484
3053485
3053486
3053487
3053499
3053502
3053505
3053509
3053512
3053514
3053516
3053520
3053521
3053523
3053524
3053527
3053530
3053532
3053533
3053535
3053538
3053544
3053545
3053546
3053549
3053553
3053555
3053556
3053557
3053561
3053563
3053566
3053567
3053568
3053569
3053570
3053571
3053574
3053576
3053579
3053584
3053586
3053592
3053593
3053594
3053595
3053596
3053604
3053605
3053607
3053609
3053612
3053616
3053619
3053623
3053624
3053630
3053632
3053636
3053639
3053644
3053646
3053655
3053657
3053658
3053659
3053662
3053665
3053669
3053679
3053680
3053681
3053683
3053686
3053689
3053691
3053695
3053698
3053702
3053703
3053705
3053707
3053708
3053709
3053710
3053716
3053725
3053726
3053727
3053731
3053735
3053737
3053742
3053744
3053745
3053748
3053749
3053751
3053753
3053755
3053757
3053760
3053762
3053763
3053765
3053767
3053777
3053778
3053779
3053782
3053789
3053791
3053793
3053797
3053799
3053801
3053804
3053805
3053811
3053812
3053813
3053815
3053818
3053820
3053824
3053827
3053829
3053831
3053832
3053835
3053844
3053849
3053850
3053851
3053852
3053854
3053855
3053857
3053861
3053862
3053865
3053867
3053871
3053872
3053874
3053881
3053883
3053884
3053885
3053890
3053891
3053898
3053902
3053908
3053910
3053913
3053915
3053916
3053918
3053921
3053922
3053923
3053924
3053930
3053931
3053934
3053935
3053936
3053937
3053939
3053944
3053948
3053950
3053954
3053958
3053960
3053963
3053965
3053966
3053972
3053974
3053977
3053978
3053980
3053981
3053982
3053983
3053984
3053986
3053991
3053992
3053993
3053998
3054000
3054002
3054008
3054009
3054012
3054014
3054019
3054021
3054024
3054028
3054029
3054032
3054033
3054036
3054041
3054047
3054051
3054053
3054066
3054069
3054082
3054083
3054084
3054086
3054088
3054090
3054095
3054096
3054100
3054101
3054103
3054104
3054105
3054109
3054110
3054112
3054114
3054116
3054118
3054119
3054120
3054122
3054123
3054124
3054125
3054126
3054128
3054131
3054133
3054134
3054135
3054137
3054138
3054141
3054142
3054143
3054146
3054147
3054149
3054152
3054154
3054155
3054163
3054169
3054170
3054174
3054179
3054180
3054181
3054187
3054194
3054197
3054198
3054199
3054200
3054201
3054206
3054208
3054219
3054221
3054223
3054224
3054228
3054232
3054235
3054236
3054238
3054241
3054244
3054248
3054254
3054256
3054257
3054259
3054260
3054262
3054266
3054270
3054280
3054281
3054282
3054283
3054284
3054285
3054287
3054291
3054292
3054293
3054294
3054297
3054301
3054302
3054304
3054313
3054314
3054315
3054316
3054319
3054329
3054330
3054331
3054333
3054335
3054336
3054338
3054340
3054343
3054344
3054345
3054346
3054347
3054350
3054353
3054354
3054358
3054360
3054361
3054370
3054377
3054385
3054386
3054388
3054390
3054392
3054396
3054399
3054412
3054416
3054418
3054423
3054433
3054435
3054438
3054439
3054443
3054444
3054450
3054455
3054458
3054459
3054463
3054468
3054469
3054473
3054478
3054480
3054482
3054484
3054485
3054488
3054494
3054496
3054498
3054499
3054501
3054502
3054506
3054509
3054510
3054522
3054523
3054532
3054533
3054535
3054536
3054537
3054538
3054539
3054540
3054544
3054547
3054548
3054549
3054550
3054553
3054555
3054558
3054559
3054560
3054561
3054562
3054563
3054572
3054573
3054574
3054581
3054582
3054588
3054592
3054594
3054595
3054598
3054599
3054612
3054614
3054615
3054620
3054622
3054624
3054626
3054629
3054631
3054632
3054640
3054642
3054648
3054649
3054655
3054660
3054661
3054667
3054672
3054674
3054678
3054679
3054680
3054681
3054682
3054683
3054686
3054688
3054691
3054692
3054693
3054695
3054696
3054701
3054707
3054708
3054714
3054715
3054720
3054722
3054723
3054733
3054734
3054736
3054737
3054739
3054741
3054743
3054748
3054750
3054751
3054753
3054754
3054755
3054757
3054758
3054759
3054762
3054764
3054766
3054769
3054778
3054779
3054780
3054781
3054782
3054783
3054786
3054787
3054793
3054794
3054795
3054797
3054801
3054806
3054807
3054813
3054815
3054818
3054819
3054823
3054824
3054826
3054830
3054835
3054837
3054838
3054841
3054842
3054844
3054845
3054851
3054853
3054855
3054862
3054864
3054866
3054868
3054870
3054873
3054875
3054876
3054878
3054880
3054881
3054882
3054898
3054899
3054901
3054903
3054904
3054907
3054910
3054911
3054914
3054917
3054920
3054924
3054925
3054927
3054928
3054929
3054932
3054934
3054936
3054938
3054941
3054943
3054944
3054945
3054946
3054947
3054948
3054949
3054950
3054954
3054955
3054961
3054964
3054965
3054966
3054969
3054973
3054977
3054979
3054981
3054982
3054986
3054987
3054989
3054990
3054991
3054994
3054996
3054997
3054999
3055001
3055006
3055007
3055010
3055016
3055017
3055021
3055022
3055024
3055026
3055027
3055028
3055031
3055035
3055036
3055041
3055043
3055051
3055052
3055058
3055061
3055062
3055065
3055066
3055068
3055071
3055072
3055082
3055088
3055092
3055094
3055104
3055105
3055108
3055110
3055113
3055117
3055118
3055121
3055129
3055130
3055132
3055134
3055136
3055137
3055139
3055140
3055147
3055151
3055152
3055158
3055159
3055165
3055166
3055171
3055172
3055174
3055176
3055177
3055179
3055182
3055186
3055193
3055194
3055196
3055197
3055198
3055199
3055200
3055202
3055207
3055208
3055209
3055218
3055220
3055221
3055222
3055230
3055239
3055241
3055242
3055243
3055246
3055251
3055253
3055259
3055262
3055263
3055264
3055265
3055280
3055281
3055282
3055283
3055284
3055288
3055300
3055301
3055305
3055308
3055309
3055310
3055312
3055313
3055314
3055315
3055316
3055317
3055319
3055327
3055332
3055333
3055335
3055336
3055340
3055343
3055344
3055352
3055353
3055355
3055356
3055357
3055358
3055360
3055362
3055368
3055369
3055376
3055382
3055384
3055388
3055393
3055397
3055399
3055402
3055406
3055408
3055414
3055415
3055419
3055423
3055425
3055426
3055428
3055434
3055437
3055438
3055442
3055445
3055447
3055454
3055456
3055457
3055458
3055459
3055460
3055461
3055465
3055466
3055472
3055482
3055483
3055486
3055487
3055490
3055497
3055498
3055500
3055504
3055506
3055510
3055516
3055521
3055522
3055526
3055532
3055533
3055534
3055541
3055550
3055552
3055556
3055557
3055559
3055565
3055571
3055572
3055573
3055577
3055581
3055589
3055590
3055591
3055593
3055597
3055598
3055599
3055601
3055603
3055608
3055611
3055613
3055618
3055621
3055623
3055625
3055626
3055629
3055631
3055634
3055636
3055640
3055641
3055643
3055645
3055646
3055647
3055648
3055649
3055652
3055654
3055658
3055659
3055664
3055667
3055673
3055676
3055678
3055679
3055683
3055684
3055693
3055694
3055695
3055696
3055699
3055703
3055704
3055705
3055706
3055709
3055710
3055712
3055714
3055718
3055724
3055727
3055729
3055731
3055733
3055737
3055742
3055744
3055749
3055751
3055756
3055757
3055760
3055763
3055772
3055777
3055781
3055788
3055795
3055800
3055807
3055810
3055816
3055821
3055822
3055824
3055828
3055830
3055832
3055837
3055838
3055846
3055848
3055854
3055855
3055856
3055857
3055858
3055859
3055860
3055863
3055866
3055867
3055868
3055873
3055875
3055878
3055879
3055893
3055894
3055895
3055897
3055901
3055910
3055911
3055914
3055920
3055921
3055936
3055937
3055938
3055943
3055948
3055949
3055950
3055956
3055958
3055964
3055966
3055968
3055969
3055970
3055974
3055976
3055978
3055983
3055986
3055994
3056002
3056006
3056009
3056012
3056018
3056022
3056024
3056028
3056029
3056032
3056039
3056040
3056043
3056045
3056048
3056051
3056053
3056055
3056060
3056065
3056067
3056068
3056074
3056075
3056076
3056077
3056081
3056082
3056083
3056086
3056087
3056093
3056096
3056097
3056098
3056101
3056104
3056107
3056108
3056109
3056111
3056112
3056114
3056117
3056119
3056120
3056123
3056129
3056130
3056139
3056140
3056144
3056147
3056152
3056157
3056164
3056168
3056170
3056172
3056173
3056181
3056182
3056184
3056185
3056196
3056198
3056199
3056201
3056202
3056203
3056209
3056211
3056212
3056213
3056216
3056220
3056221
3056224
3056225
3056228
3056235
3056236
3056237
3056241
3056245
3056247
3056249
3056250
3056251
3056256
3056259
3056261
3056263
3056268
3056271
3056280
3056285
3056287
3056297
3056299
3056301
3056302
3056306
3056309
3056310
3056311
3056312
3056317
3056320
3056321
3056323
3056330
3056337
3056345
3056346
3056348
3056350
3056351
3056352
3056355
3056356
3056357
3056361
3056363
3056364
3056365
3056368
3056372
3056376
3056377
3056390
3056393
3056395
3056396
3056406
3056407
3056409
3056417
3056426
3056429
3056430
3056432
3056433
3056437
3056440
3056441
3056443
3056444
3056445
3056448
3056452
3056454
3056456
3056457
3056458
3056472
3056473
3056476
3056479
3056481
3056482
3056487
3056489
3056493
3056494
3056495
3056498
3056506
3056509
3056511
3056513
3056517
3056519
3056521
3056526
3056530
3056531
3056534
3056537
3056544
3056546
3056547
3056548
3056550
3056551
3056557
3056560
3056561
3056565
3056567
3056570
3056572
3056573
3056576
3056577
3056583
3056586
3056587
3056588
3056590
3056591
3056593
3056596
3056597
3056598
3056599
3056604
3056605
3056606
3056607
3056611
3056612
3056620
3056621
3056623
3056624
3056627
3056630
3056632
3056644
3056646
3056647
3056650
3056653
3056656
3056664
3056665
3056667
3056675
3056676
3056685
3056687
3056689
3056703
3056704
3056708
3056713
3056715
3056716
3056717
3056718
3056723
3056728
3056729
3056730
3056732
3056733
3056734
3056742
3056744
3056746
3056748
3056749
3056750
3056751
3056764
3056765
3056771
3056772
3056773
3056774
3056776
3056778
3056780
3056785
3056786
3056787
3056790
3056793
3056794
3056796
3056797
3056799
3056800
3056804
3056808
3056812
3056816
3056819
3056820
3056822
3056824
3056825
3056828
3056834
3056835
3056838
3056841
3056847
3056850
3056851
3056874
3056879
3056885
3056887
3056889
3056890
3056892
3056898
3056902
3056905
3056908
3056910
3056912
3056915
3056918
3056919
3056920
3056922
3056924
3056925
3056932
3056934
3056936
3056937
3056939
3056940
3056941
3056945
3056948
3056949
3056951
3056955
3056958
3056965
3056968
3056970
3056981
3056985
3056996
3056998
3056999
3057002
3057004
3057006
3057008
3057010
3057019
3057020
3057022
3057026
3057028
3057029
3057031
3057033
3057035
3057036
3057038
3057040
3057043
3057049
3057050
3057051
3057054
3057055
3057056
3057057
3057059
3057060
3057062
3057069
3057072
3057077
3057078
3057079
3057081
3057085
3057086
3057088
3057093
3057094
3057104
3057107
3057110
3057111
3057116
3057118
3057119
3057121
3057124
3057129
3057132
3057134
3057136
3057137
3057141
3057148
3057154
3057155
3057156
3057162
3057164
3057167
3057169
3057172
3057175
3057176
3057181
3057183
3057186
3057188
3057199
3057200
3057204
3057205
3057209
3057210
3057211
3057221
3057225
3057226
3057233
3057234
3057238
3057245
3057246
3057256
3057257
3057264
3057265
3057269
3057273
3057276
3057279
3057280
3057282
3057284
3057293
3057294
3057301
3057304
3057306
3057308
3057309
3057313
3057314
3057318
3057321
3057324
3057325
3057327
3057328
3057333
3057336
3057338
3057339
3057344
3057351
3057352
3057353
3057354
3057358
3057363
3057364
3057367
3057369
3057373
3057374
3057375
3057377
3057381
3057383
3057384
3057388
3057393
3057396
3057397
3057398
3057410
3057411
3057414
3057415
3057418
3057419
3057427
3057435
3057436
3057437
3057438
3057445
3057452
3057454
3057459
3057461
3057463
3057465
3057466
3057469
3057471
3057472
3057477
3057479
3057487
3057488
3057490
3057493
3057494
3057496
3057502
3057503
3057506
3057507
3057512
3057516
3057518
3057519
3057529
3057530
3057531
3057535
3057536
3057539
3057541
3057547
3057550
3057551
3057552
3057555
3057563
3057564
3057566
3057567
3057570
3057571
3057573
3057574
3057575
3057576
3057580
3057585
3057586
3057590
3057593
3057598
3057599
3057600
3057605
3057606
3057610
3057617
3057621
3057631
3057635
3057637
3057642
3057644
3057650
3057651
3057652
3057654
3057655
3057657
3057660
3057663
3057666
3057670
3057673
3057674
3057675
3057676
3057684
3057687
3057694
3057704
3057706
3057708
3057712
3057714
3057725
3057726
3057727
3057728
3057730
3057734
3057735
3057741
3057742
3057743
3057745
3057746
3057747
3057751
3057752
3057754
3057755
3057756
3057759
3057760
3057761
3057762
3057774
3057782
3057785
3057787
3057788
3057790
3057791
3057792
3057793
3057798
3057799
3057802
3057804
3057811
3057812
3057813
3057821
3057823
3057825
3057826
3057832
3057835
3057838
3057843
3057844
3057847
3057848
3057850
3057851
3057852
3057853
3057854
3057855
3057861
3057862
3057863
3057866
3057867
3057868
3057869
3057870
3057871
3057872
3057882
3057883
3057885
3057888
3057897
3057899
3057901
3057906
3057910
3057911
3057913
3057919
3057929
3057932
3057935
3057938
3057943
3057944
3057946
3057948
3057952
3057956
3057958
3057966
3057967
3057968
3057970
3057973
3057974
3057980
3057981
3057983
3057988
3057989
3057990
3057994
3058009
3058010
3058014
3058015
3058016
3058021
3058023
3058025
3058029
3058030
3058038
3058039
3058041
3058045
3058046
3058048
3058052
3058055
3058058
3058062
3058063
3058065
3058070
3058071
3058075
3058082
3058083
3058087
3058092
3058097
3058099
3058100
3058101
3058102
3058106
3058107
3058108
3058109
3058113
3058114
3058115
3058116
3058119
3058120
3058122
3058123
3058124
3058125
3058129
3058130
3058131
3058135
3058136
3058137
3058138
3058144
3058148
3058151
3058153
3058154
3058166
3058167
3058168
3058169
3058173
3058174
3058180
3058181
3058183
3058191
3058194
3058198
3058205
3058206
3058207
3058209
3058223
3058224
3058226
3058231
3058235
3058238
3058240
3058244
3058252
3058255
3058258
3058259
3058262
3058263
3058264
3058267
3058273
3058274
3058278
3058284
3058290
3058291
3058292
3058293
3058294
3058295
3058297
3058299
3058302
3058304
3058309
3058311
3058313
3058314
3058317
3058318
3058321
3058323
3058331
3058335
3058337
3058338
3058341
3058346
3058347
3058348
3058349
3058351
3058353
3058354
3058355
3058356
3058359
3058360
3058362
3058365
3058372
3058375
3058376
3058377
3058378
3058379
3058381
3058382
3058384
3058385
3058387
3058389
3058391
3058392
3058395
3058398
3058399
3058400
3058401
3058403
3058405
3058407
3058410
3058411
3058414
3058416
3058421
3058428
3058429
3058431
3058435
3058440
3058451
3058452
3058453
3058457
3058459
3058461
3058462
3058466
3058467
3058468
3058470
3058471
3058472
3058474
3058479
3058482
3058489
3058490
3058492
3058494
3058495
3058500
3058501
3058502
3058510
3058512
3058514
3058515
3058516
3058517
3058518
3058522
3058525
3058528
3058531
3058534
3058537
3058539
3058546
3058548
3058550
3058557
3058558
3058564
3058565
3058566
3058568
3058569
3058570
3058572
3058576
3058581
3058585
3058586
3058587
3058589
3058593
3058603
3058606
3058607
3058608
3058610
3058612
3058616
3058619
3058620
3058621
3058622
3058623
3058625
3058626
3058627
3058634
3058635
3058636
3058637
3058641
3058647
3058651
3058656
3058657
3058663
3058666
3058668
3058670
3058675
3058681
3058682
3058683
3058684
3058685
3058686
3058692
3058693
3058695
3058696
3058701
3058702
3058703
3058704
3058705
3058710
3058711
3058714
3058718
3058719
3058721
3058726
3058727
3058729
3058736
3058737
3058739
3058741
3058743
3058744
3058747
3058748
3058749
3058753
3058754
3058755
3058757
3058760
3058761
3058767
3058769
3058773
3058777
3058781
3058782
3058784
3058798
3058804
3058808
3058815
3058817
3058820
3058821
3058824
3058825
3058827
3058830
3058836
3058838
3058840
3058841
3058842
3058845
3058849
3058852
3058859
3058860
3058863
3058866
3058867
3058872
3058873
3058878
3058882
3058883
3058884
3058888
3058899
3058900
3058904
3058905
3058906
3058908
3058911
3058915
3058916
3058918
3058919
3058920
3058925
3058928
3058930
3058939
3058940
3058942
3058946
3058953
3058958
3058959
3058970
3058984
3058985
3058987
3058994
3058996
3059002
3059003
3059006
3059007
3059012
3059015
3059018
3059020
3059021
3059026
3059027
3059036
3059038
3059044
3059048
3059049
3059050
3059054
3059068
3059069
3059071
3059072
3059077
3059078
3059082
3059083
3059091
3059093
3059095
3059096
3059101
3059102
3059104
3059106
3059107
3059108
3059109
3059110
3059113
3059118
3059119
3059121
3059124
3059125
3059131
3059139
3059141
3059146
3059149
3059159
3059160
3059164
3059167
3059176
3059177
3059178
3059180
3059183
3059184
3059186
3059190
3059191
3059198
3059213
3059215
3059219
3059220
3059222
3059224
3059226
3059228
3059229
3059236
3059244
3059247
3059248
3059254
3059256
3059257
3059260
3059261
3059263
3059269
3059272
3059278
3059279
3059280
3059281
3059282
3059286
3059288
3059289
3059290
3059293
3059294
3059296
3059297
3059298
3059299
3059300
3059305
3059307
3059310
3059315
3059321
3059322
3059323
3059324
3059325
3059330
3059333
3059336
3059337
3059340
3059343
3059346
3059349
3059351
3059352
3059357
3059360
3059364
3059366
3059367
3059375
3059379
3059382
3059387
3059388
3059390
3059393
3059394
3059395
3059397
3059399
3059401
3059406
3059410
3059416
3059434
3059435
3059437
3059444
3059445
3059447
3059452
3059453
3059455
3059457
3059459
3059461
3059462
3059465
3059476
3059477
3059478
3059482
3059486
3059487
3059499
3059501
3059502
3059503
3059506
3059507
3059509
3059510
3059514
3059517
3059520
3059521
3059522
3059524
3059525
3059529
3059535
3059538
3059539
3059541
3059545
3059546
3059547
3059550
3059558
3059560
3059561
3059567
3059569
3059576
3059577
3059583
3059584
3059586
3059587
3059588
3059592
3059594
3059596
3059600
3059602
3059610
3059612
3059613
3059617
3059622
3059624
3059625
3059629
3059636
3059638
3059641
3059642
3059647
3059649
3059652
3059654
3059655
3059658
3059664
3059667
3059670
3059671
3059676
3059677
3059678
3059679
3059686
3059690
3059691
3059693
3059696
3059700
3059702
3059703
3059704
3059705
3059707
3059719
3059720
3059722
3059724
3059725
3059726
3059729
3059734
3059737
3059738
3059740
3059754
3059755
3059756
3059757
3059758
3059768
3059770
3059777
3059780
3059781
3059782
3059783
3059789
3059790
3059794
3059795
3059796
3059797
3059801
3059802
3059803
3059805
3059807
3059810
3059813
3059814
3059816
3059823
3059824
3059826
3059831
3059838
3059839
3059841
3059844
3059845
3059852
3059853
3059854
3059856
3059859
3059860
3059863
3059864
3059870
3059871
3059873
3059874
3059881
3059887
3059888
3059891
3059901
3059902
3059903
3059904
3059905
3059910
3059917
3059918
3059920
3059925
3059931
3059932
3059938
3059945
3059948
3059954
3059955
3059957
3059962
3059964
3059974
3059975
3059977
3059983
3059986
3059987
3059988
3059990
3059996
3059999
3060001
3060007
3060010
3060011
3060017
3060018
3060019
3060020
3060022
3060023
3060029
3060034
3060042
3060043
3060044
3060045
3060050
3060054
3060055
3060058
3060067
3060071
3060072
3060073
3060075
3060078
3060081
3060082
3060083
3060085
3060089
3060090
3060092
3060094
3060095
3060097
3060098
3060101
3060104
3060108
3060110
3060112
3060114
3060115
3060116
3060118
3060119
3060120
3060121
3060123
3060124
3060125
3060128
3060130
3060137
3060138
3060140
3060141
3060142
3060144
3060145
3060150
3060151
3060152
3060153
3060154
3060155
3060156
3060158
3060159
3060160
3060163
3060169
3060170
3060174
3060175
3060176
3060179
3060181
3060185
3060189
3060194
3060195
3060196
3060197
3060198
3060199
3060200
3060201
3060202
3060203
3060205
3060209
3060210
3060213
3060214
3060215
3060216
3060220
3060227
3060228
3060230
3060233
3060236
3060237
3060238
3060240
3060241
3060244
3060247
3060260
3060263
3060268
3060273
3060277
3060289
3060294
3060295
3060297
3060299
3060302
3060309
3060310
3060312
3060313
3060316
3060317
3060318
3060319
3060320
3060321
3060322
3060323
3060326
3060328
3060329
3060335
3060337
3060339
3060341
3060342
3060343
3060346
3060350
3060351
3060352
3060359
3060365
3060370
3060376
3060377
3060378
3060383
3060387
3060388
3060391
3060392
3060399
3060400
3060401
3060404
3060406
3060409
3060410
3060415
3060421
3060429
3060430
3060431
3060447
3060448
3060450
3060454
3060457
3060460
3060468
3060469
3060470
3060471
3060473
3060474
3060477
3060478
3060483
3060485
3060488
3060489
3060492
3060493
3060503
3060508
3060514
3060516
3060517
3060520
3060523
3060528
3060529
3060536
3060537
3060542
3060547
3060556
3060558
3060559
3060568
3060573
3060576
3060578
3060582
3060583
3060589
3060600
3060603
3060608
3060611
3060613
3060614
3060619
3060621
3060622
3060625
3060628
3060630
3060631
3060638
3060645
3060646
3060650
3060653
3060654
3060656
3060658
3060659
3060660
3060664
3060665
3060666
3060672
3060674
3060681
3060683
3060690
3060691
3060695
3060699
3060701
3060702
3060707
3060708
3060710
3060713
3060716
3060719
3060720
3060724
3060725
3060727
3060728
3060733
3060737
3060739
3060743
3060744
3060757
3060759
3060766
3060768
3060770
3060773
3060774
3060775
3060780
3060781
3060783
3060784
3060786
3060789
3060792
3060796
3060797
3060798
3060799
3060802
3060803
3060804
3060805
3060806
3060808
3060809
3060813
3060815
3060816
3060820
3060829
3060832
3060839
3060843
3060845
3060846
3060850
3060851
3060857
3060858
3060859
3060863
3060864
3060866
3060867
3060872
3060875
3060878
3060879
3060884
3060885
3060888
3060889
3060890
3060892
3060895
3060898
3060906
3060907
3060910
3060915
3060922
3060924
3060927
3060928
3060937
3060940
3060942
3060945
3060946
3060948
3060956
3060959
3060961
3060963
3060967
3060969
3060974
3060975
3060977
3060978
3060983
3060985
3060986
3060993
3061002
3061004
3061007
3061014
3061015
3061017
3061018
3061021
3061024
3061029
3061030
3061032
3061034
3061036
3061039
3061043
3061044
3061052
3061055
3061058
3061059
3061060
3061061
3061065
3061066
3061067
3061070
3061074
3061078
3061080
3061081
3061082
3061091
3061092
3061093
3061095
3061096
3061098
3061102
3061106
3061108
3061109
3061122
3061123
3061124
3061129
3061131
3061133
3061138
3061139
3061140
3061146
3061147
3061151
3061158
3061159
3061160
3061163
3061164
3061166
3061168
3061171
3061172
3061173
3061179
3061184
3061186
3061189
3061194
3061195
3061200
3061202
3061208
3061209
3061213
3061214
3061220
3061226
3061227
3061228
3061232
3061235
3061239
3061241
3061242
3061243
3061249
3061251
3061254
3061258
3061262
3061263
3061266
3061267
3061269
3061272
3061274
3061282
3061285
3061286
3061287
3061288
3061291
3061295
3061297
3061298
3061300
3061303
3061304
3061305
3061306
3061309
3061311
3061313
3061314
3061318
3061324
3061325
3061326
3061327
3061328
3061330
3061331
3061333
3061334
3061336
3061337
3061338
3061341
3061347
3061350
3061353
3061354
3061355
3061356
3061357
3061358
3061361
3061362
3061363
3061366
3061371
3061372
3061373
3061381
3061383
3061384
3061387
3061388
3061389
3061390
3061391
3061393
3061400
3061407
3061408
3061409
3061412
3061413
3061414
3061417
3061421
3061422
3061423
3061424
3061426
3061430
3061433
3061439
3061442
3061443
3061446
3061449
3061452
3061454
3061455
3061456
3061459
3061464
3061466
3061467
3061468
3061472
3061476
3061477
3061482
3061487
3061488
3061491
3061493
3061494
3061496
3061498
3061501
3061507
3061508
3061510
3061511
3061513
3061521
3061523
3061524
3061525
3061530
3061531
3061534
3061539
3061541
3061542
3061544
3061550
3061551
3061554
3061559
3061560
3061561
3061564
3061565
3061567
3061577
3061578
3061580
3061582
3061583
3061584
3061585
3061588
3061590
3061604
3061606
3061608
3061621
3061626
3061629
3061630
3061632
3061638
3061639
3061648
3061650
3061655
3061656
3061657
3061658
3061660
3061662
3061663
3061665
3061668
3061669
3061670
3061671
3061674
3061684
3061689
3061696
3061702
3061703
3061707
3061708
3061709
3061710
3061719
3061720
3061721
3061722
3061724
3061726
3061729
3061730
3061732
3061733
3061737
3061738
3061741
3061744
3061746
3061748
3061758
3061764
3061765
3061766
3061767
3061771
3061772
3061773
3061776
3061777
3061778
3061779
3061784
3061789
3061790
3061796
3061801
3061805
3061808
3061810
3061811
3061812
3061817
3061819
3061820
3061825
3061830
3061831
3061833
3061835
3061837
3061838
3061840
3061842
3061846
3061849
3061850
3061864
3061866
3061869
3061871
3061877
3061878
3061880
3061881
3061883
3061885
3061887
3061891
3061894
3061897
3061898
3061900
3061902
3061917
3061918
3061919
3061920
3061922
3061925
3061926
3061927
3061928
3061929
3061932
3061936
3061937
3061939
3061940
3061941
3061942
3061943
3061947
3061951
3061952
3061955
3061957
3061958
3061959
3061963
3061964
3061965
3061967
3061969
3061970
3061973
3061974
3061977
3061981
3061982
3061983
3061986
3061987
3061988
3061989
3061991
3061995
3062005
3062009
3062010
3062012
3062014
3062019
3062021
3062023
3062025
3062027
3062029
3062031
3062033
3062035
3062036
3062038
3062041
3062045
3062047
3062050
3062051
3062052
3062053
3062054
3062055
3062060
3062061
3062062
3062067
3062073
3062078
3062084
3062085
3062092
3062095
3062096
3062099
3062100
3062101
3062104
3062107
3062112
3062117
3062119
3062125
3062130
3062132
3062133
3062135
3062137
3062139
3062140
3062141
3062142
3062145
3062147
3062151
3062152
3062153
3062154
3062156
3062159
3062160
3062163
3062166
3062167
3062171
3062173
3062174
3062176
3062178
3062180
3062181
3062186
3062189
3062194
3062195
3062198
3062204
3062206
3062207
3062211
3062212
3062214
3062220
3062222
3062223
3062228
3062229
3062240
3062242
3062243
3062244
3062246
3062249
3062255
3062256
3062257
3062260
3062262
3062263
3062267
3062269
3062270
3062274
3062275
3062282
3062287
3062288
3062289
3062290
3062292
3062293
3062297
3062304
3062305
3062309
3062313
3062314
3062315
3062317
3062318
3062319
3062320
3062321
3062322
3062327
3062328
3062329
3062333
3062334
3062338
3062340
3062343
3062348
3062352
3062353
3062356
3062359
3062360
3062370
3062378
3062380
3062383
3062384
3062391
3062395
3062397
3062399
3062400
3062402
3062403
3062409
3062410
3062411
3062412
3062418
3062419
3062424
3062426
3062429
3062432
3062433
3062435
3062439
3062444
3062445
3062447
3062451
3062452
3062454
3062457
3062458
3062459
3062460
3062463
3062464
3062466
3062467
3062468
3062470
3062472
3062476
3062477
3062485
3062487
3062490
3062491
3062492
3062493
3062507
3062508
3062509
3062514
3062515
3062516
3062523
3062524
3062527
3062532
3062538
3062539
3062543
3062544
3062546
3062549
3062550
3062553
3062557
3062558
3062560
3062561
3062562
3062565
3062571
3062573
3062574
3062575
3062577
3062580
3062582
3062583
3062584
3062592
3062594
3062596
3062597
3062598
3062600
3062603
3062604
3062606
3062607
3062613
3062615
3062616
3062617
3062618
3062622
3062624
3062626
3062628
3062630
3062631
3062635
3062639
3062640
3062644
3062648
3062653
3062655
3062656
3062657
3062660
3062661
3062665
3062668
3062669
3062674
3062676
3062678
3062684
3062689
3062691
3062692
3062696
3062698
3062700
3062704
3062708
3062709
3062711
3062712
3062713
3062717
3062718
3062719
3062720
3062723
3062725
3062728
3062729
3062730
3062731
3062734
3062738
3062739
3062741
3062742
3062743
3062748
3062750
3062754
3062756
3062757
3062758
3062760
3062761
3062763
3062764
3062767
3062768
3062772
3062774
3062775
3062776
3062777
3062779
3062780
3062782
3062783
3062785
3062786
3062796
3062797
3062799
3062802
3062803
3062811
3062813
3062814
3062815
3062817
3062819
3062820
3062821
3062822
3062823
3062826
3062827
3062828
3062829
3062830
3062841
3062845
3062847
3062851
3062852
3062853
3062854
3062857
3062858
3062859
3062861
3062862
3062863
3062864
3062865
3062866
3062868
3062870
3062871
3062872
3062875
3062876
3062877
3062878
3062880
3062884
3062887
3062891
3062892
3062895
3062898
3062900
3062901
3062902
3062904
3062905
3062906
3062907
3062908
3062912
3062913
3062914
3062915
3062916
3062918
3062922
3062923
3062929
3062930
3062934
3062935
3062937
3062940
3062941
3062942
3062943
3062944
3062949
3062950
3062951
3062954
3062956
3062963
3062964
3062968
3062972
3062975
3062976
3062977
3062979
3062980
3062981
3062992
3062995
3062996
3062998
3062999
3063000
3063002
3063003
3063005
3063006
3063009
3063013
3063015
3063016
3063019
3063026
3063028
3063031
3063032
3063033
3063037
3063038
3063041
3063046
3063047
3063052
3063053
3063058
3063063
3063064
3063066
3063068
3063072
3063078
3063079
3063081
3063082
3063083
3063085
3063087
3063088
3063095
3063096
3063098
3063099
3063100
3063101
3063103
3063104
3063105
3063106
3063107
3063108
3063110
3063111
3063113
3063114
3063118
3063119
3063120
3063121
3063122
3063123
3063127
3063128
3063130
3063135
3063136
3063139
3063140
3063141
3063142
3063144
3063146
3063147
3063148
3063149
3063150
3063151
3063152
3063155
3063156
3063157
3063159
3063160
3063161
3063162
3063163
3063164
3063165
3063166
3063167
3063169
3063170
3063171
3063173
3063178
3063181
3063184
3063186
3063187
3063188
3063189
3063191
3063193
3063194
3063195
3063196
3063200
3063203
3063204
3063205
3063211
3063212
3063213
3063215
3063217
3063218
3063219
3063220
3063221
3063222
3063223
3063224
3063225
3063226
3063227
3063228
3063229
3063232
3063240
3063244
3063245
3063246
3063247
3063249
3063250
3063253
3063256
3063259
3063263
3063264
3063265
3063267
3063269
3063272
3063273
3063275
3063276
3063277
3063278
3063279
3063280
3063293
3063294
3063296
3063298
3063299
3063300
3063301
3063303
3063307
3063310
3063311
3063313
3063314
3063317
3063319
3063320
3063324
3063325
3063326
3063327
3063329
3063330
3063337
3063338
3063339
3063340
3063343
3063347
3063349
3063353
3063355
3063357
3063369
3063371
3063375
3063376
3063377
3063378
3063380
3063382
3063384
3063388
3063389
3063390
3063391
3063392
3063393
3063394
3063395
3063397
3063398
3063401
3063403
3063414
3063415
3063416
3063418
3063422
3063423
3063428
3063429
3063430
3063433
3063435
3063437
3063447
3063453
3063455
3063461
3063462
3063472
3063475
3063479
3063480
3063483
3063487
3063488
3063497
3063499
3063507
3063518
3063519
3063520
3063524
3063525
3063526
3063528
3063529
3063530
3063531
3063537
3063538
3063539
3063540
3063541
3063542
3063543
3063545
3063550
3063551
3063556
3063557
3063561
3063563
3063564
3063565
3063567
3063568
3063569
3063573
3063576
3063582
3063583
3063585
3063586
3063587
3063589
3063591
3063594
3063597
3063598
3063604
3063605
3063608
3063610
3063611
3063613
3063615
3063618
3063620
3063633
3063635
3063636
3063638
3063639
3063644
3063647
3063648
3063651
3063654
3063655
3063657
3063660
3063661
3063666
3063670
3063673
3063682
3063684
3063685
3063687
3063688
3063689
3063694
3063695
3063696
3063699
3063700
3063702
3063703
3063705
3063706
3063707
3063715
3063716
3063720
3063721
3063724
3063726
3063727
3063730
3063732
3063733
3063734
3063735
3063736
3063739
3063740
3063741
3063742
3063743
3063745
3063746
3063747
3063749
3063752
3063753
3063758
3063761
3063762
3063765
3063767
3063773
3063775
3063776
3063777
3063779
3063780
3063781
3063785
3063787
3063790
3063791
3063794
3063796
3063798
3063799
3063805
3063806
3063808
3063810
3063811
3063813
3063816
3063818
3063821
3063824
3063825
3063826
3063829
3063830
3063835
3063836
3063839
3063840
3063842
3063843
3063847
3063849
3063850
3063853
3063854
3063856
3063858
3063859
3063860
3063865
3063867
3063868
3063870
3063871
3063875
3063876
3063877
3063878
3063879
3063882
3063887
3063890
3063891
3063892
3063894
3063895
3063896
3063901
3063907
3063912
3063913
3063914
3063917
3063919
3063920
3063923
3063926
3063927
3063929
3063930
3063932
3063934
3063935
3063937
3063939
3063940
3063954
3063955
3063958
3063959
3063960
3063962
3063963
3063964
3063967
3063968
3063976
3063977
3063978
3063979
3063981
3063983
3063984
3063987
3063991
3063993
3063994
3063997
3064009
3064019
3064030
3064031
3064034
3064036
3064037
3064039
3064040
3064041
3064043
3064044
3064050
3064055
3064056
3064059
3064060
3064063
3064065
3064068
3064070
3064075
3064076
3064083
3064085
3064086
3064087
3064089
3064090
3064091
3064092
3064100
3064101
3064103
3064104
3064105
3064107
3064108
3064116
3064117
3064118
3064122
3064123
3064124
3064132
3064138
3064139
3064140
3064142
3064144
3064145
3064146
3064148
3064152
3064153
3064154
3064155
3064156
3064157
3064167
3064169
3064170
3064174
3064176
3064177
3064182
3064183
3064184
3064186
3064187
3064190
3064191
3064194
3064195
3064197
3064199
3064201
3064202
3064206
3064208
3064209
3064211
3064214
3064215
3064217
3064218
3064220
3064221
3064224
3064225
3064226
3064227
3064231
3064232
3064236
3064242
3064243
3064245
3064247
3064252
3064255
3064257
3064261
3064263
3064264
3064265
3064266
3064268
3064274
3064276
3064277
3064279
3064280
3064281
3064285
3064286
3064289
3064292
3064295
3064298
3064299
3064302
3064305
3064306
3064309
3064313
3064321
3064325
3064330
3064332
3064335
3064338
3064342
3064343
3064344
3064347
3064348
3064351
3064354
3064359
3064360
3064361
3064362
3064363
3064365
3064366
3064373
3064374
3064376
3064377
3064381
3064383
3064389
3064390
3064393
3064396
3064399
3064401
3064402
3064404
3064405
3064406
3064408
3064409
3064411
3064412
3064414
3064417
3064418
3064419
3064426
3064427
3064428
3064429
3064432
3064433
3064435
3064437
3064440
3064441
3064443
3064445
3064448
3064449
3064456
3064457
3064458
3064463
3064466
3064470
3064471
3064472
3064473
3064475
3064476
3064477
3064479
3064484
3064485
3064498
3064500
3064504
3064508
3064509
3064512
3064513
3064515
3064517
3064520
3064524
3064526
3064529
3064530
3064531
3064534
3064535
3064536
3064539
3064544
3064547
3064548
3064549
3064551
3064552
3064553
3064557
3064561
3064564
3064566
3064571
3064575
3064577
3064581
3064582
3064588
3064592
3064593
3064594
3064596
3064597
3064602
3064603
3064604
3064606
3064607
3064617
3064619
3064620
3064621
3064622
3064627
3064628
3064630
3064632
3064634
3064635
3064642
3064643
3064645
3064647
3064648
3064657
3064658
3064660
3064661
3064663
3064664
3064668
3064671
3064672
3064673
3064674
3064678
3064682
3064684
3064685
3064688
3064699
3064700
3064702
3064703
3064709
3064710
3064711
3064712
3064713
3064718
3064719
3064721
3064723
3064729
3064733
3064734
3064735
3064736
3064740
3064741
3064742
3064746
3064747
3064751
3064753
3064758
3064760
3064761
3064762
3064764
3064766
3064771
3064772
3064774
3064777
3064783
3064784
3064787
3064788
3064789
3064796
3064799
3064801
3064803
3064805
3064807
3064810
3064812
3064814
3064815
3064820
3064824
3064826
3064827
3064828
3064829
3064832
3064834
3064835
3064836
3064837
3064838
3064839
3064840
3064841
3064843
3064846
3064848
3064849
3064858
3064859
3064867
3064868
3064871
3064872
3064875
3064876
3064883
3064888
3064892
3064893
3064896
3064899
3064900
3064905
3064907
3064908
3064909
3064911
3064913
3064914
3064915
3064920
3064922
3064926
3064930
3064931
3064932
3064937
3064938
3064940
3064942
3064944
3064947
3064952
3064957
3064958
3064960
3064961
3064962
3064963
3064965
3064966
3064971
3064973
3064976
3064977
3064978
3064979
3064980
3064982
3064984
3064987
3064988
3064989
3064993
3064997
3064998
3064999
3065005
3065006
3065011
3065012
3065022
3065024
3065026
3065029
3065030
3065037
3065042
3065045
3065046
3065049
3065052
3065054
3065056
3065057
3065059
3065060
3065066
3065069
3065072
3065074
3065084
3065088
3065093
3065096
3065102
3065106
3065107
3065109
3065110
3065117
3065122
3065123
3065127
3065128
3065130
3065133
3065137
3065138
3065139
3065143
3065151
3065155
3065159
3065167
3065168
3065169
3065172
3065173
3065174
3065175
3065178
3065180
3065182
3065183
3065188
3065189
3065191
3065194
3065195
3065196
3065198
3065201
3065205
3065208
3065210
3065223
3065224
3065232
3065236
3065239
3065240
3065242
3065243
3065245
3065255
3065256
3065260
3065264
3065265
3065273
3065275
3065280
3065281
3065282
3065288
3065289
3065290
3065294
3065301
3065312
3065318
3065319
3065320
3065321
3065322
3065327
3065328
3065331
3065334
3065336
3065339
3065342
3065344
3065347
3065350
3065367
3065370
3065374
3065377
3065384
3065386
3065388
3065390
3065391
3065392
3065398
3065399
3065405
3065407
3065410
3065411
3065413
3065417
3065418
3065421
3065423
3065427
3065429
3065430
3065436
3065440
3065442
3065443
3065444
3065446
3065451
3065453
3065458
3065465
3065467
3065473
3065474
3065483
3065486
3065489
3065490
3065491
3065492
3065493
3065494
3065495
3065497
3065498
3065499
3065500
3065503
3065505
3065506
3065507
3065511
3065514
3065515
3065516
3065518
3065519
3065520
3065521
3065524
3065527
3065528
3065529
3065530
3065531
3065532
3065535
3065537
3065539
3065547
3065554
3065557
3065559
3065560
3065561
3065563
3065566
3065570
3065572
3065574
3065575
3065576
3065579
3065580
3065583
3065585
3065591
3065592
3065594
3065596
3065599
3065600
3065602
3065606
3065612
3065613
3065618
3065623
3065633
3065634
3065635
3065637
3065644
3065650
3065651
3065652
3065653
3065654
3065672
3065674
3065675
3065679
3065680
3065688
3065691
3065692
3065698
3065699
3065701
3065702
3065703
3065707
3065708
3065711
3065712
3065713
3065716
3065717
3065718
3065719
3065722
3065727
3065728
3065729
3065730
3065732
3065733
3065735
3065738
3065742
3065743
3065745
3065749
3065753
3065755
3065760
3065763
3065764
3065769
3065772
3065773
3065774
3065776
3065779
3065780
3065789
3065791
3065792
3065794
3065797
3065800
3065805
3065806
3065812
3065816
3065817
3065826
3065829
3065830
3065833
3065842
3065848
3065851
3065868
3065869
3065870
3065874
3065875
3065877
3065878
3065880
3065882
3065887
3065888
3065891
3065899
3065902
3065903
3065905
3065912
3065914
3065915
3065916
3065918
3065919
3065923
3065926
3065929
3065931
3065933
3065934
3065935
3065936
3065938
3065941
3065944
3065946
3065960
3065961
3065965
3065968
3065969
3065970
3065975
3065976
3065978
3065979
3065980
3065984
3065986
3065991
3065995
3065997
3065999
3066000
3066003
3066004
3066008
3066013
3066016
3066018
3066022
3066028
3066029
3066032
3066033
3066034
3066035
3066036
3066039
3066040
3066042
3066045
3066048
3066049
3066059
3066062
3066063
3066065
3066068
3066074
3066077
3066078
3066080
3066086
3066090
3066091
3066097
3066100
3066103
3066104
3066106
3066108
3066109
3066117
3066118
3066120
3066121
3066123
3066129
3066130
3066131
3066133
3066135
3066136
3066145
3066147
3066149
3066150
3066151
3066156
3066157
3066158
3066164
3066165
3066166
3066171
3066174
3066175
3066176
3066177
3066178
3066180
3066181
3066182
3066185
3066187
3066188
3066190
3066192
3066193
3066196
3066198
3066199
3066202
3066208
3066209
3066213
3066214
3066217
3066218
3066224
3066227
3066230
3066231
3066238
3066246
3066248
3066249
3066251
3066253
3066257
3066260
3066263
3066264
3066272
3066273
3066275
3066278
3066280
3066285
3066286
3066287
3066293
3066296
3066297
3066303
3066304
3066305
3066306
3066307
3066312
3066313
3066318
3066320
3066321
3066322
3066323
3066324
3066326
3066327
3066328
3066340
3066345
3066346
3066347
3066348
3066349
3066352
3066353
3066358
3066360
3066364
3066367
3066369
3066370
3066376
3066378
3066379
3066382
3066383
3066387
3066388
3066396
3066397
3066399
3066400
3066401
3066403
3066404
3066408
3066411
3066412
3066413
3066417
3066419
3066420
3066421
3066423
3066424
3066425
3066434
3066435
3066438
3066441
3066442
3066444
3066448
3066449
3066450
3066454
3066456
3066457
3066459
3066461
3066462
3066464
3066465
3066466
3066467
3066468
3066469
3066470
3066473
3066475
3066482
3066490
3066491
3066492
3066493
3066494
3066495
3066497
3066501
3066502
3066503
3066506
3066507
3066508
3066510
3066512
3066513
3066517
3066518
3066519
3066526
3066528
3066531
3066532
3066540
3066543
3066544
3066546
3066549
3066550
3066551
3066552
3066554
3066555
3066561
3066562
3066569
3066573
3066578
3066579
3066580
3066584
3066587
3066588
3066592
3066595
3066596
3066597
3066602
3066604
3066605
3066610
3066611
3066613
3066617
3066619
3066629
3066633
3066637
3066639
3066642
3066645
3066647
3066652
3066653
3066654
3066657
3066667
3066670
3066671
3066672
3066675
3066677
3066680
3066683
3066685
3066686
3066695
3066696
3066699
3066703
3066710
3066711
3066713
3066714
3066715
3066719
3066721
3066722
3066723
3066724
3066725
3066729
3066730
3066731
3066732
3066735
3066737
3066745
3066746
3066747
3066748
3066750
3066752
3066760
3066761
3066767
3066772
3066773
3066775
3066776
3066778
3066782
3066783
3066798
3066800
3066801
3066805
3066809
3066811
3066815
3066816
3066817
3066819
3066821
3066828
3066831
3066832
3066837
3066838
3066841
3066847
3066848
3066854
3066855
3066857
3066859
3066861
3066864
3066869
3066871
3066873
3066879
3066881
3066882
3066884
3066885
3066887
3066889
3066890
3066894
3066900
3066901
3066902
3066907
3066910
3066920
3066921
3066922
3066925
3066926
3066928
3066929
3066930
3066932
3066935
3066937
3066938
3066939
3066944
3066946
3066953
3066954
3066957
3066958
3066961
3066967
3066968
3066976
3066977
3066979
3066980
3066986
3066987
3066991
3066994
3066995
3066998
3067004
3067007
3067010
3067013
3067018
3067020
3067022
3067023
3067024
3067026
3067028
3067031
3067034
3067042
3067043
3067045
3067047
3067052
3067053
3067055
3067061
3067062
3067063
3067069
3067071
3067073
3067077
3067084
3067086
3067088
3067089
3067090
3067092
3067093
3067094
3067095
3067096
3067101
3067102
3067103
3067104
3067106
3067107
3067117
3067118
3067119
3067120
3067122
3067124
3067126
3067127
3067128
3067132
3067134
3067138
3067139
3067142
3067143
3067144
3067145
3067151
3067152
3067157
3067163
3067168
3067173
3067174
3067175
3067182
3067183
3067184
3067185
3067186
3067188
3067190
3067193
3067194
3067197
3067199
3067216
3067218
3067222
3067223
3067232
3067233
3067235
3067237
3067238
3067239
3067241
3067244
3067246
3067247
3067248
3067252
3067253
3067255
3067258
3067259
3067261
3067263
3067266
3067269
3067270
3067271
3067272
3067274
3067275
3067279
3067281
3067282
3067283
3067288
3067289
3067293
3067294
3067303
3067304
3067305
3067307
3067308
3067309
3067310
3067313
3067314
3067316
3067320
3067323
3067327
3067328
3067333
3067334
3067335
3067336
3067338
3067345
3067347
3067350
3067352
3067353
3067354
3067355
3067357
3067358
3067361
3067362
3067363
3067364
3067366
3067370
3067372
3067373
3067374
3067377
3067379
3067381
3067383
3067387
3067389
3067392
3067393
3067394
3067395
3067396
3067410
3067412
3067414
3067416
3067420
3067421
3067422
3067423
3067425
3067427
3067431
3067432
3067433
3067434
3067437
3067440
3067441
3067449
3067450
3067451
3067455
3067456
3067457
3067458
3067459
3067460
3067461
3067462
3067463
3067466
3067467
3067468
3067469
3067470
3067471
3067474
3067475
3067476
3067480
3067482
3067483
3067484
3067485
3067486
3067487
3067490
3067491
3067492
3067497
3067498
3067499
3067500
3067504
3067505
3067506
3067507
3067508
3067512
3067513
3067514
3067518
3067520
3067521
3067527
3067529
3067530
3067533
3067534
3067537
3067538
3067545
3067546
3067547
3067548
3067549
3067553
3067555
3067556
3067558
3067560
3067561
3067562
3067563
3067564
3067566
3067567
3067568
3067569
3067570
3067572
3067576
3067578
3067579
3067581
3067582
3067583
3067584
3067585
3067587
3067588
3067589
3067590
3067592
3067594
3067595
3067596
3067597
3067598
3067602
3067603
3067604
3067605
3067607
3067608
3067610
3067611
3067615
3067616
3067617
3067618
3067622
3067624
3067625
3067626
3067627
3067629
3067631
3067632
3067634
3067635
3067637
3067647
3067652
3067655
3067656
3067658
3067662
3067664
3067671
3067672
3067674
3067676
3067677
3067683
3067684
3067685
3067686
3067692
3067696
3067698
3067703
3067705
3067707
3067708
3067710
3067713
3067714
3067716
3067721
3067722
3067723
3067725
3067730
3067735
3067737
3067738
3067742
3067743
3067744
3067751
3067756
3067758
3067761
3067764
3067765
3067766
3067767
3067769
3067771
3067772
3067773
3067779
3067783
3067784
3067785
3067786
3067788
3067792
3067793
3067797
3067802
3067803
3067805
3067811
3067812
3067813
3067816
3067822
3067827
3067829
3067830
3067831
3067833
3067835
3067837
3067838
3067840
3067841
3067843
3067845
3067846
3067849
3067850
3067851
3067852
3067853
3067854
3067855
3067857
3067863
3067864
3067870
3067871
3067872
3067873
3067874
3067875
3067878
3067881
3067882
3067885
3067892
3067893
3067894
3067895
3067898
3067899
3067904
3067907
3067909
3067911
3067917
3067918
3067923
3067924
3067925
3067931
3067932
3067933
3067934
3067939
3067940
3067941
3067943
3067946
3067953
3067960
3067961
3067963
3067964
3067966
3067969
3067970
3067973
3067975
3067978
3067979
3067981
3067985
3067987
3067995
3067996
3067999
3068003
3068005
3068006
3068007
3068008
3068014
3068015
3068016
3068019
3068022
3068023
3068024
3068027
3068030
3068031
3068032
3068034
3068037
3068038
3068043
3068047
3068048
3068050
3068051
3068052
3068054
3068055
3068057
3068058
3068059
3068062
3068065
3068068
3068069
3068072
3068076
3068082
3068083
3068086
3068089
3068095
3068096
3068102
3068103
3068105
3068108
3068110
3068111
3068113
3068115
3068117
3068118
3068119
3068122
3068125
3068126
3068130
3068132
3068137
3068139
3068140
3068142
3068144
3068145
3068147
3068149
3068153
3068160
3068161
3068162
3068164
3068166
3068169
3068170
3068175
3068183
3068184
3068190
3068191
3068193
3068195
3068196
3068197
3068198
3068199
3068200
3068203
3068204
3068205
3068206
3068210
3068211
3068212
3068214
3068216
3068223
3068224
3068225
3068229
3068230
3068231
3068232
3068234
3068236
3068237
3068238
3068240
3068241
3068243
3068244
3068246
3068247
3068248
3068249
3068251
3068252
3068253
3068254
3068255
3068256
3068258
3068259
3068262
3068263
3068265
3068266
3068267
3068271
3068276
3068277
3068279
3068281
3068287
3068290
3068291
3068292
3068293
3068297
3068299
3068302
3068306
3068307
3068308
3068311
3068312
3068313
3068314
3068317
3068318
3068320
3068323
3068324
3068326
3068327
3068328
3068330
3068331
3068333
3068334
3068338
3068339
3068345
3068346
3068350
3068357
3068358
3068364
3068366
3068372
3068373
3068377
3068379
3068381
3068382
3068385
3068389
3068390
3068391
3068392
3068393
3068396
3068397
3068398
3068399
3068402
3068404
3068412
3068413
3068415
3068416
3068418
3068419
3068420
3068423
3068424
3068427
3068430
3068433
3068436
3068437
3068439
3068441
3068444
3068445
3068449
3068452
3068453
3068454
3068456
3068459
3068460
3068462
3068463
3068469
3068470
3068471
3068475
3068477
3068478
3068480
3068481
3068482
3068483
3068484
3068485
3068486
3068488
3068490
3068491
3068494
3068495
3068496
3068498
3068501
3068502
3068503
3068505
3068506
3068507
3068508
3068509
3068512
3068514
3068517
3068518
3068519
3068521
3068526
3068528
3068529
3068530
3068531
3068537
3068539
3068541
3068543
3068544
3068545
3068552
3068553
3068554
3068555
3068556
3068557
3068562
3068563
3068564
3068567
3068568
3068571
3068577
3068579
3068580
3068582
3068587
3068588
3068591
3068593
3068594
3068596
3068597
3068600
3068601
3068602
3068604
3068605
3068606
3068607
3068608
3068609
3068610
3068611
3068612
3068613
3068615
3068618
3068619
3068621
3068622
3068628
3068630
3068632
3068633
3068636
3068640
3068641
3068642
3068643
3068644
3068645
3068646
3068647
3068650
3068651
3068652
3068653
3068658
3068660
3068661
3068662
3068666
3068668
3068670
3068677
3068678
3068681
3068683
3068684
3068688
3068691
3068692
3068698
3068699
3068702
3068703
3068704
3068707
3068708
3068709
3068711
3068712
3068713
3068714
3068716
3068720
3068723
3068731
3068737
3068738
3068739
3068740
3068741
3068744
3068748
3068749
3068750
3068755
3068758
3068765
3068774
3068778
3068780
3068781
3068785
3068788
3068790
3068791
3068793
3068796
3068798
3068801
3068802
3068803
3068804
3068808
3068810
3068811
3068813
3068817
3068820
3068823
3068826
3068827
3068828
3068831
3068832
3068834
3068835
3068836
3068837
3068839
3068842
3068843
3068845
3068846
3068851
3068852
3068854
3068855
3068856
3068857
3068858
3068859
3068860
3068865
3068867
3068870
3068874
3068877
3068879
3068882
3068888
3068892
3068898
3068911
3068912
3068913
3068914
3068915
3068917
3068918
3068919
3068921
3068922
3068927
3068928
3068929
3068930
3068931
3068934
3068937
3068940
3068941
3068947
3068953
3068954
3068956
3068961
3068962
3068963
3068964
3068965
3068967
3068968
3068971
3068975
3068976
3068977
3068981
3068982
3068983
3068984
3068985
3068986
3068987
3068988
3068994
3068996
3068999
3069000
3069001
3069003
3069004
3069005
3069007
3069008
3069009
3069010
3069013
3069014
3069016
3069017
3069020
3069021
3069023
3069025
3069027
3069028
3069029
3069030
3069032
3069035
3069038
3069039
3069040
3069043
3069044
3069045
3069046
3069049
3069054
3069055
3069059
3069061
3069065
3069066
3069068
3069070
3069073
3069075
3069076
3069077
3069078
3069079
3069080
3069083
3069085
3069086
3069088
3069089
3069091
3069093
3069097
3069103
3069104
3069108
3069110
3069112
3069113
3069114
3069118
3069119
3069123
3069124
3069125
3069126
3069128
3069129
3069132
3069135
3069146
3069153
3069154
3069164
3069165
3069178
3069186
3069187
3069188
3069189
3069190
3069193
3069194
3069195
3069199
3069201
3069202
3069204
3069205
3069206
3069207
3069209
3069210
3069211
3069213
3069219
3069221
3069222
3069223
3069224
3069226
3069227
3069228
3069230
3069232
3069233
3069235
3069236
3069239
3069241
3069242
3069246
3069247
3069248
3069251
3069252
3069253
3069254
3069255
3069257
3069258
3069259
3069263
3069264
3069267
3069268
3069272
3069273
3069274
3069276
3069277
3069279
3069280
3069285
3069287
3069289
3069290
3069291
3069300
3069304
3069307
3069309
3069310
3069311
3069312
3069313
3069315
3069317
3069318
3069319
3069323
3069324
3069325
3069326
3069328
3069330
3069331
3069333
3069334
3069335
3069336
3069337
3069338
3069340
3069341
3069342
3069343
3069344
3069345
3069346
3069348
3069349
3069350
3069351
3069352
3069353
3069354
3069355
3069359
3069360
3069362
3069363
3069366
3069367
3069370
3069374
3069376
3069378
3069379
3069380
3069381
3069382
3069384
3069385
3069387
3069389
3069390
3069391
3069398
3069399
3069400
3069401
3069403
3069404
3069405
3069406
3069408
3069409
3069410
3069413
3069414
3069416
3069418
3069419
3069423
3069424
3069426
3069427
3069429
3069431
3069432
3069433
3069434
3069435
3069437
3069440
3069447
3069448
3069449
3069450
3069452
3069454
3069458
3069459
3069460
3069462
3069464
3069466
3069468
3069473
3069474
3069476
3069478
3069480
3069483
3069484
3069486
3069487
3069491
3069493
3069494
3069495
3069496
3069497
3069499
3069500
3069501
3069502
3069503
3069504
3069505
3069508
3069510
3069511
3069514
3069516
3069517
3069518
3069519
3069520
3069521
3069523
3069524
3069525
3069526
3069528
3069530
3069532
3069533
3069535
3069538
3069539
3069540
3069541
3069542
3069543
3069544
3069545
3069546
3069547
3069548
3069549
3069550
3069551
3069552
3069553
3069555
3069556
3069558
3069565
3069566
3069567
3069569
3069572
3069573
3069574
3069575
3069576
3069577
3069580
3069581
3069583
3069584
3069585
3069589
3069591
3069592
3069593
3069594
3069595
3069596
3069598
3069602
3069603
3069605
3069606
3069607
3069608
3069609
3069610
3069613
3069614
3069617
3069618
3069619
3069620
3069621
3069623
3069627
3069628
3069629
3069633
3069634
3069639
3069640
3069647
3069648
3069650
3069652
3069654
3069655
3069658
3069659
3069663
3069665
3069667
3069668
3069672
3069673
3069674
3069677
3069678
3069679
3069680
3069684
3069686
3069689
3069695
3069697
3069698
3069699
3069702
3069704
3069706
3069708
3069712
3069713
3069714
3069715
3069716
3069717
3069718
3069720
3069721
3069722
3069724
3069725
3069726
3069727
3069731
3069734
3069737
3069738
3069741
3069742
3069744
3069746
3069752
3069757
3069759
3069762
3069765
3069771
3069773
3069777
3069778
3069782
3069783
3069786
3069788
3069789
3069791
3069792
3069793
3069796
3069798
3069799
3069802
3069803
3069804
3069809
3069810
3069812
3069813
3069816
3069820
3069822
3069823
3069824
3069825
3069826
3069827
3069829
3069830
3069832
3069835
3069836
3069837
3069840
3069842
3069844
3069846
3069851
3069853
3069854
3069855
3069856
3069857
3069861
3069862
3069863
3069864
3069865
3069866
3069869
3069870
3069871
3069873
3069876
3069878
3069883
3069885
3069886
3069887
3069888
3069889
3069892
3069894
3069895
3069896
3069897
3069898
3069899
3069900
3069901
3069904
3069905
3069907
3069908
3069909
3069911
3069912
3069913
3069914
3069919
3069920
3069921
3069923
3069924
3069925
3069926
3069927
3069929
3069931
3069935
3069936
3069937
3069940
3069944
3069949
3069951
3069957
3069960
3069964
3069967
3069972
3069973
3069975
3069977
3069979
3069980
3069984
3069985
3069986
3069988
3069989
3069990
3069993
3069996
3069999
3070000
3070007
3070009
3070011
3070012
3070013
3070014
3070015
3070016
3070019
3070020
3070021
3070023
3070027
3070028
3070029
3070031
3070033
3070035
3070036
3070037
3070038
3070039
3070040
3070043
3070045
3070046
3070047
3070048
3070050
3070051
3070052
3070055
3070056
3070059
3070060
3070065
3070066
3070067
3070068
3070073
3070075
3070076
3070077
3070078
3070080
3070082
3070083
3070084
3070085
3070086
3070088
3070089
3070090
3070093
3070097
3070098
3070099
3070100
3070101
3070110
3070111
3070112
3070113
3070115
3070116
3070118
3070119
3070120
3070122
3070123
3070127
3070129
3070130
3070135
3070136
3070137
3070139
3070140
3070141
3070142
3070143
3070144
3070147
3070149
3070155
3070159
3070161
3070164
3070166
3070168
3070169
3070172
3070178
3070179
3070184
3070186
3070189
3070195
3070198
3070199
3070204
3070205
3070209
3070214
3070217
3070219
3070221
3070224
3070229
3070231
3070233
3070234
3070235
3070238
3070241
3070244
3070245
3070247
3070248
3070249
3070251
3070252
3070256
3070258
3070259
3070260
3070262
3070266
3070267
3070268
3070269
3070273
3070275
3070278
3070282
3070283
3070285
3070286
3070287
3070290
3070291
3070292
3070293
3070294
3070297
3070303
3070305
3070306
3070307
3070308
3070311
3070312
3070314
3070315
3070316
3070317
3070321
3070327
3070328
3070330
3070332
3070333
3070334
3070342
3070346
3070347
3070349
3070351
3070353
3070354
3070355
3070359
3070362
3070363
3070364
3070369
3070370
3070372
3070374
3070375
3070377
3070378
3070379
3070382
3070383
3070385
3070386
3070387
3070391
3070392
3070393
3070394
3070395
3070399
3070406
3070408
3070409
3070411
3070412
3070414
3070415
3070416
3070417
3070418
3070420
3070421
3070422
3070424
3070425
3070427
3070430
3070431
3070432
3070434
3070435
3070436
3070437
3070438
3070440
3070441
3070443
3070448
3070449
3070451
3070452
3070453
3070454
3070456
3070457
3070458
3070459
3070460
3070461
3070468
3070472
3070473
3070474
3070476
3070477
3070478
3070479
3070480
3070481
3070482
3070486
3070487
3070488
3070491
3070492
3070493
3070495
3070498
3070499
3070501
3070504
3070505
3070506
3070507
3070508
3070511
3070519
3070520
3070522
3070523
3070525
3070527
3070528
3070529
3070530
3070535
3070537
3070538
3070547
3070551
3070555
3070556
3070557
3070562
3070563
3070564
3070565
3070567
3070568
3070571
3070572
3070573
3070574
3070575
3070577
3070579
3070580
3070581
3070582
3070584
3070586
3070589
3070591
3070594
3070595
3070597
3070601
3070603
3070604
3070605
3070608
3070610
3070611
3070613
3070614
3070615
3070616
3070619
3070620
3070621
3070622
3070623
3070624
3070625
3070627
3070628
3070629
3070630
3070631
3070633
3070634
3070636
3070642
3070643
3070644
3070646
3070648
3070652
3070655
3070657
3070658
3070659
3070661
3070664
3070665
3070667
3070670
3070671
3070675
3070679
3070682
3070683
3070689
3070691
3070692
3070693
3070694
3070697
3070699
3070701
3070702
3070706
3070707
3070708
3070709
3070710
3070711
3070715
3070721
3070722
3070725
3070726
3070728
3070729
3070730
3070731
3070733
3070734
3070735
3070738
3070739
3070740
3070741
3070744
3070746
3070747
3070749
3070750
3070754
3070755
3070756
3070757
3070760
3070766
3070767
3070770
3070771
3070772
3070773
3070777
3070780
3070781
3070782
3070784
3070787
3070792
3070793
3070795
3070798
3070800
3070805
3070807
3070808
3070810
3070812
3070817
3070818
3070819
3070821
3070822
3070823
3070824
3070825
3070827
3070828
3070829
3070830
3070832
3070836
3070837
3070838
3070839
3070841
3070843
3070845
3070846
3070847
3070850
3070852
3070854
3070857
3070858
3070859
3070861
3070862
3070865
3070873
3070874
3070875
3070878
3070883
3070884
3070886
3070887
3070889
3070892
3070893
3070897
3070898
3070899
3070900
3070901
3070906
3070907
3070909
3070915
3070916
3070919
3070923
3070924
3070925
3070928
3070929
3070933
3070935
3070936
3070937
3070938
3070940
3070941
3070943
3070945
3070947
3070948
3070951
3070956
3070957
3070958
3070959
3070960
3070961
3070962
3070971
3070972
3070973
3070975
3070976
3070981
3070982
3070983
3070984
3070987
3070991
3070993
3070994
3070995
3070996
3070998
3071005
3071007
3071009
3071010
3071011
3071015
3071016
3071018
3071020
3071021
3071022
3071023
3071027
3071028
3071031
3071034
3071037
3071038
3071040
3071042
3071043
3071046
3071047
3071048
3071050
3071051
3071054
3071055
3071056
3071057
3071058
3071062
3071063
3071066
3071068
3071069
3071070
3071071
3071075
3071079
3071080
3071084
3071090
3071091
3071092
3071097
3071098
3071099
3071100
3071102
3071105
3071106
3071108
3071111
3071112
3071114
3071119
3071120
3071122
3071123
3071124
3071125
3071126
3071127
3071129
3071130
3071131
3071134
3071135
3071136
3071138
3071140
3071141
3071144
3071147
3071148
3071149
3071151
3071154
3071155
3071161
3071163
3071168
3071169
3071170
3071175
3071176
3071178
3071179
3071181
3071183
3071187
3071188
3071192
3071199
3071200
3071202
3071203
3071204
3071205
3071209
3071212
3071213
3071218
3071220
3071221
3071222
3071223
3071224
3071225
3071228
3071229
3071233
3071234
3071237
3071238
3071239
3071240
3071241
3071243
3071247
3071250
3071255
3071257
3071264
3071267
3071268
3071271
3071272
3071276
3071280
3071283
3071284
3071285
3071289
3071290
3071292
3071293
3071294
3071296
3071297
3071299
3071300
3071301
3071304
3071305
3071308
3071309
3071311
3071313
3071316
3071321
3071324
3071325
3071326
3071337
3071339
3071340
3071343
3071345
3071346
3071347
3071348
3071349
3071350
3071351
3071352
3071354
3071359
3071365
3071366
3071370
3071371
3071372
3071373
3071374
3071376
3071377
3071379
3071380
3071383
3071384
3071390
3071394
3071395
3071396
3071397
3071398
3071399
3071401
3071402
3071403
3071409
3071411
3071412
3071415
3071418
3071420
3071424
3071435
3071442
3071444
3071446
3071447
3071453
3071457
3071458
3071459
3071462
3071465
3071467
3071468
3071469
3071471
3071472
3071473
3071477
3071481
3071482
3071494
3071505
3071510
3071511
3071512
3071519
3071521
3071522
3071523
3071524
3071527
3071532
3071538
3071542
3071545
3071546
3071548
3071549
3071551
3071554
3071556
3071557
3071559
3071560
3071568
3071578
3071581
3071586
3071587
3071588
3071590
3071591
3071595
3071596
3071600
3071604
3071610
3071611
3071612
3071613
3071614
3071624
3071626
3071629
3071633
3071634
3071635
3071637
3071638
3071640
3071641
3071644
3071645
3071647
3071649
3071651
3071658
3071659
3071660
3071661
3071662
3071666
3071667
3071668
3071672
3071673
3071675
3071677
3071678
3071679
3071680
3071682
3071683
3071685
3071687
3071691
3071692
3071693
3071694
3071698
3071701
3071702
3071704
3071708
3071713
3071714
3071716
3071717
3071720
3071724
3071725
3071726
3071727
3071732
3071733
3071734
3071735
3071739
3071743
3071744
3071745
3071749
3071752
3071755
3071756
3071759
3071764
3071765
3071769
3071770
3071772
3071774
3071777
3071780
3071783
3071785
3071786
3071788
3071789
3071790
3071791
3071793
3071798
3071799
3071802
3071803
3071806
3071809
3071812
3071814
3071815
3071816
3071818
3071819
3071832
3071835
3071839
3071840
3071841
3071843
3071845
3071846
3071848
3071850
3071853
3071854
3071856
3071858
3071860
3071861
3071862
3071868
3071872
3071873
3071874
3071876
3071880
3071884
3071885
3071886
3071887
3071890
3071895
3071900
3071902
3071904
3071905
3071911
3071912
3071914
3071919
3071921
3071924
3071928
3071930
3071932
3071939
3071940
3071941
3071943
3071944
3071945
3071947
3071949
3071950
3071951
3071952
3071955
3071957
3071958
3071959
3071963
3071964
3071967
3071968
3071969
3071971
3071973
3071974
3071975
3071976
3071977
3071978
3071979
3071980
3071982
3071983
3071988
3071993
3071994
3071996
3071998
3071999
3072000
3072003
3072010
3072011
3072014
3072016
3072018
3072019
3072022
3072023
3072024
3072028
3072029
3072032
3072034
3072036
3072039
3072040
3072043
3072049
3072050
3072057
3072058
3072061
3072064
3072065
3072066
3072067
3072071
3072073
3072076
3072079
3072085
3072087
3072089
3072092
3072093
3072094
3072095
3072096
3072100
3072103
3072112
3072113
3072114
3072116
3072118
3072119
3072122
3072126
3072128
3072129
3072130
3072131
3072132
3072133
3072134
3072135
3072136
3072137
3072138
3072141
3072143
3072149
3072151
3072152
3072155
3072158
3072159
3072163
3072164
3072165
3072166
3072171
3072174
3072175
3072176
3072177
3072180
3072181
3072182
3072183
3072184
3072186
3072189
3072192
3072194
3072203
3072210
3072214
3072216
3072217
3072220
3072222
3072232
3072234
3072239
3072243
3072244
3072249
3072250
3072251
3072253
3072256
3072257
3072261
3072264
3072267
3072268
3072273
3072276
3072280
3072281
3072288
3072291
3072294
3072295
3072296
3072297
3072298
3072303
3072304
3072306
3072308
3072310
3072317
3072318
3072319
3072321
3072327
3072329
3072330
3072331
3072332
3072342
3072344
3072345
3072350
3072356
3072357
3072358
3072362
3072368
3072371
3072372
3072373
3072380
3072381
3072382
3072383
3072384
3072385
3072386
3072387
3072389
3072393
3072394
3072396
3072397
3072400
3072403
3072404
3072408
3072412
3072416
3072417
3072419
3072423
3072434
3072436
3072437
3072438
3072439
3072440
3072441
3072443
3072445
3072446
3072448
3072450
3072453
3072454
3072456
3072457
3072458
3072461
3072463
3072465
3072467
3072468
3072469
3072471
3072472
3072474
3072477
3072479
3072480
3072484
3072488
3072492
3072494
3072496
3072497
3072506
3072509
3072513
3072515
3072518
3072519
3072521
3072522
3072526
3072532
3072537
3072538
3072539
3072547
3072549
3072552
3072554
3072555
3072556
3072557
3072561
3072567
3072569
3072570
3072571
3072572
3072574
3072575
3072576
3072577
3072578
3072579
3072580
3072581
3072584
3072585
3072587
3072589
3072598
3072599
3072600
3072602
3072604
3072607
3072613
3072614
3072620
3072624
3072629
3072630
3072632
3072633
3072636
3072638
3072639
3072644
3072645
3072646
3072648
3072652
3072653
3072654
3072664
3072666
3072667
3072669
3072671
3072672
3072673
3072675
3072676
3072677
3072678
3072680
3072681
3072682
3072685
3072687
3072688
3072689
3072691
3072692
3072693
3072694
3072697
3072699
3072704
3072709
3072716
3072717
3072721
3072722
3072726
3072728
3072729
3072730
3072731
3072735
3072736
3072737
3072740
3072742
3072743
3072744
3072745
3072751
3072752
3072753
3072755
3072756
3072758
3072759
3072761
3072763
3072765
3072766
3072769
3072770
3072773
3072775
3072778
3072779
3072780
3072782
3072784
3072785
3072788
3072789
3072793
3072795
3072802
3072804
3072806
3072807
3072809
3072810
3072814
3072815
3072816
3072820
3072821
3072823
3072824
3072826
3072827
3072828
3072830
3072831
3072833
3072834
3072835
3072839
3072840
3072841
3072843
3072845
3072847
3072848
3072849
3072853
3072854
3072864
3072865
3072872
3072873
3072874
3072875
3072877
3072878
3072880
3072882
3072883
3072884
3072885
3072887
3072888
3072894
3072895
3072896
3072898
3072899
3072901
3072903
3072904
3072905
3072909
3072911
3072916
3072922
3072923
3072927
3072931
3072932
3072933
3072936
3072937
3072944
3072949
3072955
3072956
3072961
3072963
3072969
3072977
3072981
3072983
3072984
3072987
3072988
3072990
3072995
3072996
3072997
3072999
3073003
3073011
3073012
3073021
3073025
3073026
3073028
3073030
3073033
3073034
3073035
3073036
3073038
3073040
3073041
3073042
3073044
3073047
3073048
3073050
3073051
3073058
3073059
3073061
3073067
3073075
3073076
3073077
3073078
3073080
3073081
3073084
3073085
3073087
3073089
3073090
3073093
3073094
3073098
3073101
3073103
3073105
3073107
3073108
3073109
3073113
3073116
3073119
3073120
3073126
3073127
3073130
3073131
3073132
3073134
3073136
3073137
3073143
3073147
3073148
3073152
3073153
3073155
3073158
3073159
3073161
3073163
3073165
3073167
3073169
3073172
3073176
3073177
3073178
3073179
3073180
3073181
3073187
3073189
3073190
3073194
3073201
3073203
3073204
3073205
3073211
3073214
3073215
3073216
3073218
3073220
3073222
3073223
3073226
3073227
3073229
3073230
3073231
3073232
3073236
3073240
3073242
3073245
3073247
3073248
3073251
3073252
3073253
3073258
3073265
3073269
3073270
3073271
3073275
3073280
3073283
3073287
3073288
3073289
3073290
3073291
3073306
3073308
3073311
3073312
3073317
3073319
3073320
3073324
3073327
3073330
3073332
3073336
3073339
3073343
3073345
3073351
3073355
3073356
3073359
3073364
3073366
3073367
3073370
3073374
3073375
3073376
3073379
3073380
3073385
3073386
3073387
3073391
3073393
3073398
3073407
3073420
3073421
3073428
3073430
3073432
3073436
3073438
3073439
3073441
3073442
3073443
3073446
3073447
3073449
3073450
3073453
3073457
3073461
3073464
3073466
3073467
3073468
3073470
3073471
3073475
3073480
3073482
3073484
3073494
3073495
3073497
3073500
3073503
3073504
3073509
3073513
3073514
3073517
3073520
3073521
3073525
3073529
3073530
3073533
3073534
3073538
3073541
3073545
3073546
3073547
3073548
3073549
3073551
3073554
3073558
3073559
3073560
3073561
3073562
3073565
3073568
3073571
3073572
3073576
3073577
3073579
3073582
3073585
3073586
3073588
3073589
3073590
3073591
3073592
3073594
3073597
3073598
3073603
3073604
3073605
3073606
3073608
3073611
3073612
3073614
3073620
3073621
3073622
3073625
3073626
3073627
3073629
3073630
3073631
3073632
3073635
3073637
3073638
3073642
3073644
3073647
3073648
3073651
3073653
3073654
3073656
3073657
3073661
3073662
3073663
3073664
3073666
3073668
3073671
3073676
3073677
3073678
3073682
3073684
3073686
3073687
3073688
3073690
3073691
3073693
3073694
3073698
3073699
3073700
3073701
3073703
3073706
3073707
3073709
3073710
3073714
3073715
3073716
3073718
3073720
3073725
3073726
3073738
3073739
3073743
3073744
3073746
3073749
3073750
3073754
3073755
3073758
3073759
3073760
3073765
3073767
3073768
3073769
3073770
3073771
3073774
3073777
3073778
3073779
3073781
3073782
3073784
3073785
3073786
3073787
3073789
3073793
3073794
3073797
3073798
3073799
3073800
3073802
3073804
3073806
3073808
3073809
3073814
3073816
3073820
3073821
3073823
3073825
3073826
3073828
3073839
3073840
3073841
3073842
3073844
3073845
3073848
3073849
3073850
3073856
3073858
3073860
3073878
3073881
3073885
3073886
3073889
3073890
3073892
3073894
3073896
3073897
3073898
3073899
3073900
3073901
3073902
3073904
3073913
3073914
3073915
3073916
3073917
3073918
3073924
3073927
3073931
3073932
3073933
3073935
3073938
3073939
3073940
3073942
3073943
3073944
3073949
3073950
3073951
3073952
3073953
3073954
3073959
3073962
3073964
3073965
3073967
3073970
3073972
3073974
3073976
3073978
3073979
3073980
3073981
3073983
3073984
3073989
3073990
3073992
3073993
3073994
3073996
3073998
3073999
3074000
3074001
3074002
3074005
3074006
3074010
3074011
3074013
3074014
3074019
3074023
3074025
3074027
3074031
3074032
3074034
3074035
3074036
3074043
3074044
3074047
3074050
3074052
3074053
3074056
3074057
3074062
3074064
3074065
3074066
3074069
3074070
3074073
3074074
3074075
3074076
3074077
3074078
3074080
3074081
3074082
3074084
3074085
3074087
3074088
3074089
3074090
3074093
3074094
3074096
3074097
3074098
3074102
3074106
3074108
3074110
3074111
3074112
3074114
3074119
3074122
3074123
3074124
3074126
3074129
3074132
3074133
3074138
3074141
3074142
3074144
3074145
3074148
3074149
3074154
3074155
3074156
3074158
3074159
3074161
3074162
3074164
3074166
3074168
3074170
3074172
3074174
3074175
3074179
3074180
3074183
3074185
3074186
3074188
3074193
3074197
3074202
3074203
3074204
3074207
3074208
3074211
3074217
3074223
3074224
3074225
3074227
3074230
3074232
3074234
3074236
3074237
3074238
3074243
3074245
3074246
3074247
3074249
3074254
3074256
3074261
3074266
3074269
3074270
3074275
3074278
3074282
3074286
3074288
3074289
3074291
3074292
3074301
3074302
3074304
3074306
3074308
3074310
3074312
3074320
3074322
3074323
3074324
3074326
3074328
3074331
3074335
3074336
3074338
3074343
3074344
3074347
3074355
3074356
3074358
3074360
3074362
3074364
3074365
3074366
3074368
3074369
3074374
3074375
3074376
3074379
3074383
3074384
3074385
3074386
3074387
3074389
3074390
3074395
3074398
3074399
3074402
3074403
3074405
3074410
3074411
3074412
3074413
3074416
3074417
3074418
3074419
3074420
3074421
3074423
3074425
3074426
3074427
3074428
3074432
3074433
3074434
3074437
3074438
3074440
3074444
3074445
3074447
3074450
3074451
3074453
3074454
3074458
3074459
3074460
3074461
3074465
3074472
3074476
3074477
3074478
3074479
3074483
3074485
3074487
3074488
3074492
3074493
3074495
3074498
3074499
3074501
3074505
3074507
3074508
3074518
3074519
3074520
3074521
3074523
3074524
3074525
3074528
3074529
3074532
3074536
3074537
3074538
3074539
3074540
3074542
3074543
3074546
3074552
3074554
3074555
3074557
3074559
3074561
3074562
3074563
3074565
3074566
3074570
3074571
3074572
3074575
3074579
3074580
3074581
3074582
3074583
3074585
3074587
3074588
3074590
3074592
3074594
3074595
3074597
3074604
3074606
3074615
3074616
3074617
3074620
3074622
3074623
3074624
3074625
3074626
3074628
3074630
3074631
3074636
3074638
3074641
3074647
3074648
3074655
3074656
3074658
3074660
3074662
3074665
3074667
3074668
3074672
3074679
3074680
3074681
3074682
3074684
3074685
3074686
3074688
3074689
3074692
3074693
3074694
3074702
3074705
3074706
3074711
3074713
3074716
3074717
3074721
3074727
3074728
3074729
3074730
3074731
3074732
3074733
3074734
3074735
3074736
3074740
3074741
3074742
3074743
3074744
3074745
3074746
3074752
3074755
3074760
3074762
3074763
3074765
3074766
3074775
3074776
3074778
3074779
3074787
3074789
3074790
3074792
3074793
3074794
3074795
3074796
3074798
3074799
3074801
3074802
3074806
3074808
3074809
3074811
3074812
3074817
3074818
3074819
3074820
3074823
3074824
3074825
3074826
3074836
3074839
3074840
3074842
3074846
3074849
3074850
3074853
3074854
3074861
3074865
3074866
3074867
3074869
3074874
3074875
3074879
3074880
3074884
3074885
3074887
3074889
3074893
3074895
3074896
3074899
3074903
3074908
3074909
3074912
3074917
3074918
3074924
3074930
3074932
3074933
3074938
3074940
3074942
3074947
3074949
3074957
3074961
3074962
3074963
3074964
3074966
3074971
3074979
3074984
3074985
3074986
3074990
3074994
3074997
3075003
3075004
3075006
3075008
3075011
3075012
3075013
3075019
3075020
3075021
3075024
3075030
3075033
3075034
3075035
3075037
3075040
3075041
3075044
3075054
3075056
3075062
3075063
3075066
3075067
3075069
3075071
3075072
3075073
3075078
3075079
3075083
3075084
3075087
3075095
3075101
3075102
3075103
3075104
3075105
3075107
3075109
3075110
3075111
3075112
3075113
3075114
3075118
3075119
3075122
3075126
3075127
3075128
3075129
3075130
3075131
3075134
3075141
3075142
3075143
3075145
3075146
3075147
3075150
3075154
3075160
3075162
3075163
3075164
3075168
3075172
3075174
3075175
3075178
3075180
3075181
3075187
3075188
3075191
3075193
3075194
3075202
3075204
3075208
3075217
3075218
3075219
3075220
3075224
3075226
3075233
3075234
3075237
3075239
3075240
3075250
3075254
3075256
3075257
3075258
3075260
3075261
3075262
3075263
3075264
3075267
3075269
3075270
3075271
3075273
3075274
3075275
3075278
3075279
3075280
3075281
3075283
3075286
3075290
3075291
3075303
3075304
3075310
3075320
3075322
3075324
3075329
3075330
3075333
3075334
3075335
3075337
3075349
3075350
3075353
3075357
3075358
3075376
3075377
3075378
3075383
3075386
3075387
3075393
3075395
3075399
3075400
3075401
3075402
3075404
3075406
3075407
3075412
3075414
3075415
3075416
3075420
3075421
3075424
3075425
3075426
3075432
3075433
3075440
3075448
3075449
3075450
3075453
3075454
3075456
3075462
3075470
3075471
3075474
3075479
3075482
3075487
3075488
3075489
3075493
3075499
3075504
3075505
3075510
3075514
3075516
3075518
3075522
3075523
3075524
3075525
3075527
3075529
3075533
3075538
3075540
3075541
3075549
3075551
3075552
3075556
3075561
3075562
3075567
3075568
3075569
3075570
3075572
3075573
3075577
3075578
3075579
3075587
3075590
3075591
3075593
3075603
3075607
3075614
3075615
3075616
3075619
3075622
3075623
3075626
3075628
3075631
3075632
3075637
3075643
3075644
3075654
3075659
3075661
3075662
3075667
3075669
3075670
3075673
3075674
3075681
3075682
3075684
3075693
3075694
3075695
3075696
3075697
3075698
3075699
3075704
3075705
3075706
3075707
3075708
3075709
3075710
3075711
3075713
3075714
3075716
3075717
3075721
3075722
3075723
3075725
3075727
3075728
3075729
3075731
3075733
3075738
3075739
3075740
3075741
3075743
3075744
3075753
3075761
3075762
3075766
3075768
3075772
3075773
3075774
3075776
3075777
3075780
3075781
3075785
3075786
3075787
3075789
3075790
3075792
3075793
3075794
3075797
3075798
3075799
3075801
3075808
3075809
3075810
3075811
3075813
3075814
3075816
3075820
3075821
3075823
3075827
3075829
3075830
3075832
3075833
3075835
3075836
3075841
3075843
3075845
3075846
3075850
3075851
3075853
3075854
3075855
3075856
3075859
3075861
3075862
3075866
3075867
3075868
3075869
3075870
3075874
3075875
3075876
3075878
3075879
3075888
3075889
3075892
3075893
3075895
3075899
3075900
3075905
3075921
3075936
3075937
3075942
3075946
3075947
3075948
3075950
3075951
3075954
3075955
3075956
3075957
3075960
3075961
3075962
3075964
3075966
3075967
3075968
3075969
3075972
3075975
3075977
3075982
3075989
3075991
3075992
3075993
3075994
3075995
3075996
3075997
3075998
3075999
3076000
3076001
3076004
3076005
3076006
3076010
3076011
3076015
3076016
3076019
3076020
3076022
3076024
3076027
3076029
3076031
3076032
3076034
3076035
3076037
3076038
3076051
3076052
3076053
3076054
3076056
3076057
3076060
3076062
3076066
3076068
3076070
3076076
3076077
3076080
3076081
3076082
3076087
3076092
3076093
3076095
3076096
3076097
3076100
3076101
3076103
3076106
3076107
3076109
3076110
3076111
3076112
3076114
3076115
3076116
3076117
3076118
3076122
3076128
3076129
3076137
3076140
3076143
3076144
3076152
3076155
3076156
3076160
3076162
3076163
3076165
3076166
3076169
3076171
3076174
3076179
3076180
3076182
3076184
3076186
3076187
3076188
3076190
3076193
3076194
3076197
3076202
3076204
3076205
3076209
3076210
3076212
3076214
3076217
3076224
3076228
3076229
3076230
3076232
3076233
3076240
3076241
3076242
3076244
3076245
3076247
3076248
3076250
3076253
3076256
3076257
3076258
3076262
3076265
3076270
3076271
3076274
3076282
3076287
3076289
3076302
3076303
3076306
3076308
3076312
3076313
3076318
3076319
3076322
3076325
3076326
3076331
3076332
3076334
3076335
3076339
3076340
3076342
3076343
3076344
3076345
3076355
3076359
3076362
3076363
3076366
3076367
3076368
3076369
3076371
3076373
3076374
3076379
3076381
3076382
3076391
3076394
3076400
3076401
3076405
3076406
3076410
3076413
3076416
3076417
3076420
3076422
3076436
3076438
3076442
3076446
3076449
3076453
3076455
3076456
3076457
3076458
3076459
3076461
3076464
3076465
3076466
3076468
3076472
3076473
3076476
3076490
3076491
3076492
3076493
3076494
3076497
3076501
3076503
3076506
3076509
3076511
3076515
3076517
3076519
3076520
3076521
3076524
3076528
3076529
3076532
3076534
3076535
3076540
3076541
3076542
3076543
3076544
3076546
3076547
3076548
3076550
3076551
3076553
3076554
3076557
3076558
3076564
3076568
3076573
3076575
3076578
3076579
3076581
3076583
3076584
3076585
3076587
3076588
3076589
3076591
3076595
3076598
3076600
3076603
3076604
3076606
3076607
3076614
3076621
3076625
3076626
3076628
3076629
3076633
3076636
3076638
3076645
3076647
3076651
3076654
3076655
3076656
3076657
3076660
3076662
3076663
3076664
3076666
3076667
3076668
3076669
3076675
3076676
3076678
3076679
3076682
3076686
3076687
3076692
3076696
3076700
3076701
3076702
3076703
3076704
3076705
3076711
3076713
3076714
3076719
3076722
3076725
3076726
3076727
3076728
3076730
3076731
3076734
3076735
3076737
3076743
3076746
3076748
3076754
3076755
3076756
3076760
3076761
3076765
3076768
3076771
3076772
3076776
3076778
3076781
3076782
3076786
3076789
3076791
3076792
3076795
3076800
3076801
3076802
3076805
3076809
3076810
3076811
3076815
3076817
3076822
3076823
3076825
3076829
3076831
3076832
3076833
3076835
3076838
3076840
3076848
3076851
3076853
3076854
3076855
3076860
3076864
3076865
3076868
3076870
3076871
3076872
3076876
3076887
3076888
3076891
3076892
3076895
3076896
3076898
3076901
3076902
3076904
3076909
3076915
3076916
3076921
3076925
3076935
3076937
3076939
3076944
3076945
3076946
3076947
3076950
3076953
3076961
3076963
3076973
3076976
3076977
3076978
3076980
3076981
3076982
3076984
3076988
3076998
3076999
3077003
3077004
3077014
3077023
3077024
3077025
3077026
3077027
3077028
3077029
3077034
3077036
3077037
3077042
3077046
3077048
3077052
3077053
3077057
3077072
3077079
3077084
3077090
3077091
3077095
3077097
3077098
3077106
3077113
3077114
3077116
3077125
3077131
3077136
3077137
3077139
3077148
3077150
3077160
3077161
3077163
3077164
3077172
3077174
3077179
3077190
3077191
3077195
3077199
3077202
3077207
3077208
3077212
3077213
3077217
3077219
3077220
3077224
3077226
3077228
3077230
3077231
3077234
3077239
3077240
3077241
3077248
3077252
3077253
3077256
3077257
3077259
3077261
3077262
3077264
3077265
3077268
3077270
3077274
3077276
3077277
3077284
3077289
3077290
3077292
3077294
3077296
3077297
3077298
3077299
3077300
3077302
3077303
3077304
3077306
3077307
3077308
3077311
3077312
3077313
3077315
3077316
3077317
3077318
3077321
3077328
3077329
3077331
3077335
3077337
3077342
3077346
3077350
3077351
3077355
3077357
3077362
3077363
3077366
3077374
3077375
3077377
3077380
3077381
3077384
3077385
3077387
3077392
3077396
3077398
3077400
3077401
3077402
3077405
3077412
3077413
3077415
3077417
3077419
3077420
3077426
3077430
3077431
3077434
3077439
3077441
3077448
3077451
3077457
3077458
3077460
3077463
3077468
3077469
3077473
3077474
3077475
3077480
3077484
3077485
3077487
3077488
3077493
3077501
3077502
3077504
3077506
3077507
3077508
3077513
3077514
3077517
3077518
3077521
3077523
3077525
3077530
3077531
3077536
3077537
3077541
3077544
3077547
3077549
3077550
3077555
3077558
3077563
3077564
3077567
3077568
3077570
3077572
3077576
3077577
3077583
3077586
3077587
3077592
3077594
3077597
3077598
3077599
3077601
3077603
3077606
3077610
3077613
3077616
3077617
3077620
3077626
3077627
3077631
3077637
3077638
3077639
3077641
3077643
3077645
3077647
3077651
3077656
3077659
3077660
3077667
3077668
3077670
3077673
3077674
3077676
3077682
3077686
3077689
3077693
3077699
3077700
3077702
3077705
3077708
3077717
3077721
3077722
3077723
3077726
3077727
3077728
3077729
3077735
3077740
3077741
3077742
3077745
3077746
3077751
3077752
3077754
3077757
3077759
3077760
3077761
3077762
3077764
3077765
3077768
3077769
3077777
3077778
3077779
3077780
3077783
3077784
3077787
3077789
3077790
3077795
3077796
3077799
3077800
3077802
3077803
3077805
3077806
3077807
3077808
3077809
3077810
3077811
3077816
3077819
3077828
3077830
3077831
3077835
3077836
3077837
3077838
3077840
3077841
3077842
3077843
3077844
3077846
3077847
3077851
3077857
3077858
3077862
3077867
3077876
3077877
3077881
3077882
3077891
3077892
3077895
3077896
3077897
3077901
3077906
3077907
3077908
3077909
3077911
3077917
3077919
3077923
3077924
3077925
3077926
3077929
3077944
3077946
3077950
3077951
3077957
3077961
3077966
3077970
3077971
3077972
3077973
3077974
3077978
3077982
3077983
3077984
3077986
3077987
3077988
3077990
3077992
3077993
3077994
3077996
3077997
3078000
3078006
3078007
3078009
3078011
3078017
3078018
3078022
3078025
3078027
3078036
3078037
3078041
3078044
3078045
3078049
3078053
3078056
3078057
3078061
3078064
3078065
3078066
3078067
3078069
3078076
3078077
3078078
3078079
3078080
3078083
3078084
3078086
3078089
3078090
3078093
3078101
3078104
3078105
3078106
3078115
3078118
3078122
3078125
3078127
3078128
3078135
3078136
3078138
3078139
3078147
3078148
3078158
3078164
3078167
3078170
3078172
3078176
3078178
3078180
3078182
3078184
3078185
3078189
3078197
3078199
3078200
3078205
3078206
3078207
3078209
3078210
3078213
3078214
3078217
3078218
3078224
3078228
3078229
3078230
3078234
3078241
3078248
3078249
3078250
3078262
3078265
3078269
3078270
3078271
3078272
3078275
3078278
3078281
3078283
3078285
3078290
3078291
3078293
3078294
3078295
3078296
3078297
3078305
3078307
3078308
3078312
3078317
3078319
3078320
3078322
3078324
3078325
3078328
3078332
3078333
3078334
3078341
3078343
3078344
3078345
3078349
3078357
3078358
3078361
3078363
3078365
3078371
3078372
3078374
3078377
3078386
3078388
3078390
3078391
3078393
3078395
3078396
3078399
3078405
3078407
3078408
3078411
3078423
3078424
3078427
3078435
3078437
3078440
3078441
3078447
3078452
3078453
3078454
3078456
3078459
3078460
3078462
3078464
3078465
3078467
3078468
3078470
3078471
3078473
3078477
3078478
3078480
3078483
3078488
3078489
3078490
3078491
3078493
3078507
3078508
3078509
3078510
3078511
3078514
3078517
3078524
3078526
3078535
3078537
3078538
3078539
3078542
3078543
3078548
3078551
3078552
3078562
3078581
3078584
3078585
3078586
3078588
3078589
3078590
3078593
3078598
3078599
3078602
3078605
3078608
3078610
3078611
3078612
3078613
3078614
3078616
3078619
3078632
3078636
3078637
3078638
3078639
3078640
3078641
3078644
3078645
3078649
3078653
3078655
3078656
3078657
3078660
3078662
3078664
3078669
3078671
3078673
3078675
3078679
3078681
3078682
3078683
3078687
3078688
3078691
3078692
3078693
3078694
3078701
3078702
3078704
3078705
3078708
3078711
3078714
3078721
3078722
3078723
3078725
3078726
3078728
3078729
3078734
3078741
3078749
3078752
3078754
3078758
3078760
3078761
3078767
3078768
3078769
3078770
3078773
3078774
3078780
3078785
3078787
3078789
3078790
3078798
3078799
3078801
3078803
3078804
3078805
3078809
3078810
3078812
3078817
3078821
3078823
3078824
3078829
3078832
3078834
3078836
3078837
3078838
3078840
3078842
3078845
3078847
3078852
3078854
3078855
3078856
3078860
3078861
3078864
3078867
3078883
3078889
3078890
3078891
3078892
3078893
3078894
3078895
3078896
3078901
3078906
3078907
3078913
3078914
3078917
3078919
3078920
3078923
3078924
3078925
3078926
3078933
3078934
3078935
3078940
3078942
3078943
3078951
3078952
3078953
3078955
3078956
3078957
3078960
3078967
3078968
3078969
3078978
3078984
3078989
3078995
3078996
3078998
3078999
3079000
3079003
3079005
3079006
3079007
3079008
3079009
3079012
3079014
3079016
3079017
3079020
3079021
3079023
3079027
3079028
3079029
3079032
3079033
3079034
3079040
3079041
3079044
3079045
3079049
3079050
3079051
3079053
3079059
3079061
3079063
3079072
3079073
3079081
3079082
3079084
3079086
3079087
3079089
3079090
3079091
3079092
3079094
3079095
3079102
3079110
3079111
3079114
3079115
3079118
3079120
3079122
3079124
3079126
3079127
3079131
3079132
3079134
3079136
3079138
3079142
3079143
3079144
3079145
3079146
3079150
3079151
3079154
3079156
3079157
3079159
3079160
3079161
3079162
3079164
3079166
3079167
3079168
3079169
3079170
3079173
3079174
3079176
3079181
3079183
3079184
3079190
3079192
3079195
3079198
3079199
3079202
3079206
3079209
3079210
3079215
3079216
3079217
3079221
3079223
3079224
3079225
3079230
3079231
3079232
3079237
3079240
3079242
3079243
3079244
3079250
3079251
3079253
3079256
3079258
3079259
3079264
3079268
3079269
3079271
3079273
3079276
3079278
3079279
3079281
3079282
3079283
3079284
3079285
3079294
3079296
3079297
3079300
3079302
3079303
3079308
3079310
3079313
3079315
3079316
3079317
3079318
3079321
3079322
3079324
3079326
3079327
3079332
3079333
3079335
3079336
3079337
3079338
3079339
3079346
3079347
3079349
3079351
3079357
3079362
3079366
3079367
3079370
3079375
3079376
3079377
3079379
3079385
3079386
3079389
3079391
3079394
3079400
3079401
3079403
3079407
3079408
3079409
3079410
3079411
3079412
3079413
3079419
3079423
3079425
3079426
3079427
3079429
3079432
3079435
3079437
3079439
3079443
3079447
3079450
3079453
3079454
3079456
3079457
3079460
3079462
3079468
3079469
3079470
3079474
3079476
3079479
3079483
3079484
3079485
3079487
3079489
3079492
3079494
3079498
3079504
3079505
3079508
3079509
3079512
3079514
3079520
3079523
3079524
3079526
3079527
3079529
3079530
3079531
3079532
3079537
3079538
3079539
3079541
3079542
3079543
3079545
3079546
3079548
3079549
3079550
3079554
3079555
3079556
3079558
3079564
3079571
3079575
3079577
3079578
3079580
3079581
3079586
3079588
3079595
3079597
3079603
3079609
3079610
3079612
3079614
3079615
3079619
3079620
3079621
3079623
3079624
3079634
3079635
3079639
3079640
3079648
3079649
3079655
3079659
3079660
3079661
3079663
3079666
3079668
3079671
3079676
3079679
3079680
3079686
3079690
3079694
3079700
3079701
3079705
3079707
3079716
3079717
3079721
3079722
3079724
3079730
3079735
3079743
3079745
3079749
3079752
3079754
3079766
3079767
3079770
3079771
3079774
3079781
3079783
3079785
3079787
3079795
3079796
3079798
3079800
3079802
3079806
3079809
3079816
3079818
3079819
3079820
3079821
3079824
3079827
3079828
3079829
3079830
3079831
3079834
3079839
3079843
3079845
3079847
3079848
3079849
3079853
3079854
3079856
3079858
3079859
3079860
3079861
3079865
3079866
3079867
3079868
3079869
3079870
3079871
3079872
3079873
3079874
3079882
3079883
3079885
3079886
3079887
3079891
3079892
3079899
3079902
3079903
3079904
3079906
3079911
3079912
3079916
3079917
3079920
3079921
3079924
3079929
3079932
3079933
3079935
3079936
3079937
3079938
3079939
3079940
3079946
3079953
3079954
3079960
3079962
3079963
3079966
3079969
3079974
3079976
3079977
3079981
3079982
3079983
3079984
3079985
3079988
3079990
3079994
3079995
3079997
3080005
3080013
3080014
3080015
3080017
3080019
3080020
3080023
3080025
3080030
3080045
3080048
3080049
3080051
3080056
3080057
3080061
3080062
3080063
3080065
3080067
3080068
3080069
3080075
3080077
3080085
3080086
3080087
3080089
3080090
3080091
3080093
3080095
3080098
3080100
3080101
3080112
3080113
3080114
3080116
3080118
3080123
3080124
3080130
3080138
3080140
3080143
3080144
3080147
3080153
3080154
3080155
3080159
3080160
3080164
3080169
3080170
3080175
3080176
3080179
3080188
3080199
3080201
3080207
3080208
3080210
3080215
3080222
3080226
3080227
3080234
3080235
3080243
3080249
3080250
3080253
3080255
3080257
3080258
3080264
3080266
3080267
3080269
3080270
3080273
3080274
3080278
3080284
3080288
3080289
3080291
3080292
3080295
3080298
3080301
3080304
3080305
3080308
3080309
3080310
3080315
3080318
3080319
3080320
3080323
3080324
3080326
3080327
3080329
3080343
3080344
3080345
3080348
3080350
3080352
3080356
3080357
3080361
3080363
3080364
3080365
3080374
3080375
3080377
3080378
3080379
3080383
3080384
3080385
3080386
3080389
3080391
3080392
3080393
3080396
3080397
3080398
3080399
3080404
3080406
3080407
3080409
3080410
3080411
3080413
3080417
3080418
3080420
3080423
3080432
3080440
3080441
3080448
3080449
3080453
3080455
3080478
3080480
3080481
3080485
3080487
3080490
3080493
3080499
3080504
3080510
3080511
3080513
3080515
3080519
3080520
3080526
3080536
3080543
3080544
3080545
3080551
3080554
3080560
3080566
3080570
3080572
3080575
3080591
3080592
3080596
3080609
3080610
3080611
3080612
3080616
3080620
3080627
3080629
3080631
3080635
3080636
3080637
3080642
3080643
3080645
3080646
3080647
3080648
3080649
3080651
3080653
3080654
3080658
3080661
3080663
3080667
3080670
3080673
3080674
3080681
3080682
3080685
3080686
3080690
3080700
3080703
3080705
3080706
3080707
3080709
3080710
3080711
3080713
3080714
3080715
3080716
3080720
3080722
3080726
3080727
3080729
3080730
3080732
3080741
3080742
3080747
3080749
3080750
3080752
3080754
3080757
3080758
3080760
3080761
3080763
3080767
3080768
3080770
3080771
3080772
3080773
3080776
3080781
3080782
3080784
3080788
3080790
3080793
3080795
3080796
3080797
3080805
3080807
3080808
3080810
3080811
3080825
3080829
3080830
3080831
3080833
3080834
3080836
3080843
3080845
3080846
3080848
3080849
3080853
3080854
3080858
3080859
3080861
3080863
3080864
3080867
3080868
3080869
3080870
3080872
3080874
3080875
3080880
3080881
3080882
3080884
3080885
3080886
3080889
3080890
3080891
3080892
3080896
3080900
3080901
3080902
3080904
3080911
3080912
3080913
3080914
3080915
3080918
3080922
3080923
3080925
3080926
3080928
3080929
3080930
3080931
3080932
3080936
3080939
3080940
3080945
3080947
3080948
3080949
3080952
3080953
3080954
3080958
3080959
3080960
3080961
3080963
3080964
3080965
3080966
3080967
3080968
3080970
3080971
3080972
3080978
3080979
3080981
3080982
3080984
3080988
3080989
3080994
3080996
3080997
3081002
3081004
3081005
3081007
3081008
3081010
3081012
3081014
3081015
3081018
3081020
3081022
3081024
3081026
3081027
3081028
3081030
3081041
3081042
3081046
3081047
3081050
3081052
3081053
3081054
3081055
3081056
3081059
3081060
3081063
3081064
3081066
3081067
3081068
3081069
3081072
3081074
3081076
3081079
3081082
3081083
3081088
3081091
3081093
3081095
3081100
3081101
3081103
3081106
3081107
3081111
3081112
3081113
3081116
3081117
3081121
3081123
3081127
3081130
3081131
3081132
3081136
3081137
3081138
3081139
3081140
3081143
3081144
3081148
3081150
3081157
3081161
3081162
3081163
3081165
3081168
3081171
3081178
3081179
3081180
3081181
3081182
3081186
3081189
3081191
3081192
3081195
3081199
3081200
3081205
3081214
3081221
3081222
3081224
3081225
3081226
3081227
3081228
3081230
3081231
3081232
3081236
3081238
3081240
3081241
3081243
3081245
3081246
3081247
3081249
3081250
3081251
3081252
3081253
3081254
3081257
3081258
3081259
3081260
3081263
3081264
3081268
3081269
3081272
3081273
3081275
3081276
3081281
3081282
3081286
3081290
3081291
3081295
3081299
3081300
3081301
3081302
3081305
3081306
3081310
3081311
3081312
3081314
3081315
3081318
3081319
3081321
3081327
3081328
3081329
3081332
3081333
3081334
3081335
3081338
3081343
3081347
3081350
3081354
3081356
3081357
3081359
3081360
3081365
3081366
3081367
3081368
3081371
3081375
3081376
3081378
3081381
3081382
3081383
3081384
3081385
3081387
3081388
3081389
3081390
3081391
3081394
3081402
3081404
3081405
3081407
3081414
3081415
3081417
3081418
3081419
3081420
3081421
3081422
3081423
3081425
3081429
3081433
3081434
3081437
3081438
3081439
3081443
3081444
3081446
3081449
3081451
3081452
3081454
3081456
3081461
3081462
3081465
3081466
3081467
3081469
3081470
3081472
3081477
3081482
3081484
3081487
3081490
3081491
3081494
3081495
3081497
3081500
3081501
3081503
3081504
3081506
3081507
3081519
3081520
3081521
3081523
3081524
3081527
3081528
3081533
3081537
3081541
3081542
3081543
3081549
3081551
3081558
3081564
3081566
3081570
3081571
3081575
3081578
3081579
3081580
3081581
3081582
3081583
3081587
3081588
3081591
3081604
3081607
3081608
3081610
3081611
3081612
3081613
3081615
3081617
3081618
3081619
3081620
3081621
3081623
3081625
3081626
3081628
3081629
3081630
3081635
3081639
3081641
3081642
3081653
3081656
3081660
3081661
3081670
3081672
3081673
3081674
3081680
3081681
3081683
3081685
3081689
3081690
3081691
3081692
3081693
3081697
3081699
3081700
3081701
3081703
3081704
3081705
3081706
3081708
3081709
3081710
3081711
3081713
3081716
3081717
3081718
3081721
3081724
3081725
3081726
3081728
3081729
3081730
3081732
3081736
3081738
3081743
3081745
3081746
3081751
3081752
3081753
3081757
3081758
3081759
3081761
3081762
3081766
3081769
3081772
3081773
3081774
3081778
3081779
3081782
3081783
3081784
3081785
3081787
3081790
3081791
3081794
3081795
3081797
3081798
3081800
3081801
3081802
3081805
3081806
3081807
3081809
3081811
3081814
3081819
3081825
3081828
3081831
3081833
3081836
3081837
3081841
3081842
3081848
3081850
3081855
3081860
3081863
3081867
3081869
3081873
3081879
3081881
3081884
3081887
3081889
3081891
3081894
3081902
3081909
3081913
3081916
3081917
3081920
3081921
3081925
3081926
3081929
3081935
3081939
3081942
3081943
3081944
3081945
3081946
3081947
3081948
3081953
3081958
3081959
3081962
3081964
3081966
3081967
3081968
3081970
3081971
3081976
3081977
3081978
3081983
3081984
3081988
3081993
3081995
3081997
3081999
3082004
3082011
3082013
3082017
3082019
3082023
3082024
3082025
3082029
3082030
3082031
3082036
3082037
3082038
3082039
3082040
3082041
3082043
3082045
3082046
3082047
3082048
3082049
3082057
3082058
3082071
3082072
3082078
3082079
3082084
3082090
3082095
3082099
3082102
3082105
3082106
3082107
3082108
3082111
3082112
3082114
3082121
3082124
3082126
3082135
3082137
3082138
3082139
3082144
3082145
3082146
3082148
3082151
3082158
3082159
3082161
3082163
3082165
3082166
3082169
3082170
3082171
3082172
3082173
3082174
3082176
3082177
3082178
3082182
3082187
3082189
3082193
3082194
3082195
3082198
3082200
3082201
3082202
3082203
3082204
3082205
3082207
3082209
3082214
3082215
3082217
3082219
3082220
3082221
3082224
3082225
3082227
3082228
3082229
3082231
3082234
3082235
3082236
3082237
3082238
3082241
3082242
3082243
3082244
3082245
3082248
3082251
3082256
3082259
3082262
3082265
3082268
3082271
3082273
3082274
3082280
3082282
3082284
3082288
3082291
3082292
3082295
3082299
3082306
3082309
3082311
3082321
3082325
3082326
3082327
3082331
3082332
3082337
3082340
3082341
3082342
3082343
3082344
3082347
3082348
3082349
3082350
3082358
3082359
3082362
3082363
3082364
3082366
3082376
3082382
3082385
3082386
3082388
3082395
3082396
3082397
3082400
3082401
3082404
3082412
3082414
3082415
3082419
3082423
3082424
3082425
3082427
3082429
3082436
3082437
3082439
3082443
3082446
3082447
3082449
3082453
3082455
3082456
3082464
3082465
3082466
3082467
3082468
3082470
3082471
3082472
3082473
3082474
3082481
3082482
3082483
3082484
3082485
3082486
3082488
3082490
3082491
3082492
3082493
3082494
3082495
3082500
3082501
3082512
3082514
3082515
3082516
3082517
3082521
3082522
3082523
3082525
3082526
3082527
3082530
3082531
3082532
3082533
3082536
3082538
3082544
3082547
3082551
3082553
3082556
3082557
3082559
3082560
3082561
3082562
3082563
3082567
3082572
3082573
3082578
3082580
3082582
3082583
3082584
3082588
3082589
3082590
3082591
3082592
3082594
3082596
3082601
3082602
3082604
3082608
3082610
3082612
3082613
3082614
3082616
3082618
3082620
3082624
3082625
3082626
3082628
3082630
3082631
3082632
3082633
3082634
3082635
3082636
3082641
3082642
3082644
3082646
3082647
3082655
3082656
3082657
3082659
3082666
3082667
3082668
3082670
3082685
3082686
3082687
3082688
3082689
3082692
3082693
3082695
3082700
3082703
3082705
3082706
3082707
3082708
3082711
3082712
3082713
3082717
3082719
3082721
3082725
3082727
3082730
3082731
3082732
3082734
3082735
3082740
3082741
3082742
3082748
3082751
3082759
3082761
3082766
3082767
3082769
3082773
3082775
3082776
3082782
3082784
3082785
3082789
3082793
3082794
3082795
3082796
3082799
3082803
3082806
3082807
3082809
3082811
3082815
3082816
3082818
3082822
3082825
3082828
3082829
3082832
3082834
3082837
3082838
3082840
3082841
3082843
3082844
3082846
3082847
3082849
3082853
3082854
3082860
3082861
3082864
3082865
3082867
3082870
3082871
3082872
3082874
3082876
3082877
3082878
3082890
3082891
3082895
3082899
3082900
3082902
3082910
3082911
3082915
3082916
3082922
3082924
3082931
3082933
3082941
3082943
3082946
3082949
3082956
3082958
3082959
3082965
3082967
3082972
3082975
3082979
3082980
3082981
3082983
3082986
3082988
3082990
3082991
3082993
3082994
3082995
3082996
3082997
3082998
3082999
3083000
3083005
3083012
3083017
3083018
3083022
3083023
3083025
3083026
3083027
3083030
3083032
3083037
3083049
3083051
3083052
3083053
3083055
3083058
3083066
3083068
3083069
3083073
3083074
3083082
3083104
3083107
3083109
3083112
3083113
3083118
3083120
3083124
3083127
3083128
3083129
3083131
3083135
3083144
3083145
3083156
3083158
3083161
3083164
3083165
3083168
3083170
3083180
3083181
3083182
3083183
3083185
3083186
3083189
3083190
3083193
3083194
3083195
3083197
3083201
3083203
3083204
3083205
3083206
3083207
3083208
3083210
3083211
3083213
3083218
3083219
3083222
3083223
3083227
3083228
3083229
3083230
3083231
3083233
3083234
3083237
3083243
3083244
3083246
3083249
3083252
3083253
3083255
3083259
3083263
3083267
3083271
3083274
3083275
3083276
3083277
3083280
3083282
3083283
3083286
3083287
3083293
3083298
3083299
3083300
3083303
3083305
3083306
3083307
3083309
3083313
3083318
3083331
3083332
3083334
3083335
3083336
3083337
3083340
3083349
3083350
3083351
3083353
3083355
3083356
3083357
3083368
3083371
3083373
3083374
3083377
3083378
3083380
3083382
3083383
3083384
3083386
3083387
3083388
3083389
3083392
3083394
3083395
3083396
3083397
3083399
3083400
3083401
3083402
3083404
3083405
3083406
3083407
3083413
3083414
3083415
3083417
3083421
3083422
3083425
3083427
3083430
3083435
3083437
3083441
3083443
3083444
3083449
3083453
3083457
3083458
3083460
3083461
3083462
3083464
3083472
3083475
3083477
3083478
3083479
3083480
3083481
3083482
3083483
3083485
3083486
3083489
3083491
3083495
3083497
3083499
3083500
3083502
3083503
3083504
3083506
3083509
3083513
3083514
3083518
3083520
3083523
3083524
3083525
3083526
3083528
3083532
3083533
3083536
3083538
3083539
3083542
3083546
3083549
3083553
3083554
3083557
3083562
3083563
3083564
3083566
3083568
3083570
3083571
3083574
3083580
3083585
3083586
3083588
3083589
3083590
3083598
3083600
3083604
3083605
3083608
3083610
3083611
3083613
3083616
3083618
3083620
3083622
3083623
3083624
3083626
3083627
3083628
3083630
3083631
3083635
3083636
3083637
3083638
3083639
3083642
3083643
3083655
3083656
3083660
3083661
3083662
3083663
3083666
3083667
3083675
3083682
3083685
3083687
3083688
3083691
3083692
3083693
3083695
3083696
3083697
3083699
3083700
3083701
3083702
3083703
3083707
3083711
3083712
3083715
3083721
3083722
3083727
3083728
3083734
3083735
3083738
3083739
3083741
3083742
3083745
3083747
3083749
3083750
3083752
3083753
3083757
3083761
3083764
3083771
3083774
3083778
3083783
3083784
3083789
3083792
3083797
3083800
3083802
3083804
3083806
3083807
3083808
3083809
3083825
3083828
3083829
3083830
3083837
3083841
3083842
3083843
3083844
3083845
3083847
3083850
3083856
3083858
3083861
3083866
3083867
3083868
3083869
3083874
3083879
3083884
3083886
3083887
3083890
3083891
3083893
3083894
3083895
3083899
3083904
3083905
3083907
3083908
3083912
3083914
3083917
3083919
3083920
3083929
3083934
3083935
3083944
3083948
3083949
3083952
3083957
3083959
3083960
3083963
3083967
3083971
3083972
3083973
3083974
3083976
3083981
3083983
3083985
3083987
3083988
3083989
3083990
3083991
3083997
3084003
3084006
3084008
3084009
3084014
3084016
3084017
3084021
3084022
3084023
3084024
3084028
3084029
3084032
3084033
3084034
3084035
3084038
3084043
3084044
3084046
3084050
3084051
3084055
3084062
3084064
3084065
3084069
3084071
3084072
3084085
3084087
3084088
3084090
3084091
3084092
3084098
3084099
3084100
3084101
3084102
3084106
3084110
3084111
3084113
3084116
3084120
3084121
3084122
3084123
3084128
3084134
3084139
3084141
3084144
3084150
3084152
3084156
3084157
3084167
3084168
3084174
3084181
3084190
3084191
3084195
3084196
3084199
3084200
3084204
3084211
3084212
3084213
3084219
3084220
3084221
3084223
3084227
3084228
3084230
3084232
3084233
3084235
3084236
3084239
3084240
3084241
3084243
3084248
3084250
3084252
3084253
3084256
3084257
3084258
3084260
3084261
3084263
3084264
3084269
3084275
3084276
3084279
3084283
3084284
3084285
3084288
3084290
3084296
3084297
3084299
3084301
3084303
3084304
3084306
3084310
3084313
3084323
3084325
3084326
3084327
3084330
3084331
3084332
3084334
3084336
3084339
3084341
3084347
3084348
3084350
3084354
3084355
3084358
3084365
3084373
3084378
3084379
3084380
3084387
3084388
3084393
3084394
3084395
3084397
3084398
3084400
3084401
3084402
3084404
3084405
3084407
3084413
3084415
3084417
3084418
3084419
3084421
3084426
3084431
3084435
3084438
3084439
3084445
3084447
3084449
3084450
3084453
3084456
3084460
3084462
3084463
3084464
3084466
3084467
3084468
3084469
3084471
3084472
3084474
3084476
3084477
3084478
3084485
3084486
3084490
3084491
3084492
3084494
3084496
3084498
3084502
3084504
3084505
3084506
3084509
3084513
3084515
3084516
3084519
3084520
3084522
3084524
3084528
3084529
3084534
3084536
3084537
3084539
3084542
3084546
3084549
3084555
3084561
3084562
3084564
3084565
3084571
3084572
3084573
3084574
3084575
3084576
3084578
3084582
3084583
3084585
3084590
3084594
3084595
3084596
3084597
3084598
3084600
3084604
3084605
3084611
3084614
3084619
3084621
3084622
3084624
3084626
3084628
3084629
3084630
3084635
3084637
3084639
3084640
3084642
3084646
3084649
3084651
3084657
3084658
3084663
3084664
3084665
3084666
3084667
3084673
3084677
3084679
3084680
3084681
3084682
3084685
3084686
3084694
3084695
3084698
3084699
3084700
3084704
3084705
3084707
3084711
3084715
3084716
3084725
3084729
3084734
3084735
3084739
3084744
3084745
3084746
3084749
3084753
3084754
3084755
3084762
3084764
3084765
3084767
3084771
3084776
3084777
3084778
3084781
3084782
3084783
3084785
3084786
3084787
3084789
3084790
3084791
3084792
3084795
3084798
3084799
3084806
3084807
3084813
3084815
3084816
3084818
3084821
3084824
3084826
3084827
3084836
3084837
3084840
3084841
3084842
3084845
3084854
3084855
3084856
3084859
3084864
3084867
3084868
3084869
3084870
3084872
3084873
3084874
3084875
3084876
3084882
3084884
3084885
3084888
3084892
3084894
3084896
3084897
3084901
3084905
3084909
3084912
3084913
3084915
3084917
3084918
3084919
3084920
3084927
3084928
3084935
3084940
3084942
3084943
3084944
3084945
3084948
3084953
3084954
3084957
3084958
3084959
3084960
3084963
3084964
3084965
3084969
3084970
3084971
3084972
3084973
3084974
3084977
3084978
3084979
3084982
3084983
3084984
3084986
3084993
3084997
3085001
3085004
3085007
3085008
3085009
3085011
3085014
3085017
3085019
3085022
3085024
3085026
3085027
3085029
3085031
3085032
3085034
3085035
3085037
3085038
3085039
3085041
3085047
3085050
3085051
3085052
3085053
3085056
3085057
3085058
3085059
3085066
3085068
3085072
3085074
3085075
3085078
3085081
3085082
3085086
3085087
3085088
3085089
3085090
3085091
3085099
3085102
3085108
3085112
3085115
3085122
3085124
3085126
3085133
3085135
3085136
3085137
3085144
3085147
3085153
3085154
3085156
3085159
3085160
3085162
3085168
3085169
3085174
3085175
3085177
3085178
3085179
3085181
3085182
3085189
3085190
3085195
3085198
3085201
3085207
3085209
3085210
3085211
3085212
3085216
3085217
3085219
3085225
3085230
3085232
3085233
3085238
3085242
3085244
3085245
3085247
3085252
3085254
3085257
3085261
3085264
3085265
3085268
3085269
3085275
3085276
3085280
3085281
3085286
3085287
3085288
3085291
3085292
3085294
3085296
3085301
3085302
3085305
3085309
3085311
3085314
3085326
3085328
3085331
3085332
3085334
3085335
3085337
3085339
3085344
3085345
3085348
3085351
3085355
3085357
3085359
3085361
3085365
3085366
3085368
3085370
3085371
3085374
3085375
3085376
3085379
3085380
3085385
3085387
3085389
3085392
3085396
3085399
3085401
3085403
3085407
3085408
3085409
3085411
3085417
3085423
3085425
3085426
3085431
3085432
3085435
3085440
3085441
3085445
3085455
3085457
3085459
3085464
3085466
3085468
3085472
3085478
3085482
3085484
3085488
3085492
3085497
3085498
3085503
3085504
3085513
3085515
3085519
3085521
3085524
3085526
3085527
3085528
3085534
3085535
3085536
3085538
3085539
3085540
3085543
3085545
3085548
3085554
3085556
3085560
3085561
3085562
3085571
3085574
3085575
3085579
3085580
3085587
3085589
3085590
3085593
3085597
3085601
3085604
3085606
3085609
3085610
3085612
3085613
3085616
3085619
3085620
3085622
3085623
3085625
3085628
3085630
3085631
3085634
3085636
3085638
3085640
3085643
3085647
3085648
3085649
3085650
3085655
3085657
3085665
3085666
3085670
3085671
3085675
3085682
3085683
3085686
3085687
3085695
3085696
3085699
3085701
3085702
3085705
3085706
3085708
3085709
3085715
3085719
3085721
3085724
3085728
3085730
3085731
3085734
3085736
3085738
3085741
3085755
3085756
3085757
3085762
3085764
3085768
3085774
3085777
3085779
3085780
3085781
3085784
3085789
3085790
3085791
3085793
3085796
3085797
3085799
3085800
3085802
3085808
3085809
3085812
3085813
3085819
3085823
3085825
3085826
3085827
3085829
3085830
3085833
3085834
3085836
3085842
3085843
3085845
3085846
3085847
3085851
3085852
3085859
3085861
3085870
3085874
3085876
3085878
3085880
3085886
3085888
3085894
3085895
3085897
3085898
3085901
3085906
3085907
3085908
3085913
3085915
3085917
3085919
3085921
3085928
3085931
3085932
3085933
3085937
3085938
3085941
3085943
3085944
3085946
3085947
3085948
3085949
3085954
3085959
3085960
3085963
3085966
3085968
3085970
3085971
3085972
3085974
3085976
3085979
3085982
3085985
3085988
3085990
3085993
3086000
3086001
3086003
3086005
3086007
3086010
3086011
3086013
3086014
3086015
3086017
3086021
3086023
3086025
3086026
3086027
3086033
3086035
3086040
3086041
3086044
3086048
3086049
3086057
3086061
3086062
3086064
3086077
3086078
3086084
3086085
3086086
3086087
3086088
3086091
3086092
3086094
3086098
3086099
3086100
3086106
3086107
3086109
3086111
3086113
3086120
3086121
3086123
3086124
3086125
3086126
3086127
3086132
3086133
3086134
3086137
3086140
3086142
3086145
3086151
3086152
3086155
3086160
3086161
3086163
3086165
3086167
3086170
3086171
3086175
3086176
3086177
3086178
3086181
3086186
3086191
3086193
3086194
3086195
3086196
3086199
3086201
3086202
3086207
3086209
3086210
3086215
3086221
3086224
3086225
3086227
3086228
3086231
3086232
3086233
3086235
3086238
3086240
3086242
3086243
3086247
3086249
3086252
3086256
3086257
3086258
3086259
3086260
3086271
3086273
3086276
3086278
3086282
3086283
3086284
3086285
3086286
3086287
3086288
3086293
3086295
3086296
3086298
3086299
3086301
3086304
3086308
3086319
3086320
3086322
3086323
3086326
3086327
3086329
3086333
3086334
3086335
3086338
3086341
3086343
3086346
3086349
3086354
3086355
3086356
3086359
3086360
3086361
3086363
3086369
3086370
3086372
3086373
3086375
3086378
3086382
3086385
3086389
3086391
3086395
3086398
3086399
3086402
3086404
3086405
3086410
3086411
3086412
3086414
3086415
3086416
3086422
3086424
3086425
3086430
3086431
3086432
3086433
3086435
3086443
3086444
3086457
3086458
3086461
3086462
3086464
3086465
3086469
3086470
3086473
3086475
3086480
3086482
3086483
3086484
3086485
3086486
3086493
3086495
3086497
3086502
3086504
3086505
3086506
3086508
3086509
3086510
3086511
3086512
3086513
3086517
3086519
3086521
3086522
3086525
3086528
3086529
3086530
3086532
3086535
3086537
3086539
3086542
3086545
3086546
3086548
3086549
3086551
3086559
3086562
3086564
3086567
3086568
3086569
3086570
3086572
3086576
3086579
3086580
3086585
3086590
3086591
3086594
3086595
3086604
3086606
3086608
3086611
3086612
3086613
3086617
3086618
3086619
3086622
3086624
3086625
3086626
3086628
3086631
3086633
3086636
3086637
3086642
3086651
3086652
3086653
3086655
3086656
3086657
3086658
3086665
3086666
3086670
3086675
3086676
3086677
3086682
3086686
3086691
3086693
3086694
3086698
3086702
3086704
3086707
3086709
3086719
3086725
3086726
3086728
3086729
3086731
3086734
3086735
3086736
3086737
3086738
3086739
3086746
3086747
3086748
3086749
3086758
3086759
3086761
3086762
3086763
3086765
3086769
3086770
3086775
3086776
3086779
3086780
3086781
3086784
3086788
3086791
3086792
3086796
3086797
3086798
3086803
3086804
3086815
3086823
3086826
3086827
3086833
3086834
3086837
3086838
3086839
3086840
3086845
3086848
3086854
3086856
3086861
3086867
3086875
3086877
3086881
3086883
3086887
3086888
3086893
3086894
3086902
3086903
3086909
3086913
3086914
3086915
3086917
3086924
3086926
3086929
3086931
3086934
3086938
3086941
3086943
3086944
3086946
3086947
3086950
3086954
3086955
3086962
3086963
3086965
3086971
3086973
3086976
3086979
3086980
3086981
3086982
3086985
3086997
3086998
3086999
3087001
3087002
3087005
3087013
3087017
3087020
3087021
3087030
3087033
3087034
3087036
3087037
3087038
3087040
3087042
3087043
3087045
3087046
3087048
3087053
3087054
3087055
3087062
3087063
3087066
3087069
3087070
3087075
3087077
3087078
3087091
3087101
3087102
3087103
3087114
3087118
3087120
3087126
3087127
3087129
3087131
3087142
3087144
3087145
3087147
3087153
3087155
3087160
3087161
3087166
3087167
3087169
3087170
3087171
3087172
3087173
3087174
3087175
3087179
3087180
3087181
3087182
3087189
3087190
3087192
3087193
3087200
3087203
3087207
3087208
3087209
3087211
3087212
3087215
3087216
3087217
3087222
3087223
3087224
3087225
3087227
3087228
3087229
3087230
3087231
3087240
3087241
3087246
3087247
3087248
3087249
3087251
3087253
3087254
3087256
3087262
3087263
3087264
3087270
3087271
3087272
3087274
3087275
3087276
3087277
3087279
3087281
3087284
3087285
3087286
3087289
3087291
3087293
3087296
3087297
3087303
3087310
3087311
3087317
3087321
3087322
3087323
3087328
3087331
3087340
3087341
3087342
3087344
3087345
3087346
3087356
3087359
3087360
3087361
3087365
3087366
3087369
3087371
3087374
3087375
3087376
3087377
3087378
3087380
3087381
3087382
3087389
3087390
3087391
3087392
3087394
3087395
3087399
3087400
3087402
3087403
3087406
3087408
3087413
3087416
3087417
3087418
3087419
3087422
3087423
3087424
3087426
3087428
3087434
3087437
3087438
3087439
3087440
3087441
3087444
3087446
3087447
3087452
3087453
3087454
3087457
3087461
3087462
3087463
3087464
3087467
3087468
3087469
3087472
3087473
3087474
3087476
3087477
3087479
3087480
3087481
3087482
3087483
3087496
3087497
3087498
3087500
3087501
3087502
3087506
3087507
3087509
3087510
3087513
3087517
3087521
3087523
3087524
3087525
3087536
3087537
3087538
3087544
3087546
3087547
3087548
3087551
3087552
3087554
3087559
3087560
3087563
3087565
3087574
3087575
3087576
3087578
3087585
3087586
3087595
3087596
3087598
3087600
3087601
3087602
3087603
3087604
3087606
3087607
3087610
3087611
3087612
3087617
3087618
3087620
3087628
3087632
3087633
3087634
3087635
3087638
3087640
3087641
3087644
3087647
3087648
3087651
3087652
3087653
3087654
3087660
3087662
3087663
3087666
3087671
3087672
3087675
3087681
3087682
3087683
3087685
3087686
3087689
3087691
3087692
3087693
3087694
3087696
3087697
3087698
3087699
3087703
3087704
3087706
3087707
3087708
3087709
3087711
3087714
3087716
3087719
3087720
3087726
3087731
3087733
3087734
3087735
3087738
3087739
3087740
3087744
3087746
3087747
3087748
3087749
3087755
3087756
3087757
3087759
3087761
3087762
3087768
3087769
3087770
3087771
3087772
3087776
3087778
3087782
3087783
3087784
3087787
3087788
3087789
3087795
3087798
3087799
3087800
3087802
3087803
3087804
3087806
3087813
3087817
3087821
3087822
